{
  "type": "FeatureCollection",
  "features": [
    {
      "type": "Feature",
      "properties": {
        "property_id": "P1001",
        "parcel_id": "P1001",
        "reference_geometry": {
          "type": "Polygon",
          "coordinates": [
            [
              [
                77.782124,
                23.49991
              ],
              [
                77.782745,
                23.499866
              ],
              [
                77.782801,
                23.5001
              ],
              [
                77.782749,
                23.500382
              ],
              [
                77.78243,
                23.500454
              ],
              [
                77.782048,
                23.500223
              ],
              [
                77.782025,
                23.500065
              ],
              [
                77.782124,
                23.49991
              ]
            ]
          ]
        },
        "ai_candidate_geometry": {
          "type": "Polygon",
          "coordinates": [
            [
              [
                77.781876,
                23.499843
              ],
              [
                77.782687,
                23.499794
              ],
              [
                77.782666,
                23.50002
              ],
              [
                77.782564,
                23.500295
              ],
              [
                77.782306,
                23.500387
              ],
              [
                77.781776,
                23.500117
              ],
              [
                77.781801,
                23.500051
              ],
              [
                77.781876,
                23.499843
              ]
            ]
          ]
        },
        "geometry_similarity": 0.74,
        "boundary_difference": 11.4,
        "confidence": 0.7,
        "explanation": "Synthetic AI candidate boundary for visual assistance only; it is not an official cadastral boundary.",
        "data_disclaimer": "SYNTHETIC DEMO GIS DATA \u2014 NOT AN OFFICIAL CADASTRAL MAP"
      },
      "geometry": {
        "type": "Polygon",
        "coordinates": [
          [
            [
              77.782124,
              23.49991
            ],
            [
              77.782745,
              23.499866
            ],
            [
              77.782801,
              23.5001
            ],
            [
              77.782749,
              23.500382
            ],
            [
              77.78243,
              23.500454
            ],
            [
              77.782048,
              23.500223
            ],
            [
              77.782025,
              23.500065
            ],
            [
              77.782124,
              23.49991
            ]
          ]
        ]
      }
    },
    {
      "type": "Feature",
      "properties": {
        "property_id": "P1011",
        "parcel_id": "P1011",
        "reference_geometry": {
          "type": "Polygon",
          "coordinates": [
            [
              [
                77.782351,
                23.502598
              ],
              [
                77.782529,
                23.502599
              ],
              [
                77.782545,
                23.50268
              ],
              [
                77.782516,
                23.502789
              ],
              [
                77.782437,
                23.502809
              ],
              [
                77.782321,
                23.502737
              ],
              [
                77.782315,
                23.502666
              ],
              [
                77.782351,
                23.502598
              ]
            ]
          ]
        },
        "ai_candidate_geometry": {
          "type": "Polygon",
          "coordinates": [
            [
              [
                77.782591,
                23.502553
              ],
              [
                77.782773,
                23.502532
              ],
              [
                77.782797,
                23.502661
              ],
              [
                77.782771,
                23.502755
              ],
              [
                77.78267,
                23.502781
              ],
              [
                77.782583,
                23.502706
              ],
              [
                77.782576,
                23.502627
              ],
              [
                77.782591,
                23.502553
              ]
            ]
          ]
        },
        "geometry_similarity": 0.88,
        "boundary_difference": 6.79,
        "confidence": 0.65,
        "explanation": "Synthetic AI candidate boundary for visual assistance only; it is not an official cadastral boundary.",
        "data_disclaimer": "SYNTHETIC DEMO GIS DATA \u2014 NOT AN OFFICIAL CADASTRAL MAP"
      },
      "geometry": {
        "type": "Polygon",
        "coordinates": [
          [
            [
              77.782351,
              23.502598
            ],
            [
              77.782529,
              23.502599
            ],
            [
              77.782545,
              23.50268
            ],
            [
              77.782516,
              23.502789
            ],
            [
              77.782437,
              23.502809
            ],
            [
              77.782321,
              23.502737
            ],
            [
              77.782315,
              23.502666
            ],
            [
              77.782351,
              23.502598
            ]
          ]
        ]
      }
    },
    {
      "type": "Feature",
      "properties": {
        "property_id": "P1021",
        "parcel_id": "P1021",
        "reference_geometry": {
          "type": "Polygon",
          "coordinates": [
            [
              [
                77.782111,
                23.504838
              ],
              [
                77.782345,
                23.504832
              ],
              [
                77.78236,
                23.504908
              ],
              [
                77.782339,
                23.505044
              ],
              [
                77.782226,
                23.505059
              ],
              [
                77.782074,
                23.504989
              ],
              [
                77.782086,
                23.504926
              ],
              [
                77.782111,
                23.504838
              ]
            ]
          ]
        },
        "ai_candidate_geometry": {
          "type": "Polygon",
          "coordinates": [
            [
              [
                77.78222,
                23.504783
              ],
              [
                77.782496,
                23.504806
              ],
              [
                77.78249,
                23.504891
              ],
              [
                77.782459,
                23.505023
              ],
              [
                77.782375,
                23.505041
              ],
              [
                77.782189,
                23.504943
              ],
              [
                77.782176,
                23.50487
              ],
              [
                77.78222,
                23.504783
              ]
            ]
          ]
        },
        "geometry_similarity": 0.71,
        "boundary_difference": 2.79,
        "confidence": 0.74,
        "explanation": "Synthetic AI candidate boundary for visual assistance only; it is not an official cadastral boundary.",
        "data_disclaimer": "SYNTHETIC DEMO GIS DATA \u2014 NOT AN OFFICIAL CADASTRAL MAP"
      },
      "geometry": {
        "type": "Polygon",
        "coordinates": [
          [
            [
              77.782111,
              23.504838
            ],
            [
              77.782345,
              23.504832
            ],
            [
              77.78236,
              23.504908
            ],
            [
              77.782339,
              23.505044
            ],
            [
              77.782226,
              23.505059
            ],
            [
              77.782074,
              23.504989
            ],
            [
              77.782086,
              23.504926
            ],
            [
              77.782111,
              23.504838
            ]
          ]
        ]
      }
    },
    {
      "type": "Feature",
      "properties": {
        "property_id": "P1031",
        "parcel_id": "P1031",
        "reference_geometry": {
          "type": "Polygon",
          "coordinates": [
            [
              [
                77.782287,
                23.507166
              ],
              [
                77.782569,
                23.507167
              ],
              [
                77.782587,
                23.507254
              ],
              [
                77.78253,
                23.507372
              ],
              [
                77.782428,
                23.50738
              ],
              [
                77.782269,
                23.507311
              ],
              [
                77.782253,
                23.507235
              ],
              [
                77.782287,
                23.507166
              ]
            ]
          ]
        },
        "ai_candidate_geometry": {
          "type": "Polygon",
          "coordinates": [
            [
              [
                77.782354,
                23.507221
              ],
              [
                77.782594,
                23.507235
              ],
              [
                77.782643,
                23.507335
              ],
              [
                77.782608,
                23.507447
              ],
              [
                77.782486,
                23.507442
              ],
              [
                77.782285,
                23.507384
              ],
              [
                77.782316,
                23.507324
              ],
              [
                77.782354,
                23.507221
              ]
            ]
          ]
        },
        "geometry_similarity": 0.81,
        "boundary_difference": 10.87,
        "confidence": 0.63,
        "explanation": "Synthetic AI candidate boundary for visual assistance only; it is not an official cadastral boundary.",
        "data_disclaimer": "SYNTHETIC DEMO GIS DATA \u2014 NOT AN OFFICIAL CADASTRAL MAP"
      },
      "geometry": {
        "type": "Polygon",
        "coordinates": [
          [
            [
              77.782287,
              23.507166
            ],
            [
              77.782569,
              23.507167
            ],
            [
              77.782587,
              23.507254
            ],
            [
              77.78253,
              23.507372
            ],
            [
              77.782428,
              23.50738
            ],
            [
              77.782269,
              23.507311
            ],
            [
              77.782253,
              23.507235
            ],
            [
              77.782287,
              23.507166
            ]
          ]
        ]
      }
    },
    {
      "type": "Feature",
      "properties": {
        "property_id": "P1041",
        "parcel_id": "P1041",
        "reference_geometry": {
          "type": "Polygon",
          "coordinates": [
            [
              [
                77.782354,
                23.509661
              ],
              [
                77.782535,
                23.509662
              ],
              [
                77.782548,
                23.50977
              ],
              [
                77.782516,
                23.509918
              ],
              [
                77.782448,
                23.509937
              ],
              [
                77.78234,
                23.509863
              ],
              [
                77.78232,
                23.509755
              ],
              [
                77.782354,
                23.509661
              ]
            ]
          ]
        },
        "ai_candidate_geometry": {
          "type": "Polygon",
          "coordinates": [
            [
              [
                77.78215,
                23.509756
              ],
              [
                77.78237,
                23.509754
              ],
              [
                77.782379,
                23.5099
              ],
              [
                77.78236,
                23.510008
              ],
              [
                77.782267,
                23.510047
              ],
              [
                77.782139,
                23.509954
              ],
              [
                77.782122,
                23.509831
              ],
              [
                77.78215,
                23.509756
              ]
            ]
          ]
        },
        "geometry_similarity": 0.69,
        "boundary_difference": 7.24,
        "confidence": 0.79,
        "explanation": "Synthetic AI candidate boundary for visual assistance only; it is not an official cadastral boundary.",
        "data_disclaimer": "SYNTHETIC DEMO GIS DATA \u2014 NOT AN OFFICIAL CADASTRAL MAP"
      },
      "geometry": {
        "type": "Polygon",
        "coordinates": [
          [
            [
              77.782354,
              23.509661
            ],
            [
              77.782535,
              23.509662
            ],
            [
              77.782548,
              23.50977
            ],
            [
              77.782516,
              23.509918
            ],
            [
              77.782448,
              23.509937
            ],
            [
              77.78234,
              23.509863
            ],
            [
              77.78232,
              23.509755
            ],
            [
              77.782354,
              23.509661
            ]
          ]
        ]
      }
    },
    {
      "type": "Feature",
      "properties": {
        "property_id": "P1051",
        "parcel_id": "P1051",
        "reference_geometry": {
          "type": "Polygon",
          "coordinates": [
            [
              [
                77.795274,
                23.500186
              ],
              [
                77.795622,
                23.500182
              ],
              [
                77.795648,
                23.500242
              ],
              [
                77.795594,
                23.500342
              ],
              [
                77.795456,
                23.500367
              ],
              [
                77.795257,
                23.500302
              ],
              [
                77.795234,
                23.500242
              ],
              [
                77.795274,
                23.500186
              ]
            ]
          ]
        },
        "ai_candidate_geometry": {
          "type": "Polygon",
          "coordinates": [
            [
              [
                77.795114,
                23.500282
              ],
              [
                77.795463,
                23.500289
              ],
              [
                77.795539,
                23.500364
              ],
              [
                77.795456,
                23.500433
              ],
              [
                77.795283,
                23.50048
              ],
              [
                77.795113,
                23.500418
              ],
              [
                77.795055,
                23.500351
              ],
              [
                77.795114,
                23.500282
              ]
            ]
          ]
        },
        "geometry_similarity": 0.69,
        "boundary_difference": 6.84,
        "confidence": 0.68,
        "explanation": "Synthetic AI candidate boundary for visual assistance only; it is not an official cadastral boundary.",
        "data_disclaimer": "SYNTHETIC DEMO GIS DATA \u2014 NOT AN OFFICIAL CADASTRAL MAP"
      },
      "geometry": {
        "type": "Polygon",
        "coordinates": [
          [
            [
              77.795274,
              23.500186
            ],
            [
              77.795622,
              23.500182
            ],
            [
              77.795648,
              23.500242
            ],
            [
              77.795594,
              23.500342
            ],
            [
              77.795456,
              23.500367
            ],
            [
              77.795257,
              23.500302
            ],
            [
              77.795234,
              23.500242
            ],
            [
              77.795274,
              23.500186
            ]
          ]
        ]
      }
    },
    {
      "type": "Feature",
      "properties": {
        "property_id": "P1061",
        "parcel_id": "P1061",
        "reference_geometry": {
          "type": "Polygon",
          "coordinates": [
            [
              [
                77.794983,
                23.502343
              ],
              [
                77.795278,
                23.502332
              ],
              [
                77.795301,
                23.502439
              ],
              [
                77.795251,
                23.502617
              ],
              [
                77.795136,
                23.50264
              ],
              [
                77.794962,
                23.502541
              ],
              [
                77.794959,
                23.502461
              ],
              [
                77.794983,
                23.502343
              ]
            ]
          ]
        },
        "ai_candidate_geometry": {
          "type": "Polygon",
          "coordinates": [
            [
              [
                77.794949,
                23.502182
              ],
              [
                77.795236,
                23.502166
              ],
              [
                77.795295,
                23.502295
              ],
              [
                77.795205,
                23.502468
              ],
              [
                77.795109,
                23.5025
              ],
              [
                77.794954,
                23.502422
              ],
              [
                77.794928,
                23.502306
              ],
              [
                77.794949,
                23.502182
              ]
            ]
          ]
        },
        "geometry_similarity": 0.74,
        "boundary_difference": 3.94,
        "confidence": 0.63,
        "explanation": "Synthetic AI candidate boundary for visual assistance only; it is not an official cadastral boundary.",
        "data_disclaimer": "SYNTHETIC DEMO GIS DATA \u2014 NOT AN OFFICIAL CADASTRAL MAP"
      },
      "geometry": {
        "type": "Polygon",
        "coordinates": [
          [
            [
              77.794983,
              23.502343
            ],
            [
              77.795278,
              23.502332
            ],
            [
              77.795301,
              23.502439
            ],
            [
              77.795251,
              23.502617
            ],
            [
              77.795136,
              23.50264
            ],
            [
              77.794962,
              23.502541
            ],
            [
              77.794959,
              23.502461
            ],
            [
              77.794983,
              23.502343
            ]
          ]
        ]
      }
    },
    {
      "type": "Feature",
      "properties": {
        "property_id": "P1071",
        "parcel_id": "P1071",
        "reference_geometry": {
          "type": "Polygon",
          "coordinates": [
            [
              [
                77.795068,
                23.504956
              ],
              [
                77.795325,
                23.504928
              ],
              [
                77.795349,
                23.505055
              ],
              [
                77.795329,
                23.505247
              ],
              [
                77.795213,
                23.505258
              ],
              [
                77.795045,
                23.505155
              ],
              [
                77.795043,
                23.505042
              ],
              [
                77.795068,
                23.504956
              ]
            ]
          ]
        },
        "ai_candidate_geometry": {
          "type": "Polygon",
          "coordinates": [
            [
              [
                77.79518,
                23.504935
              ],
              [
                77.795481,
                23.504899
              ],
              [
                77.795513,
                23.505027
              ],
              [
                77.795493,
                23.505234
              ],
              [
                77.79534,
                23.505276
              ],
              [
                77.795168,
                23.505121
              ],
              [
                77.795139,
                23.505003
              ],
              [
                77.79518,
                23.504935
              ]
            ]
          ]
        },
        "geometry_similarity": 0.69,
        "boundary_difference": 8.55,
        "confidence": 0.77,
        "explanation": "Synthetic AI candidate boundary for visual assistance only; it is not an official cadastral boundary.",
        "data_disclaimer": "SYNTHETIC DEMO GIS DATA \u2014 NOT AN OFFICIAL CADASTRAL MAP"
      },
      "geometry": {
        "type": "Polygon",
        "coordinates": [
          [
            [
              77.795068,
              23.504956
            ],
            [
              77.795325,
              23.504928
            ],
            [
              77.795349,
              23.505055
            ],
            [
              77.795329,
              23.505247
            ],
            [
              77.795213,
              23.505258
            ],
            [
              77.795045,
              23.505155
            ],
            [
              77.795043,
              23.505042
            ],
            [
              77.795068,
              23.504956
            ]
          ]
        ]
      }
    },
    {
      "type": "Feature",
      "properties": {
        "property_id": "P1081",
        "parcel_id": "P1081",
        "reference_geometry": {
          "type": "Polygon",
          "coordinates": [
            [
              [
                77.795091,
                23.507287
              ],
              [
                77.795496,
                23.507292
              ],
              [
                77.795518,
                23.507377
              ],
              [
                77.795478,
                23.507477
              ],
              [
                77.795317,
                23.507499
              ],
              [
                77.795051,
                23.507431
              ],
              [
                77.79504,
                23.507358
              ],
              [
                77.795091,
                23.507287
              ]
            ]
          ]
        },
        "ai_candidate_geometry": {
          "type": "Polygon",
          "coordinates": [
            [
              [
                77.795183,
                23.50745
              ],
              [
                77.795609,
                23.507438
              ],
              [
                77.795582,
                23.507508
              ],
              [
                77.795593,
                23.507642
              ],
              [
                77.795405,
                23.507644
              ],
              [
                77.795127,
                23.507595
              ],
              [
                77.795072,
                23.507487
              ],
              [
                77.795183,
                23.50745
              ]
            ]
          ]
        },
        "geometry_similarity": 0.82,
        "boundary_difference": 5.09,
        "confidence": 0.72,
        "explanation": "Synthetic AI candidate boundary for visual assistance only; it is not an official cadastral boundary.",
        "data_disclaimer": "SYNTHETIC DEMO GIS DATA \u2014 NOT AN OFFICIAL CADASTRAL MAP"
      },
      "geometry": {
        "type": "Polygon",
        "coordinates": [
          [
            [
              77.795091,
              23.507287
            ],
            [
              77.795496,
              23.507292
            ],
            [
              77.795518,
              23.507377
            ],
            [
              77.795478,
              23.507477
            ],
            [
              77.795317,
              23.507499
            ],
            [
              77.795051,
              23.507431
            ],
            [
              77.79504,
              23.507358
            ],
            [
              77.795091,
              23.507287
            ]
          ]
        ]
      }
    },
    {
      "type": "Feature",
      "properties": {
        "property_id": "P1091",
        "parcel_id": "P1091",
        "reference_geometry": {
          "type": "Polygon",
          "coordinates": [
            [
              [
                77.795109,
                23.509667
              ],
              [
                77.795431,
                23.509679
              ],
              [
                77.795466,
                23.509774
              ],
              [
                77.7954,
                23.509895
              ],
              [
                77.795299,
                23.509929
              ],
              [
                77.795104,
                23.509823
              ],
              [
                77.79509,
                23.509757
              ],
              [
                77.795109,
                23.509667
              ]
            ]
          ]
        },
        "ai_candidate_geometry": {
          "type": "Polygon",
          "coordinates": [
            [
              [
                77.795069,
                23.509598
              ],
              [
                77.795418,
                23.509576
              ],
              [
                77.795437,
                23.509679
              ],
              [
                77.795342,
                23.509821
              ],
              [
                77.795232,
                23.509876
              ],
              [
                77.795002,
                23.5098
              ],
              [
                77.794972,
                23.509677
              ],
              [
                77.795069,
                23.509598
              ]
            ]
          ]
        },
        "geometry_similarity": 0.72,
        "boundary_difference": 8.65,
        "confidence": 0.7,
        "explanation": "Synthetic AI candidate boundary for visual assistance only; it is not an official cadastral boundary.",
        "data_disclaimer": "SYNTHETIC DEMO GIS DATA \u2014 NOT AN OFFICIAL CADASTRAL MAP"
      },
      "geometry": {
        "type": "Polygon",
        "coordinates": [
          [
            [
              77.795109,
              23.509667
            ],
            [
              77.795431,
              23.509679
            ],
            [
              77.795466,
              23.509774
            ],
            [
              77.7954,
              23.509895
            ],
            [
              77.795299,
              23.509929
            ],
            [
              77.795104,
              23.509823
            ],
            [
              77.79509,
              23.509757
            ],
            [
              77.795109,
              23.509667
            ]
          ]
        ]
      }
    },
    {
      "type": "Feature",
      "properties": {
        "property_id": "P1101",
        "parcel_id": "P1101",
        "reference_geometry": {
          "type": "Polygon",
          "coordinates": [
            [
              [
                77.80826,
                23.500137
              ],
              [
                77.808732,
                23.500103
              ],
              [
                77.808754,
                23.500283
              ],
              [
                77.808707,
                23.500537
              ],
              [
                77.808477,
                23.500581
              ],
              [
                77.808223,
                23.500384
              ],
              [
                77.808189,
                23.500267
              ],
              [
                77.80826,
                23.500137
              ]
            ]
          ]
        },
        "ai_candidate_geometry": {
          "type": "Polygon",
          "coordinates": [
            [
              [
                77.808196,
                23.49992
              ],
              [
                77.808812,
                23.499948
              ],
              [
                77.808838,
                23.500112
              ],
              [
                77.808713,
                23.500349
              ],
              [
                77.808548,
                23.500398
              ],
              [
                77.808196,
                23.500237
              ],
              [
                77.80822,
                23.500109
              ],
              [
                77.808196,
                23.49992
              ]
            ]
          ]
        },
        "geometry_similarity": 0.72,
        "boundary_difference": 8.22,
        "confidence": 0.84,
        "explanation": "Synthetic AI candidate boundary for visual assistance only; it is not an official cadastral boundary.",
        "data_disclaimer": "SYNTHETIC DEMO GIS DATA \u2014 NOT AN OFFICIAL CADASTRAL MAP"
      },
      "geometry": {
        "type": "Polygon",
        "coordinates": [
          [
            [
              77.80826,
              23.500137
            ],
            [
              77.808732,
              23.500103
            ],
            [
              77.808754,
              23.500283
            ],
            [
              77.808707,
              23.500537
            ],
            [
              77.808477,
              23.500581
            ],
            [
              77.808223,
              23.500384
            ],
            [
              77.808189,
              23.500267
            ],
            [
              77.80826,
              23.500137
            ]
          ]
        ]
      }
    },
    {
      "type": "Feature",
      "properties": {
        "property_id": "P1111",
        "parcel_id": "P1111",
        "reference_geometry": {
          "type": "Polygon",
          "coordinates": [
            [
              [
                77.807853,
                23.502426
              ],
              [
                77.808462,
                23.50242
              ],
              [
                77.808504,
                23.502531
              ],
              [
                77.808409,
                23.502736
              ],
              [
                77.80814,
                23.502785
              ],
              [
                77.807819,
                23.502654
              ],
              [
                77.80779,
                23.502548
              ],
              [
                77.807853,
                23.502426
              ]
            ]
          ]
        },
        "ai_candidate_geometry": {
          "type": "Polygon",
          "coordinates": [
            [
              [
                77.807713,
                23.502234
              ],
              [
                77.808475,
                23.502314
              ],
              [
                77.808414,
                23.502413
              ],
              [
                77.808324,
                23.502678
              ],
              [
                77.808139,
                23.502651
              ],
              [
                77.807655,
                23.502484
              ],
              [
                77.807685,
                23.502378
              ],
              [
                77.807713,
                23.502234
              ]
            ]
          ]
        },
        "geometry_similarity": 0.86,
        "boundary_difference": 4.32,
        "confidence": 0.66,
        "explanation": "Synthetic AI candidate boundary for visual assistance only; it is not an official cadastral boundary.",
        "data_disclaimer": "SYNTHETIC DEMO GIS DATA \u2014 NOT AN OFFICIAL CADASTRAL MAP"
      },
      "geometry": {
        "type": "Polygon",
        "coordinates": [
          [
            [
              77.807853,
              23.502426
            ],
            [
              77.808462,
              23.50242
            ],
            [
              77.808504,
              23.502531
            ],
            [
              77.808409,
              23.502736
            ],
            [
              77.80814,
              23.502785
            ],
            [
              77.807819,
              23.502654
            ],
            [
              77.80779,
              23.502548
            ],
            [
              77.807853,
              23.502426
            ]
          ]
        ]
      }
    },
    {
      "type": "Feature",
      "properties": {
        "property_id": "P1121",
        "parcel_id": "P1121",
        "reference_geometry": {
          "type": "Polygon",
          "coordinates": [
            [
              [
                77.807897,
                23.504826
              ],
              [
                77.808459,
                23.504826
              ],
              [
                77.808487,
                23.505018
              ],
              [
                77.808384,
                23.505289
              ],
              [
                77.808183,
                23.50533
              ],
              [
                77.807858,
                23.505152
              ],
              [
                77.807819,
                23.504995
              ],
              [
                77.807897,
                23.504826
              ]
            ]
          ]
        },
        "ai_candidate_geometry": {
          "type": "Polygon",
          "coordinates": [
            [
              [
                77.808006,
                23.504638
              ],
              [
                77.808609,
                23.50469
              ],
              [
                77.808626,
                23.50496
              ],
              [
                77.808637,
                23.505203
              ],
              [
                77.808301,
                23.50533
              ],
              [
                77.807979,
                23.505019
              ],
              [
                77.807967,
                23.504827
              ],
              [
                77.808006,
                23.504638
              ]
            ]
          ]
        },
        "geometry_similarity": 0.81,
        "boundary_difference": 11.23,
        "confidence": 0.66,
        "explanation": "Synthetic AI candidate boundary for visual assistance only; it is not an official cadastral boundary.",
        "data_disclaimer": "SYNTHETIC DEMO GIS DATA \u2014 NOT AN OFFICIAL CADASTRAL MAP"
      },
      "geometry": {
        "type": "Polygon",
        "coordinates": [
          [
            [
              77.807897,
              23.504826
            ],
            [
              77.808459,
              23.504826
            ],
            [
              77.808487,
              23.505018
            ],
            [
              77.808384,
              23.505289
            ],
            [
              77.808183,
              23.50533
            ],
            [
              77.807858,
              23.505152
            ],
            [
              77.807819,
              23.504995
            ],
            [
              77.807897,
              23.504826
            ]
          ]
        ]
      }
    },
    {
      "type": "Feature",
      "properties": {
        "property_id": "P1131",
        "parcel_id": "P1131",
        "reference_geometry": {
          "type": "Polygon",
          "coordinates": [
            [
              [
                77.80807,
                23.507174
              ],
              [
                77.808654,
                23.50718
              ],
              [
                77.808705,
                23.507321
              ],
              [
                77.808612,
                23.5075
              ],
              [
                77.808343,
                23.507539
              ],
              [
                77.808039,
                23.5074
              ],
              [
                77.807986,
                23.5073
              ],
              [
                77.80807,
                23.507174
              ]
            ]
          ]
        },
        "ai_candidate_geometry": {
          "type": "Polygon",
          "coordinates": [
            [
              [
                77.80785,
                23.507299
              ],
              [
                77.808534,
                23.507249
              ],
              [
                77.808502,
                23.50742
              ],
              [
                77.808422,
                23.507635
              ],
              [
                77.808129,
                23.50765
              ],
              [
                77.807746,
                23.50749
              ],
              [
                77.807766,
                23.507407
              ],
              [
                77.80785,
                23.507299
              ]
            ]
          ]
        },
        "geometry_similarity": 0.83,
        "boundary_difference": 9.16,
        "confidence": 0.63,
        "explanation": "Synthetic AI candidate boundary for visual assistance only; it is not an official cadastral boundary.",
        "data_disclaimer": "SYNTHETIC DEMO GIS DATA \u2014 NOT AN OFFICIAL CADASTRAL MAP"
      },
      "geometry": {
        "type": "Polygon",
        "coordinates": [
          [
            [
              77.80807,
              23.507174
            ],
            [
              77.808654,
              23.50718
            ],
            [
              77.808705,
              23.507321
            ],
            [
              77.808612,
              23.5075
            ],
            [
              77.808343,
              23.507539
            ],
            [
              77.808039,
              23.5074
            ],
            [
              77.807986,
              23.5073
            ],
            [
              77.80807,
              23.507174
            ]
          ]
        ]
      }
    },
    {
      "type": "Feature",
      "properties": {
        "property_id": "P1141",
        "parcel_id": "P1141",
        "reference_geometry": {
          "type": "Polygon",
          "coordinates": [
            [
              [
                77.808026,
                23.509465
              ],
              [
                77.808706,
                23.509438
              ],
              [
                77.808738,
                23.509664
              ],
              [
                77.808626,
                23.509909
              ],
              [
                77.808401,
                23.509973
              ],
              [
                77.807958,
                23.509804
              ],
              [
                77.807977,
                23.509648
              ],
              [
                77.808026,
                23.509465
              ]
            ]
          ]
        },
        "ai_candidate_geometry": {
          "type": "Polygon",
          "coordinates": [
            [
              [
                77.808216,
                23.509411
              ],
              [
                77.808894,
                23.509493
              ],
              [
                77.8089,
                23.509703
              ],
              [
                77.808884,
                23.509925
              ],
              [
                77.808581,
                23.509947
              ],
              [
                77.808239,
                23.509776
              ],
              [
                77.80817,
                23.509623
              ],
              [
                77.808216,
                23.509411
              ]
            ]
          ]
        },
        "geometry_similarity": 0.83,
        "boundary_difference": 7.79,
        "confidence": 0.77,
        "explanation": "Synthetic AI candidate boundary for visual assistance only; it is not an official cadastral boundary.",
        "data_disclaimer": "SYNTHETIC DEMO GIS DATA \u2014 NOT AN OFFICIAL CADASTRAL MAP"
      },
      "geometry": {
        "type": "Polygon",
        "coordinates": [
          [
            [
              77.808026,
              23.509465
            ],
            [
              77.808706,
              23.509438
            ],
            [
              77.808738,
              23.509664
            ],
            [
              77.808626,
              23.509909
            ],
            [
              77.808401,
              23.509973
            ],
            [
              77.807958,
              23.509804
            ],
            [
              77.807977,
              23.509648
            ],
            [
              77.808026,
              23.509465
            ]
          ]
        ]
      }
    },
    {
      "type": "Feature",
      "properties": {
        "property_id": "P1151",
        "parcel_id": "P1151",
        "reference_geometry": {
          "type": "Polygon",
          "coordinates": [
            [
              [
                77.821161,
                23.4999
              ],
              [
                77.821596,
                23.499927
              ],
              [
                77.821601,
                23.50009
              ],
              [
                77.82156,
                23.500432
              ],
              [
                77.821375,
                23.500494
              ],
              [
                77.82116,
                23.500285
              ],
              [
                77.821125,
                23.500131
              ],
              [
                77.821161,
                23.4999
              ]
            ]
          ]
        },
        "ai_candidate_geometry": {
          "type": "Polygon",
          "coordinates": [
            [
              [
                77.821339,
                23.499742
              ],
              [
                77.821723,
                23.499794
              ],
              [
                77.821743,
                23.499944
              ],
              [
                77.821699,
                23.500302
              ],
              [
                77.821536,
                23.500412
              ],
              [
                77.82131,
                23.500195
              ],
              [
                77.821272,
                23.500006
              ],
              [
                77.821339,
                23.499742
              ]
            ]
          ]
        },
        "geometry_similarity": 0.82,
        "boundary_difference": 10.85,
        "confidence": 0.64,
        "explanation": "Synthetic AI candidate boundary for visual assistance only; it is not an official cadastral boundary.",
        "data_disclaimer": "SYNTHETIC DEMO GIS DATA \u2014 NOT AN OFFICIAL CADASTRAL MAP"
      },
      "geometry": {
        "type": "Polygon",
        "coordinates": [
          [
            [
              77.821161,
              23.4999
            ],
            [
              77.821596,
              23.499927
            ],
            [
              77.821601,
              23.50009
            ],
            [
              77.82156,
              23.500432
            ],
            [
              77.821375,
              23.500494
            ],
            [
              77.82116,
              23.500285
            ],
            [
              77.821125,
              23.500131
            ],
            [
              77.821161,
              23.4999
            ]
          ]
        ]
      }
    },
    {
      "type": "Feature",
      "properties": {
        "property_id": "P1161",
        "parcel_id": "P1161",
        "reference_geometry": {
          "type": "Polygon",
          "coordinates": [
            [
              [
                77.8209,
                23.502569
              ],
              [
                77.821603,
                23.502581
              ],
              [
                77.821642,
                23.502679
              ],
              [
                77.821574,
                23.502827
              ],
              [
                77.821273,
                23.502873
              ],
              [
                77.82089,
                23.502751
              ],
              [
                77.820831,
                23.502678
              ],
              [
                77.8209,
                23.502569
              ]
            ]
          ]
        },
        "ai_candidate_geometry": {
          "type": "Polygon",
          "coordinates": [
            [
              [
                77.820736,
                23.502508
              ],
              [
                77.821546,
                23.502535
              ],
              [
                77.821528,
                23.50263
              ],
              [
                77.821509,
                23.502755
              ],
              [
                77.821213,
                23.502842
              ],
              [
                77.820697,
                23.502727
              ],
              [
                77.820767,
                23.502609
              ],
              [
                77.820736,
                23.502508
              ]
            ]
          ]
        },
        "geometry_similarity": 0.72,
        "boundary_difference": 10.48,
        "confidence": 0.68,
        "explanation": "Synthetic AI candidate boundary for visual assistance only; it is not an official cadastral boundary.",
        "data_disclaimer": "SYNTHETIC DEMO GIS DATA \u2014 NOT AN OFFICIAL CADASTRAL MAP"
      },
      "geometry": {
        "type": "Polygon",
        "coordinates": [
          [
            [
              77.8209,
              23.502569
            ],
            [
              77.821603,
              23.502581
            ],
            [
              77.821642,
              23.502679
            ],
            [
              77.821574,
              23.502827
            ],
            [
              77.821273,
              23.502873
            ],
            [
              77.82089,
              23.502751
            ],
            [
              77.820831,
              23.502678
            ],
            [
              77.8209,
              23.502569
            ]
          ]
        ]
      }
    },
    {
      "type": "Feature",
      "properties": {
        "property_id": "P1171",
        "parcel_id": "P1171",
        "reference_geometry": {
          "type": "Polygon",
          "coordinates": [
            [
              [
                77.821015,
                23.504908
              ],
              [
                77.821433,
                23.504894
              ],
              [
                77.821474,
                23.504989
              ],
              [
                77.821457,
                23.505204
              ],
              [
                77.821253,
                23.505268
              ],
              [
                77.82103,
                23.505086
              ],
              [
                77.821021,
                23.505054
              ],
              [
                77.821015,
                23.504908
              ]
            ]
          ]
        },
        "ai_candidate_geometry": {
          "type": "Polygon",
          "coordinates": [
            [
              [
                77.821015,
                23.50487
              ],
              [
                77.821517,
                23.504829
              ],
              [
                77.821497,
                23.504982
              ],
              [
                77.821432,
                23.505217
              ],
              [
                77.82127,
                23.505268
              ],
              [
                77.820966,
                23.505064
              ],
              [
                77.820979,
                23.504974
              ],
              [
                77.821015,
                23.50487
              ]
            ]
          ]
        },
        "geometry_similarity": 0.71,
        "boundary_difference": 11.39,
        "confidence": 0.62,
        "explanation": "Synthetic AI candidate boundary for visual assistance only; it is not an official cadastral boundary.",
        "data_disclaimer": "SYNTHETIC DEMO GIS DATA \u2014 NOT AN OFFICIAL CADASTRAL MAP"
      },
      "geometry": {
        "type": "Polygon",
        "coordinates": [
          [
            [
              77.821015,
              23.504908
            ],
            [
              77.821433,
              23.504894
            ],
            [
              77.821474,
              23.504989
            ],
            [
              77.821457,
              23.505204
            ],
            [
              77.821253,
              23.505268
            ],
            [
              77.82103,
              23.505086
            ],
            [
              77.821021,
              23.505054
            ],
            [
              77.821015,
              23.504908
            ]
          ]
        ]
      }
    },
    {
      "type": "Feature",
      "properties": {
        "property_id": "P1181",
        "parcel_id": "P1181",
        "reference_geometry": {
          "type": "Polygon",
          "coordinates": [
            [
              [
                77.820917,
                23.507011
              ],
              [
                77.821447,
                23.507041
              ],
              [
                77.821494,
                23.507215
              ],
              [
                77.821462,
                23.507552
              ],
              [
                77.821176,
                23.507584
              ],
              [
                77.820866,
                23.507376
              ],
              [
                77.820824,
                23.507241
              ],
              [
                77.820917,
                23.507011
              ]
            ]
          ]
        },
        "ai_candidate_geometry": {
          "type": "Polygon",
          "coordinates": [
            [
              [
                77.820952,
                23.506932
              ],
              [
                77.821558,
                23.506909
              ],
              [
                77.821679,
                23.507252
              ],
              [
                77.821618,
                23.507513
              ],
              [
                77.821353,
                23.507556
              ],
              [
                77.820943,
                23.507314
              ],
              [
                77.820888,
                23.507174
              ],
              [
                77.820952,
                23.506932
              ]
            ]
          ]
        },
        "geometry_similarity": 0.87,
        "boundary_difference": 6.14,
        "confidence": 0.75,
        "explanation": "Synthetic AI candidate boundary for visual assistance only; it is not an official cadastral boundary.",
        "data_disclaimer": "SYNTHETIC DEMO GIS DATA \u2014 NOT AN OFFICIAL CADASTRAL MAP"
      },
      "geometry": {
        "type": "Polygon",
        "coordinates": [
          [
            [
              77.820917,
              23.507011
            ],
            [
              77.821447,
              23.507041
            ],
            [
              77.821494,
              23.507215
            ],
            [
              77.821462,
              23.507552
            ],
            [
              77.821176,
              23.507584
            ],
            [
              77.820866,
              23.507376
            ],
            [
              77.820824,
              23.507241
            ],
            [
              77.820917,
              23.507011
            ]
          ]
        ]
      }
    },
    {
      "type": "Feature",
      "properties": {
        "property_id": "P1191",
        "parcel_id": "P1191",
        "reference_geometry": {
          "type": "Polygon",
          "coordinates": [
            [
              [
                77.821232,
                23.5096
              ],
              [
                77.821694,
                23.509616
              ],
              [
                77.821751,
                23.509743
              ],
              [
                77.821671,
                23.509946
              ],
              [
                77.821479,
                23.509952
              ],
              [
                77.821191,
                23.509851
              ],
              [
                77.821124,
                23.509741
              ],
              [
                77.821232,
                23.5096
              ]
            ]
          ]
        },
        "ai_candidate_geometry": {
          "type": "Polygon",
          "coordinates": [
            [
              [
                77.821055,
                23.509507
              ],
              [
                77.821525,
                23.509516
              ],
              [
                77.821592,
                23.509638
              ],
              [
                77.821513,
                23.509812
              ],
              [
                77.82125,
                23.509837
              ],
              [
                77.820986,
                23.509761
              ],
              [
                77.820936,
                23.509637
              ],
              [
                77.821055,
                23.509507
              ]
            ]
          ]
        },
        "geometry_similarity": 0.81,
        "boundary_difference": 7.57,
        "confidence": 0.84,
        "explanation": "Synthetic AI candidate boundary for visual assistance only; it is not an official cadastral boundary.",
        "data_disclaimer": "SYNTHETIC DEMO GIS DATA \u2014 NOT AN OFFICIAL CADASTRAL MAP"
      },
      "geometry": {
        "type": "Polygon",
        "coordinates": [
          [
            [
              77.821232,
              23.5096
            ],
            [
              77.821694,
              23.509616
            ],
            [
              77.821751,
              23.509743
            ],
            [
              77.821671,
              23.509946
            ],
            [
              77.821479,
              23.509952
            ],
            [
              77.821191,
              23.509851
            ],
            [
              77.821124,
              23.509741
            ],
            [
              77.821232,
              23.5096
            ]
          ]
        ]
      }
    },
    {
      "type": "Feature",
      "properties": {
        "property_id": "P1201",
        "parcel_id": "P1201",
        "reference_geometry": {
          "type": "Polygon",
          "coordinates": [
            [
              [
                77.833862,
                23.500049
              ],
              [
                77.834754,
                23.499883
              ],
              [
                77.834835,
                23.500179
              ],
              [
                77.834857,
                23.500722
              ],
              [
                77.834398,
                23.500703
              ],
              [
                77.833723,
                23.500392
              ],
              [
                77.833655,
                23.500253
              ],
              [
                77.833862,
                23.500049
              ]
            ]
          ]
        },
        "ai_candidate_geometry": {
          "type": "Polygon",
          "coordinates": [
            [
              [
                77.833864,
                23.499817
              ],
              [
                77.835177,
                23.499917
              ],
              [
                77.835252,
                23.500121
              ],
              [
                77.834923,
                23.500581
              ],
              [
                77.834571,
                23.500638
              ],
              [
                77.833845,
                23.500491
              ],
              [
                77.833928,
                23.500163
              ],
              [
                77.833864,
                23.499817
              ]
            ]
          ]
        },
        "geometry_similarity": 0.77,
        "boundary_difference": 6.14,
        "confidence": 0.7,
        "explanation": "Synthetic AI candidate boundary for visual assistance only; it is not an official cadastral boundary.",
        "data_disclaimer": "SYNTHETIC DEMO GIS DATA \u2014 NOT AN OFFICIAL CADASTRAL MAP"
      },
      "geometry": {
        "type": "Polygon",
        "coordinates": [
          [
            [
              77.833862,
              23.500049
            ],
            [
              77.834754,
              23.499883
            ],
            [
              77.834835,
              23.500179
            ],
            [
              77.834857,
              23.500722
            ],
            [
              77.834398,
              23.500703
            ],
            [
              77.833723,
              23.500392
            ],
            [
              77.833655,
              23.500253
            ],
            [
              77.833862,
              23.500049
            ]
          ]
        ]
      }
    },
    {
      "type": "Feature",
      "properties": {
        "property_id": "P1211",
        "parcel_id": "P1211",
        "reference_geometry": {
          "type": "Polygon",
          "coordinates": [
            [
              [
                77.833812,
                23.501991
              ],
              [
                77.834611,
                23.502091
              ],
              [
                77.834682,
                23.502318
              ],
              [
                77.834569,
                23.502949
              ],
              [
                77.83428,
                23.503007
              ],
              [
                77.833676,
                23.502805
              ],
              [
                77.833713,
                23.502265
              ],
              [
                77.833812,
                23.501991
              ]
            ]
          ]
        },
        "ai_candidate_geometry": {
          "type": "Polygon",
          "coordinates": [
            [
              [
                77.83395,
                23.501894
              ],
              [
                77.834901,
                23.501725
              ],
              [
                77.835038,
                23.502301
              ],
              [
                77.834899,
                23.502877
              ],
              [
                77.834396,
                23.503082
              ],
              [
                77.833824,
                23.502528
              ],
              [
                77.833776,
                23.502106
              ],
              [
                77.83395,
                23.501894
              ]
            ]
          ]
        },
        "geometry_similarity": 0.78,
        "boundary_difference": 6.3,
        "confidence": 0.77,
        "explanation": "Synthetic AI candidate boundary for visual assistance only; it is not an official cadastral boundary.",
        "data_disclaimer": "SYNTHETIC DEMO GIS DATA \u2014 NOT AN OFFICIAL CADASTRAL MAP"
      },
      "geometry": {
        "type": "Polygon",
        "coordinates": [
          [
            [
              77.833812,
              23.501991
            ],
            [
              77.834611,
              23.502091
            ],
            [
              77.834682,
              23.502318
            ],
            [
              77.834569,
              23.502949
            ],
            [
              77.83428,
              23.503007
            ],
            [
              77.833676,
              23.502805
            ],
            [
              77.833713,
              23.502265
            ],
            [
              77.833812,
              23.501991
            ]
          ]
        ]
      }
    },
    {
      "type": "Feature",
      "properties": {
        "property_id": "P1221",
        "parcel_id": "P1221",
        "reference_geometry": {
          "type": "Polygon",
          "coordinates": [
            [
              [
                77.834059,
                23.50467
              ],
              [
                77.834761,
                23.5048
              ],
              [
                77.834867,
                23.505119
              ],
              [
                77.834735,
                23.505523
              ],
              [
                77.834455,
                23.505538
              ],
              [
                77.834076,
                23.505365
              ],
              [
                77.834071,
                23.505007
              ],
              [
                77.834059,
                23.50467
              ]
            ]
          ]
        },
        "ai_candidate_geometry": {
          "type": "Polygon",
          "coordinates": [
            [
              [
                77.834093,
                23.504657
              ],
              [
                77.834851,
                23.504621
              ],
              [
                77.834794,
                23.504944
              ],
              [
                77.834771,
                23.505354
              ],
              [
                77.834413,
                23.505566
              ],
              [
                77.834088,
                23.505144
              ],
              [
                77.833988,
                23.504866
              ],
              [
                77.834093,
                23.504657
              ]
            ]
          ]
        },
        "geometry_similarity": 0.75,
        "boundary_difference": 9.01,
        "confidence": 0.84,
        "explanation": "Synthetic AI candidate boundary for visual assistance only; it is not an official cadastral boundary.",
        "data_disclaimer": "SYNTHETIC DEMO GIS DATA \u2014 NOT AN OFFICIAL CADASTRAL MAP"
      },
      "geometry": {
        "type": "Polygon",
        "coordinates": [
          [
            [
              77.834059,
              23.50467
            ],
            [
              77.834761,
              23.5048
            ],
            [
              77.834867,
              23.505119
            ],
            [
              77.834735,
              23.505523
            ],
            [
              77.834455,
              23.505538
            ],
            [
              77.834076,
              23.505365
            ],
            [
              77.834071,
              23.505007
            ],
            [
              77.834059,
              23.50467
            ]
          ]
        ]
      }
    },
    {
      "type": "Feature",
      "properties": {
        "property_id": "P1231",
        "parcel_id": "P1231",
        "reference_geometry": {
          "type": "Polygon",
          "coordinates": [
            [
              [
                77.833861,
                23.507156
              ],
              [
                77.834839,
                23.507145
              ],
              [
                77.834851,
                23.507312
              ],
              [
                77.834711,
                23.507654
              ],
              [
                77.834206,
                23.507768
              ],
              [
                77.833671,
                23.507521
              ],
              [
                77.833717,
                23.507374
              ],
              [
                77.833861,
                23.507156
              ]
            ]
          ]
        },
        "ai_candidate_geometry": {
          "type": "Polygon",
          "coordinates": [
            [
              [
                77.833692,
                23.506914
              ],
              [
                77.834688,
                23.506906
              ],
              [
                77.83493,
                23.507242
              ],
              [
                77.834652,
                23.507495
              ],
              [
                77.834123,
                23.507589
              ],
              [
                77.833466,
                23.507334
              ],
              [
                77.833438,
                23.507231
              ],
              [
                77.833692,
                23.506914
              ]
            ]
          ]
        },
        "geometry_similarity": 0.75,
        "boundary_difference": 7.17,
        "confidence": 0.67,
        "explanation": "Synthetic AI candidate boundary for visual assistance only; it is not an official cadastral boundary.",
        "data_disclaimer": "SYNTHETIC DEMO GIS DATA \u2014 NOT AN OFFICIAL CADASTRAL MAP"
      },
      "geometry": {
        "type": "Polygon",
        "coordinates": [
          [
            [
              77.833861,
              23.507156
            ],
            [
              77.834839,
              23.507145
            ],
            [
              77.834851,
              23.507312
            ],
            [
              77.834711,
              23.507654
            ],
            [
              77.834206,
              23.507768
            ],
            [
              77.833671,
              23.507521
            ],
            [
              77.833717,
              23.507374
            ],
            [
              77.833861,
              23.507156
            ]
          ]
        ]
      }
    },
    {
      "type": "Feature",
      "properties": {
        "property_id": "P1241",
        "parcel_id": "P1241",
        "reference_geometry": {
          "type": "Polygon",
          "coordinates": [
            [
              [
                77.833827,
                23.50942
              ],
              [
                77.834465,
                23.509415
              ],
              [
                77.834666,
                23.509598
              ],
              [
                77.834526,
                23.510059
              ],
              [
                77.834109,
                23.51011
              ],
              [
                77.833761,
                23.509785
              ],
              [
                77.833657,
                23.50964
              ],
              [
                77.833827,
                23.50942
              ]
            ]
          ]
        },
        "ai_candidate_geometry": {
          "type": "Polygon",
          "coordinates": [
            [
              [
                77.833754,
                23.50926
              ],
              [
                77.834615,
                23.509376
              ],
              [
                77.83471,
                23.509606
              ],
              [
                77.834476,
                23.510008
              ],
              [
                77.834222,
                23.510134
              ],
              [
                77.833702,
                23.509762
              ],
              [
                77.833716,
                23.509615
              ],
              [
                77.833754,
                23.50926
              ]
            ]
          ]
        },
        "geometry_similarity": 0.82,
        "boundary_difference": 4.27,
        "confidence": 0.77,
        "explanation": "Synthetic AI candidate boundary for visual assistance only; it is not an official cadastral boundary.",
        "data_disclaimer": "SYNTHETIC DEMO GIS DATA \u2014 NOT AN OFFICIAL CADASTRAL MAP"
      },
      "geometry": {
        "type": "Polygon",
        "coordinates": [
          [
            [
              77.833827,
              23.50942
            ],
            [
              77.834465,
              23.509415
            ],
            [
              77.834666,
              23.509598
            ],
            [
              77.834526,
              23.510059
            ],
            [
              77.834109,
              23.51011
            ],
            [
              77.833761,
              23.509785
            ],
            [
              77.833657,
              23.50964
            ],
            [
              77.833827,
              23.50942
            ]
          ]
        ]
      }
    },
    {
      "type": "Feature",
      "properties": {
        "property_id": "P1251",
        "parcel_id": "P1251",
        "reference_geometry": {
          "type": "Polygon",
          "coordinates": [
            [
              [
                77.782322,
                23.510551
              ],
              [
                77.782591,
                23.51055
              ],
              [
                77.782593,
                23.510662
              ],
              [
                77.782573,
                23.510759
              ],
              [
                77.782439,
                23.510771
              ],
              [
                77.782317,
                23.510687
              ],
              [
                77.782284,
                23.510614
              ],
              [
                77.782322,
                23.510551
              ]
            ]
          ]
        },
        "ai_candidate_geometry": {
          "type": "Polygon",
          "coordinates": [
            [
              [
                77.782358,
                23.510648
              ],
              [
                77.782598,
                23.510618
              ],
              [
                77.782667,
                23.510684
              ],
              [
                77.782622,
                23.510832
              ],
              [
                77.782516,
                23.51087
              ],
              [
                77.782327,
                23.510792
              ],
              [
                77.782344,
                23.5107
              ],
              [
                77.782358,
                23.510648
              ]
            ]
          ]
        },
        "geometry_similarity": 0.87,
        "boundary_difference": 7.38,
        "confidence": 0.62,
        "explanation": "Synthetic AI candidate boundary for visual assistance only; it is not an official cadastral boundary.",
        "data_disclaimer": "SYNTHETIC DEMO GIS DATA \u2014 NOT AN OFFICIAL CADASTRAL MAP"
      },
      "geometry": {
        "type": "Polygon",
        "coordinates": [
          [
            [
              77.782322,
              23.510551
            ],
            [
              77.782591,
              23.51055
            ],
            [
              77.782593,
              23.510662
            ],
            [
              77.782573,
              23.510759
            ],
            [
              77.782439,
              23.510771
            ],
            [
              77.782317,
              23.510687
            ],
            [
              77.782284,
              23.510614
            ],
            [
              77.782322,
              23.510551
            ]
          ]
        ]
      }
    },
    {
      "type": "Feature",
      "properties": {
        "property_id": "P1261",
        "parcel_id": "P1261",
        "reference_geometry": {
          "type": "Polygon",
          "coordinates": [
            [
              [
                77.782125,
                23.512924
              ],
              [
                77.782508,
                23.512886
              ],
              [
                77.782549,
                23.513025
              ],
              [
                77.782498,
                23.513179
              ],
              [
                77.782281,
                23.513207
              ],
              [
                77.782083,
                23.513076
              ],
              [
                77.782086,
                23.513033
              ],
              [
                77.782125,
                23.512924
              ]
            ]
          ]
        },
        "ai_candidate_geometry": {
          "type": "Polygon",
          "coordinates": [
            [
              [
                77.781947,
                23.512781
              ],
              [
                77.782366,
                23.512826
              ],
              [
                77.782446,
                23.512896
              ],
              [
                77.78233,
                23.513118
              ],
              [
                77.782202,
                23.513105
              ],
              [
                77.781936,
                23.51299
              ],
              [
                77.781854,
                23.512864
              ],
              [
                77.781947,
                23.512781
              ]
            ]
          ]
        },
        "geometry_similarity": 0.86,
        "boundary_difference": 7.2,
        "confidence": 0.71,
        "explanation": "Synthetic AI candidate boundary for visual assistance only; it is not an official cadastral boundary.",
        "data_disclaimer": "SYNTHETIC DEMO GIS DATA \u2014 NOT AN OFFICIAL CADASTRAL MAP"
      },
      "geometry": {
        "type": "Polygon",
        "coordinates": [
          [
            [
              77.782125,
              23.512924
            ],
            [
              77.782508,
              23.512886
            ],
            [
              77.782549,
              23.513025
            ],
            [
              77.782498,
              23.513179
            ],
            [
              77.782281,
              23.513207
            ],
            [
              77.782083,
              23.513076
            ],
            [
              77.782086,
              23.513033
            ],
            [
              77.782125,
              23.512924
            ]
          ]
        ]
      }
    },
    {
      "type": "Feature",
      "properties": {
        "property_id": "P1271",
        "parcel_id": "P1271",
        "reference_geometry": {
          "type": "Polygon",
          "coordinates": [
            [
              [
                77.782213,
                23.515481
              ],
              [
                77.78258,
                23.515496
              ],
              [
                77.782621,
                23.515565
              ],
              [
                77.782541,
                23.515733
              ],
              [
                77.782389,
                23.515795
              ],
              [
                77.782194,
                23.515711
              ],
              [
                77.782184,
                23.515563
              ],
              [
                77.782213,
                23.515481
              ]
            ]
          ]
        },
        "ai_candidate_geometry": {
          "type": "Polygon",
          "coordinates": [
            [
              [
                77.782046,
                23.515387
              ],
              [
                77.782461,
                23.515407
              ],
              [
                77.782442,
                23.515484
              ],
              [
                77.782394,
                23.515693
              ],
              [
                77.782277,
                23.515721
              ],
              [
                77.782014,
                23.515624
              ],
              [
                77.781991,
                23.515508
              ],
              [
                77.782046,
                23.515387
              ]
            ]
          ]
        },
        "geometry_similarity": 0.73,
        "boundary_difference": 7.56,
        "confidence": 0.77,
        "explanation": "Synthetic AI candidate boundary for visual assistance only; it is not an official cadastral boundary.",
        "data_disclaimer": "SYNTHETIC DEMO GIS DATA \u2014 NOT AN OFFICIAL CADASTRAL MAP"
      },
      "geometry": {
        "type": "Polygon",
        "coordinates": [
          [
            [
              77.782213,
              23.515481
            ],
            [
              77.78258,
              23.515496
            ],
            [
              77.782621,
              23.515565
            ],
            [
              77.782541,
              23.515733
            ],
            [
              77.782389,
              23.515795
            ],
            [
              77.782194,
              23.515711
            ],
            [
              77.782184,
              23.515563
            ],
            [
              77.782213,
              23.515481
            ]
          ]
        ]
      }
    },
    {
      "type": "Feature",
      "properties": {
        "property_id": "P1281",
        "parcel_id": "P1281",
        "reference_geometry": {
          "type": "Polygon",
          "coordinates": [
            [
              [
                77.782221,
                23.517646
              ],
              [
                77.782603,
                23.51767
              ],
              [
                77.782594,
                23.517757
              ],
              [
                77.782526,
                23.5179
              ],
              [
                77.782449,
                23.517919
              ],
              [
                77.782244,
                23.517847
              ],
              [
                77.782169,
                23.517766
              ],
              [
                77.782221,
                23.517646
              ]
            ]
          ]
        },
        "ai_candidate_geometry": {
          "type": "Polygon",
          "coordinates": [
            [
              [
                77.782391,
                23.517599
              ],
              [
                77.782822,
                23.517604
              ],
              [
                77.782778,
                23.517709
              ],
              [
                77.782753,
                23.51785
              ],
              [
                77.782605,
                23.517881
              ],
              [
                77.782332,
                23.517744
              ],
              [
                77.782349,
                23.517677
              ],
              [
                77.782391,
                23.517599
              ]
            ]
          ]
        },
        "geometry_similarity": 0.72,
        "boundary_difference": 11.29,
        "confidence": 0.74,
        "explanation": "Synthetic AI candidate boundary for visual assistance only; it is not an official cadastral boundary.",
        "data_disclaimer": "SYNTHETIC DEMO GIS DATA \u2014 NOT AN OFFICIAL CADASTRAL MAP"
      },
      "geometry": {
        "type": "Polygon",
        "coordinates": [
          [
            [
              77.782221,
              23.517646
            ],
            [
              77.782603,
              23.51767
            ],
            [
              77.782594,
              23.517757
            ],
            [
              77.782526,
              23.5179
            ],
            [
              77.782449,
              23.517919
            ],
            [
              77.782244,
              23.517847
            ],
            [
              77.782169,
              23.517766
            ],
            [
              77.782221,
              23.517646
            ]
          ]
        ]
      }
    },
    {
      "type": "Feature",
      "properties": {
        "property_id": "P1291",
        "parcel_id": "P1291",
        "reference_geometry": {
          "type": "Polygon",
          "coordinates": [
            [
              [
                77.782245,
                23.52003
              ],
              [
                77.7826,
                23.520021
              ],
              [
                77.782617,
                23.52017
              ],
              [
                77.782555,
                23.52034
              ],
              [
                77.782411,
                23.520375
              ],
              [
                77.782192,
                23.520223
              ],
              [
                77.78219,
                23.52014
              ],
              [
                77.782245,
                23.52003
              ]
            ]
          ]
        },
        "ai_candidate_geometry": {
          "type": "Polygon",
          "coordinates": [
            [
              [
                77.782176,
                23.519829
              ],
              [
                77.782555,
                23.519825
              ],
              [
                77.782595,
                23.519953
              ],
              [
                77.782551,
                23.520203
              ],
              [
                77.782317,
                23.52016
              ],
              [
                77.782067,
                23.520116
              ],
              [
                77.782116,
                23.519958
              ],
              [
                77.782176,
                23.519829
              ]
            ]
          ]
        },
        "geometry_similarity": 0.72,
        "boundary_difference": 10.26,
        "confidence": 0.74,
        "explanation": "Synthetic AI candidate boundary for visual assistance only; it is not an official cadastral boundary.",
        "data_disclaimer": "SYNTHETIC DEMO GIS DATA \u2014 NOT AN OFFICIAL CADASTRAL MAP"
      },
      "geometry": {
        "type": "Polygon",
        "coordinates": [
          [
            [
              77.782245,
              23.52003
            ],
            [
              77.7826,
              23.520021
            ],
            [
              77.782617,
              23.52017
            ],
            [
              77.782555,
              23.52034
            ],
            [
              77.782411,
              23.520375
            ],
            [
              77.782192,
              23.520223
            ],
            [
              77.78219,
              23.52014
            ],
            [
              77.782245,
              23.52003
            ]
          ]
        ]
      }
    },
    {
      "type": "Feature",
      "properties": {
        "property_id": "P1301",
        "parcel_id": "P1301",
        "reference_geometry": {
          "type": "Polygon",
          "coordinates": [
            [
              [
                77.794903,
                23.510515
              ],
              [
                77.79532,
                23.510435
              ],
              [
                77.795317,
                23.510605
              ],
              [
                77.795326,
                23.510794
              ],
              [
                77.795167,
                23.510811
              ],
              [
                77.794882,
                23.510687
              ],
              [
                77.794863,
                23.510605
              ],
              [
                77.794903,
                23.510515
              ]
            ]
          ]
        },
        "ai_candidate_geometry": {
          "type": "Polygon",
          "coordinates": [
            [
              [
                77.794911,
                23.510363
              ],
              [
                77.795331,
                23.510353
              ],
              [
                77.795422,
                23.510506
              ],
              [
                77.795373,
                23.510738
              ],
              [
                77.795132,
                23.510754
              ],
              [
                77.794923,
                23.510697
              ],
              [
                77.794927,
                23.510554
              ],
              [
                77.794911,
                23.510363
              ]
            ]
          ]
        },
        "geometry_similarity": 0.75,
        "boundary_difference": 7.15,
        "confidence": 0.81,
        "explanation": "Synthetic AI candidate boundary for visual assistance only; it is not an official cadastral boundary.",
        "data_disclaimer": "SYNTHETIC DEMO GIS DATA \u2014 NOT AN OFFICIAL CADASTRAL MAP"
      },
      "geometry": {
        "type": "Polygon",
        "coordinates": [
          [
            [
              77.794903,
              23.510515
            ],
            [
              77.79532,
              23.510435
            ],
            [
              77.795317,
              23.510605
            ],
            [
              77.795326,
              23.510794
            ],
            [
              77.795167,
              23.510811
            ],
            [
              77.794882,
              23.510687
            ],
            [
              77.794863,
              23.510605
            ],
            [
              77.794903,
              23.510515
            ]
          ]
        ]
      }
    },
    {
      "type": "Feature",
      "properties": {
        "property_id": "P1311",
        "parcel_id": "P1311",
        "reference_geometry": {
          "type": "Polygon",
          "coordinates": [
            [
              [
                77.795147,
                23.512871
              ],
              [
                77.795675,
                23.512856
              ],
              [
                77.795683,
                23.512939
              ],
              [
                77.795639,
                23.513041
              ],
              [
                77.795387,
                23.513057
              ],
              [
                77.7951,
                23.513012
              ],
              [
                77.795113,
                23.512933
              ],
              [
                77.795147,
                23.512871
              ]
            ]
          ]
        },
        "ai_candidate_geometry": {
          "type": "Polygon",
          "coordinates": [
            [
              [
                77.795053,
                23.51279
              ],
              [
                77.795621,
                23.512791
              ],
              [
                77.795626,
                23.512829
              ],
              [
                77.795593,
                23.512986
              ],
              [
                77.795342,
                23.512992
              ],
              [
                77.795052,
                23.512903
              ],
              [
                77.79494,
                23.512854
              ],
              [
                77.795053,
                23.51279
              ]
            ]
          ]
        },
        "geometry_similarity": 0.87,
        "boundary_difference": 9.29,
        "confidence": 0.74,
        "explanation": "Synthetic AI candidate boundary for visual assistance only; it is not an official cadastral boundary.",
        "data_disclaimer": "SYNTHETIC DEMO GIS DATA \u2014 NOT AN OFFICIAL CADASTRAL MAP"
      },
      "geometry": {
        "type": "Polygon",
        "coordinates": [
          [
            [
              77.795147,
              23.512871
            ],
            [
              77.795675,
              23.512856
            ],
            [
              77.795683,
              23.512939
            ],
            [
              77.795639,
              23.513041
            ],
            [
              77.795387,
              23.513057
            ],
            [
              77.7951,
              23.513012
            ],
            [
              77.795113,
              23.512933
            ],
            [
              77.795147,
              23.512871
            ]
          ]
        ]
      }
    },
    {
      "type": "Feature",
      "properties": {
        "property_id": "P1321",
        "parcel_id": "P1321",
        "reference_geometry": {
          "type": "Polygon",
          "coordinates": [
            [
              [
                77.795136,
                23.515457
              ],
              [
                77.795408,
                23.515393
              ],
              [
                77.795444,
                23.515573
              ],
              [
                77.795402,
                23.515787
              ],
              [
                77.795302,
                23.5158
              ],
              [
                77.79513,
                23.51566
              ],
              [
                77.795118,
                23.515586
              ],
              [
                77.795136,
                23.515457
              ]
            ]
          ]
        },
        "ai_candidate_geometry": {
          "type": "Polygon",
          "coordinates": [
            [
              [
                77.795126,
                23.515442
              ],
              [
                77.795429,
                23.515436
              ],
              [
                77.795436,
                23.515604
              ],
              [
                77.795369,
                23.515795
              ],
              [
                77.795245,
                23.515817
              ],
              [
                77.795108,
                23.515735
              ],
              [
                77.79508,
                23.515605
              ],
              [
                77.795126,
                23.515442
              ]
            ]
          ]
        },
        "geometry_similarity": 0.82,
        "boundary_difference": 5.31,
        "confidence": 0.73,
        "explanation": "Synthetic AI candidate boundary for visual assistance only; it is not an official cadastral boundary.",
        "data_disclaimer": "SYNTHETIC DEMO GIS DATA \u2014 NOT AN OFFICIAL CADASTRAL MAP"
      },
      "geometry": {
        "type": "Polygon",
        "coordinates": [
          [
            [
              77.795136,
              23.515457
            ],
            [
              77.795408,
              23.515393
            ],
            [
              77.795444,
              23.515573
            ],
            [
              77.795402,
              23.515787
            ],
            [
              77.795302,
              23.5158
            ],
            [
              77.79513,
              23.51566
            ],
            [
              77.795118,
              23.515586
            ],
            [
              77.795136,
              23.515457
            ]
          ]
        ]
      }
    },
    {
      "type": "Feature",
      "properties": {
        "property_id": "P1331",
        "parcel_id": "P1331",
        "reference_geometry": {
          "type": "Polygon",
          "coordinates": [
            [
              [
                77.795035,
                23.51762
              ],
              [
                77.795468,
                23.517616
              ],
              [
                77.795468,
                23.517729
              ],
              [
                77.795394,
                23.518027
              ],
              [
                77.795233,
                23.517993
              ],
              [
                77.794999,
                23.517932
              ],
              [
                77.795026,
                23.517802
              ],
              [
                77.795035,
                23.51762
              ]
            ]
          ]
        },
        "ai_candidate_geometry": {
          "type": "Polygon",
          "coordinates": [
            [
              [
                77.795058,
                23.517493
              ],
              [
                77.795435,
                23.517426
              ],
              [
                77.795449,
                23.517599
              ],
              [
                77.795428,
                23.517893
              ],
              [
                77.795251,
                23.517903
              ],
              [
                77.795024,
                23.517694
              ],
              [
                77.795008,
                23.517658
              ],
              [
                77.795058,
                23.517493
              ]
            ]
          ]
        },
        "geometry_similarity": 0.82,
        "boundary_difference": 10.46,
        "confidence": 0.71,
        "explanation": "Synthetic AI candidate boundary for visual assistance only; it is not an official cadastral boundary.",
        "data_disclaimer": "SYNTHETIC DEMO GIS DATA \u2014 NOT AN OFFICIAL CADASTRAL MAP"
      },
      "geometry": {
        "type": "Polygon",
        "coordinates": [
          [
            [
              77.795035,
              23.51762
            ],
            [
              77.795468,
              23.517616
            ],
            [
              77.795468,
              23.517729
            ],
            [
              77.795394,
              23.518027
            ],
            [
              77.795233,
              23.517993
            ],
            [
              77.794999,
              23.517932
            ],
            [
              77.795026,
              23.517802
            ],
            [
              77.795035,
              23.51762
            ]
          ]
        ]
      }
    },
    {
      "type": "Feature",
      "properties": {
        "property_id": "P1341",
        "parcel_id": "P1341",
        "reference_geometry": {
          "type": "Polygon",
          "coordinates": [
            [
              [
                77.795165,
                23.520249
              ],
              [
                77.795609,
                23.520239
              ],
              [
                77.795652,
                23.52034
              ],
              [
                77.795575,
                23.520447
              ],
              [
                77.795407,
                23.520475
              ],
              [
                77.795145,
                23.520395
              ],
              [
                77.795091,
                23.520337
              ],
              [
                77.795165,
                23.520249
              ]
            ]
          ]
        },
        "ai_candidate_geometry": {
          "type": "Polygon",
          "coordinates": [
            [
              [
                77.795034,
                23.520434
              ],
              [
                77.79545,
                23.520394
              ],
              [
                77.795473,
                23.520525
              ],
              [
                77.795455,
                23.520628
              ],
              [
                77.795234,
                23.520691
              ],
              [
                77.794913,
                23.520551
              ],
              [
                77.794975,
                23.52048
              ],
              [
                77.795034,
                23.520434
              ]
            ]
          ]
        },
        "geometry_similarity": 0.74,
        "boundary_difference": 10.48,
        "confidence": 0.81,
        "explanation": "Synthetic AI candidate boundary for visual assistance only; it is not an official cadastral boundary.",
        "data_disclaimer": "SYNTHETIC DEMO GIS DATA \u2014 NOT AN OFFICIAL CADASTRAL MAP"
      },
      "geometry": {
        "type": "Polygon",
        "coordinates": [
          [
            [
              77.795165,
              23.520249
            ],
            [
              77.795609,
              23.520239
            ],
            [
              77.795652,
              23.52034
            ],
            [
              77.795575,
              23.520447
            ],
            [
              77.795407,
              23.520475
            ],
            [
              77.795145,
              23.520395
            ],
            [
              77.795091,
              23.520337
            ],
            [
              77.795165,
              23.520249
            ]
          ]
        ]
      }
    },
    {
      "type": "Feature",
      "properties": {
        "property_id": "P1351",
        "parcel_id": "P1351",
        "reference_geometry": {
          "type": "Polygon",
          "coordinates": [
            [
              [
                77.808098,
                23.510438
              ],
              [
                77.808451,
                23.510458
              ],
              [
                77.808504,
                23.51055
              ],
              [
                77.808419,
                23.510724
              ],
              [
                77.80829,
                23.510773
              ],
              [
                77.80808,
                23.510656
              ],
              [
                77.808072,
                23.510568
              ],
              [
                77.808098,
                23.510438
              ]
            ]
          ]
        },
        "ai_candidate_geometry": {
          "type": "Polygon",
          "coordinates": [
            [
              [
                77.808122,
                23.510397
              ],
              [
                77.808532,
                23.510342
              ],
              [
                77.808592,
                23.510446
              ],
              [
                77.808567,
                23.510653
              ],
              [
                77.80835,
                23.510703
              ],
              [
                77.80808,
                23.510603
              ],
              [
                77.808115,
                23.510495
              ],
              [
                77.808122,
                23.510397
              ]
            ]
          ]
        },
        "geometry_similarity": 0.82,
        "boundary_difference": 9.15,
        "confidence": 0.74,
        "explanation": "Synthetic AI candidate boundary for visual assistance only; it is not an official cadastral boundary.",
        "data_disclaimer": "SYNTHETIC DEMO GIS DATA \u2014 NOT AN OFFICIAL CADASTRAL MAP"
      },
      "geometry": {
        "type": "Polygon",
        "coordinates": [
          [
            [
              77.808098,
              23.510438
            ],
            [
              77.808451,
              23.510458
            ],
            [
              77.808504,
              23.51055
            ],
            [
              77.808419,
              23.510724
            ],
            [
              77.80829,
              23.510773
            ],
            [
              77.80808,
              23.510656
            ],
            [
              77.808072,
              23.510568
            ],
            [
              77.808098,
              23.510438
            ]
          ]
        ]
      }
    },
    {
      "type": "Feature",
      "properties": {
        "property_id": "P1361",
        "parcel_id": "P1361",
        "reference_geometry": {
          "type": "Polygon",
          "coordinates": [
            [
              [
                77.808285,
                23.512985
              ],
              [
                77.808638,
                23.512998
              ],
              [
                77.808684,
                23.513094
              ],
              [
                77.808631,
                23.513218
              ],
              [
                77.808471,
                23.513245
              ],
              [
                77.808235,
                23.513162
              ],
              [
                77.808225,
                23.513085
              ],
              [
                77.808285,
                23.512985
              ]
            ]
          ]
        },
        "ai_candidate_geometry": {
          "type": "Polygon",
          "coordinates": [
            [
              [
                77.80804,
                23.513187
              ],
              [
                77.808433,
                23.513185
              ],
              [
                77.80845,
                23.513246
              ],
              [
                77.808392,
                23.513399
              ],
              [
                77.808183,
                23.513483
              ],
              [
                77.808008,
                23.513386
              ],
              [
                77.807936,
                23.513287
              ],
              [
                77.80804,
                23.513187
              ]
            ]
          ]
        },
        "geometry_similarity": 0.86,
        "boundary_difference": 8.69,
        "confidence": 0.77,
        "explanation": "Synthetic AI candidate boundary for visual assistance only; it is not an official cadastral boundary.",
        "data_disclaimer": "SYNTHETIC DEMO GIS DATA \u2014 NOT AN OFFICIAL CADASTRAL MAP"
      },
      "geometry": {
        "type": "Polygon",
        "coordinates": [
          [
            [
              77.808285,
              23.512985
            ],
            [
              77.808638,
              23.512998
            ],
            [
              77.808684,
              23.513094
            ],
            [
              77.808631,
              23.513218
            ],
            [
              77.808471,
              23.513245
            ],
            [
              77.808235,
              23.513162
            ],
            [
              77.808225,
              23.513085
            ],
            [
              77.808285,
              23.512985
            ]
          ]
        ]
      }
    },
    {
      "type": "Feature",
      "properties": {
        "property_id": "P1371",
        "parcel_id": "P1371",
        "reference_geometry": {
          "type": "Polygon",
          "coordinates": [
            [
              [
                77.808224,
                23.515234
              ],
              [
                77.808666,
                23.515243
              ],
              [
                77.808742,
                23.515358
              ],
              [
                77.808638,
                23.515544
              ],
              [
                77.808454,
                23.515545
              ],
              [
                77.808175,
                23.515449
              ],
              [
                77.808154,
                23.515346
              ],
              [
                77.808224,
                23.515234
              ]
            ]
          ]
        },
        "ai_candidate_geometry": {
          "type": "Polygon",
          "coordinates": [
            [
              [
                77.808179,
                23.515356
              ],
              [
                77.808668,
                23.515362
              ],
              [
                77.808766,
                23.515465
              ],
              [
                77.808659,
                23.515644
              ],
              [
                77.808439,
                23.515719
              ],
              [
                77.808129,
                23.515584
              ],
              [
                77.808145,
                23.51547
              ],
              [
                77.808179,
                23.515356
              ]
            ]
          ]
        },
        "geometry_similarity": 0.85,
        "boundary_difference": 5.22,
        "confidence": 0.75,
        "explanation": "Synthetic AI candidate boundary for visual assistance only; it is not an official cadastral boundary.",
        "data_disclaimer": "SYNTHETIC DEMO GIS DATA \u2014 NOT AN OFFICIAL CADASTRAL MAP"
      },
      "geometry": {
        "type": "Polygon",
        "coordinates": [
          [
            [
              77.808224,
              23.515234
            ],
            [
              77.808666,
              23.515243
            ],
            [
              77.808742,
              23.515358
            ],
            [
              77.808638,
              23.515544
            ],
            [
              77.808454,
              23.515545
            ],
            [
              77.808175,
              23.515449
            ],
            [
              77.808154,
              23.515346
            ],
            [
              77.808224,
              23.515234
            ]
          ]
        ]
      }
    },
    {
      "type": "Feature",
      "properties": {
        "property_id": "P1381",
        "parcel_id": "P1381",
        "reference_geometry": {
          "type": "Polygon",
          "coordinates": [
            [
              [
                77.808096,
                23.517729
              ],
              [
                77.808547,
                23.51774
              ],
              [
                77.808585,
                23.517825
              ],
              [
                77.808498,
                23.517964
              ],
              [
                77.808343,
                23.517984
              ],
              [
                77.808073,
                23.517906
              ],
              [
                77.80805,
                23.517829
              ],
              [
                77.808096,
                23.517729
              ]
            ]
          ]
        },
        "ai_candidate_geometry": {
          "type": "Polygon",
          "coordinates": [
            [
              [
                77.808038,
                23.517695
              ],
              [
                77.808469,
                23.517727
              ],
              [
                77.808479,
                23.517784
              ],
              [
                77.808381,
                23.517941
              ],
              [
                77.808192,
                23.517947
              ],
              [
                77.807969,
                23.517892
              ],
              [
                77.807913,
                23.517776
              ],
              [
                77.808038,
                23.517695
              ]
            ]
          ]
        },
        "geometry_similarity": 0.72,
        "boundary_difference": 5.01,
        "confidence": 0.66,
        "explanation": "Synthetic AI candidate boundary for visual assistance only; it is not an official cadastral boundary.",
        "data_disclaimer": "SYNTHETIC DEMO GIS DATA \u2014 NOT AN OFFICIAL CADASTRAL MAP"
      },
      "geometry": {
        "type": "Polygon",
        "coordinates": [
          [
            [
              77.808096,
              23.517729
            ],
            [
              77.808547,
              23.51774
            ],
            [
              77.808585,
              23.517825
            ],
            [
              77.808498,
              23.517964
            ],
            [
              77.808343,
              23.517984
            ],
            [
              77.808073,
              23.517906
            ],
            [
              77.80805,
              23.517829
            ],
            [
              77.808096,
              23.517729
            ]
          ]
        ]
      }
    },
    {
      "type": "Feature",
      "properties": {
        "property_id": "P1391",
        "parcel_id": "P1391",
        "reference_geometry": {
          "type": "Polygon",
          "coordinates": [
            [
              [
                77.808175,
                23.520231
              ],
              [
                77.808623,
                23.520228
              ],
              [
                77.808691,
                23.520411
              ],
              [
                77.808607,
                23.520608
              ],
              [
                77.808426,
                23.520673
              ],
              [
                77.808176,
                23.520498
              ],
              [
                77.808167,
                23.520389
              ],
              [
                77.808175,
                23.520231
              ]
            ]
          ]
        },
        "ai_candidate_geometry": {
          "type": "Polygon",
          "coordinates": [
            [
              [
                77.80801,
                23.520257
              ],
              [
                77.808478,
                23.520259
              ],
              [
                77.808533,
                23.520451
              ],
              [
                77.80853,
                23.520703
              ],
              [
                77.808303,
                23.520754
              ],
              [
                77.807935,
                23.52054
              ],
              [
                77.807978,
                23.520433
              ],
              [
                77.80801,
                23.520257
              ]
            ]
          ]
        },
        "geometry_similarity": 0.68,
        "boundary_difference": 6.16,
        "confidence": 0.74,
        "explanation": "Synthetic AI candidate boundary for visual assistance only; it is not an official cadastral boundary.",
        "data_disclaimer": "SYNTHETIC DEMO GIS DATA \u2014 NOT AN OFFICIAL CADASTRAL MAP"
      },
      "geometry": {
        "type": "Polygon",
        "coordinates": [
          [
            [
              77.808175,
              23.520231
            ],
            [
              77.808623,
              23.520228
            ],
            [
              77.808691,
              23.520411
            ],
            [
              77.808607,
              23.520608
            ],
            [
              77.808426,
              23.520673
            ],
            [
              77.808176,
              23.520498
            ],
            [
              77.808167,
              23.520389
            ],
            [
              77.808175,
              23.520231
            ]
          ]
        ]
      }
    },
    {
      "type": "Feature",
      "properties": {
        "property_id": "P1401",
        "parcel_id": "P1401",
        "reference_geometry": {
          "type": "Polygon",
          "coordinates": [
            [
              [
                77.821179,
                23.510534
              ],
              [
                77.821477,
                23.510521
              ],
              [
                77.8215,
                23.510623
              ],
              [
                77.821453,
                23.510752
              ],
              [
                77.821338,
                23.510771
              ],
              [
                77.821164,
                23.510696
              ],
              [
                77.821157,
                23.510617
              ],
              [
                77.821179,
                23.510534
              ]
            ]
          ]
        },
        "ai_candidate_geometry": {
          "type": "Polygon",
          "coordinates": [
            [
              [
                77.821301,
                23.510398
              ],
              [
                77.821606,
                23.510366
              ],
              [
                77.821638,
                23.510506
              ],
              [
                77.821608,
                23.510644
              ],
              [
                77.821458,
                23.510672
              ],
              [
                77.821281,
                23.510547
              ],
              [
                77.821253,
                23.510473
              ],
              [
                77.821301,
                23.510398
              ]
            ]
          ]
        },
        "geometry_similarity": 0.74,
        "boundary_difference": 2.76,
        "confidence": 0.76,
        "explanation": "Synthetic AI candidate boundary for visual assistance only; it is not an official cadastral boundary.",
        "data_disclaimer": "SYNTHETIC DEMO GIS DATA \u2014 NOT AN OFFICIAL CADASTRAL MAP"
      },
      "geometry": {
        "type": "Polygon",
        "coordinates": [
          [
            [
              77.821179,
              23.510534
            ],
            [
              77.821477,
              23.510521
            ],
            [
              77.8215,
              23.510623
            ],
            [
              77.821453,
              23.510752
            ],
            [
              77.821338,
              23.510771
            ],
            [
              77.821164,
              23.510696
            ],
            [
              77.821157,
              23.510617
            ],
            [
              77.821179,
              23.510534
            ]
          ]
        ]
      }
    },
    {
      "type": "Feature",
      "properties": {
        "property_id": "P1411",
        "parcel_id": "P1411",
        "reference_geometry": {
          "type": "Polygon",
          "coordinates": [
            [
              [
                77.821096,
                23.51296
              ],
              [
                77.821357,
                23.512958
              ],
              [
                77.821371,
                23.513031
              ],
              [
                77.821319,
                23.513141
              ],
              [
                77.821232,
                23.513155
              ],
              [
                77.821076,
                23.513084
              ],
              [
                77.821076,
                23.513016
              ],
              [
                77.821096,
                23.51296
              ]
            ]
          ]
        },
        "ai_candidate_geometry": {
          "type": "Polygon",
          "coordinates": [
            [
              [
                77.821281,
                23.512922
              ],
              [
                77.821516,
                23.512908
              ],
              [
                77.821539,
                23.51299
              ],
              [
                77.82151,
                23.513145
              ],
              [
                77.821394,
                23.513117
              ],
              [
                77.821249,
                23.51307
              ],
              [
                77.821225,
                23.513006
              ],
              [
                77.821281,
                23.512922
              ]
            ]
          ]
        },
        "geometry_similarity": 0.8,
        "boundary_difference": 9.32,
        "confidence": 0.62,
        "explanation": "Synthetic AI candidate boundary for visual assistance only; it is not an official cadastral boundary.",
        "data_disclaimer": "SYNTHETIC DEMO GIS DATA \u2014 NOT AN OFFICIAL CADASTRAL MAP"
      },
      "geometry": {
        "type": "Polygon",
        "coordinates": [
          [
            [
              77.821096,
              23.51296
            ],
            [
              77.821357,
              23.512958
            ],
            [
              77.821371,
              23.513031
            ],
            [
              77.821319,
              23.513141
            ],
            [
              77.821232,
              23.513155
            ],
            [
              77.821076,
              23.513084
            ],
            [
              77.821076,
              23.513016
            ],
            [
              77.821096,
              23.51296
            ]
          ]
        ]
      }
    },
    {
      "type": "Feature",
      "properties": {
        "property_id": "P1421",
        "parcel_id": "P1421",
        "reference_geometry": {
          "type": "Polygon",
          "coordinates": [
            [
              [
                77.821092,
                23.515384
              ],
              [
                77.821319,
                23.515387
              ],
              [
                77.821351,
                23.515483
              ],
              [
                77.821319,
                23.515615
              ],
              [
                77.821222,
                23.515643
              ],
              [
                77.821062,
                23.515547
              ],
              [
                77.821058,
                23.515483
              ],
              [
                77.821092,
                23.515384
              ]
            ]
          ]
        },
        "ai_candidate_geometry": {
          "type": "Polygon",
          "coordinates": [
            [
              [
                77.821263,
                23.515377
              ],
              [
                77.821529,
                23.515374
              ],
              [
                77.821585,
                23.515499
              ],
              [
                77.82154,
                23.515692
              ],
              [
                77.821404,
                23.515682
              ],
              [
                77.821234,
                23.51557
              ],
              [
                77.821203,
                23.515518
              ],
              [
                77.821263,
                23.515377
              ]
            ]
          ]
        },
        "geometry_similarity": 0.81,
        "boundary_difference": 8.52,
        "confidence": 0.68,
        "explanation": "Synthetic AI candidate boundary for visual assistance only; it is not an official cadastral boundary.",
        "data_disclaimer": "SYNTHETIC DEMO GIS DATA \u2014 NOT AN OFFICIAL CADASTRAL MAP"
      },
      "geometry": {
        "type": "Polygon",
        "coordinates": [
          [
            [
              77.821092,
              23.515384
            ],
            [
              77.821319,
              23.515387
            ],
            [
              77.821351,
              23.515483
            ],
            [
              77.821319,
              23.515615
            ],
            [
              77.821222,
              23.515643
            ],
            [
              77.821062,
              23.515547
            ],
            [
              77.821058,
              23.515483
            ],
            [
              77.821092,
              23.515384
            ]
          ]
        ]
      }
    },
    {
      "type": "Feature",
      "properties": {
        "property_id": "P1431",
        "parcel_id": "P1431",
        "reference_geometry": {
          "type": "Polygon",
          "coordinates": [
            [
              [
                77.821205,
                23.517844
              ],
              [
                77.821448,
                23.517839
              ],
              [
                77.821459,
                23.51792
              ],
              [
                77.821429,
                23.518043
              ],
              [
                77.82131,
                23.518052
              ],
              [
                77.821186,
                23.517976
              ],
              [
                77.821165,
                23.517914
              ],
              [
                77.821205,
                23.517844
              ]
            ]
          ]
        },
        "ai_candidate_geometry": {
          "type": "Polygon",
          "coordinates": [
            [
              [
                77.821025,
                23.518044
              ],
              [
                77.821291,
                23.518002
              ],
              [
                77.821344,
                23.518116
              ],
              [
                77.821294,
                23.518221
              ],
              [
                77.821147,
                23.518239
              ],
              [
                77.820998,
                23.518176
              ],
              [
                77.821011,
                23.518086
              ],
              [
                77.821025,
                23.518044
              ]
            ]
          ]
        },
        "geometry_similarity": 0.85,
        "boundary_difference": 6.69,
        "confidence": 0.64,
        "explanation": "Synthetic AI candidate boundary for visual assistance only; it is not an official cadastral boundary.",
        "data_disclaimer": "SYNTHETIC DEMO GIS DATA \u2014 NOT AN OFFICIAL CADASTRAL MAP"
      },
      "geometry": {
        "type": "Polygon",
        "coordinates": [
          [
            [
              77.821205,
              23.517844
            ],
            [
              77.821448,
              23.517839
            ],
            [
              77.821459,
              23.51792
            ],
            [
              77.821429,
              23.518043
            ],
            [
              77.82131,
              23.518052
            ],
            [
              77.821186,
              23.517976
            ],
            [
              77.821165,
              23.517914
            ],
            [
              77.821205,
              23.517844
            ]
          ]
        ]
      }
    },
    {
      "type": "Feature",
      "properties": {
        "property_id": "P1441",
        "parcel_id": "P1441",
        "reference_geometry": {
          "type": "Polygon",
          "coordinates": [
            [
              [
                77.821237,
                23.520135
              ],
              [
                77.82143,
                23.520152
              ],
              [
                77.821447,
                23.520244
              ],
              [
                77.821406,
                23.520439
              ],
              [
                77.821342,
                23.52045
              ],
              [
                77.821218,
                23.520336
              ],
              [
                77.821227,
                23.520239
              ],
              [
                77.821237,
                23.520135
              ]
            ]
          ]
        },
        "ai_candidate_geometry": {
          "type": "Polygon",
          "coordinates": [
            [
              [
                77.821475,
                23.519967
              ],
              [
                77.821655,
                23.519916
              ],
              [
                77.821658,
                23.520073
              ],
              [
                77.821662,
                23.520252
              ],
              [
                77.821564,
                23.520247
              ],
              [
                77.821423,
                23.52013
              ],
              [
                77.821416,
                23.520097
              ],
              [
                77.821475,
                23.519967
              ]
            ]
          ]
        },
        "geometry_similarity": 0.83,
        "boundary_difference": 11.89,
        "confidence": 0.66,
        "explanation": "Synthetic AI candidate boundary for visual assistance only; it is not an official cadastral boundary.",
        "data_disclaimer": "SYNTHETIC DEMO GIS DATA \u2014 NOT AN OFFICIAL CADASTRAL MAP"
      },
      "geometry": {
        "type": "Polygon",
        "coordinates": [
          [
            [
              77.821237,
              23.520135
            ],
            [
              77.82143,
              23.520152
            ],
            [
              77.821447,
              23.520244
            ],
            [
              77.821406,
              23.520439
            ],
            [
              77.821342,
              23.52045
            ],
            [
              77.821218,
              23.520336
            ],
            [
              77.821227,
              23.520239
            ],
            [
              77.821237,
              23.520135
            ]
          ]
        ]
      }
    },
    {
      "type": "Feature",
      "properties": {
        "property_id": "P1451",
        "parcel_id": "P1451",
        "reference_geometry": {
          "type": "Polygon",
          "coordinates": [
            [
              [
                77.834011,
                23.510551
              ],
              [
                77.834436,
                23.510543
              ],
              [
                77.83444,
                23.510617
              ],
              [
                77.834413,
                23.510759
              ],
              [
                77.834224,
                23.510796
              ],
              [
                77.833963,
                23.510691
              ],
              [
                77.83398,
                23.51062
              ],
              [
                77.834011,
                23.510551
              ]
            ]
          ]
        },
        "ai_candidate_geometry": {
          "type": "Polygon",
          "coordinates": [
            [
              [
                77.833909,
                23.510599
              ],
              [
                77.834284,
                23.510557
              ],
              [
                77.834362,
                23.510679
              ],
              [
                77.83429,
                23.510814
              ],
              [
                77.834071,
                23.510829
              ],
              [
                77.833799,
                23.510775
              ],
              [
                77.833818,
                23.510661
              ],
              [
                77.833909,
                23.510599
              ]
            ]
          ]
        },
        "geometry_similarity": 0.7,
        "boundary_difference": 8.39,
        "confidence": 0.63,
        "explanation": "Synthetic AI candidate boundary for visual assistance only; it is not an official cadastral boundary.",
        "data_disclaimer": "SYNTHETIC DEMO GIS DATA \u2014 NOT AN OFFICIAL CADASTRAL MAP"
      },
      "geometry": {
        "type": "Polygon",
        "coordinates": [
          [
            [
              77.834011,
              23.510551
            ],
            [
              77.834436,
              23.510543
            ],
            [
              77.83444,
              23.510617
            ],
            [
              77.834413,
              23.510759
            ],
            [
              77.834224,
              23.510796
            ],
            [
              77.833963,
              23.510691
            ],
            [
              77.83398,
              23.51062
            ],
            [
              77.834011,
              23.510551
            ]
          ]
        ]
      }
    },
    {
      "type": "Feature",
      "properties": {
        "property_id": "P1461",
        "parcel_id": "P1461",
        "reference_geometry": {
          "type": "Polygon",
          "coordinates": [
            [
              [
                77.834081,
                23.512925
              ],
              [
                77.834426,
                23.512945
              ],
              [
                77.834453,
                23.51307
              ],
              [
                77.834412,
                23.513222
              ],
              [
                77.83427,
                23.513271
              ],
              [
                77.834078,
                23.513139
              ],
              [
                77.834058,
                23.513066
              ],
              [
                77.834081,
                23.512925
              ]
            ]
          ]
        },
        "ai_candidate_geometry": {
          "type": "Polygon",
          "coordinates": [
            [
              [
                77.83411,
                23.513006
              ],
              [
                77.834527,
                23.513069
              ],
              [
                77.834493,
                23.513206
              ],
              [
                77.834463,
                23.513386
              ],
              [
                77.834287,
                23.513425
              ],
              [
                77.83414,
                23.513226
              ],
              [
                77.834128,
                23.513171
              ],
              [
                77.83411,
                23.513006
              ]
            ]
          ]
        },
        "geometry_similarity": 0.84,
        "boundary_difference": 11.82,
        "confidence": 0.72,
        "explanation": "Synthetic AI candidate boundary for visual assistance only; it is not an official cadastral boundary.",
        "data_disclaimer": "SYNTHETIC DEMO GIS DATA \u2014 NOT AN OFFICIAL CADASTRAL MAP"
      },
      "geometry": {
        "type": "Polygon",
        "coordinates": [
          [
            [
              77.834081,
              23.512925
            ],
            [
              77.834426,
              23.512945
            ],
            [
              77.834453,
              23.51307
            ],
            [
              77.834412,
              23.513222
            ],
            [
              77.83427,
              23.513271
            ],
            [
              77.834078,
              23.513139
            ],
            [
              77.834058,
              23.513066
            ],
            [
              77.834081,
              23.512925
            ]
          ]
        ]
      }
    },
    {
      "type": "Feature",
      "properties": {
        "property_id": "P1471",
        "parcel_id": "P1471",
        "reference_geometry": {
          "type": "Polygon",
          "coordinates": [
            [
              [
                77.834233,
                23.51524
              ],
              [
                77.834532,
                23.51525
              ],
              [
                77.834531,
                23.515371
              ],
              [
                77.834491,
                23.515531
              ],
              [
                77.834393,
                23.515561
              ],
              [
                77.834217,
                23.515455
              ],
              [
                77.834226,
                23.515358
              ],
              [
                77.834233,
                23.51524
              ]
            ]
          ]
        },
        "ai_candidate_geometry": {
          "type": "Polygon",
          "coordinates": [
            [
              [
                77.833963,
                23.515383
              ],
              [
                77.834283,
                23.515353
              ],
              [
                77.834296,
                23.51549
              ],
              [
                77.834296,
                23.515666
              ],
              [
                77.83412,
                23.51574
              ],
              [
                77.833998,
                23.515593
              ],
              [
                77.833953,
                23.515509
              ],
              [
                77.833963,
                23.515383
              ]
            ]
          ]
        },
        "geometry_similarity": 0.69,
        "boundary_difference": 6.6,
        "confidence": 0.77,
        "explanation": "Synthetic AI candidate boundary for visual assistance only; it is not an official cadastral boundary.",
        "data_disclaimer": "SYNTHETIC DEMO GIS DATA \u2014 NOT AN OFFICIAL CADASTRAL MAP"
      },
      "geometry": {
        "type": "Polygon",
        "coordinates": [
          [
            [
              77.834233,
              23.51524
            ],
            [
              77.834532,
              23.51525
            ],
            [
              77.834531,
              23.515371
            ],
            [
              77.834491,
              23.515531
            ],
            [
              77.834393,
              23.515561
            ],
            [
              77.834217,
              23.515455
            ],
            [
              77.834226,
              23.515358
            ],
            [
              77.834233,
              23.51524
            ]
          ]
        ]
      }
    },
    {
      "type": "Feature",
      "properties": {
        "property_id": "P1481",
        "parcel_id": "P1481",
        "reference_geometry": {
          "type": "Polygon",
          "coordinates": [
            [
              [
                77.834041,
                23.517905
              ],
              [
                77.834424,
                23.517886
              ],
              [
                77.834488,
                23.517979
              ],
              [
                77.834417,
                23.518107
              ],
              [
                77.834269,
                23.51811
              ],
              [
                77.83401,
                23.51804
              ],
              [
                77.833989,
                23.517977
              ],
              [
                77.834041,
                23.517905
              ]
            ]
          ]
        },
        "ai_candidate_geometry": {
          "type": "Polygon",
          "coordinates": [
            [
              [
                77.833987,
                23.518006
              ],
              [
                77.834409,
                23.518025
              ],
              [
                77.834424,
                23.518102
              ],
              [
                77.834371,
                23.518239
              ],
              [
                77.834222,
                23.518232
              ],
              [
                77.833896,
                23.518132
              ],
              [
                77.833942,
                23.518091
              ],
              [
                77.833987,
                23.518006
              ]
            ]
          ]
        },
        "geometry_similarity": 0.77,
        "boundary_difference": 9.41,
        "confidence": 0.83,
        "explanation": "Synthetic AI candidate boundary for visual assistance only; it is not an official cadastral boundary.",
        "data_disclaimer": "SYNTHETIC DEMO GIS DATA \u2014 NOT AN OFFICIAL CADASTRAL MAP"
      },
      "geometry": {
        "type": "Polygon",
        "coordinates": [
          [
            [
              77.834041,
              23.517905
            ],
            [
              77.834424,
              23.517886
            ],
            [
              77.834488,
              23.517979
            ],
            [
              77.834417,
              23.518107
            ],
            [
              77.834269,
              23.51811
            ],
            [
              77.83401,
              23.51804
            ],
            [
              77.833989,
              23.517977
            ],
            [
              77.834041,
              23.517905
            ]
          ]
        ]
      }
    },
    {
      "type": "Feature",
      "properties": {
        "property_id": "P1491",
        "parcel_id": "P1491",
        "reference_geometry": {
          "type": "Polygon",
          "coordinates": [
            [
              [
                77.834273,
                23.520219
              ],
              [
                77.834603,
                23.520214
              ],
              [
                77.834622,
                23.520284
              ],
              [
                77.834557,
                23.520392
              ],
              [
                77.834431,
                23.520423
              ],
              [
                77.834247,
                23.520346
              ],
              [
                77.834242,
                23.520275
              ],
              [
                77.834273,
                23.520219
              ]
            ]
          ]
        },
        "ai_candidate_geometry": {
          "type": "Polygon",
          "coordinates": [
            [
              [
                77.834347,
                23.520167
              ],
              [
                77.834718,
                23.520165
              ],
              [
                77.834681,
                23.520221
              ],
              [
                77.834689,
                23.520371
              ],
              [
                77.83453,
                23.52042
              ],
              [
                77.834255,
                23.520326
              ],
              [
                77.834288,
                23.520214
              ],
              [
                77.834347,
                23.520167
              ]
            ]
          ]
        },
        "geometry_similarity": 0.77,
        "boundary_difference": 3.32,
        "confidence": 0.65,
        "explanation": "Synthetic AI candidate boundary for visual assistance only; it is not an official cadastral boundary.",
        "data_disclaimer": "SYNTHETIC DEMO GIS DATA \u2014 NOT AN OFFICIAL CADASTRAL MAP"
      },
      "geometry": {
        "type": "Polygon",
        "coordinates": [
          [
            [
              77.834273,
              23.520219
            ],
            [
              77.834603,
              23.520214
            ],
            [
              77.834622,
              23.520284
            ],
            [
              77.834557,
              23.520392
            ],
            [
              77.834431,
              23.520423
            ],
            [
              77.834247,
              23.520346
            ],
            [
              77.834242,
              23.520275
            ],
            [
              77.834273,
              23.520219
            ]
          ]
        ]
      }
    },
    {
      "type": "Feature",
      "properties": {
        "property_id": "P1501",
        "parcel_id": "P1501",
        "reference_geometry": {
          "type": "Polygon",
          "coordinates": [
            [
              [
                77.782287,
                23.521006
              ],
              [
                77.78262,
                23.521008
              ],
              [
                77.782605,
                23.521104
              ],
              [
                77.782591,
                23.521181
              ],
              [
                77.782493,
                23.52122
              ],
              [
                77.782282,
                23.521157
              ],
              [
                77.782296,
                23.521107
              ],
              [
                77.782287,
                23.521006
              ]
            ]
          ]
        },
        "ai_candidate_geometry": {
          "type": "Polygon",
          "coordinates": [
            [
              [
                77.782408,
                23.521188
              ],
              [
                77.782753,
                23.521172
              ],
              [
                77.782759,
                23.521271
              ],
              [
                77.782705,
                23.521362
              ],
              [
                77.782573,
                23.521415
              ],
              [
                77.782393,
                23.521318
              ],
              [
                77.782345,
                23.52124
              ],
              [
                77.782408,
                23.521188
              ]
            ]
          ]
        },
        "geometry_similarity": 0.86,
        "boundary_difference": 5.5,
        "confidence": 0.83,
        "explanation": "Synthetic AI candidate boundary for visual assistance only; it is not an official cadastral boundary.",
        "data_disclaimer": "SYNTHETIC DEMO GIS DATA \u2014 NOT AN OFFICIAL CADASTRAL MAP"
      },
      "geometry": {
        "type": "Polygon",
        "coordinates": [
          [
            [
              77.782287,
              23.521006
            ],
            [
              77.78262,
              23.521008
            ],
            [
              77.782605,
              23.521104
            ],
            [
              77.782591,
              23.521181
            ],
            [
              77.782493,
              23.52122
            ],
            [
              77.782282,
              23.521157
            ],
            [
              77.782296,
              23.521107
            ],
            [
              77.782287,
              23.521006
            ]
          ]
        ]
      }
    },
    {
      "type": "Feature",
      "properties": {
        "property_id": "P1511",
        "parcel_id": "P1511",
        "reference_geometry": {
          "type": "Polygon",
          "coordinates": [
            [
              [
                77.782005,
                23.52334
              ],
              [
                77.78238,
                23.523363
              ],
              [
                77.782404,
                23.523481
              ],
              [
                77.78235,
                23.523637
              ],
              [
                77.782199,
                23.52366
              ],
              [
                77.781982,
                23.52357
              ],
              [
                77.781987,
                23.523454
              ],
              [
                77.782005,
                23.52334
              ]
            ]
          ]
        },
        "ai_candidate_geometry": {
          "type": "Polygon",
          "coordinates": [
            [
              [
                77.782006,
                23.523395
              ],
              [
                77.78234,
                23.523414
              ],
              [
                77.782434,
                23.523494
              ],
              [
                77.782358,
                23.523706
              ],
              [
                77.782219,
                23.523713
              ],
              [
                77.781937,
                23.523586
              ],
              [
                77.781912,
                23.523461
              ],
              [
                77.782006,
                23.523395
              ]
            ]
          ]
        },
        "geometry_similarity": 0.86,
        "boundary_difference": 11.89,
        "confidence": 0.63,
        "explanation": "Synthetic AI candidate boundary for visual assistance only; it is not an official cadastral boundary.",
        "data_disclaimer": "SYNTHETIC DEMO GIS DATA \u2014 NOT AN OFFICIAL CADASTRAL MAP"
      },
      "geometry": {
        "type": "Polygon",
        "coordinates": [
          [
            [
              77.782005,
              23.52334
            ],
            [
              77.78238,
              23.523363
            ],
            [
              77.782404,
              23.523481
            ],
            [
              77.78235,
              23.523637
            ],
            [
              77.782199,
              23.52366
            ],
            [
              77.781982,
              23.52357
            ],
            [
              77.781987,
              23.523454
            ],
            [
              77.782005,
              23.52334
            ]
          ]
        ]
      }
    },
    {
      "type": "Feature",
      "properties": {
        "property_id": "P1521",
        "parcel_id": "P1521",
        "reference_geometry": {
          "type": "Polygon",
          "coordinates": [
            [
              [
                77.782314,
                23.525956
              ],
              [
                77.782605,
                23.525939
              ],
              [
                77.782615,
                23.526044
              ],
              [
                77.782576,
                23.526175
              ],
              [
                77.78248,
                23.526262
              ],
              [
                77.782334,
                23.526101
              ],
              [
                77.782287,
                23.526053
              ],
              [
                77.782314,
                23.525956
              ]
            ]
          ]
        },
        "ai_candidate_geometry": {
          "type": "Polygon",
          "coordinates": [
            [
              [
                77.782178,
                23.526035
              ],
              [
                77.782439,
                23.526016
              ],
              [
                77.782484,
                23.526116
              ],
              [
                77.78243,
                23.526304
              ],
              [
                77.782328,
                23.526292
              ],
              [
                77.78215,
                23.526212
              ],
              [
                77.782103,
                23.526125
              ],
              [
                77.782178,
                23.526035
              ]
            ]
          ]
        },
        "geometry_similarity": 0.72,
        "boundary_difference": 7.96,
        "confidence": 0.67,
        "explanation": "Synthetic AI candidate boundary for visual assistance only; it is not an official cadastral boundary.",
        "data_disclaimer": "SYNTHETIC DEMO GIS DATA \u2014 NOT AN OFFICIAL CADASTRAL MAP"
      },
      "geometry": {
        "type": "Polygon",
        "coordinates": [
          [
            [
              77.782314,
              23.525956
            ],
            [
              77.782605,
              23.525939
            ],
            [
              77.782615,
              23.526044
            ],
            [
              77.782576,
              23.526175
            ],
            [
              77.78248,
              23.526262
            ],
            [
              77.782334,
              23.526101
            ],
            [
              77.782287,
              23.526053
            ],
            [
              77.782314,
              23.525956
            ]
          ]
        ]
      }
    },
    {
      "type": "Feature",
      "properties": {
        "property_id": "P1531",
        "parcel_id": "P1531",
        "reference_geometry": {
          "type": "Polygon",
          "coordinates": [
            [
              [
                77.781962,
                23.528204
              ],
              [
                77.782389,
                23.528175
              ],
              [
                77.782387,
                23.52829
              ],
              [
                77.78229,
                23.528369
              ],
              [
                77.782125,
                23.528438
              ],
              [
                77.781882,
                23.528325
              ],
              [
                77.781925,
                23.528268
              ],
              [
                77.781962,
                23.528204
              ]
            ]
          ]
        },
        "ai_candidate_geometry": {
          "type": "Polygon",
          "coordinates": [
            [
              [
                77.781672,
                23.528223
              ],
              [
                77.782104,
                23.528248
              ],
              [
                77.782208,
                23.528318
              ],
              [
                77.782105,
                23.528483
              ],
              [
                77.781976,
                23.528471
              ],
              [
                77.78168,
                23.52841
              ],
              [
                77.781615,
                23.528339
              ],
              [
                77.781672,
                23.528223
              ]
            ]
          ]
        },
        "geometry_similarity": 0.69,
        "boundary_difference": 10.56,
        "confidence": 0.77,
        "explanation": "Synthetic AI candidate boundary for visual assistance only; it is not an official cadastral boundary.",
        "data_disclaimer": "SYNTHETIC DEMO GIS DATA \u2014 NOT AN OFFICIAL CADASTRAL MAP"
      },
      "geometry": {
        "type": "Polygon",
        "coordinates": [
          [
            [
              77.781962,
              23.528204
            ],
            [
              77.782389,
              23.528175
            ],
            [
              77.782387,
              23.52829
            ],
            [
              77.78229,
              23.528369
            ],
            [
              77.782125,
              23.528438
            ],
            [
              77.781882,
              23.528325
            ],
            [
              77.781925,
              23.528268
            ],
            [
              77.781962,
              23.528204
            ]
          ]
        ]
      }
    },
    {
      "type": "Feature",
      "properties": {
        "property_id": "P1541",
        "parcel_id": "P1541",
        "reference_geometry": {
          "type": "Polygon",
          "coordinates": [
            [
              [
                77.782221,
                23.530641
              ],
              [
                77.782619,
                23.530645
              ],
              [
                77.782666,
                23.530764
              ],
              [
                77.78263,
                23.530914
              ],
              [
                77.782383,
                23.531001
              ],
              [
                77.782217,
                23.530877
              ],
              [
                77.782172,
                23.530782
              ],
              [
                77.782221,
                23.530641
              ]
            ]
          ]
        },
        "ai_candidate_geometry": {
          "type": "Polygon",
          "coordinates": [
            [
              [
                77.781993,
                23.530614
              ],
              [
                77.782439,
                23.530632
              ],
              [
                77.782517,
                23.530734
              ],
              [
                77.782386,
                23.53095
              ],
              [
                77.782232,
                23.530957
              ],
              [
                77.781981,
                23.530858
              ],
              [
                77.781925,
                23.530754
              ],
              [
                77.781993,
                23.530614
              ]
            ]
          ]
        },
        "geometry_similarity": 0.85,
        "boundary_difference": 9.9,
        "confidence": 0.71,
        "explanation": "Synthetic AI candidate boundary for visual assistance only; it is not an official cadastral boundary.",
        "data_disclaimer": "SYNTHETIC DEMO GIS DATA \u2014 NOT AN OFFICIAL CADASTRAL MAP"
      },
      "geometry": {
        "type": "Polygon",
        "coordinates": [
          [
            [
              77.782221,
              23.530641
            ],
            [
              77.782619,
              23.530645
            ],
            [
              77.782666,
              23.530764
            ],
            [
              77.78263,
              23.530914
            ],
            [
              77.782383,
              23.531001
            ],
            [
              77.782217,
              23.530877
            ],
            [
              77.782172,
              23.530782
            ],
            [
              77.782221,
              23.530641
            ]
          ]
        ]
      }
    },
    {
      "type": "Feature",
      "properties": {
        "property_id": "P1551",
        "parcel_id": "P1551",
        "reference_geometry": {
          "type": "Polygon",
          "coordinates": [
            [
              [
                77.795347,
                23.521158
              ],
              [
                77.795541,
                23.521166
              ],
              [
                77.795565,
                23.521247
              ],
              [
                77.795537,
                23.521413
              ],
              [
                77.795443,
                23.521435
              ],
              [
                77.795331,
                23.521332
              ],
              [
                77.795312,
                23.521262
              ],
              [
                77.795347,
                23.521158
              ]
            ]
          ]
        },
        "ai_candidate_geometry": {
          "type": "Polygon",
          "coordinates": [
            [
              [
                77.795409,
                23.521197
              ],
              [
                77.795631,
                23.521169
              ],
              [
                77.795622,
                23.521296
              ],
              [
                77.795611,
                23.521458
              ],
              [
                77.795531,
                23.521462
              ],
              [
                77.795363,
                23.52141
              ],
              [
                77.795356,
                23.521316
              ],
              [
                77.795409,
                23.521197
              ]
            ]
          ]
        },
        "geometry_similarity": 0.69,
        "boundary_difference": 5.42,
        "confidence": 0.64,
        "explanation": "Synthetic AI candidate boundary for visual assistance only; it is not an official cadastral boundary.",
        "data_disclaimer": "SYNTHETIC DEMO GIS DATA \u2014 NOT AN OFFICIAL CADASTRAL MAP"
      },
      "geometry": {
        "type": "Polygon",
        "coordinates": [
          [
            [
              77.795347,
              23.521158
            ],
            [
              77.795541,
              23.521166
            ],
            [
              77.795565,
              23.521247
            ],
            [
              77.795537,
              23.521413
            ],
            [
              77.795443,
              23.521435
            ],
            [
              77.795331,
              23.521332
            ],
            [
              77.795312,
              23.521262
            ],
            [
              77.795347,
              23.521158
            ]
          ]
        ]
      }
    },
    {
      "type": "Feature",
      "properties": {
        "property_id": "P1561",
        "parcel_id": "P1561",
        "reference_geometry": {
          "type": "Polygon",
          "coordinates": [
            [
              [
                77.795123,
                23.523614
              ],
              [
                77.795357,
                23.523609
              ],
              [
                77.795383,
                23.523718
              ],
              [
                77.795351,
                23.523866
              ],
              [
                77.795259,
                23.523875
              ],
              [
                77.795107,
                23.523782
              ],
              [
                77.795109,
                23.523714
              ],
              [
                77.795123,
                23.523614
              ]
            ]
          ]
        },
        "ai_candidate_geometry": {
          "type": "Polygon",
          "coordinates": [
            [
              [
                77.795307,
                23.523495
              ],
              [
                77.795561,
                23.5235
              ],
              [
                77.79555,
                23.5236
              ],
              [
                77.795546,
                23.523747
              ],
              [
                77.795397,
                23.523805
              ],
              [
                77.795267,
                23.523653
              ],
              [
                77.795277,
                23.523601
              ],
              [
                77.795307,
                23.523495
              ]
            ]
          ]
        },
        "geometry_similarity": 0.68,
        "boundary_difference": 6.53,
        "confidence": 0.72,
        "explanation": "Synthetic AI candidate boundary for visual assistance only; it is not an official cadastral boundary.",
        "data_disclaimer": "SYNTHETIC DEMO GIS DATA \u2014 NOT AN OFFICIAL CADASTRAL MAP"
      },
      "geometry": {
        "type": "Polygon",
        "coordinates": [
          [
            [
              77.795123,
              23.523614
            ],
            [
              77.795357,
              23.523609
            ],
            [
              77.795383,
              23.523718
            ],
            [
              77.795351,
              23.523866
            ],
            [
              77.795259,
              23.523875
            ],
            [
              77.795107,
              23.523782
            ],
            [
              77.795109,
              23.523714
            ],
            [
              77.795123,
              23.523614
            ]
          ]
        ]
      }
    },
    {
      "type": "Feature",
      "properties": {
        "property_id": "P1571",
        "parcel_id": "P1571",
        "reference_geometry": {
          "type": "Polygon",
          "coordinates": [
            [
              [
                77.795058,
                23.525812
              ],
              [
                77.795288,
                23.525832
              ],
              [
                77.795313,
                23.525905
              ],
              [
                77.795264,
                23.52604
              ],
              [
                77.795185,
                23.526064
              ],
              [
                77.795027,
                23.525966
              ],
              [
                77.795026,
                23.525912
              ],
              [
                77.795058,
                23.525812
              ]
            ]
          ]
        },
        "ai_candidate_geometry": {
          "type": "Polygon",
          "coordinates": [
            [
              [
                77.795145,
                23.525694
              ],
              [
                77.795408,
                23.525695
              ],
              [
                77.795395,
                23.525791
              ],
              [
                77.795398,
                23.52594
              ],
              [
                77.795274,
                23.525959
              ],
              [
                77.795126,
                23.525879
              ],
              [
                77.79514,
                23.525804
              ],
              [
                77.795145,
                23.525694
              ]
            ]
          ]
        },
        "geometry_similarity": 0.73,
        "boundary_difference": 7.05,
        "confidence": 0.67,
        "explanation": "Synthetic AI candidate boundary for visual assistance only; it is not an official cadastral boundary.",
        "data_disclaimer": "SYNTHETIC DEMO GIS DATA \u2014 NOT AN OFFICIAL CADASTRAL MAP"
      },
      "geometry": {
        "type": "Polygon",
        "coordinates": [
          [
            [
              77.795058,
              23.525812
            ],
            [
              77.795288,
              23.525832
            ],
            [
              77.795313,
              23.525905
            ],
            [
              77.795264,
              23.52604
            ],
            [
              77.795185,
              23.526064
            ],
            [
              77.795027,
              23.525966
            ],
            [
              77.795026,
              23.525912
            ],
            [
              77.795058,
              23.525812
            ]
          ]
        ]
      }
    },
    {
      "type": "Feature",
      "properties": {
        "property_id": "P1581",
        "parcel_id": "P1581",
        "reference_geometry": {
          "type": "Polygon",
          "coordinates": [
            [
              [
                77.79531,
                23.5284
              ],
              [
                77.795546,
                23.528391
              ],
              [
                77.79558,
                23.528476
              ],
              [
                77.795544,
                23.528585
              ],
              [
                77.795427,
                23.528601
              ],
              [
                77.795279,
                23.528532
              ],
              [
                77.79527,
                23.52846
              ],
              [
                77.79531,
                23.5284
              ]
            ]
          ]
        },
        "ai_candidate_geometry": {
          "type": "Polygon",
          "coordinates": [
            [
              [
                77.795338,
                23.528281
              ],
              [
                77.795623,
                23.528301
              ],
              [
                77.795592,
                23.528392
              ],
              [
                77.795604,
                23.528514
              ],
              [
                77.795487,
                23.528544
              ],
              [
                77.795291,
                23.528436
              ],
              [
                77.795313,
                23.528371
              ],
              [
                77.795338,
                23.528281
              ]
            ]
          ]
        },
        "geometry_similarity": 0.86,
        "boundary_difference": 4.62,
        "confidence": 0.65,
        "explanation": "Synthetic AI candidate boundary for visual assistance only; it is not an official cadastral boundary.",
        "data_disclaimer": "SYNTHETIC DEMO GIS DATA \u2014 NOT AN OFFICIAL CADASTRAL MAP"
      },
      "geometry": {
        "type": "Polygon",
        "coordinates": [
          [
            [
              77.79531,
              23.5284
            ],
            [
              77.795546,
              23.528391
            ],
            [
              77.79558,
              23.528476
            ],
            [
              77.795544,
              23.528585
            ],
            [
              77.795427,
              23.528601
            ],
            [
              77.795279,
              23.528532
            ],
            [
              77.79527,
              23.52846
            ],
            [
              77.79531,
              23.5284
            ]
          ]
        ]
      }
    },
    {
      "type": "Feature",
      "properties": {
        "property_id": "P1591",
        "parcel_id": "P1591",
        "reference_geometry": {
          "type": "Polygon",
          "coordinates": [
            [
              [
                77.795245,
                23.530828
              ],
              [
                77.795458,
                23.530825
              ],
              [
                77.795478,
                23.530908
              ],
              [
                77.795454,
                23.531025
              ],
              [
                77.795359,
                23.531044
              ],
              [
                77.795225,
                23.530964
              ],
              [
                77.795224,
                23.530917
              ],
              [
                77.795245,
                23.530828
              ]
            ]
          ]
        },
        "ai_candidate_geometry": {
          "type": "Polygon",
          "coordinates": [
            [
              [
                77.795045,
                23.530656
              ],
              [
                77.795294,
                23.530623
              ],
              [
                77.795285,
                23.530761
              ],
              [
                77.795247,
                23.530851
              ],
              [
                77.795176,
                23.530889
              ],
              [
                77.795008,
                23.530818
              ],
              [
                77.795001,
                23.530729
              ],
              [
                77.795045,
                23.530656
              ]
            ]
          ]
        },
        "geometry_similarity": 0.81,
        "boundary_difference": 9.09,
        "confidence": 0.67,
        "explanation": "Synthetic AI candidate boundary for visual assistance only; it is not an official cadastral boundary.",
        "data_disclaimer": "SYNTHETIC DEMO GIS DATA \u2014 NOT AN OFFICIAL CADASTRAL MAP"
      },
      "geometry": {
        "type": "Polygon",
        "coordinates": [
          [
            [
              77.795245,
              23.530828
            ],
            [
              77.795458,
              23.530825
            ],
            [
              77.795478,
              23.530908
            ],
            [
              77.795454,
              23.531025
            ],
            [
              77.795359,
              23.531044
            ],
            [
              77.795225,
              23.530964
            ],
            [
              77.795224,
              23.530917
            ],
            [
              77.795245,
              23.530828
            ]
          ]
        ]
      }
    },
    {
      "type": "Feature",
      "properties": {
        "property_id": "P1601",
        "parcel_id": "P1601",
        "reference_geometry": {
          "type": "Polygon",
          "coordinates": [
            [
              [
                77.807908,
                23.520924
              ],
              [
                77.808674,
                23.520901
              ],
              [
                77.808689,
                23.521096
              ],
              [
                77.808632,
                23.521368
              ],
              [
                77.808309,
                23.521417
              ],
              [
                77.807877,
                23.521236
              ],
              [
                77.807811,
                23.521079
              ],
              [
                77.807908,
                23.520924
              ]
            ]
          ]
        },
        "ai_candidate_geometry": {
          "type": "Polygon",
          "coordinates": [
            [
              [
                77.808002,
                23.520961
              ],
              [
                77.808796,
                23.52091
              ],
              [
                77.808832,
                23.521104
              ],
              [
                77.808772,
                23.521442
              ],
              [
                77.808505,
                23.521422
              ],
              [
                77.807934,
                23.521216
              ],
              [
                77.807823,
                23.521149
              ],
              [
                77.808002,
                23.520961
              ]
            ]
          ]
        },
        "geometry_similarity": 0.83,
        "boundary_difference": 4.03,
        "confidence": 0.71,
        "explanation": "Synthetic AI candidate boundary for visual assistance only; it is not an official cadastral boundary.",
        "data_disclaimer": "SYNTHETIC DEMO GIS DATA \u2014 NOT AN OFFICIAL CADASTRAL MAP"
      },
      "geometry": {
        "type": "Polygon",
        "coordinates": [
          [
            [
              77.807908,
              23.520924
            ],
            [
              77.808674,
              23.520901
            ],
            [
              77.808689,
              23.521096
            ],
            [
              77.808632,
              23.521368
            ],
            [
              77.808309,
              23.521417
            ],
            [
              77.807877,
              23.521236
            ],
            [
              77.807811,
              23.521079
            ],
            [
              77.807908,
              23.520924
            ]
          ]
        ]
      }
    },
    {
      "type": "Feature",
      "properties": {
        "property_id": "P1611",
        "parcel_id": "P1611",
        "reference_geometry": {
          "type": "Polygon",
          "coordinates": [
            [
              [
                77.808102,
                23.523393
              ],
              [
                77.808592,
                23.523393
              ],
              [
                77.808638,
                23.523578
              ],
              [
                77.808561,
                23.523881
              ],
              [
                77.808368,
                23.523909
              ],
              [
                77.808032,
                23.52374
              ],
              [
                77.808058,
                23.523586
              ],
              [
                77.808102,
                23.523393
              ]
            ]
          ]
        },
        "ai_candidate_geometry": {
          "type": "Polygon",
          "coordinates": [
            [
              [
                77.807862,
                23.523312
              ],
              [
                77.80841,
                23.523252
              ],
              [
                77.808502,
                23.523511
              ],
              [
                77.808402,
                23.523783
              ],
              [
                77.808118,
                23.523822
              ],
              [
                77.807846,
                23.523754
              ],
              [
                77.807855,
                23.523568
              ],
              [
                77.807862,
                23.523312
              ]
            ]
          ]
        },
        "geometry_similarity": 0.87,
        "boundary_difference": 4.79,
        "confidence": 0.8,
        "explanation": "Synthetic AI candidate boundary for visual assistance only; it is not an official cadastral boundary.",
        "data_disclaimer": "SYNTHETIC DEMO GIS DATA \u2014 NOT AN OFFICIAL CADASTRAL MAP"
      },
      "geometry": {
        "type": "Polygon",
        "coordinates": [
          [
            [
              77.808102,
              23.523393
            ],
            [
              77.808592,
              23.523393
            ],
            [
              77.808638,
              23.523578
            ],
            [
              77.808561,
              23.523881
            ],
            [
              77.808368,
              23.523909
            ],
            [
              77.808032,
              23.52374
            ],
            [
              77.808058,
              23.523586
            ],
            [
              77.808102,
              23.523393
            ]
          ]
        ]
      }
    },
    {
      "type": "Feature",
      "properties": {
        "property_id": "P1621",
        "parcel_id": "P1621",
        "reference_geometry": {
          "type": "Polygon",
          "coordinates": [
            [
              [
                77.808043,
                23.525814
              ],
              [
                77.808549,
                23.525822
              ],
              [
                77.808605,
                23.526068
              ],
              [
                77.808506,
                23.526407
              ],
              [
                77.808322,
                23.526449
              ],
              [
                77.808013,
                23.526207
              ],
              [
                77.808016,
                23.526052
              ],
              [
                77.808043,
                23.525814
              ]
            ]
          ]
        },
        "ai_candidate_geometry": {
          "type": "Polygon",
          "coordinates": [
            [
              [
                77.807937,
                23.52593
              ],
              [
                77.808445,
                23.525816
              ],
              [
                77.808582,
                23.526168
              ],
              [
                77.808389,
                23.526512
              ],
              [
                77.808276,
                23.526567
              ],
              [
                77.807879,
                23.526318
              ],
              [
                77.807827,
                23.526123
              ],
              [
                77.807937,
                23.52593
              ]
            ]
          ]
        },
        "geometry_similarity": 0.69,
        "boundary_difference": 11.75,
        "confidence": 0.81,
        "explanation": "Synthetic AI candidate boundary for visual assistance only; it is not an official cadastral boundary.",
        "data_disclaimer": "SYNTHETIC DEMO GIS DATA \u2014 NOT AN OFFICIAL CADASTRAL MAP"
      },
      "geometry": {
        "type": "Polygon",
        "coordinates": [
          [
            [
              77.808043,
              23.525814
            ],
            [
              77.808549,
              23.525822
            ],
            [
              77.808605,
              23.526068
            ],
            [
              77.808506,
              23.526407
            ],
            [
              77.808322,
              23.526449
            ],
            [
              77.808013,
              23.526207
            ],
            [
              77.808016,
              23.526052
            ],
            [
              77.808043,
              23.525814
            ]
          ]
        ]
      }
    },
    {
      "type": "Feature",
      "properties": {
        "property_id": "P1631",
        "parcel_id": "P1631",
        "reference_geometry": {
          "type": "Polygon",
          "coordinates": [
            [
              [
                77.807871,
                23.528214
              ],
              [
                77.808569,
                23.528183
              ],
              [
                77.808652,
                23.528378
              ],
              [
                77.80855,
                23.528727
              ],
              [
                77.80821,
                23.528819
              ],
              [
                77.807805,
                23.528571
              ],
              [
                77.807782,
                23.528422
              ],
              [
                77.807871,
                23.528214
              ]
            ]
          ]
        },
        "ai_candidate_geometry": {
          "type": "Polygon",
          "coordinates": [
            [
              [
                77.807899,
                23.528109
              ],
              [
                77.80876,
                23.528148
              ],
              [
                77.808706,
                23.528444
              ],
              [
                77.808674,
                23.528769
              ],
              [
                77.808332,
                23.528757
              ],
              [
                77.807701,
                23.528546
              ],
              [
                77.807694,
                23.528426
              ],
              [
                77.807899,
                23.528109
              ]
            ]
          ]
        },
        "geometry_similarity": 0.81,
        "boundary_difference": 7.1,
        "confidence": 0.68,
        "explanation": "Synthetic AI candidate boundary for visual assistance only; it is not an official cadastral boundary.",
        "data_disclaimer": "SYNTHETIC DEMO GIS DATA \u2014 NOT AN OFFICIAL CADASTRAL MAP"
      },
      "geometry": {
        "type": "Polygon",
        "coordinates": [
          [
            [
              77.807871,
              23.528214
            ],
            [
              77.808569,
              23.528183
            ],
            [
              77.808652,
              23.528378
            ],
            [
              77.80855,
              23.528727
            ],
            [
              77.80821,
              23.528819
            ],
            [
              77.807805,
              23.528571
            ],
            [
              77.807782,
              23.528422
            ],
            [
              77.807871,
              23.528214
            ]
          ]
        ]
      }
    },
    {
      "type": "Feature",
      "properties": {
        "property_id": "P1641",
        "parcel_id": "P1641",
        "reference_geometry": {
          "type": "Polygon",
          "coordinates": [
            [
              [
                77.808102,
                23.530554
              ],
              [
                77.808764,
                23.530551
              ],
              [
                77.808826,
                23.530655
              ],
              [
                77.808737,
                23.530836
              ],
              [
                77.808452,
                23.530865
              ],
              [
                77.808071,
                23.530746
              ],
              [
                77.808002,
                23.530658
              ],
              [
                77.808102,
                23.530554
              ]
            ]
          ]
        },
        "ai_candidate_geometry": {
          "type": "Polygon",
          "coordinates": [
            [
              [
                77.808024,
                23.53032
              ],
              [
                77.808664,
                23.530388
              ],
              [
                77.808726,
                23.530491
              ],
              [
                77.808689,
                23.530634
              ],
              [
                77.808388,
                23.530694
              ],
              [
                77.808034,
                23.530598
              ],
              [
                77.807913,
                23.530443
              ],
              [
                77.808024,
                23.53032
              ]
            ]
          ]
        },
        "geometry_similarity": 0.78,
        "boundary_difference": 10.69,
        "confidence": 0.69,
        "explanation": "Synthetic AI candidate boundary for visual assistance only; it is not an official cadastral boundary.",
        "data_disclaimer": "SYNTHETIC DEMO GIS DATA \u2014 NOT AN OFFICIAL CADASTRAL MAP"
      },
      "geometry": {
        "type": "Polygon",
        "coordinates": [
          [
            [
              77.808102,
              23.530554
            ],
            [
              77.808764,
              23.530551
            ],
            [
              77.808826,
              23.530655
            ],
            [
              77.808737,
              23.530836
            ],
            [
              77.808452,
              23.530865
            ],
            [
              77.808071,
              23.530746
            ],
            [
              77.808002,
              23.530658
            ],
            [
              77.808102,
              23.530554
            ]
          ]
        ]
      }
    },
    {
      "type": "Feature",
      "properties": {
        "property_id": "P1651",
        "parcel_id": "P1651",
        "reference_geometry": {
          "type": "Polygon",
          "coordinates": [
            [
              [
                77.821115,
                23.520863
              ],
              [
                77.821649,
                23.520806
              ],
              [
                77.821695,
                23.521158
              ],
              [
                77.821617,
                23.521446
              ],
              [
                77.821333,
                23.521574
              ],
              [
                77.821071,
                23.521318
              ],
              [
                77.820978,
                23.520995
              ],
              [
                77.821115,
                23.520863
              ]
            ]
          ]
        },
        "ai_candidate_geometry": {
          "type": "Polygon",
          "coordinates": [
            [
              [
                77.820962,
                23.52072
              ],
              [
                77.821646,
                23.520606
              ],
              [
                77.821719,
                23.521085
              ],
              [
                77.8216,
                23.521361
              ],
              [
                77.821291,
                23.521422
              ],
              [
                77.820902,
                23.521286
              ],
              [
                77.820949,
                23.52095
              ],
              [
                77.820962,
                23.52072
              ]
            ]
          ]
        },
        "geometry_similarity": 0.86,
        "boundary_difference": 9.64,
        "confidence": 0.71,
        "explanation": "Synthetic AI candidate boundary for visual assistance only; it is not an official cadastral boundary.",
        "data_disclaimer": "SYNTHETIC DEMO GIS DATA \u2014 NOT AN OFFICIAL CADASTRAL MAP"
      },
      "geometry": {
        "type": "Polygon",
        "coordinates": [
          [
            [
              77.821115,
              23.520863
            ],
            [
              77.821649,
              23.520806
            ],
            [
              77.821695,
              23.521158
            ],
            [
              77.821617,
              23.521446
            ],
            [
              77.821333,
              23.521574
            ],
            [
              77.821071,
              23.521318
            ],
            [
              77.820978,
              23.520995
            ],
            [
              77.821115,
              23.520863
            ]
          ]
        ]
      }
    },
    {
      "type": "Feature",
      "properties": {
        "property_id": "P1661",
        "parcel_id": "P1661",
        "reference_geometry": {
          "type": "Polygon",
          "coordinates": [
            [
              [
                77.820927,
                23.523038
              ],
              [
                77.821501,
                23.523045
              ],
              [
                77.82165,
                23.523615
              ],
              [
                77.821471,
                23.524056
              ],
              [
                77.821311,
                23.524194
              ],
              [
                77.820847,
                23.523908
              ],
              [
                77.820891,
                23.523521
              ],
              [
                77.820927,
                23.523038
              ]
            ]
          ]
        },
        "ai_candidate_geometry": {
          "type": "Polygon",
          "coordinates": [
            [
              [
                77.820926,
                23.523119
              ],
              [
                77.821744,
                23.5231
              ],
              [
                77.821781,
                23.52339
              ],
              [
                77.821679,
                23.524044
              ],
              [
                77.821359,
                23.524206
              ],
              [
                77.820844,
                23.523671
              ],
              [
                77.820836,
                23.523542
              ],
              [
                77.820926,
                23.523119
              ]
            ]
          ]
        },
        "geometry_similarity": 0.77,
        "boundary_difference": 5.13,
        "confidence": 0.74,
        "explanation": "Synthetic AI candidate boundary for visual assistance only; it is not an official cadastral boundary.",
        "data_disclaimer": "SYNTHETIC DEMO GIS DATA \u2014 NOT AN OFFICIAL CADASTRAL MAP"
      },
      "geometry": {
        "type": "Polygon",
        "coordinates": [
          [
            [
              77.820927,
              23.523038
            ],
            [
              77.821501,
              23.523045
            ],
            [
              77.82165,
              23.523615
            ],
            [
              77.821471,
              23.524056
            ],
            [
              77.821311,
              23.524194
            ],
            [
              77.820847,
              23.523908
            ],
            [
              77.820891,
              23.523521
            ],
            [
              77.820927,
              23.523038
            ]
          ]
        ]
      }
    },
    {
      "type": "Feature",
      "properties": {
        "property_id": "P1671",
        "parcel_id": "P1671",
        "reference_geometry": {
          "type": "Polygon",
          "coordinates": [
            [
              [
                77.821072,
                23.525515
              ],
              [
                77.821652,
                23.525535
              ],
              [
                77.821712,
                23.525932
              ],
              [
                77.821666,
                23.526458
              ],
              [
                77.821387,
                23.526532
              ],
              [
                77.821071,
                23.526147
              ],
              [
                77.821084,
                23.52582
              ],
              [
                77.821072,
                23.525515
              ]
            ]
          ]
        },
        "ai_candidate_geometry": {
          "type": "Polygon",
          "coordinates": [
            [
              [
                77.82108,
                23.525652
              ],
              [
                77.821682,
                23.525453
              ],
              [
                77.821852,
                23.525992
              ],
              [
                77.821693,
                23.526506
              ],
              [
                77.821393,
                23.526795
              ],
              [
                77.820962,
                23.526254
              ],
              [
                77.821055,
                23.525856
              ],
              [
                77.82108,
                23.525652
              ]
            ]
          ]
        },
        "geometry_similarity": 0.73,
        "boundary_difference": 7.5,
        "confidence": 0.79,
        "explanation": "Synthetic AI candidate boundary for visual assistance only; it is not an official cadastral boundary.",
        "data_disclaimer": "SYNTHETIC DEMO GIS DATA \u2014 NOT AN OFFICIAL CADASTRAL MAP"
      },
      "geometry": {
        "type": "Polygon",
        "coordinates": [
          [
            [
              77.821072,
              23.525515
            ],
            [
              77.821652,
              23.525535
            ],
            [
              77.821712,
              23.525932
            ],
            [
              77.821666,
              23.526458
            ],
            [
              77.821387,
              23.526532
            ],
            [
              77.821071,
              23.526147
            ],
            [
              77.821084,
              23.52582
            ],
            [
              77.821072,
              23.525515
            ]
          ]
        ]
      }
    },
    {
      "type": "Feature",
      "properties": {
        "property_id": "P1681",
        "parcel_id": "P1681",
        "reference_geometry": {
          "type": "Polygon",
          "coordinates": [
            [
              [
                77.821116,
                23.528127
              ],
              [
                77.82181,
                23.528088
              ],
              [
                77.821936,
                23.528303
              ],
              [
                77.821769,
                23.528669
              ],
              [
                77.821469,
                23.528686
              ],
              [
                77.821052,
                23.528515
              ],
              [
                77.820991,
                23.528306
              ],
              [
                77.821116,
                23.528127
              ]
            ]
          ]
        },
        "ai_candidate_geometry": {
          "type": "Polygon",
          "coordinates": [
            [
              [
                77.821136,
                23.528074
              ],
              [
                77.821982,
                23.528067
              ],
              [
                77.822174,
                23.528278
              ],
              [
                77.821973,
                23.528681
              ],
              [
                77.821595,
                23.528649
              ],
              [
                77.82108,
                23.52855
              ],
              [
                77.821078,
                23.528303
              ],
              [
                77.821136,
                23.528074
              ]
            ]
          ]
        },
        "geometry_similarity": 0.77,
        "boundary_difference": 10.06,
        "confidence": 0.67,
        "explanation": "Synthetic AI candidate boundary for visual assistance only; it is not an official cadastral boundary.",
        "data_disclaimer": "SYNTHETIC DEMO GIS DATA \u2014 NOT AN OFFICIAL CADASTRAL MAP"
      },
      "geometry": {
        "type": "Polygon",
        "coordinates": [
          [
            [
              77.821116,
              23.528127
            ],
            [
              77.82181,
              23.528088
            ],
            [
              77.821936,
              23.528303
            ],
            [
              77.821769,
              23.528669
            ],
            [
              77.821469,
              23.528686
            ],
            [
              77.821052,
              23.528515
            ],
            [
              77.820991,
              23.528306
            ],
            [
              77.821116,
              23.528127
            ]
          ]
        ]
      }
    },
    {
      "type": "Feature",
      "properties": {
        "property_id": "P1691",
        "parcel_id": "P1691",
        "reference_geometry": {
          "type": "Polygon",
          "coordinates": [
            [
              [
                77.820873,
                23.530363
              ],
              [
                77.821634,
                23.530466
              ],
              [
                77.821671,
                23.530741
              ],
              [
                77.821654,
                23.531022
              ],
              [
                77.821248,
                23.531127
              ],
              [
                77.820798,
                23.530904
              ],
              [
                77.820655,
                23.530602
              ],
              [
                77.820873,
                23.530363
              ]
            ]
          ]
        },
        "ai_candidate_geometry": {
          "type": "Polygon",
          "coordinates": [
            [
              [
                77.820674,
                23.530407
              ],
              [
                77.821529,
                23.530327
              ],
              [
                77.821705,
                23.530584
              ],
              [
                77.821574,
                23.531045
              ],
              [
                77.821163,
                23.53116
              ],
              [
                77.820542,
                23.530949
              ],
              [
                77.820441,
                23.530581
              ],
              [
                77.820674,
                23.530407
              ]
            ]
          ]
        },
        "geometry_similarity": 0.68,
        "boundary_difference": 3.97,
        "confidence": 0.68,
        "explanation": "Synthetic AI candidate boundary for visual assistance only; it is not an official cadastral boundary.",
        "data_disclaimer": "SYNTHETIC DEMO GIS DATA \u2014 NOT AN OFFICIAL CADASTRAL MAP"
      },
      "geometry": {
        "type": "Polygon",
        "coordinates": [
          [
            [
              77.820873,
              23.530363
            ],
            [
              77.821634,
              23.530466
            ],
            [
              77.821671,
              23.530741
            ],
            [
              77.821654,
              23.531022
            ],
            [
              77.821248,
              23.531127
            ],
            [
              77.820798,
              23.530904
            ],
            [
              77.820655,
              23.530602
            ],
            [
              77.820873,
              23.530363
            ]
          ]
        ]
      }
    },
    {
      "type": "Feature",
      "properties": {
        "property_id": "P1701",
        "parcel_id": "P1701",
        "reference_geometry": {
          "type": "Polygon",
          "coordinates": [
            [
              [
                77.834062,
                23.521173
              ],
              [
                77.834372,
                23.521135
              ],
              [
                77.834352,
                23.521244
              ],
              [
                77.834321,
                23.521361
              ],
              [
                77.834236,
                23.521382
              ],
              [
                77.833997,
                23.521297
              ],
              [
                77.833985,
                23.52121
              ],
              [
                77.834062,
                23.521173
              ]
            ]
          ]
        },
        "ai_candidate_geometry": {
          "type": "Polygon",
          "coordinates": [
            [
              [
                77.834244,
                23.520942
              ],
              [
                77.834553,
                23.520945
              ],
              [
                77.834602,
                23.521065
              ],
              [
                77.834489,
                23.521189
              ],
              [
                77.834404,
                23.521225
              ],
              [
                77.834155,
                23.521086
              ],
              [
                77.834143,
                23.521002
              ],
              [
                77.834244,
                23.520942
              ]
            ]
          ]
        },
        "geometry_similarity": 0.76,
        "boundary_difference": 6.52,
        "confidence": 0.71,
        "explanation": "Synthetic AI candidate boundary for visual assistance only; it is not an official cadastral boundary.",
        "data_disclaimer": "SYNTHETIC DEMO GIS DATA \u2014 NOT AN OFFICIAL CADASTRAL MAP"
      },
      "geometry": {
        "type": "Polygon",
        "coordinates": [
          [
            [
              77.834062,
              23.521173
            ],
            [
              77.834372,
              23.521135
            ],
            [
              77.834352,
              23.521244
            ],
            [
              77.834321,
              23.521361
            ],
            [
              77.834236,
              23.521382
            ],
            [
              77.833997,
              23.521297
            ],
            [
              77.833985,
              23.52121
            ],
            [
              77.834062,
              23.521173
            ]
          ]
        ]
      }
    },
    {
      "type": "Feature",
      "properties": {
        "property_id": "P1711",
        "parcel_id": "P1711",
        "reference_geometry": {
          "type": "Polygon",
          "coordinates": [
            [
              [
                77.834074,
                23.5233
              ],
              [
                77.834345,
                23.523273
              ],
              [
                77.834351,
                23.523471
              ],
              [
                77.834309,
                23.523654
              ],
              [
                77.834246,
                23.523654
              ],
              [
                77.834043,
                23.523565
              ],
              [
                77.834044,
                23.523457
              ],
              [
                77.834074,
                23.5233
              ]
            ]
          ]
        },
        "ai_candidate_geometry": {
          "type": "Polygon",
          "coordinates": [
            [
              [
                77.834183,
                23.523463
              ],
              [
                77.834504,
                23.523472
              ],
              [
                77.834578,
                23.523587
              ],
              [
                77.834503,
                23.523802
              ],
              [
                77.834398,
                23.523837
              ],
              [
                77.834165,
                23.523717
              ],
              [
                77.834187,
                23.52355
              ],
              [
                77.834183,
                23.523463
              ]
            ]
          ]
        },
        "geometry_similarity": 0.79,
        "boundary_difference": 8.34,
        "confidence": 0.79,
        "explanation": "Synthetic AI candidate boundary for visual assistance only; it is not an official cadastral boundary.",
        "data_disclaimer": "SYNTHETIC DEMO GIS DATA \u2014 NOT AN OFFICIAL CADASTRAL MAP"
      },
      "geometry": {
        "type": "Polygon",
        "coordinates": [
          [
            [
              77.834074,
              23.5233
            ],
            [
              77.834345,
              23.523273
            ],
            [
              77.834351,
              23.523471
            ],
            [
              77.834309,
              23.523654
            ],
            [
              77.834246,
              23.523654
            ],
            [
              77.834043,
              23.523565
            ],
            [
              77.834044,
              23.523457
            ],
            [
              77.834074,
              23.5233
            ]
          ]
        ]
      }
    },
    {
      "type": "Feature",
      "properties": {
        "property_id": "P1721",
        "parcel_id": "P1721",
        "reference_geometry": {
          "type": "Polygon",
          "coordinates": [
            [
              [
                77.834221,
                23.526031
              ],
              [
                77.834648,
                23.52604
              ],
              [
                77.834749,
                23.526094
              ],
              [
                77.834639,
                23.526245
              ],
              [
                77.834527,
                23.526251
              ],
              [
                77.834253,
                23.526152
              ],
              [
                77.834193,
                23.526128
              ],
              [
                77.834221,
                23.526031
              ]
            ]
          ]
        },
        "ai_candidate_geometry": {
          "type": "Polygon",
          "coordinates": [
            [
              [
                77.834397,
                23.526138
              ],
              [
                77.834968,
                23.526156
              ],
              [
                77.835022,
                23.526217
              ],
              [
                77.83496,
                23.526342
              ],
              [
                77.834691,
                23.526397
              ],
              [
                77.834423,
                23.526305
              ],
              [
                77.834398,
                23.526261
              ],
              [
                77.834397,
                23.526138
              ]
            ]
          ]
        },
        "geometry_similarity": 0.71,
        "boundary_difference": 5.62,
        "confidence": 0.68,
        "explanation": "Synthetic AI candidate boundary for visual assistance only; it is not an official cadastral boundary.",
        "data_disclaimer": "SYNTHETIC DEMO GIS DATA \u2014 NOT AN OFFICIAL CADASTRAL MAP"
      },
      "geometry": {
        "type": "Polygon",
        "coordinates": [
          [
            [
              77.834221,
              23.526031
            ],
            [
              77.834648,
              23.52604
            ],
            [
              77.834749,
              23.526094
            ],
            [
              77.834639,
              23.526245
            ],
            [
              77.834527,
              23.526251
            ],
            [
              77.834253,
              23.526152
            ],
            [
              77.834193,
              23.526128
            ],
            [
              77.834221,
              23.526031
            ]
          ]
        ]
      }
    },
    {
      "type": "Feature",
      "properties": {
        "property_id": "P1731",
        "parcel_id": "P1731",
        "reference_geometry": {
          "type": "Polygon",
          "coordinates": [
            [
              [
                77.83413,
                23.528345
              ],
              [
                77.834677,
                23.528325
              ],
              [
                77.834706,
                23.528523
              ],
              [
                77.834538,
                23.5287
              ],
              [
                77.834376,
                23.528747
              ],
              [
                77.834059,
                23.528572
              ],
              [
                77.834016,
                23.528524
              ],
              [
                77.83413,
                23.528345
              ]
            ]
          ]
        },
        "ai_candidate_geometry": {
          "type": "Polygon",
          "coordinates": [
            [
              [
                77.834078,
                23.528468
              ],
              [
                77.834682,
                23.528515
              ],
              [
                77.834654,
                23.528603
              ],
              [
                77.834578,
                23.528864
              ],
              [
                77.834437,
                23.528946
              ],
              [
                77.834083,
                23.528784
              ],
              [
                77.834063,
                23.528594
              ],
              [
                77.834078,
                23.528468
              ]
            ]
          ]
        },
        "geometry_similarity": 0.68,
        "boundary_difference": 8.93,
        "confidence": 0.77,
        "explanation": "Synthetic AI candidate boundary for visual assistance only; it is not an official cadastral boundary.",
        "data_disclaimer": "SYNTHETIC DEMO GIS DATA \u2014 NOT AN OFFICIAL CADASTRAL MAP"
      },
      "geometry": {
        "type": "Polygon",
        "coordinates": [
          [
            [
              77.83413,
              23.528345
            ],
            [
              77.834677,
              23.528325
            ],
            [
              77.834706,
              23.528523
            ],
            [
              77.834538,
              23.5287
            ],
            [
              77.834376,
              23.528747
            ],
            [
              77.834059,
              23.528572
            ],
            [
              77.834016,
              23.528524
            ],
            [
              77.83413,
              23.528345
            ]
          ]
        ]
      }
    },
    {
      "type": "Feature",
      "properties": {
        "property_id": "P1741",
        "parcel_id": "P1741",
        "reference_geometry": {
          "type": "Polygon",
          "coordinates": [
            [
              [
                77.834133,
                23.53074
              ],
              [
                77.834677,
                23.53078
              ],
              [
                77.834736,
                23.530868
              ],
              [
                77.834573,
                23.53106
              ],
              [
                77.834405,
                23.531126
              ],
              [
                77.834062,
                23.531033
              ],
              [
                77.83409,
                23.530891
              ],
              [
                77.834133,
                23.53074
              ]
            ]
          ]
        },
        "ai_candidate_geometry": {
          "type": "Polygon",
          "coordinates": [
            [
              [
                77.83415,
                23.530721
              ],
              [
                77.834806,
                23.530674
              ],
              [
                77.834778,
                23.530861
              ],
              [
                77.834665,
                23.531039
              ],
              [
                77.834444,
                23.531045
              ],
              [
                77.834133,
                23.530958
              ],
              [
                77.834054,
                23.530856
              ],
              [
                77.83415,
                23.530721
              ]
            ]
          ]
        },
        "geometry_similarity": 0.83,
        "boundary_difference": 9.58,
        "confidence": 0.81,
        "explanation": "Synthetic AI candidate boundary for visual assistance only; it is not an official cadastral boundary.",
        "data_disclaimer": "SYNTHETIC DEMO GIS DATA \u2014 NOT AN OFFICIAL CADASTRAL MAP"
      },
      "geometry": {
        "type": "Polygon",
        "coordinates": [
          [
            [
              77.834133,
              23.53074
            ],
            [
              77.834677,
              23.53078
            ],
            [
              77.834736,
              23.530868
            ],
            [
              77.834573,
              23.53106
            ],
            [
              77.834405,
              23.531126
            ],
            [
              77.834062,
              23.531033
            ],
            [
              77.83409,
              23.530891
            ],
            [
              77.834133,
              23.53074
            ]
          ]
        ]
      }
    },
    {
      "type": "Feature",
      "properties": {
        "property_id": "P1751",
        "parcel_id": "P1751",
        "reference_geometry": {
          "type": "Polygon",
          "coordinates": [
            [
              [
                77.78203,
                23.531496
              ],
              [
                77.782247,
                23.531482
              ],
              [
                77.782271,
                23.531589
              ],
              [
                77.78224,
                23.531779
              ],
              [
                77.782145,
                23.531829
              ],
              [
                77.782022,
                23.531699
              ],
              [
                77.782003,
                23.531584
              ],
              [
                77.78203,
                23.531496
              ]
            ]
          ]
        },
        "ai_candidate_geometry": {
          "type": "Polygon",
          "coordinates": [
            [
              [
                77.781924,
                23.531395
              ],
              [
                77.7822,
                23.531466
              ],
              [
                77.782223,
                23.531586
              ],
              [
                77.782179,
                23.531741
              ],
              [
                77.782059,
                23.531771
              ],
              [
                77.781886,
                23.53168
              ],
              [
                77.781912,
                23.531542
              ],
              [
                77.781924,
                23.531395
              ]
            ]
          ]
        },
        "geometry_similarity": 0.79,
        "boundary_difference": 9.04,
        "confidence": 0.7,
        "explanation": "Synthetic AI candidate boundary for visual assistance only; it is not an official cadastral boundary.",
        "data_disclaimer": "SYNTHETIC DEMO GIS DATA \u2014 NOT AN OFFICIAL CADASTRAL MAP"
      },
      "geometry": {
        "type": "Polygon",
        "coordinates": [
          [
            [
              77.78203,
              23.531496
            ],
            [
              77.782247,
              23.531482
            ],
            [
              77.782271,
              23.531589
            ],
            [
              77.78224,
              23.531779
            ],
            [
              77.782145,
              23.531829
            ],
            [
              77.782022,
              23.531699
            ],
            [
              77.782003,
              23.531584
            ],
            [
              77.78203,
              23.531496
            ]
          ]
        ]
      }
    },
    {
      "type": "Feature",
      "properties": {
        "property_id": "P1761",
        "parcel_id": "P1761",
        "reference_geometry": {
          "type": "Polygon",
          "coordinates": [
            [
              [
                77.78212,
                23.533923
              ],
              [
                77.782604,
                23.533924
              ],
              [
                77.782649,
                23.534032
              ],
              [
                77.78257,
                23.534226
              ],
              [
                77.782399,
                23.534249
              ],
              [
                77.782098,
                23.534144
              ],
              [
                77.782079,
                23.534032
              ],
              [
                77.78212,
                23.533923
              ]
            ]
          ]
        },
        "ai_candidate_geometry": {
          "type": "Polygon",
          "coordinates": [
            [
              [
                77.782247,
                23.533851
              ],
              [
                77.78286,
                23.533793
              ],
              [
                77.782844,
                23.533942
              ],
              [
                77.782793,
                23.534102
              ],
              [
                77.782562,
                23.534196
              ],
              [
                77.782204,
                23.534017
              ],
              [
                77.782204,
                23.533926
              ],
              [
                77.782247,
                23.533851
              ]
            ]
          ]
        },
        "geometry_similarity": 0.72,
        "boundary_difference": 10.45,
        "confidence": 0.61,
        "explanation": "Synthetic AI candidate boundary for visual assistance only; it is not an official cadastral boundary.",
        "data_disclaimer": "SYNTHETIC DEMO GIS DATA \u2014 NOT AN OFFICIAL CADASTRAL MAP"
      },
      "geometry": {
        "type": "Polygon",
        "coordinates": [
          [
            [
              77.78212,
              23.533923
            ],
            [
              77.782604,
              23.533924
            ],
            [
              77.782649,
              23.534032
            ],
            [
              77.78257,
              23.534226
            ],
            [
              77.782399,
              23.534249
            ],
            [
              77.782098,
              23.534144
            ],
            [
              77.782079,
              23.534032
            ],
            [
              77.78212,
              23.533923
            ]
          ]
        ]
      }
    },
    {
      "type": "Feature",
      "properties": {
        "property_id": "P1771",
        "parcel_id": "P1771",
        "reference_geometry": {
          "type": "Polygon",
          "coordinates": [
            [
              [
                77.782086,
                23.536293
              ],
              [
                77.782576,
                23.53629
              ],
              [
                77.782629,
                23.536363
              ],
              [
                77.782517,
                23.536476
              ],
              [
                77.782316,
                23.536489
              ],
              [
                77.782069,
                23.536418
              ],
              [
                77.782008,
                23.536365
              ],
              [
                77.782086,
                23.536293
              ]
            ]
          ]
        },
        "ai_candidate_geometry": {
          "type": "Polygon",
          "coordinates": [
            [
              [
                77.781982,
                23.53626
              ],
              [
                77.782628,
                23.536275
              ],
              [
                77.78259,
                23.536356
              ],
              [
                77.782561,
                23.536486
              ],
              [
                77.782262,
                23.536492
              ],
              [
                77.782027,
                23.536392
              ],
              [
                77.78197,
                23.536362
              ],
              [
                77.781982,
                23.53626
              ]
            ]
          ]
        },
        "geometry_similarity": 0.75,
        "boundary_difference": 2.93,
        "confidence": 0.85,
        "explanation": "Synthetic AI candidate boundary for visual assistance only; it is not an official cadastral boundary.",
        "data_disclaimer": "SYNTHETIC DEMO GIS DATA \u2014 NOT AN OFFICIAL CADASTRAL MAP"
      },
      "geometry": {
        "type": "Polygon",
        "coordinates": [
          [
            [
              77.782086,
              23.536293
            ],
            [
              77.782576,
              23.53629
            ],
            [
              77.782629,
              23.536363
            ],
            [
              77.782517,
              23.536476
            ],
            [
              77.782316,
              23.536489
            ],
            [
              77.782069,
              23.536418
            ],
            [
              77.782008,
              23.536365
            ],
            [
              77.782086,
              23.536293
            ]
          ]
        ]
      }
    },
    {
      "type": "Feature",
      "properties": {
        "property_id": "P1781",
        "parcel_id": "P1781",
        "reference_geometry": {
          "type": "Polygon",
          "coordinates": [
            [
              [
                77.782202,
                23.538778
              ],
              [
                77.782414,
                23.538789
              ],
              [
                77.782436,
                23.538922
              ],
              [
                77.782394,
                23.539124
              ],
              [
                77.782302,
                23.539135
              ],
              [
                77.782182,
                23.539019
              ],
              [
                77.782184,
                23.538902
              ],
              [
                77.782202,
                23.538778
              ]
            ]
          ]
        },
        "ai_candidate_geometry": {
          "type": "Polygon",
          "coordinates": [
            [
              [
                77.782286,
                23.538762
              ],
              [
                77.782514,
                23.538705
              ],
              [
                77.782516,
                23.538825
              ],
              [
                77.782491,
                23.539054
              ],
              [
                77.782426,
                23.539127
              ],
              [
                77.782296,
                23.538971
              ],
              [
                77.782259,
                23.538806
              ],
              [
                77.782286,
                23.538762
              ]
            ]
          ]
        },
        "geometry_similarity": 0.71,
        "boundary_difference": 6.93,
        "confidence": 0.62,
        "explanation": "Synthetic AI candidate boundary for visual assistance only; it is not an official cadastral boundary.",
        "data_disclaimer": "SYNTHETIC DEMO GIS DATA \u2014 NOT AN OFFICIAL CADASTRAL MAP"
      },
      "geometry": {
        "type": "Polygon",
        "coordinates": [
          [
            [
              77.782202,
              23.538778
            ],
            [
              77.782414,
              23.538789
            ],
            [
              77.782436,
              23.538922
            ],
            [
              77.782394,
              23.539124
            ],
            [
              77.782302,
              23.539135
            ],
            [
              77.782182,
              23.539019
            ],
            [
              77.782184,
              23.538902
            ],
            [
              77.782202,
              23.538778
            ]
          ]
        ]
      }
    },
    {
      "type": "Feature",
      "properties": {
        "property_id": "P1791",
        "parcel_id": "P1791",
        "reference_geometry": {
          "type": "Polygon",
          "coordinates": [
            [
              [
                77.782138,
                23.541306
              ],
              [
                77.782537,
                23.541322
              ],
              [
                77.7826,
                23.541417
              ],
              [
                77.782512,
                23.541577
              ],
              [
                77.782357,
                23.5416
              ],
              [
                77.782124,
                23.541492
              ],
              [
                77.782089,
                23.541411
              ],
              [
                77.782138,
                23.541306
              ]
            ]
          ]
        },
        "ai_candidate_geometry": {
          "type": "Polygon",
          "coordinates": [
            [
              [
                77.781869,
                23.541086
              ],
              [
                77.782384,
                23.541131
              ],
              [
                77.782417,
                23.541201
              ],
              [
                77.782345,
                23.541436
              ],
              [
                77.782118,
                23.541443
              ],
              [
                77.781834,
                23.541336
              ],
              [
                77.781856,
                23.54119
              ],
              [
                77.781869,
                23.541086
              ]
            ]
          ]
        },
        "geometry_similarity": 0.75,
        "boundary_difference": 10.36,
        "confidence": 0.73,
        "explanation": "Synthetic AI candidate boundary for visual assistance only; it is not an official cadastral boundary.",
        "data_disclaimer": "SYNTHETIC DEMO GIS DATA \u2014 NOT AN OFFICIAL CADASTRAL MAP"
      },
      "geometry": {
        "type": "Polygon",
        "coordinates": [
          [
            [
              77.782138,
              23.541306
            ],
            [
              77.782537,
              23.541322
            ],
            [
              77.7826,
              23.541417
            ],
            [
              77.782512,
              23.541577
            ],
            [
              77.782357,
              23.5416
            ],
            [
              77.782124,
              23.541492
            ],
            [
              77.782089,
              23.541411
            ],
            [
              77.782138,
              23.541306
            ]
          ]
        ]
      }
    },
    {
      "type": "Feature",
      "properties": {
        "property_id": "P1801",
        "parcel_id": "P1801",
        "reference_geometry": {
          "type": "Polygon",
          "coordinates": [
            [
              [
                77.795301,
                23.531682
              ],
              [
                77.795674,
                23.531688
              ],
              [
                77.795674,
                23.531762
              ],
              [
                77.795656,
                23.531859
              ],
              [
                77.7955,
                23.531878
              ],
              [
                77.795279,
                23.531811
              ],
              [
                77.795267,
                23.531759
              ],
              [
                77.795301,
                23.531682
              ]
            ]
          ]
        },
        "ai_candidate_geometry": {
          "type": "Polygon",
          "coordinates": [
            [
              [
                77.795024,
                23.531572
              ],
              [
                77.795499,
                23.531575
              ],
              [
                77.795538,
                23.531622
              ],
              [
                77.795409,
                23.531741
              ],
              [
                77.795307,
                23.531738
              ],
              [
                77.795006,
                23.531713
              ],
              [
                77.79505,
                23.531644
              ],
              [
                77.795024,
                23.531572
              ]
            ]
          ]
        },
        "geometry_similarity": 0.75,
        "boundary_difference": 10.14,
        "confidence": 0.71,
        "explanation": "Synthetic AI candidate boundary for visual assistance only; it is not an official cadastral boundary.",
        "data_disclaimer": "SYNTHETIC DEMO GIS DATA \u2014 NOT AN OFFICIAL CADASTRAL MAP"
      },
      "geometry": {
        "type": "Polygon",
        "coordinates": [
          [
            [
              77.795301,
              23.531682
            ],
            [
              77.795674,
              23.531688
            ],
            [
              77.795674,
              23.531762
            ],
            [
              77.795656,
              23.531859
            ],
            [
              77.7955,
              23.531878
            ],
            [
              77.795279,
              23.531811
            ],
            [
              77.795267,
              23.531759
            ],
            [
              77.795301,
              23.531682
            ]
          ]
        ]
      }
    },
    {
      "type": "Feature",
      "properties": {
        "property_id": "P1811",
        "parcel_id": "P1811",
        "reference_geometry": {
          "type": "Polygon",
          "coordinates": [
            [
              [
                77.795245,
                23.533972
              ],
              [
                77.795559,
                23.533961
              ],
              [
                77.795586,
                23.534096
              ],
              [
                77.795548,
                23.534311
              ],
              [
                77.795405,
                23.534354
              ],
              [
                77.795219,
                23.534199
              ],
              [
                77.795211,
                23.534096
              ],
              [
                77.795245,
                23.533972
              ]
            ]
          ]
        },
        "ai_candidate_geometry": {
          "type": "Polygon",
          "coordinates": [
            [
              [
                77.795388,
                23.533843
              ],
              [
                77.79575,
                23.533896
              ],
              [
                77.795824,
                23.534034
              ],
              [
                77.795766,
                23.534245
              ],
              [
                77.795561,
                23.534306
              ],
              [
                77.79537,
                23.534111
              ],
              [
                77.795335,
                23.533971
              ],
              [
                77.795388,
                23.533843
              ]
            ]
          ]
        },
        "geometry_similarity": 0.79,
        "boundary_difference": 9.24,
        "confidence": 0.71,
        "explanation": "Synthetic AI candidate boundary for visual assistance only; it is not an official cadastral boundary.",
        "data_disclaimer": "SYNTHETIC DEMO GIS DATA \u2014 NOT AN OFFICIAL CADASTRAL MAP"
      },
      "geometry": {
        "type": "Polygon",
        "coordinates": [
          [
            [
              77.795245,
              23.533972
            ],
            [
              77.795559,
              23.533961
            ],
            [
              77.795586,
              23.534096
            ],
            [
              77.795548,
              23.534311
            ],
            [
              77.795405,
              23.534354
            ],
            [
              77.795219,
              23.534199
            ],
            [
              77.795211,
              23.534096
            ],
            [
              77.795245,
              23.533972
            ]
          ]
        ]
      }
    },
    {
      "type": "Feature",
      "properties": {
        "property_id": "P1821",
        "parcel_id": "P1821",
        "reference_geometry": {
          "type": "Polygon",
          "coordinates": [
            [
              [
                77.795118,
                23.536409
              ],
              [
                77.7955,
                23.536381
              ],
              [
                77.79556,
                23.536492
              ],
              [
                77.795496,
                23.536637
              ],
              [
                77.7953,
                23.536669
              ],
              [
                77.795081,
                23.536567
              ],
              [
                77.795044,
                23.536493
              ],
              [
                77.795118,
                23.536409
              ]
            ]
          ]
        },
        "ai_candidate_geometry": {
          "type": "Polygon",
          "coordinates": [
            [
              [
                77.794866,
                23.536508
              ],
              [
                77.795321,
                23.536489
              ],
              [
                77.795424,
                23.536581
              ],
              [
                77.795303,
                23.536802
              ],
              [
                77.795181,
                23.5368
              ],
              [
                77.794885,
                23.536709
              ],
              [
                77.794787,
                23.536583
              ],
              [
                77.794866,
                23.536508
              ]
            ]
          ]
        },
        "geometry_similarity": 0.71,
        "boundary_difference": 2.73,
        "confidence": 0.62,
        "explanation": "Synthetic AI candidate boundary for visual assistance only; it is not an official cadastral boundary.",
        "data_disclaimer": "SYNTHETIC DEMO GIS DATA \u2014 NOT AN OFFICIAL CADASTRAL MAP"
      },
      "geometry": {
        "type": "Polygon",
        "coordinates": [
          [
            [
              77.795118,
              23.536409
            ],
            [
              77.7955,
              23.536381
            ],
            [
              77.79556,
              23.536492
            ],
            [
              77.795496,
              23.536637
            ],
            [
              77.7953,
              23.536669
            ],
            [
              77.795081,
              23.536567
            ],
            [
              77.795044,
              23.536493
            ],
            [
              77.795118,
              23.536409
            ]
          ]
        ]
      }
    },
    {
      "type": "Feature",
      "properties": {
        "property_id": "P1831",
        "parcel_id": "P1831",
        "reference_geometry": {
          "type": "Polygon",
          "coordinates": [
            [
              [
                77.795184,
                23.538807
              ],
              [
                77.795537,
                23.538815
              ],
              [
                77.795556,
                23.538885
              ],
              [
                77.795505,
                23.53899
              ],
              [
                77.795376,
                23.539006
              ],
              [
                77.795168,
                23.538948
              ],
              [
                77.795156,
                23.538881
              ],
              [
                77.795184,
                23.538807
              ]
            ]
          ]
        },
        "ai_candidate_geometry": {
          "type": "Polygon",
          "coordinates": [
            [
              [
                77.795019,
                23.538661
              ],
              [
                77.795459,
                23.538651
              ],
              [
                77.795492,
                23.538756
              ],
              [
                77.795431,
                23.538883
              ],
              [
                77.795265,
                23.538863
              ],
              [
                77.795066,
                23.538776
              ],
              [
                77.794998,
                23.538736
              ],
              [
                77.795019,
                23.538661
              ]
            ]
          ]
        },
        "geometry_similarity": 0.8,
        "boundary_difference": 6.48,
        "confidence": 0.8,
        "explanation": "Synthetic AI candidate boundary for visual assistance only; it is not an official cadastral boundary.",
        "data_disclaimer": "SYNTHETIC DEMO GIS DATA \u2014 NOT AN OFFICIAL CADASTRAL MAP"
      },
      "geometry": {
        "type": "Polygon",
        "coordinates": [
          [
            [
              77.795184,
              23.538807
            ],
            [
              77.795537,
              23.538815
            ],
            [
              77.795556,
              23.538885
            ],
            [
              77.795505,
              23.53899
            ],
            [
              77.795376,
              23.539006
            ],
            [
              77.795168,
              23.538948
            ],
            [
              77.795156,
              23.538881
            ],
            [
              77.795184,
              23.538807
            ]
          ]
        ]
      }
    },
    {
      "type": "Feature",
      "properties": {
        "property_id": "P1841",
        "parcel_id": "P1841",
        "reference_geometry": {
          "type": "Polygon",
          "coordinates": [
            [
              [
                77.795029,
                23.54123
              ],
              [
                77.795427,
                23.541212
              ],
              [
                77.795441,
                23.541333
              ],
              [
                77.795384,
                23.541511
              ],
              [
                77.795218,
                23.54152
              ],
              [
                77.794984,
                23.54141
              ],
              [
                77.794963,
                23.541312
              ],
              [
                77.795029,
                23.54123
              ]
            ]
          ]
        },
        "ai_candidate_geometry": {
          "type": "Polygon",
          "coordinates": [
            [
              [
                77.794943,
                23.541246
              ],
              [
                77.795443,
                23.541285
              ],
              [
                77.795415,
                23.541385
              ],
              [
                77.795357,
                23.541607
              ],
              [
                77.795198,
                23.541605
              ],
              [
                77.794979,
                23.541525
              ],
              [
                77.794928,
                23.541379
              ],
              [
                77.794943,
                23.541246
              ]
            ]
          ]
        },
        "geometry_similarity": 0.76,
        "boundary_difference": 4.92,
        "confidence": 0.75,
        "explanation": "Synthetic AI candidate boundary for visual assistance only; it is not an official cadastral boundary.",
        "data_disclaimer": "SYNTHETIC DEMO GIS DATA \u2014 NOT AN OFFICIAL CADASTRAL MAP"
      },
      "geometry": {
        "type": "Polygon",
        "coordinates": [
          [
            [
              77.795029,
              23.54123
            ],
            [
              77.795427,
              23.541212
            ],
            [
              77.795441,
              23.541333
            ],
            [
              77.795384,
              23.541511
            ],
            [
              77.795218,
              23.54152
            ],
            [
              77.794984,
              23.54141
            ],
            [
              77.794963,
              23.541312
            ],
            [
              77.795029,
              23.54123
            ]
          ]
        ]
      }
    },
    {
      "type": "Feature",
      "properties": {
        "property_id": "P1851",
        "parcel_id": "P1851",
        "reference_geometry": {
          "type": "Polygon",
          "coordinates": [
            [
              [
                77.808207,
                23.531581
              ],
              [
                77.808634,
                23.531571
              ],
              [
                77.808632,
                23.531775
              ],
              [
                77.80855,
                23.531951
              ],
              [
                77.808405,
                23.531955
              ],
              [
                77.8081,
                23.531872
              ],
              [
                77.808141,
                23.531751
              ],
              [
                77.808207,
                23.531581
              ]
            ]
          ]
        },
        "ai_candidate_geometry": {
          "type": "Polygon",
          "coordinates": [
            [
              [
                77.808334,
                23.531534
              ],
              [
                77.808901,
                23.531557
              ],
              [
                77.808917,
                23.531643
              ],
              [
                77.808839,
                23.531928
              ],
              [
                77.808634,
                23.531926
              ],
              [
                77.808352,
                23.53183
              ],
              [
                77.808342,
                23.531719
              ],
              [
                77.808334,
                23.531534
              ]
            ]
          ]
        },
        "geometry_similarity": 0.8,
        "boundary_difference": 5.15,
        "confidence": 0.71,
        "explanation": "Synthetic AI candidate boundary for visual assistance only; it is not an official cadastral boundary.",
        "data_disclaimer": "SYNTHETIC DEMO GIS DATA \u2014 NOT AN OFFICIAL CADASTRAL MAP"
      },
      "geometry": {
        "type": "Polygon",
        "coordinates": [
          [
            [
              77.808207,
              23.531581
            ],
            [
              77.808634,
              23.531571
            ],
            [
              77.808632,
              23.531775
            ],
            [
              77.80855,
              23.531951
            ],
            [
              77.808405,
              23.531955
            ],
            [
              77.8081,
              23.531872
            ],
            [
              77.808141,
              23.531751
            ],
            [
              77.808207,
              23.531581
            ]
          ]
        ]
      }
    },
    {
      "type": "Feature",
      "properties": {
        "property_id": "P1861",
        "parcel_id": "P1861",
        "reference_geometry": {
          "type": "Polygon",
          "coordinates": [
            [
              [
                77.808161,
                23.533882
              ],
              [
                77.808333,
                23.53387
              ],
              [
                77.808349,
                23.533956
              ],
              [
                77.808331,
                23.534105
              ],
              [
                77.808258,
                23.534123
              ],
              [
                77.808164,
                23.534025
              ],
              [
                77.808151,
                23.533967
              ],
              [
                77.808161,
                23.533882
              ]
            ]
          ]
        },
        "ai_candidate_geometry": {
          "type": "Polygon",
          "coordinates": [
            [
              [
                77.80801,
                23.533692
              ],
              [
                77.80821,
                23.533675
              ],
              [
                77.808228,
                23.533796
              ],
              [
                77.808169,
                23.533922
              ],
              [
                77.808115,
                23.533926
              ],
              [
                77.807986,
                23.53387
              ],
              [
                77.807983,
                23.533756
              ],
              [
                77.80801,
                23.533692
              ]
            ]
          ]
        },
        "geometry_similarity": 0.75,
        "boundary_difference": 11.83,
        "confidence": 0.79,
        "explanation": "Synthetic AI candidate boundary for visual assistance only; it is not an official cadastral boundary.",
        "data_disclaimer": "SYNTHETIC DEMO GIS DATA \u2014 NOT AN OFFICIAL CADASTRAL MAP"
      },
      "geometry": {
        "type": "Polygon",
        "coordinates": [
          [
            [
              77.808161,
              23.533882
            ],
            [
              77.808333,
              23.53387
            ],
            [
              77.808349,
              23.533956
            ],
            [
              77.808331,
              23.534105
            ],
            [
              77.808258,
              23.534123
            ],
            [
              77.808164,
              23.534025
            ],
            [
              77.808151,
              23.533967
            ],
            [
              77.808161,
              23.533882
            ]
          ]
        ]
      }
    },
    {
      "type": "Feature",
      "properties": {
        "property_id": "P1871",
        "parcel_id": "P1871",
        "reference_geometry": {
          "type": "Polygon",
          "coordinates": [
            [
              [
                77.808182,
                23.536417
              ],
              [
                77.808391,
                23.536405
              ],
              [
                77.808394,
                23.536534
              ],
              [
                77.808381,
                23.536717
              ],
              [
                77.808287,
                23.536737
              ],
              [
                77.808168,
                23.536635
              ],
              [
                77.808163,
                23.536544
              ],
              [
                77.808182,
                23.536417
              ]
            ]
          ]
        },
        "ai_candidate_geometry": {
          "type": "Polygon",
          "coordinates": [
            [
              [
                77.808266,
                23.536275
              ],
              [
                77.808493,
                23.536318
              ],
              [
                77.808515,
                23.536391
              ],
              [
                77.808462,
                23.53663
              ],
              [
                77.808384,
                23.536671
              ],
              [
                77.808258,
                23.536481
              ],
              [
                77.808237,
                23.536389
              ],
              [
                77.808266,
                23.536275
              ]
            ]
          ]
        },
        "geometry_similarity": 0.87,
        "boundary_difference": 5.27,
        "confidence": 0.7,
        "explanation": "Synthetic AI candidate boundary for visual assistance only; it is not an official cadastral boundary.",
        "data_disclaimer": "SYNTHETIC DEMO GIS DATA \u2014 NOT AN OFFICIAL CADASTRAL MAP"
      },
      "geometry": {
        "type": "Polygon",
        "coordinates": [
          [
            [
              77.808182,
              23.536417
            ],
            [
              77.808391,
              23.536405
            ],
            [
              77.808394,
              23.536534
            ],
            [
              77.808381,
              23.536717
            ],
            [
              77.808287,
              23.536737
            ],
            [
              77.808168,
              23.536635
            ],
            [
              77.808163,
              23.536544
            ],
            [
              77.808182,
              23.536417
            ]
          ]
        ]
      }
    },
    {
      "type": "Feature",
      "properties": {
        "property_id": "P1881",
        "parcel_id": "P1881",
        "reference_geometry": {
          "type": "Polygon",
          "coordinates": [
            [
              [
                77.808366,
                23.538692
              ],
              [
                77.808584,
                23.538679
              ],
              [
                77.808606,
                23.538795
              ],
              [
                77.808578,
                23.538928
              ],
              [
                77.808479,
                23.538946
              ],
              [
                77.808342,
                23.538863
              ],
              [
                77.808355,
                23.538772
              ],
              [
                77.808366,
                23.538692
              ]
            ]
          ]
        },
        "ai_candidate_geometry": {
          "type": "Polygon",
          "coordinates": [
            [
              [
                77.808177,
                23.538854
              ],
              [
                77.808385,
                23.538849
              ],
              [
                77.808445,
                23.538953
              ],
              [
                77.808366,
                23.53914
              ],
              [
                77.808258,
                23.539164
              ],
              [
                77.808118,
                23.539018
              ],
              [
                77.808144,
                23.538958
              ],
              [
                77.808177,
                23.538854
              ]
            ]
          ]
        },
        "geometry_similarity": 0.83,
        "boundary_difference": 7.63,
        "confidence": 0.66,
        "explanation": "Synthetic AI candidate boundary for visual assistance only; it is not an official cadastral boundary.",
        "data_disclaimer": "SYNTHETIC DEMO GIS DATA \u2014 NOT AN OFFICIAL CADASTRAL MAP"
      },
      "geometry": {
        "type": "Polygon",
        "coordinates": [
          [
            [
              77.808366,
              23.538692
            ],
            [
              77.808584,
              23.538679
            ],
            [
              77.808606,
              23.538795
            ],
            [
              77.808578,
              23.538928
            ],
            [
              77.808479,
              23.538946
            ],
            [
              77.808342,
              23.538863
            ],
            [
              77.808355,
              23.538772
            ],
            [
              77.808366,
              23.538692
            ]
          ]
        ]
      }
    },
    {
      "type": "Feature",
      "properties": {
        "property_id": "P1891",
        "parcel_id": "P1891",
        "reference_geometry": {
          "type": "Polygon",
          "coordinates": [
            [
              [
                77.808199,
                23.541171
              ],
              [
                77.808392,
                23.541168
              ],
              [
                77.808409,
                23.541244
              ],
              [
                77.808383,
                23.541401
              ],
              [
                77.808296,
                23.541402
              ],
              [
                77.808162,
                23.54133
              ],
              [
                77.808161,
                23.541263
              ],
              [
                77.808199,
                23.541171
              ]
            ]
          ]
        },
        "ai_candidate_geometry": {
          "type": "Polygon",
          "coordinates": [
            [
              [
                77.808286,
                23.541223
              ],
              [
                77.808527,
                23.541186
              ],
              [
                77.808585,
                23.541288
              ],
              [
                77.808541,
                23.541456
              ],
              [
                77.808409,
                23.541456
              ],
              [
                77.808269,
                23.541409
              ],
              [
                77.808287,
                23.541279
              ],
              [
                77.808286,
                23.541223
              ]
            ]
          ]
        },
        "geometry_similarity": 0.78,
        "boundary_difference": 9.38,
        "confidence": 0.63,
        "explanation": "Synthetic AI candidate boundary for visual assistance only; it is not an official cadastral boundary.",
        "data_disclaimer": "SYNTHETIC DEMO GIS DATA \u2014 NOT AN OFFICIAL CADASTRAL MAP"
      },
      "geometry": {
        "type": "Polygon",
        "coordinates": [
          [
            [
              77.808199,
              23.541171
            ],
            [
              77.808392,
              23.541168
            ],
            [
              77.808409,
              23.541244
            ],
            [
              77.808383,
              23.541401
            ],
            [
              77.808296,
              23.541402
            ],
            [
              77.808162,
              23.54133
            ],
            [
              77.808161,
              23.541263
            ],
            [
              77.808199,
              23.541171
            ]
          ]
        ]
      }
    },
    {
      "type": "Feature",
      "properties": {
        "property_id": "P1901",
        "parcel_id": "P1901",
        "reference_geometry": {
          "type": "Polygon",
          "coordinates": [
            [
              [
                77.820993,
                23.531564
              ],
              [
                77.821568,
                23.53156
              ],
              [
                77.821664,
                23.531714
              ],
              [
                77.821584,
                23.531947
              ],
              [
                77.821318,
                23.531977
              ],
              [
                77.82097,
                23.531812
              ],
              [
                77.820924,
                23.531715
              ],
              [
                77.820993,
                23.531564
              ]
            ]
          ]
        },
        "ai_candidate_geometry": {
          "type": "Polygon",
          "coordinates": [
            [
              [
                77.821147,
                23.531561
              ],
              [
                77.821892,
                23.53152
              ],
              [
                77.821969,
                23.53179
              ],
              [
                77.821811,
                23.531994
              ],
              [
                77.821569,
                23.532071
              ],
              [
                77.821184,
                23.531911
              ],
              [
                77.82108,
                23.53177
              ],
              [
                77.821147,
                23.531561
              ]
            ]
          ]
        },
        "geometry_similarity": 0.78,
        "boundary_difference": 6.88,
        "confidence": 0.73,
        "explanation": "Synthetic AI candidate boundary for visual assistance only; it is not an official cadastral boundary.",
        "data_disclaimer": "SYNTHETIC DEMO GIS DATA \u2014 NOT AN OFFICIAL CADASTRAL MAP"
      },
      "geometry": {
        "type": "Polygon",
        "coordinates": [
          [
            [
              77.820993,
              23.531564
            ],
            [
              77.821568,
              23.53156
            ],
            [
              77.821664,
              23.531714
            ],
            [
              77.821584,
              23.531947
            ],
            [
              77.821318,
              23.531977
            ],
            [
              77.82097,
              23.531812
            ],
            [
              77.820924,
              23.531715
            ],
            [
              77.820993,
              23.531564
            ]
          ]
        ]
      }
    },
    {
      "type": "Feature",
      "properties": {
        "property_id": "P1911",
        "parcel_id": "P1911",
        "reference_geometry": {
          "type": "Polygon",
          "coordinates": [
            [
              [
                77.820866,
                23.534057
              ],
              [
                77.821549,
                23.534038
              ],
              [
                77.821597,
                23.53419
              ],
              [
                77.821495,
                23.534397
              ],
              [
                77.82123,
                23.534408
              ],
              [
                77.820837,
                23.534284
              ],
              [
                77.820791,
                23.534156
              ],
              [
                77.820866,
                23.534057
              ]
            ]
          ]
        },
        "ai_candidate_geometry": {
          "type": "Polygon",
          "coordinates": [
            [
              [
                77.821116,
                23.533868
              ],
              [
                77.821898,
                23.533856
              ],
              [
                77.821925,
                23.534013
              ],
              [
                77.821746,
                23.534239
              ],
              [
                77.821422,
                23.534321
              ],
              [
                77.821052,
                23.534094
              ],
              [
                77.821022,
                23.534015
              ],
              [
                77.821116,
                23.533868
              ]
            ]
          ]
        },
        "geometry_similarity": 0.87,
        "boundary_difference": 4.41,
        "confidence": 0.7,
        "explanation": "Synthetic AI candidate boundary for visual assistance only; it is not an official cadastral boundary.",
        "data_disclaimer": "SYNTHETIC DEMO GIS DATA \u2014 NOT AN OFFICIAL CADASTRAL MAP"
      },
      "geometry": {
        "type": "Polygon",
        "coordinates": [
          [
            [
              77.820866,
              23.534057
            ],
            [
              77.821549,
              23.534038
            ],
            [
              77.821597,
              23.53419
            ],
            [
              77.821495,
              23.534397
            ],
            [
              77.82123,
              23.534408
            ],
            [
              77.820837,
              23.534284
            ],
            [
              77.820791,
              23.534156
            ],
            [
              77.820866,
              23.534057
            ]
          ]
        ]
      }
    },
    {
      "type": "Feature",
      "properties": {
        "property_id": "P1921",
        "parcel_id": "P1921",
        "reference_geometry": {
          "type": "Polygon",
          "coordinates": [
            [
              [
                77.821088,
                23.536226
              ],
              [
                77.82174,
                23.536208
              ],
              [
                77.82178,
                23.536381
              ],
              [
                77.821703,
                23.536641
              ],
              [
                77.821391,
                23.536712
              ],
              [
                77.821029,
                23.536496
              ],
              [
                77.82097,
                23.536371
              ],
              [
                77.821088,
                23.536226
              ]
            ]
          ]
        },
        "ai_candidate_geometry": {
          "type": "Polygon",
          "coordinates": [
            [
              [
                77.821271,
                23.536138
              ],
              [
                77.822023,
                23.536039
              ],
              [
                77.821985,
                23.536311
              ],
              [
                77.822014,
                23.536609
              ],
              [
                77.821694,
                23.536593
              ],
              [
                77.821201,
                23.536491
              ],
              [
                77.821231,
                23.536259
              ],
              [
                77.821271,
                23.536138
              ]
            ]
          ]
        },
        "geometry_similarity": 0.71,
        "boundary_difference": 9.79,
        "confidence": 0.67,
        "explanation": "Synthetic AI candidate boundary for visual assistance only; it is not an official cadastral boundary.",
        "data_disclaimer": "SYNTHETIC DEMO GIS DATA \u2014 NOT AN OFFICIAL CADASTRAL MAP"
      },
      "geometry": {
        "type": "Polygon",
        "coordinates": [
          [
            [
              77.821088,
              23.536226
            ],
            [
              77.82174,
              23.536208
            ],
            [
              77.82178,
              23.536381
            ],
            [
              77.821703,
              23.536641
            ],
            [
              77.821391,
              23.536712
            ],
            [
              77.821029,
              23.536496
            ],
            [
              77.82097,
              23.536371
            ],
            [
              77.821088,
              23.536226
            ]
          ]
        ]
      }
    },
    {
      "type": "Feature",
      "properties": {
        "property_id": "P1931",
        "parcel_id": "P1931",
        "reference_geometry": {
          "type": "Polygon",
          "coordinates": [
            [
              [
                77.821126,
                23.538647
              ],
              [
                77.821494,
                23.538663
              ],
              [
                77.821526,
                23.538763
              ],
              [
                77.821481,
                23.538969
              ],
              [
                77.821328,
                23.538974
              ],
              [
                77.821071,
                23.538863
              ],
              [
                77.82107,
                23.53876
              ],
              [
                77.821126,
                23.538647
              ]
            ]
          ]
        },
        "ai_candidate_geometry": {
          "type": "Polygon",
          "coordinates": [
            [
              [
                77.821238,
                23.538413
              ],
              [
                77.821724,
                23.53842
              ],
              [
                77.821782,
                23.538556
              ],
              [
                77.821686,
                23.538784
              ],
              [
                77.821468,
                23.538855
              ],
              [
                77.821187,
                23.538679
              ],
              [
                77.821219,
                23.538593
              ],
              [
                77.821238,
                23.538413
              ]
            ]
          ]
        },
        "geometry_similarity": 0.69,
        "boundary_difference": 5.22,
        "confidence": 0.84,
        "explanation": "Synthetic AI candidate boundary for visual assistance only; it is not an official cadastral boundary.",
        "data_disclaimer": "SYNTHETIC DEMO GIS DATA \u2014 NOT AN OFFICIAL CADASTRAL MAP"
      },
      "geometry": {
        "type": "Polygon",
        "coordinates": [
          [
            [
              77.821126,
              23.538647
            ],
            [
              77.821494,
              23.538663
            ],
            [
              77.821526,
              23.538763
            ],
            [
              77.821481,
              23.538969
            ],
            [
              77.821328,
              23.538974
            ],
            [
              77.821071,
              23.538863
            ],
            [
              77.82107,
              23.53876
            ],
            [
              77.821126,
              23.538647
            ]
          ]
        ]
      }
    },
    {
      "type": "Feature",
      "properties": {
        "property_id": "P1941",
        "parcel_id": "P1941",
        "reference_geometry": {
          "type": "Polygon",
          "coordinates": [
            [
              [
                77.821175,
                23.5411
              ],
              [
                77.821619,
                23.541103
              ],
              [
                77.821675,
                23.541259
              ],
              [
                77.821575,
                23.541528
              ],
              [
                77.821374,
                23.541561
              ],
              [
                77.821096,
                23.541409
              ],
              [
                77.821071,
                23.541278
              ],
              [
                77.821175,
                23.5411
              ]
            ]
          ]
        },
        "ai_candidate_geometry": {
          "type": "Polygon",
          "coordinates": [
            [
              [
                77.821378,
                23.541285
              ],
              [
                77.821845,
                23.541172
              ],
              [
                77.821929,
                23.541437
              ],
              [
                77.821885,
                23.541648
              ],
              [
                77.821625,
                23.541716
              ],
              [
                77.821334,
                23.541594
              ],
              [
                77.821245,
                23.541446
              ],
              [
                77.821378,
                23.541285
              ]
            ]
          ]
        },
        "geometry_similarity": 0.69,
        "boundary_difference": 2.57,
        "confidence": 0.69,
        "explanation": "Synthetic AI candidate boundary for visual assistance only; it is not an official cadastral boundary.",
        "data_disclaimer": "SYNTHETIC DEMO GIS DATA \u2014 NOT AN OFFICIAL CADASTRAL MAP"
      },
      "geometry": {
        "type": "Polygon",
        "coordinates": [
          [
            [
              77.821175,
              23.5411
            ],
            [
              77.821619,
              23.541103
            ],
            [
              77.821675,
              23.541259
            ],
            [
              77.821575,
              23.541528
            ],
            [
              77.821374,
              23.541561
            ],
            [
              77.821096,
              23.541409
            ],
            [
              77.821071,
              23.541278
            ],
            [
              77.821175,
              23.5411
            ]
          ]
        ]
      }
    },
    {
      "type": "Feature",
      "properties": {
        "property_id": "P1951",
        "parcel_id": "P1951",
        "reference_geometry": {
          "type": "Polygon",
          "coordinates": [
            [
              [
                77.834134,
                23.531382
              ],
              [
                77.834469,
                23.531394
              ],
              [
                77.834489,
                23.531589
              ],
              [
                77.83443,
                23.531953
              ],
              [
                77.834307,
                23.531988
              ],
              [
                77.834116,
                23.531809
              ],
              [
                77.834073,
                23.531617
              ],
              [
                77.834134,
                23.531382
              ]
            ]
          ]
        },
        "ai_candidate_geometry": {
          "type": "Polygon",
          "coordinates": [
            [
              [
                77.833938,
                23.531236
              ],
              [
                77.83434,
                23.531338
              ],
              [
                77.834356,
                23.531588
              ],
              [
                77.834286,
                23.531946
              ],
              [
                77.834174,
                23.532032
              ],
              [
                77.833906,
                23.531752
              ],
              [
                77.833904,
                23.531626
              ],
              [
                77.833938,
                23.531236
              ]
            ]
          ]
        },
        "geometry_similarity": 0.72,
        "boundary_difference": 10.62,
        "confidence": 0.75,
        "explanation": "Synthetic AI candidate boundary for visual assistance only; it is not an official cadastral boundary.",
        "data_disclaimer": "SYNTHETIC DEMO GIS DATA \u2014 NOT AN OFFICIAL CADASTRAL MAP"
      },
      "geometry": {
        "type": "Polygon",
        "coordinates": [
          [
            [
              77.834134,
              23.531382
            ],
            [
              77.834469,
              23.531394
            ],
            [
              77.834489,
              23.531589
            ],
            [
              77.83443,
              23.531953
            ],
            [
              77.834307,
              23.531988
            ],
            [
              77.834116,
              23.531809
            ],
            [
              77.834073,
              23.531617
            ],
            [
              77.834134,
              23.531382
            ]
          ]
        ]
      }
    },
    {
      "type": "Feature",
      "properties": {
        "property_id": "P1961",
        "parcel_id": "P1961",
        "reference_geometry": {
          "type": "Polygon",
          "coordinates": [
            [
              [
                77.834016,
                23.533882
              ],
              [
                77.834596,
                23.533884
              ],
              [
                77.8346,
                23.534022
              ],
              [
                77.834569,
                23.53421
              ],
              [
                77.834312,
                23.53424
              ],
              [
                77.833998,
                23.534092
              ],
              [
                77.83395,
                23.534014
              ],
              [
                77.834016,
                23.533882
              ]
            ]
          ]
        },
        "ai_candidate_geometry": {
          "type": "Polygon",
          "coordinates": [
            [
              [
                77.833878,
                23.533753
              ],
              [
                77.83449,
                23.533763
              ],
              [
                77.834585,
                23.533868
              ],
              [
                77.834426,
                23.534123
              ],
              [
                77.834255,
                23.534178
              ],
              [
                77.833887,
                23.534054
              ],
              [
                77.83383,
                23.533909
              ],
              [
                77.833878,
                23.533753
              ]
            ]
          ]
        },
        "geometry_similarity": 0.72,
        "boundary_difference": 2.65,
        "confidence": 0.83,
        "explanation": "Synthetic AI candidate boundary for visual assistance only; it is not an official cadastral boundary.",
        "data_disclaimer": "SYNTHETIC DEMO GIS DATA \u2014 NOT AN OFFICIAL CADASTRAL MAP"
      },
      "geometry": {
        "type": "Polygon",
        "coordinates": [
          [
            [
              77.834016,
              23.533882
            ],
            [
              77.834596,
              23.533884
            ],
            [
              77.8346,
              23.534022
            ],
            [
              77.834569,
              23.53421
            ],
            [
              77.834312,
              23.53424
            ],
            [
              77.833998,
              23.534092
            ],
            [
              77.83395,
              23.534014
            ],
            [
              77.834016,
              23.533882
            ]
          ]
        ]
      }
    },
    {
      "type": "Feature",
      "properties": {
        "property_id": "P1971",
        "parcel_id": "P1971",
        "reference_geometry": {
          "type": "Polygon",
          "coordinates": [
            [
              [
                77.833851,
                23.536362
              ],
              [
                77.83455,
                23.536357
              ],
              [
                77.834627,
                23.536473
              ],
              [
                77.834545,
                23.536625
              ],
              [
                77.834222,
                23.536636
              ],
              [
                77.833766,
                23.536533
              ],
              [
                77.833788,
                23.53646
              ],
              [
                77.833851,
                23.536362
              ]
            ]
          ]
        },
        "ai_candidate_geometry": {
          "type": "Polygon",
          "coordinates": [
            [
              [
                77.833666,
                23.536247
              ],
              [
                77.834375,
                23.536247
              ],
              [
                77.834511,
                23.536376
              ],
              [
                77.834339,
                23.536503
              ],
              [
                77.833988,
                23.536534
              ],
              [
                77.833515,
                23.536437
              ],
              [
                77.833562,
                23.536363
              ],
              [
                77.833666,
                23.536247
              ]
            ]
          ]
        },
        "geometry_similarity": 0.74,
        "boundary_difference": 5.72,
        "confidence": 0.69,
        "explanation": "Synthetic AI candidate boundary for visual assistance only; it is not an official cadastral boundary.",
        "data_disclaimer": "SYNTHETIC DEMO GIS DATA \u2014 NOT AN OFFICIAL CADASTRAL MAP"
      },
      "geometry": {
        "type": "Polygon",
        "coordinates": [
          [
            [
              77.833851,
              23.536362
            ],
            [
              77.83455,
              23.536357
            ],
            [
              77.834627,
              23.536473
            ],
            [
              77.834545,
              23.536625
            ],
            [
              77.834222,
              23.536636
            ],
            [
              77.833766,
              23.536533
            ],
            [
              77.833788,
              23.53646
            ],
            [
              77.833851,
              23.536362
            ]
          ]
        ]
      }
    },
    {
      "type": "Feature",
      "properties": {
        "property_id": "P1981",
        "parcel_id": "P1981",
        "reference_geometry": {
          "type": "Polygon",
          "coordinates": [
            [
              [
                77.834123,
                23.538696
              ],
              [
                77.834447,
                23.538705
              ],
              [
                77.834474,
                23.538833
              ],
              [
                77.834424,
                23.539043
              ],
              [
                77.834279,
                23.539097
              ],
              [
                77.834101,
                23.538948
              ],
              [
                77.834076,
                23.538814
              ],
              [
                77.834123,
                23.538696
              ]
            ]
          ]
        },
        "ai_candidate_geometry": {
          "type": "Polygon",
          "coordinates": [
            [
              [
                77.834203,
                23.538748
              ],
              [
                77.834556,
                23.538696
              ],
              [
                77.834545,
                23.538889
              ],
              [
                77.834526,
                23.539067
              ],
              [
                77.834342,
                23.539175
              ],
              [
                77.834152,
                23.53903
              ],
              [
                77.834133,
                23.538838
              ],
              [
                77.834203,
                23.538748
              ]
            ]
          ]
        },
        "geometry_similarity": 0.82,
        "boundary_difference": 8.01,
        "confidence": 0.68,
        "explanation": "Synthetic AI candidate boundary for visual assistance only; it is not an official cadastral boundary.",
        "data_disclaimer": "SYNTHETIC DEMO GIS DATA \u2014 NOT AN OFFICIAL CADASTRAL MAP"
      },
      "geometry": {
        "type": "Polygon",
        "coordinates": [
          [
            [
              77.834123,
              23.538696
            ],
            [
              77.834447,
              23.538705
            ],
            [
              77.834474,
              23.538833
            ],
            [
              77.834424,
              23.539043
            ],
            [
              77.834279,
              23.539097
            ],
            [
              77.834101,
              23.538948
            ],
            [
              77.834076,
              23.538814
            ],
            [
              77.834123,
              23.538696
            ]
          ]
        ]
      }
    },
    {
      "type": "Feature",
      "properties": {
        "property_id": "P1991",
        "parcel_id": "P1991",
        "reference_geometry": {
          "type": "Polygon",
          "coordinates": [
            [
              [
                77.83411,
                23.541215
              ],
              [
                77.834455,
                23.541197
              ],
              [
                77.834476,
                23.5413
              ],
              [
                77.834429,
                23.541452
              ],
              [
                77.834271,
                23.541487
              ],
              [
                77.83406,
                23.541379
              ],
              [
                77.834068,
                23.541298
              ],
              [
                77.83411,
                23.541215
              ]
            ]
          ]
        },
        "ai_candidate_geometry": {
          "type": "Polygon",
          "coordinates": [
            [
              [
                77.834171,
                23.541161
              ],
              [
                77.834562,
                23.541148
              ],
              [
                77.83463,
                23.541261
              ],
              [
                77.834546,
                23.541411
              ],
              [
                77.834366,
                23.541447
              ],
              [
                77.834156,
                23.541348
              ],
              [
                77.834127,
                23.541251
              ],
              [
                77.834171,
                23.541161
              ]
            ]
          ]
        },
        "geometry_similarity": 0.74,
        "boundary_difference": 10.5,
        "confidence": 0.73,
        "explanation": "Synthetic AI candidate boundary for visual assistance only; it is not an official cadastral boundary.",
        "data_disclaimer": "SYNTHETIC DEMO GIS DATA \u2014 NOT AN OFFICIAL CADASTRAL MAP"
      },
      "geometry": {
        "type": "Polygon",
        "coordinates": [
          [
            [
              77.83411,
              23.541215
            ],
            [
              77.834455,
              23.541197
            ],
            [
              77.834476,
              23.5413
            ],
            [
              77.834429,
              23.541452
            ],
            [
              77.834271,
              23.541487
            ],
            [
              77.83406,
              23.541379
            ],
            [
              77.834068,
              23.541298
            ],
            [
              77.83411,
              23.541215
            ]
          ]
        ]
      }
    }
  ],
  "metadata": {
    "disclaimer": "SYNTHETIC DEMO GIS DATA \u2014 NOT AN OFFICIAL CADASTRAL MAP",
    "crs": "EPSG:4326"
  }
}