match_id,property_id,match_score,match_probability,confidence_level,matching_factors,explanation,match_status,data_type
MATCH-1001,P1001,0.9,0.9,HIGH,"{""owner_similarity"":0.84,""parcel_similarity"":1.0,""survey_similarity"":1.0,""area_similarity"":0.98,""address_similarity"":0.91,""landuse_similarity"":0.62,""gis_similarity"":0.95}","Likely candidate match based on parcel, survey, owner similarity and spatial comparison; not a legal ownership decision.",MATCH,SYNTHETIC DEMO DATA — NOT OFFICIAL GOVERNMENT RECORDS
MATCH-1002,P1002,0.964,0.964,HIGH,"{""owner_similarity"":0.96,""parcel_similarity"":1.0,""survey_similarity"":1.0,""area_similarity"":0.98,""address_similarity"":0.91,""landuse_similarity"":0.95,""gis_similarity"":0.95}","Likely candidate match based on parcel, survey, owner similarity and spatial comparison; not a legal ownership decision.",MATCH,SYNTHETIC DEMO DATA — NOT OFFICIAL GOVERNMENT RECORDS
MATCH-1003,P1003,0.964,0.964,HIGH,"{""owner_similarity"":0.96,""parcel_similarity"":1.0,""survey_similarity"":1.0,""area_similarity"":0.98,""address_similarity"":0.91,""landuse_similarity"":0.95,""gis_similarity"":0.95}","Likely candidate match based on parcel, survey, owner similarity and spatial comparison; not a legal ownership decision.",MATCH,SYNTHETIC DEMO DATA — NOT OFFICIAL GOVERNMENT RECORDS
MATCH-1004,P1004,0.964,0.964,HIGH,"{""owner_similarity"":0.96,""parcel_similarity"":1.0,""survey_similarity"":1.0,""area_similarity"":0.98,""address_similarity"":0.91,""landuse_similarity"":0.95,""gis_similarity"":0.95}","Likely candidate match based on parcel, survey, owner similarity and spatial comparison; not a legal ownership decision.",MATCH,SYNTHETIC DEMO DATA — NOT OFFICIAL GOVERNMENT RECORDS
MATCH-1005,P1005,0.964,0.964,HIGH,"{""owner_similarity"":0.96,""parcel_similarity"":1.0,""survey_similarity"":1.0,""area_similarity"":0.98,""address_similarity"":0.91,""landuse_similarity"":0.95,""gis_similarity"":0.95}","Likely candidate match based on parcel, survey, owner similarity and spatial comparison; not a legal ownership decision.",MATCH,SYNTHETIC DEMO DATA — NOT OFFICIAL GOVERNMENT RECORDS
MATCH-1006,P1006,0.964,0.964,HIGH,"{""owner_similarity"":0.96,""parcel_similarity"":1.0,""survey_similarity"":1.0,""area_similarity"":0.98,""address_similarity"":0.91,""landuse_similarity"":0.95,""gis_similarity"":0.95}","Likely candidate match based on parcel, survey, owner similarity and spatial comparison; not a legal ownership decision.",MATCH,SYNTHETIC DEMO DATA — NOT OFFICIAL GOVERNMENT RECORDS
MATCH-1007,P1007,0.964,0.964,HIGH,"{""owner_similarity"":0.96,""parcel_similarity"":1.0,""survey_similarity"":1.0,""area_similarity"":0.98,""address_similarity"":0.91,""landuse_similarity"":0.95,""gis_similarity"":0.95}","Likely candidate match based on parcel, survey, owner similarity and spatial comparison; not a legal ownership decision.",MATCH,SYNTHETIC DEMO DATA — NOT OFFICIAL GOVERNMENT RECORDS
MATCH-1008,P1008,0.964,0.964,HIGH,"{""owner_similarity"":0.96,""parcel_similarity"":1.0,""survey_similarity"":1.0,""area_similarity"":0.98,""address_similarity"":0.91,""landuse_similarity"":0.95,""gis_similarity"":0.95}","Likely candidate match based on parcel, survey, owner similarity and spatial comparison; not a legal ownership decision.",MATCH,SYNTHETIC DEMO DATA — NOT OFFICIAL GOVERNMENT RECORDS
MATCH-1009,P1009,0.964,0.964,HIGH,"{""owner_similarity"":0.96,""parcel_similarity"":1.0,""survey_similarity"":1.0,""area_similarity"":0.98,""address_similarity"":0.91,""landuse_similarity"":0.95,""gis_similarity"":0.95}","Likely candidate match based on parcel, survey, owner similarity and spatial comparison; not a legal ownership decision.",MATCH,SYNTHETIC DEMO DATA — NOT OFFICIAL GOVERNMENT RECORDS
MATCH-1010,P1010,0.947,0.947,HIGH,"{""owner_similarity"":0.84,""parcel_similarity"":1.0,""survey_similarity"":1.0,""area_similarity"":0.98,""address_similarity"":0.91,""landuse_similarity"":0.95,""gis_similarity"":0.95}","Likely candidate match based on parcel, survey, owner similarity and spatial comparison; not a legal ownership decision.",MATCH,SYNTHETIC DEMO DATA — NOT OFFICIAL GOVERNMENT RECORDS
MATCH-1011,P1011,0.964,0.964,HIGH,"{""owner_similarity"":0.96,""parcel_similarity"":1.0,""survey_similarity"":1.0,""area_similarity"":0.98,""address_similarity"":0.91,""landuse_similarity"":0.95,""gis_similarity"":0.95}","Likely candidate match based on parcel, survey, owner similarity and spatial comparison; not a legal ownership decision.",MATCH,SYNTHETIC DEMO DATA — NOT OFFICIAL GOVERNMENT RECORDS
MATCH-1012,P1012,0.964,0.964,HIGH,"{""owner_similarity"":0.96,""parcel_similarity"":1.0,""survey_similarity"":1.0,""area_similarity"":0.98,""address_similarity"":0.91,""landuse_similarity"":0.95,""gis_similarity"":0.95}","Likely candidate match based on parcel, survey, owner similarity and spatial comparison; not a legal ownership decision.",MATCH,SYNTHETIC DEMO DATA — NOT OFFICIAL GOVERNMENT RECORDS
MATCH-1013,P1013,0.964,0.964,HIGH,"{""owner_similarity"":0.96,""parcel_similarity"":1.0,""survey_similarity"":1.0,""area_similarity"":0.98,""address_similarity"":0.91,""landuse_similarity"":0.95,""gis_similarity"":0.95}","Likely candidate match based on parcel, survey, owner similarity and spatial comparison; not a legal ownership decision.",MATCH,SYNTHETIC DEMO DATA — NOT OFFICIAL GOVERNMENT RECORDS
MATCH-1014,P1014,0.964,0.964,HIGH,"{""owner_similarity"":0.96,""parcel_similarity"":1.0,""survey_similarity"":1.0,""area_similarity"":0.98,""address_similarity"":0.91,""landuse_similarity"":0.95,""gis_similarity"":0.95}","Likely candidate match based on parcel, survey, owner similarity and spatial comparison; not a legal ownership decision.",MATCH,SYNTHETIC DEMO DATA — NOT OFFICIAL GOVERNMENT RECORDS
MATCH-1015,P1015,0.964,0.964,HIGH,"{""owner_similarity"":0.96,""parcel_similarity"":1.0,""survey_similarity"":1.0,""area_similarity"":0.98,""address_similarity"":0.91,""landuse_similarity"":0.95,""gis_similarity"":0.95}","Likely candidate match based on parcel, survey, owner similarity and spatial comparison; not a legal ownership decision.",MATCH,SYNTHETIC DEMO DATA — NOT OFFICIAL GOVERNMENT RECORDS
MATCH-1016,P1016,0.964,0.964,HIGH,"{""owner_similarity"":0.96,""parcel_similarity"":1.0,""survey_similarity"":1.0,""area_similarity"":0.98,""address_similarity"":0.91,""landuse_similarity"":0.95,""gis_similarity"":0.95}","Likely candidate match based on parcel, survey, owner similarity and spatial comparison; not a legal ownership decision.",MATCH,SYNTHETIC DEMO DATA — NOT OFFICIAL GOVERNMENT RECORDS
MATCH-1017,P1017,0.964,0.964,HIGH,"{""owner_similarity"":0.96,""parcel_similarity"":1.0,""survey_similarity"":1.0,""area_similarity"":0.98,""address_similarity"":0.91,""landuse_similarity"":0.95,""gis_similarity"":0.95}","Likely candidate match based on parcel, survey, owner similarity and spatial comparison; not a legal ownership decision.",MATCH,SYNTHETIC DEMO DATA — NOT OFFICIAL GOVERNMENT RECORDS
MATCH-1018,P1018,0.917,0.917,HIGH,"{""owner_similarity"":0.96,""parcel_similarity"":1.0,""survey_similarity"":1.0,""area_similarity"":0.98,""address_similarity"":0.91,""landuse_similarity"":0.62,""gis_similarity"":0.95}","Likely candidate match based on parcel, survey, owner similarity and spatial comparison; not a legal ownership decision.",MATCH,SYNTHETIC DEMO DATA — NOT OFFICIAL GOVERNMENT RECORDS
MATCH-1019,P1019,0.947,0.947,HIGH,"{""owner_similarity"":0.84,""parcel_similarity"":1.0,""survey_similarity"":1.0,""area_similarity"":0.98,""address_similarity"":0.91,""landuse_similarity"":0.95,""gis_similarity"":0.95}","Likely candidate match based on parcel, survey, owner similarity and spatial comparison; not a legal ownership decision.",MATCH,SYNTHETIC DEMO DATA — NOT OFFICIAL GOVERNMENT RECORDS
MATCH-1020,P1020,0.964,0.964,HIGH,"{""owner_similarity"":0.96,""parcel_similarity"":1.0,""survey_similarity"":1.0,""area_similarity"":0.98,""address_similarity"":0.91,""landuse_similarity"":0.95,""gis_similarity"":0.95}","Likely candidate match based on parcel, survey, owner similarity and spatial comparison; not a legal ownership decision.",MATCH,SYNTHETIC DEMO DATA — NOT OFFICIAL GOVERNMENT RECORDS
MATCH-1021,P1021,0.964,0.964,HIGH,"{""owner_similarity"":0.96,""parcel_similarity"":1.0,""survey_similarity"":1.0,""area_similarity"":0.98,""address_similarity"":0.91,""landuse_similarity"":0.95,""gis_similarity"":0.95}","Likely candidate match based on parcel, survey, owner similarity and spatial comparison; not a legal ownership decision.",MATCH,SYNTHETIC DEMO DATA — NOT OFFICIAL GOVERNMENT RECORDS
MATCH-1022,P1022,0.964,0.964,HIGH,"{""owner_similarity"":0.96,""parcel_similarity"":1.0,""survey_similarity"":1.0,""area_similarity"":0.98,""address_similarity"":0.91,""landuse_similarity"":0.95,""gis_similarity"":0.95}","Likely candidate match based on parcel, survey, owner similarity and spatial comparison; not a legal ownership decision.",MATCH,SYNTHETIC DEMO DATA — NOT OFFICIAL GOVERNMENT RECORDS
MATCH-1023,P1023,0.964,0.964,HIGH,"{""owner_similarity"":0.96,""parcel_similarity"":1.0,""survey_similarity"":1.0,""area_similarity"":0.98,""address_similarity"":0.91,""landuse_similarity"":0.95,""gis_similarity"":0.95}","Likely candidate match based on parcel, survey, owner similarity and spatial comparison; not a legal ownership decision.",MATCH,SYNTHETIC DEMO DATA — NOT OFFICIAL GOVERNMENT RECORDS
MATCH-1024,P1024,0.964,0.964,HIGH,"{""owner_similarity"":0.96,""parcel_similarity"":1.0,""survey_similarity"":1.0,""area_similarity"":0.98,""address_similarity"":0.91,""landuse_similarity"":0.95,""gis_similarity"":0.95}","Likely candidate match based on parcel, survey, owner similarity and spatial comparison; not a legal ownership decision.",MATCH,SYNTHETIC DEMO DATA — NOT OFFICIAL GOVERNMENT RECORDS
MATCH-1025,P1025,0.964,0.964,HIGH,"{""owner_similarity"":0.96,""parcel_similarity"":1.0,""survey_similarity"":1.0,""area_similarity"":0.98,""address_similarity"":0.91,""landuse_similarity"":0.95,""gis_similarity"":0.95}","Likely candidate match based on parcel, survey, owner similarity and spatial comparison; not a legal ownership decision.",MATCH,SYNTHETIC DEMO DATA — NOT OFFICIAL GOVERNMENT RECORDS
MATCH-1026,P1026,0.964,0.964,HIGH,"{""owner_similarity"":0.96,""parcel_similarity"":1.0,""survey_similarity"":1.0,""area_similarity"":0.98,""address_similarity"":0.91,""landuse_similarity"":0.95,""gis_similarity"":0.95}","Likely candidate match based on parcel, survey, owner similarity and spatial comparison; not a legal ownership decision.",MATCH,SYNTHETIC DEMO DATA — NOT OFFICIAL GOVERNMENT RECORDS
MATCH-1027,P1027,0.964,0.964,HIGH,"{""owner_similarity"":0.96,""parcel_similarity"":1.0,""survey_similarity"":1.0,""area_similarity"":0.98,""address_similarity"":0.91,""landuse_similarity"":0.95,""gis_similarity"":0.95}","Likely candidate match based on parcel, survey, owner similarity and spatial comparison; not a legal ownership decision.",MATCH,SYNTHETIC DEMO DATA — NOT OFFICIAL GOVERNMENT RECORDS
MATCH-1028,P1028,0.947,0.947,HIGH,"{""owner_similarity"":0.84,""parcel_similarity"":1.0,""survey_similarity"":1.0,""area_similarity"":0.98,""address_similarity"":0.91,""landuse_similarity"":0.95,""gis_similarity"":0.95}","Likely candidate match based on parcel, survey, owner similarity and spatial comparison; not a legal ownership decision.",MATCH,SYNTHETIC DEMO DATA — NOT OFFICIAL GOVERNMENT RECORDS
MATCH-1029,P1029,0.964,0.964,HIGH,"{""owner_similarity"":0.96,""parcel_similarity"":1.0,""survey_similarity"":1.0,""area_similarity"":0.98,""address_similarity"":0.91,""landuse_similarity"":0.95,""gis_similarity"":0.95}","Likely candidate match based on parcel, survey, owner similarity and spatial comparison; not a legal ownership decision.",MATCH,SYNTHETIC DEMO DATA — NOT OFFICIAL GOVERNMENT RECORDS
MATCH-1030,P1030,0.964,0.964,HIGH,"{""owner_similarity"":0.96,""parcel_similarity"":1.0,""survey_similarity"":1.0,""area_similarity"":0.98,""address_similarity"":0.91,""landuse_similarity"":0.95,""gis_similarity"":0.95}","Likely candidate match based on parcel, survey, owner similarity and spatial comparison; not a legal ownership decision.",MATCH,SYNTHETIC DEMO DATA — NOT OFFICIAL GOVERNMENT RECORDS
MATCH-1031,P1031,0.964,0.964,HIGH,"{""owner_similarity"":0.96,""parcel_similarity"":1.0,""survey_similarity"":1.0,""area_similarity"":0.98,""address_similarity"":0.91,""landuse_similarity"":0.95,""gis_similarity"":0.95}","Likely candidate match based on parcel, survey, owner similarity and spatial comparison; not a legal ownership decision.",MATCH,SYNTHETIC DEMO DATA — NOT OFFICIAL GOVERNMENT RECORDS
MATCH-1032,P1032,0.964,0.964,HIGH,"{""owner_similarity"":0.96,""parcel_similarity"":1.0,""survey_similarity"":1.0,""area_similarity"":0.98,""address_similarity"":0.91,""landuse_similarity"":0.95,""gis_similarity"":0.95}","Likely candidate match based on parcel, survey, owner similarity and spatial comparison; not a legal ownership decision.",MATCH,SYNTHETIC DEMO DATA — NOT OFFICIAL GOVERNMENT RECORDS
MATCH-1033,P1033,0.964,0.964,HIGH,"{""owner_similarity"":0.96,""parcel_similarity"":1.0,""survey_similarity"":1.0,""area_similarity"":0.98,""address_similarity"":0.91,""landuse_similarity"":0.95,""gis_similarity"":0.95}","Likely candidate match based on parcel, survey, owner similarity and spatial comparison; not a legal ownership decision.",MATCH,SYNTHETIC DEMO DATA — NOT OFFICIAL GOVERNMENT RECORDS
MATCH-1034,P1034,0.964,0.964,HIGH,"{""owner_similarity"":0.96,""parcel_similarity"":1.0,""survey_similarity"":1.0,""area_similarity"":0.98,""address_similarity"":0.91,""landuse_similarity"":0.95,""gis_similarity"":0.95}","Likely candidate match based on parcel, survey, owner similarity and spatial comparison; not a legal ownership decision.",MATCH,SYNTHETIC DEMO DATA — NOT OFFICIAL GOVERNMENT RECORDS
MATCH-1035,P1035,0.917,0.917,HIGH,"{""owner_similarity"":0.96,""parcel_similarity"":1.0,""survey_similarity"":1.0,""area_similarity"":0.98,""address_similarity"":0.91,""landuse_similarity"":0.62,""gis_similarity"":0.95}","Likely candidate match based on parcel, survey, owner similarity and spatial comparison; not a legal ownership decision.",MATCH,SYNTHETIC DEMO DATA — NOT OFFICIAL GOVERNMENT RECORDS
MATCH-1036,P1036,0.964,0.964,HIGH,"{""owner_similarity"":0.96,""parcel_similarity"":1.0,""survey_similarity"":1.0,""area_similarity"":0.98,""address_similarity"":0.91,""landuse_similarity"":0.95,""gis_similarity"":0.95}","Likely candidate match based on parcel, survey, owner similarity and spatial comparison; not a legal ownership decision.",MATCH,SYNTHETIC DEMO DATA — NOT OFFICIAL GOVERNMENT RECORDS
MATCH-1037,P1037,0.947,0.947,HIGH,"{""owner_similarity"":0.84,""parcel_similarity"":1.0,""survey_similarity"":1.0,""area_similarity"":0.98,""address_similarity"":0.91,""landuse_similarity"":0.95,""gis_similarity"":0.95}","Likely candidate match based on parcel, survey, owner similarity and spatial comparison; not a legal ownership decision.",MATCH,SYNTHETIC DEMO DATA — NOT OFFICIAL GOVERNMENT RECORDS
MATCH-1038,P1038,0.964,0.964,HIGH,"{""owner_similarity"":0.96,""parcel_similarity"":1.0,""survey_similarity"":1.0,""area_similarity"":0.98,""address_similarity"":0.91,""landuse_similarity"":0.95,""gis_similarity"":0.95}","Likely candidate match based on parcel, survey, owner similarity and spatial comparison; not a legal ownership decision.",MATCH,SYNTHETIC DEMO DATA — NOT OFFICIAL GOVERNMENT RECORDS
MATCH-1039,P1039,0.964,0.964,HIGH,"{""owner_similarity"":0.96,""parcel_similarity"":1.0,""survey_similarity"":1.0,""area_similarity"":0.98,""address_similarity"":0.91,""landuse_similarity"":0.95,""gis_similarity"":0.95}","Likely candidate match based on parcel, survey, owner similarity and spatial comparison; not a legal ownership decision.",MATCH,SYNTHETIC DEMO DATA — NOT OFFICIAL GOVERNMENT RECORDS
MATCH-1040,P1040,0.964,0.964,HIGH,"{""owner_similarity"":0.96,""parcel_similarity"":1.0,""survey_similarity"":1.0,""area_similarity"":0.98,""address_similarity"":0.91,""landuse_similarity"":0.95,""gis_similarity"":0.95}","Likely candidate match based on parcel, survey, owner similarity and spatial comparison; not a legal ownership decision.",MATCH,SYNTHETIC DEMO DATA — NOT OFFICIAL GOVERNMENT RECORDS
MATCH-1041,P1041,0.964,0.964,HIGH,"{""owner_similarity"":0.96,""parcel_similarity"":1.0,""survey_similarity"":1.0,""area_similarity"":0.98,""address_similarity"":0.91,""landuse_similarity"":0.95,""gis_similarity"":0.95}","Likely candidate match based on parcel, survey, owner similarity and spatial comparison; not a legal ownership decision.",MATCH,SYNTHETIC DEMO DATA — NOT OFFICIAL GOVERNMENT RECORDS
MATCH-1042,P1042,0.964,0.964,HIGH,"{""owner_similarity"":0.96,""parcel_similarity"":1.0,""survey_similarity"":1.0,""area_similarity"":0.98,""address_similarity"":0.91,""landuse_similarity"":0.95,""gis_similarity"":0.95}","Likely candidate match based on parcel, survey, owner similarity and spatial comparison; not a legal ownership decision.",MATCH,SYNTHETIC DEMO DATA — NOT OFFICIAL GOVERNMENT RECORDS
MATCH-1043,P1043,0.964,0.964,HIGH,"{""owner_similarity"":0.96,""parcel_similarity"":1.0,""survey_similarity"":1.0,""area_similarity"":0.98,""address_similarity"":0.91,""landuse_similarity"":0.95,""gis_similarity"":0.95}","Likely candidate match based on parcel, survey, owner similarity and spatial comparison; not a legal ownership decision.",MATCH,SYNTHETIC DEMO DATA — NOT OFFICIAL GOVERNMENT RECORDS
MATCH-1044,P1044,0.964,0.964,HIGH,"{""owner_similarity"":0.96,""parcel_similarity"":1.0,""survey_similarity"":1.0,""area_similarity"":0.98,""address_similarity"":0.91,""landuse_similarity"":0.95,""gis_similarity"":0.95}","Likely candidate match based on parcel, survey, owner similarity and spatial comparison; not a legal ownership decision.",MATCH,SYNTHETIC DEMO DATA — NOT OFFICIAL GOVERNMENT RECORDS
MATCH-1045,P1045,0.964,0.964,HIGH,"{""owner_similarity"":0.96,""parcel_similarity"":1.0,""survey_similarity"":1.0,""area_similarity"":0.98,""address_similarity"":0.91,""landuse_similarity"":0.95,""gis_similarity"":0.95}","Likely candidate match based on parcel, survey, owner similarity and spatial comparison; not a legal ownership decision.",MATCH,SYNTHETIC DEMO DATA — NOT OFFICIAL GOVERNMENT RECORDS
MATCH-1046,P1046,0.947,0.947,HIGH,"{""owner_similarity"":0.84,""parcel_similarity"":1.0,""survey_similarity"":1.0,""area_similarity"":0.98,""address_similarity"":0.91,""landuse_similarity"":0.95,""gis_similarity"":0.95}","Likely candidate match based on parcel, survey, owner similarity and spatial comparison; not a legal ownership decision.",MATCH,SYNTHETIC DEMO DATA — NOT OFFICIAL GOVERNMENT RECORDS
MATCH-1047,P1047,0.964,0.964,HIGH,"{""owner_similarity"":0.96,""parcel_similarity"":1.0,""survey_similarity"":1.0,""area_similarity"":0.98,""address_similarity"":0.91,""landuse_similarity"":0.95,""gis_similarity"":0.95}","Likely candidate match based on parcel, survey, owner similarity and spatial comparison; not a legal ownership decision.",MATCH,SYNTHETIC DEMO DATA — NOT OFFICIAL GOVERNMENT RECORDS
MATCH-1048,P1048,0.964,0.964,HIGH,"{""owner_similarity"":0.96,""parcel_similarity"":1.0,""survey_similarity"":1.0,""area_similarity"":0.98,""address_similarity"":0.91,""landuse_similarity"":0.95,""gis_similarity"":0.95}","Likely candidate match based on parcel, survey, owner similarity and spatial comparison; not a legal ownership decision.",MATCH,SYNTHETIC DEMO DATA — NOT OFFICIAL GOVERNMENT RECORDS
MATCH-1049,P1049,0.964,0.964,HIGH,"{""owner_similarity"":0.96,""parcel_similarity"":1.0,""survey_similarity"":1.0,""area_similarity"":0.98,""address_similarity"":0.91,""landuse_similarity"":0.95,""gis_similarity"":0.95}","Likely candidate match based on parcel, survey, owner similarity and spatial comparison; not a legal ownership decision.",MATCH,SYNTHETIC DEMO DATA — NOT OFFICIAL GOVERNMENT RECORDS
MATCH-1050,P1050,0.964,0.964,HIGH,"{""owner_similarity"":0.96,""parcel_similarity"":1.0,""survey_similarity"":1.0,""area_similarity"":0.98,""address_similarity"":0.91,""landuse_similarity"":0.95,""gis_similarity"":0.95}","Likely candidate match based on parcel, survey, owner similarity and spatial comparison; not a legal ownership decision.",MATCH,SYNTHETIC DEMO DATA — NOT OFFICIAL GOVERNMENT RECORDS
MATCH-1051,P1051,0.964,0.964,HIGH,"{""owner_similarity"":0.96,""parcel_similarity"":1.0,""survey_similarity"":1.0,""area_similarity"":0.98,""address_similarity"":0.91,""landuse_similarity"":0.95,""gis_similarity"":0.95}","Likely candidate match based on parcel, survey, owner similarity and spatial comparison; not a legal ownership decision.",MATCH,SYNTHETIC DEMO DATA — NOT OFFICIAL GOVERNMENT RECORDS
MATCH-1052,P1052,0.917,0.917,HIGH,"{""owner_similarity"":0.96,""parcel_similarity"":1.0,""survey_similarity"":1.0,""area_similarity"":0.98,""address_similarity"":0.91,""landuse_similarity"":0.62,""gis_similarity"":0.95}","Likely candidate match based on parcel, survey, owner similarity and spatial comparison; not a legal ownership decision.",MATCH,SYNTHETIC DEMO DATA — NOT OFFICIAL GOVERNMENT RECORDS
MATCH-1053,P1053,0.964,0.964,HIGH,"{""owner_similarity"":0.96,""parcel_similarity"":1.0,""survey_similarity"":1.0,""area_similarity"":0.98,""address_similarity"":0.91,""landuse_similarity"":0.95,""gis_similarity"":0.95}","Likely candidate match based on parcel, survey, owner similarity and spatial comparison; not a legal ownership decision.",MATCH,SYNTHETIC DEMO DATA — NOT OFFICIAL GOVERNMENT RECORDS
MATCH-1054,P1054,0.964,0.964,HIGH,"{""owner_similarity"":0.96,""parcel_similarity"":1.0,""survey_similarity"":1.0,""area_similarity"":0.98,""address_similarity"":0.91,""landuse_similarity"":0.95,""gis_similarity"":0.95}","Likely candidate match based on parcel, survey, owner similarity and spatial comparison; not a legal ownership decision.",MATCH,SYNTHETIC DEMO DATA — NOT OFFICIAL GOVERNMENT RECORDS
MATCH-1055,P1055,0.947,0.947,HIGH,"{""owner_similarity"":0.84,""parcel_similarity"":1.0,""survey_similarity"":1.0,""area_similarity"":0.98,""address_similarity"":0.91,""landuse_similarity"":0.95,""gis_similarity"":0.95}","Likely candidate match based on parcel, survey, owner similarity and spatial comparison; not a legal ownership decision.",MATCH,SYNTHETIC DEMO DATA — NOT OFFICIAL GOVERNMENT RECORDS
MATCH-1056,P1056,0.964,0.964,HIGH,"{""owner_similarity"":0.96,""parcel_similarity"":1.0,""survey_similarity"":1.0,""area_similarity"":0.98,""address_similarity"":0.91,""landuse_similarity"":0.95,""gis_similarity"":0.95}","Likely candidate match based on parcel, survey, owner similarity and spatial comparison; not a legal ownership decision.",MATCH,SYNTHETIC DEMO DATA — NOT OFFICIAL GOVERNMENT RECORDS
MATCH-1057,P1057,0.964,0.964,HIGH,"{""owner_similarity"":0.96,""parcel_similarity"":1.0,""survey_similarity"":1.0,""area_similarity"":0.98,""address_similarity"":0.91,""landuse_similarity"":0.95,""gis_similarity"":0.95}","Likely candidate match based on parcel, survey, owner similarity and spatial comparison; not a legal ownership decision.",MATCH,SYNTHETIC DEMO DATA — NOT OFFICIAL GOVERNMENT RECORDS
MATCH-1058,P1058,0.964,0.964,HIGH,"{""owner_similarity"":0.96,""parcel_similarity"":1.0,""survey_similarity"":1.0,""area_similarity"":0.98,""address_similarity"":0.91,""landuse_similarity"":0.95,""gis_similarity"":0.95}","Likely candidate match based on parcel, survey, owner similarity and spatial comparison; not a legal ownership decision.",MATCH,SYNTHETIC DEMO DATA — NOT OFFICIAL GOVERNMENT RECORDS
MATCH-1059,P1059,0.964,0.964,HIGH,"{""owner_similarity"":0.96,""parcel_similarity"":1.0,""survey_similarity"":1.0,""area_similarity"":0.98,""address_similarity"":0.91,""landuse_similarity"":0.95,""gis_similarity"":0.95}","Likely candidate match based on parcel, survey, owner similarity and spatial comparison; not a legal ownership decision.",MATCH,SYNTHETIC DEMO DATA — NOT OFFICIAL GOVERNMENT RECORDS
MATCH-1060,P1060,0.964,0.964,HIGH,"{""owner_similarity"":0.96,""parcel_similarity"":1.0,""survey_similarity"":1.0,""area_similarity"":0.98,""address_similarity"":0.91,""landuse_similarity"":0.95,""gis_similarity"":0.95}","Likely candidate match based on parcel, survey, owner similarity and spatial comparison; not a legal ownership decision.",MATCH,SYNTHETIC DEMO DATA — NOT OFFICIAL GOVERNMENT RECORDS
MATCH-1061,P1061,0.964,0.964,HIGH,"{""owner_similarity"":0.96,""parcel_similarity"":1.0,""survey_similarity"":1.0,""area_similarity"":0.98,""address_similarity"":0.91,""landuse_similarity"":0.95,""gis_similarity"":0.95}","Likely candidate match based on parcel, survey, owner similarity and spatial comparison; not a legal ownership decision.",MATCH,SYNTHETIC DEMO DATA — NOT OFFICIAL GOVERNMENT RECORDS
MATCH-1062,P1062,0.964,0.964,HIGH,"{""owner_similarity"":0.96,""parcel_similarity"":1.0,""survey_similarity"":1.0,""area_similarity"":0.98,""address_similarity"":0.91,""landuse_similarity"":0.95,""gis_similarity"":0.95}","Likely candidate match based on parcel, survey, owner similarity and spatial comparison; not a legal ownership decision.",MATCH,SYNTHETIC DEMO DATA — NOT OFFICIAL GOVERNMENT RECORDS
MATCH-1063,P1063,0.964,0.964,HIGH,"{""owner_similarity"":0.96,""parcel_similarity"":1.0,""survey_similarity"":1.0,""area_similarity"":0.98,""address_similarity"":0.91,""landuse_similarity"":0.95,""gis_similarity"":0.95}","Likely candidate match based on parcel, survey, owner similarity and spatial comparison; not a legal ownership decision.",MATCH,SYNTHETIC DEMO DATA — NOT OFFICIAL GOVERNMENT RECORDS
MATCH-1064,P1064,0.947,0.947,HIGH,"{""owner_similarity"":0.84,""parcel_similarity"":1.0,""survey_similarity"":1.0,""area_similarity"":0.98,""address_similarity"":0.91,""landuse_similarity"":0.95,""gis_similarity"":0.95}","Likely candidate match based on parcel, survey, owner similarity and spatial comparison; not a legal ownership decision.",MATCH,SYNTHETIC DEMO DATA — NOT OFFICIAL GOVERNMENT RECORDS
MATCH-1065,P1065,0.964,0.964,HIGH,"{""owner_similarity"":0.96,""parcel_similarity"":1.0,""survey_similarity"":1.0,""area_similarity"":0.98,""address_similarity"":0.91,""landuse_similarity"":0.95,""gis_similarity"":0.95}","Likely candidate match based on parcel, survey, owner similarity and spatial comparison; not a legal ownership decision.",MATCH,SYNTHETIC DEMO DATA — NOT OFFICIAL GOVERNMENT RECORDS
MATCH-1066,P1066,0.964,0.964,HIGH,"{""owner_similarity"":0.96,""parcel_similarity"":1.0,""survey_similarity"":1.0,""area_similarity"":0.98,""address_similarity"":0.91,""landuse_similarity"":0.95,""gis_similarity"":0.95}","Likely candidate match based on parcel, survey, owner similarity and spatial comparison; not a legal ownership decision.",MATCH,SYNTHETIC DEMO DATA — NOT OFFICIAL GOVERNMENT RECORDS
MATCH-1067,P1067,0.964,0.964,HIGH,"{""owner_similarity"":0.96,""parcel_similarity"":1.0,""survey_similarity"":1.0,""area_similarity"":0.98,""address_similarity"":0.91,""landuse_similarity"":0.95,""gis_similarity"":0.95}","Likely candidate match based on parcel, survey, owner similarity and spatial comparison; not a legal ownership decision.",MATCH,SYNTHETIC DEMO DATA — NOT OFFICIAL GOVERNMENT RECORDS
MATCH-1068,P1068,0.964,0.964,HIGH,"{""owner_similarity"":0.96,""parcel_similarity"":1.0,""survey_similarity"":1.0,""area_similarity"":0.98,""address_similarity"":0.91,""landuse_similarity"":0.95,""gis_similarity"":0.95}","Likely candidate match based on parcel, survey, owner similarity and spatial comparison; not a legal ownership decision.",MATCH,SYNTHETIC DEMO DATA — NOT OFFICIAL GOVERNMENT RECORDS
MATCH-1069,P1069,0.917,0.917,HIGH,"{""owner_similarity"":0.96,""parcel_similarity"":1.0,""survey_similarity"":1.0,""area_similarity"":0.98,""address_similarity"":0.91,""landuse_similarity"":0.62,""gis_similarity"":0.95}","Likely candidate match based on parcel, survey, owner similarity and spatial comparison; not a legal ownership decision.",MATCH,SYNTHETIC DEMO DATA — NOT OFFICIAL GOVERNMENT RECORDS
MATCH-1070,P1070,0.964,0.964,HIGH,"{""owner_similarity"":0.96,""parcel_similarity"":1.0,""survey_similarity"":1.0,""area_similarity"":0.98,""address_similarity"":0.91,""landuse_similarity"":0.95,""gis_similarity"":0.95}","Likely candidate match based on parcel, survey, owner similarity and spatial comparison; not a legal ownership decision.",MATCH,SYNTHETIC DEMO DATA — NOT OFFICIAL GOVERNMENT RECORDS
MATCH-1071,P1071,0.964,0.964,HIGH,"{""owner_similarity"":0.96,""parcel_similarity"":1.0,""survey_similarity"":1.0,""area_similarity"":0.98,""address_similarity"":0.91,""landuse_similarity"":0.95,""gis_similarity"":0.95}","Likely candidate match based on parcel, survey, owner similarity and spatial comparison; not a legal ownership decision.",MATCH,SYNTHETIC DEMO DATA — NOT OFFICIAL GOVERNMENT RECORDS
MATCH-1072,P1072,0.964,0.964,HIGH,"{""owner_similarity"":0.96,""parcel_similarity"":1.0,""survey_similarity"":1.0,""area_similarity"":0.98,""address_similarity"":0.91,""landuse_similarity"":0.95,""gis_similarity"":0.95}","Likely candidate match based on parcel, survey, owner similarity and spatial comparison; not a legal ownership decision.",MATCH,SYNTHETIC DEMO DATA — NOT OFFICIAL GOVERNMENT RECORDS
MATCH-1073,P1073,0.947,0.947,HIGH,"{""owner_similarity"":0.84,""parcel_similarity"":1.0,""survey_similarity"":1.0,""area_similarity"":0.98,""address_similarity"":0.91,""landuse_similarity"":0.95,""gis_similarity"":0.95}","Likely candidate match based on parcel, survey, owner similarity and spatial comparison; not a legal ownership decision.",MATCH,SYNTHETIC DEMO DATA — NOT OFFICIAL GOVERNMENT RECORDS
MATCH-1074,P1074,0.964,0.964,HIGH,"{""owner_similarity"":0.96,""parcel_similarity"":1.0,""survey_similarity"":1.0,""area_similarity"":0.98,""address_similarity"":0.91,""landuse_similarity"":0.95,""gis_similarity"":0.95}","Likely candidate match based on parcel, survey, owner similarity and spatial comparison; not a legal ownership decision.",MATCH,SYNTHETIC DEMO DATA — NOT OFFICIAL GOVERNMENT RECORDS
MATCH-1075,P1075,0.964,0.964,HIGH,"{""owner_similarity"":0.96,""parcel_similarity"":1.0,""survey_similarity"":1.0,""area_similarity"":0.98,""address_similarity"":0.91,""landuse_similarity"":0.95,""gis_similarity"":0.95}","Likely candidate match based on parcel, survey, owner similarity and spatial comparison; not a legal ownership decision.",MATCH,SYNTHETIC DEMO DATA — NOT OFFICIAL GOVERNMENT RECORDS
MATCH-1076,P1076,0.964,0.964,HIGH,"{""owner_similarity"":0.96,""parcel_similarity"":1.0,""survey_similarity"":1.0,""area_similarity"":0.98,""address_similarity"":0.91,""landuse_similarity"":0.95,""gis_similarity"":0.95}","Likely candidate match based on parcel, survey, owner similarity and spatial comparison; not a legal ownership decision.",MATCH,SYNTHETIC DEMO DATA — NOT OFFICIAL GOVERNMENT RECORDS
MATCH-1077,P1077,0.964,0.964,HIGH,"{""owner_similarity"":0.96,""parcel_similarity"":1.0,""survey_similarity"":1.0,""area_similarity"":0.98,""address_similarity"":0.91,""landuse_similarity"":0.95,""gis_similarity"":0.95}","Likely candidate match based on parcel, survey, owner similarity and spatial comparison; not a legal ownership decision.",MATCH,SYNTHETIC DEMO DATA — NOT OFFICIAL GOVERNMENT RECORDS
MATCH-1078,P1078,0.964,0.964,HIGH,"{""owner_similarity"":0.96,""parcel_similarity"":1.0,""survey_similarity"":1.0,""area_similarity"":0.98,""address_similarity"":0.91,""landuse_similarity"":0.95,""gis_similarity"":0.95}","Likely candidate match based on parcel, survey, owner similarity and spatial comparison; not a legal ownership decision.",MATCH,SYNTHETIC DEMO DATA — NOT OFFICIAL GOVERNMENT RECORDS
MATCH-1079,P1079,0.964,0.964,HIGH,"{""owner_similarity"":0.96,""parcel_similarity"":1.0,""survey_similarity"":1.0,""area_similarity"":0.98,""address_similarity"":0.91,""landuse_similarity"":0.95,""gis_similarity"":0.95}","Likely candidate match based on parcel, survey, owner similarity and spatial comparison; not a legal ownership decision.",MATCH,SYNTHETIC DEMO DATA — NOT OFFICIAL GOVERNMENT RECORDS
MATCH-1080,P1080,0.964,0.964,HIGH,"{""owner_similarity"":0.96,""parcel_similarity"":1.0,""survey_similarity"":1.0,""area_similarity"":0.98,""address_similarity"":0.91,""landuse_similarity"":0.95,""gis_similarity"":0.95}","Likely candidate match based on parcel, survey, owner similarity and spatial comparison; not a legal ownership decision.",MATCH,SYNTHETIC DEMO DATA — NOT OFFICIAL GOVERNMENT RECORDS
MATCH-1081,P1081,0.964,0.964,HIGH,"{""owner_similarity"":0.96,""parcel_similarity"":1.0,""survey_similarity"":1.0,""area_similarity"":0.98,""address_similarity"":0.91,""landuse_similarity"":0.95,""gis_similarity"":0.95}","Likely candidate match based on parcel, survey, owner similarity and spatial comparison; not a legal ownership decision.",MATCH,SYNTHETIC DEMO DATA — NOT OFFICIAL GOVERNMENT RECORDS
MATCH-1082,P1082,0.947,0.947,HIGH,"{""owner_similarity"":0.84,""parcel_similarity"":1.0,""survey_similarity"":1.0,""area_similarity"":0.98,""address_similarity"":0.91,""landuse_similarity"":0.95,""gis_similarity"":0.95}","Likely candidate match based on parcel, survey, owner similarity and spatial comparison; not a legal ownership decision.",MATCH,SYNTHETIC DEMO DATA — NOT OFFICIAL GOVERNMENT RECORDS
MATCH-1083,P1083,0.964,0.964,HIGH,"{""owner_similarity"":0.96,""parcel_similarity"":1.0,""survey_similarity"":1.0,""area_similarity"":0.98,""address_similarity"":0.91,""landuse_similarity"":0.95,""gis_similarity"":0.95}","Likely candidate match based on parcel, survey, owner similarity and spatial comparison; not a legal ownership decision.",MATCH,SYNTHETIC DEMO DATA — NOT OFFICIAL GOVERNMENT RECORDS
MATCH-1084,P1084,0.964,0.964,HIGH,"{""owner_similarity"":0.96,""parcel_similarity"":1.0,""survey_similarity"":1.0,""area_similarity"":0.98,""address_similarity"":0.91,""landuse_similarity"":0.95,""gis_similarity"":0.95}","Likely candidate match based on parcel, survey, owner similarity and spatial comparison; not a legal ownership decision.",MATCH,SYNTHETIC DEMO DATA — NOT OFFICIAL GOVERNMENT RECORDS
MATCH-1085,P1085,0.964,0.964,HIGH,"{""owner_similarity"":0.96,""parcel_similarity"":1.0,""survey_similarity"":1.0,""area_similarity"":0.98,""address_similarity"":0.91,""landuse_similarity"":0.95,""gis_similarity"":0.95}","Likely candidate match based on parcel, survey, owner similarity and spatial comparison; not a legal ownership decision.",MATCH,SYNTHETIC DEMO DATA — NOT OFFICIAL GOVERNMENT RECORDS
MATCH-1086,P1086,0.917,0.917,HIGH,"{""owner_similarity"":0.96,""parcel_similarity"":1.0,""survey_similarity"":1.0,""area_similarity"":0.98,""address_similarity"":0.91,""landuse_similarity"":0.62,""gis_similarity"":0.95}","Likely candidate match based on parcel, survey, owner similarity and spatial comparison; not a legal ownership decision.",MATCH,SYNTHETIC DEMO DATA — NOT OFFICIAL GOVERNMENT RECORDS
MATCH-1087,P1087,0.964,0.964,HIGH,"{""owner_similarity"":0.96,""parcel_similarity"":1.0,""survey_similarity"":1.0,""area_similarity"":0.98,""address_similarity"":0.91,""landuse_similarity"":0.95,""gis_similarity"":0.95}","Likely candidate match based on parcel, survey, owner similarity and spatial comparison; not a legal ownership decision.",MATCH,SYNTHETIC DEMO DATA — NOT OFFICIAL GOVERNMENT RECORDS
MATCH-1088,P1088,0.964,0.964,HIGH,"{""owner_similarity"":0.96,""parcel_similarity"":1.0,""survey_similarity"":1.0,""area_similarity"":0.98,""address_similarity"":0.91,""landuse_similarity"":0.95,""gis_similarity"":0.95}","Likely candidate match based on parcel, survey, owner similarity and spatial comparison; not a legal ownership decision.",MATCH,SYNTHETIC DEMO DATA — NOT OFFICIAL GOVERNMENT RECORDS
MATCH-1089,P1089,0.964,0.964,HIGH,"{""owner_similarity"":0.96,""parcel_similarity"":1.0,""survey_similarity"":1.0,""area_similarity"":0.98,""address_similarity"":0.91,""landuse_similarity"":0.95,""gis_similarity"":0.95}","Likely candidate match based on parcel, survey, owner similarity and spatial comparison; not a legal ownership decision.",MATCH,SYNTHETIC DEMO DATA — NOT OFFICIAL GOVERNMENT RECORDS
MATCH-1090,P1090,0.964,0.964,HIGH,"{""owner_similarity"":0.96,""parcel_similarity"":1.0,""survey_similarity"":1.0,""area_similarity"":0.98,""address_similarity"":0.91,""landuse_similarity"":0.95,""gis_similarity"":0.95}","Likely candidate match based on parcel, survey, owner similarity and spatial comparison; not a legal ownership decision.",MATCH,SYNTHETIC DEMO DATA — NOT OFFICIAL GOVERNMENT RECORDS
MATCH-1091,P1091,0.947,0.947,HIGH,"{""owner_similarity"":0.84,""parcel_similarity"":1.0,""survey_similarity"":1.0,""area_similarity"":0.98,""address_similarity"":0.91,""landuse_similarity"":0.95,""gis_similarity"":0.95}","Likely candidate match based on parcel, survey, owner similarity and spatial comparison; not a legal ownership decision.",MATCH,SYNTHETIC DEMO DATA — NOT OFFICIAL GOVERNMENT RECORDS
MATCH-1092,P1092,0.964,0.964,HIGH,"{""owner_similarity"":0.96,""parcel_similarity"":1.0,""survey_similarity"":1.0,""area_similarity"":0.98,""address_similarity"":0.91,""landuse_similarity"":0.95,""gis_similarity"":0.95}","Likely candidate match based on parcel, survey, owner similarity and spatial comparison; not a legal ownership decision.",MATCH,SYNTHETIC DEMO DATA — NOT OFFICIAL GOVERNMENT RECORDS
MATCH-1093,P1093,0.964,0.964,HIGH,"{""owner_similarity"":0.96,""parcel_similarity"":1.0,""survey_similarity"":1.0,""area_similarity"":0.98,""address_similarity"":0.91,""landuse_similarity"":0.95,""gis_similarity"":0.95}","Likely candidate match based on parcel, survey, owner similarity and spatial comparison; not a legal ownership decision.",MATCH,SYNTHETIC DEMO DATA — NOT OFFICIAL GOVERNMENT RECORDS
MATCH-1094,P1094,0.964,0.964,HIGH,"{""owner_similarity"":0.96,""parcel_similarity"":1.0,""survey_similarity"":1.0,""area_similarity"":0.98,""address_similarity"":0.91,""landuse_similarity"":0.95,""gis_similarity"":0.95}","Likely candidate match based on parcel, survey, owner similarity and spatial comparison; not a legal ownership decision.",MATCH,SYNTHETIC DEMO DATA — NOT OFFICIAL GOVERNMENT RECORDS
MATCH-1095,P1095,0.964,0.964,HIGH,"{""owner_similarity"":0.96,""parcel_similarity"":1.0,""survey_similarity"":1.0,""area_similarity"":0.98,""address_similarity"":0.91,""landuse_similarity"":0.95,""gis_similarity"":0.95}","Likely candidate match based on parcel, survey, owner similarity and spatial comparison; not a legal ownership decision.",MATCH,SYNTHETIC DEMO DATA — NOT OFFICIAL GOVERNMENT RECORDS
MATCH-1096,P1096,0.964,0.964,HIGH,"{""owner_similarity"":0.96,""parcel_similarity"":1.0,""survey_similarity"":1.0,""area_similarity"":0.98,""address_similarity"":0.91,""landuse_similarity"":0.95,""gis_similarity"":0.95}","Likely candidate match based on parcel, survey, owner similarity and spatial comparison; not a legal ownership decision.",MATCH,SYNTHETIC DEMO DATA — NOT OFFICIAL GOVERNMENT RECORDS
MATCH-1097,P1097,0.964,0.964,HIGH,"{""owner_similarity"":0.96,""parcel_similarity"":1.0,""survey_similarity"":1.0,""area_similarity"":0.98,""address_similarity"":0.91,""landuse_similarity"":0.95,""gis_similarity"":0.95}","Likely candidate match based on parcel, survey, owner similarity and spatial comparison; not a legal ownership decision.",MATCH,SYNTHETIC DEMO DATA — NOT OFFICIAL GOVERNMENT RECORDS
MATCH-1098,P1098,0.964,0.964,HIGH,"{""owner_similarity"":0.96,""parcel_similarity"":1.0,""survey_similarity"":1.0,""area_similarity"":0.98,""address_similarity"":0.91,""landuse_similarity"":0.95,""gis_similarity"":0.95}","Likely candidate match based on parcel, survey, owner similarity and spatial comparison; not a legal ownership decision.",MATCH,SYNTHETIC DEMO DATA — NOT OFFICIAL GOVERNMENT RECORDS
MATCH-1099,P1099,0.964,0.964,HIGH,"{""owner_similarity"":0.96,""parcel_similarity"":1.0,""survey_similarity"":1.0,""area_similarity"":0.98,""address_similarity"":0.91,""landuse_similarity"":0.95,""gis_similarity"":0.95}","Likely candidate match based on parcel, survey, owner similarity and spatial comparison; not a legal ownership decision.",MATCH,SYNTHETIC DEMO DATA — NOT OFFICIAL GOVERNMENT RECORDS
MATCH-1100,P1100,0.947,0.947,HIGH,"{""owner_similarity"":0.84,""parcel_similarity"":1.0,""survey_similarity"":1.0,""area_similarity"":0.98,""address_similarity"":0.91,""landuse_similarity"":0.95,""gis_similarity"":0.95}","Likely candidate match based on parcel, survey, owner similarity and spatial comparison; not a legal ownership decision.",MATCH,SYNTHETIC DEMO DATA — NOT OFFICIAL GOVERNMENT RECORDS
MATCH-1101,P1101,0.964,0.964,HIGH,"{""owner_similarity"":0.96,""parcel_similarity"":1.0,""survey_similarity"":1.0,""area_similarity"":0.98,""address_similarity"":0.91,""landuse_similarity"":0.95,""gis_similarity"":0.95}","Likely candidate match based on parcel, survey, owner similarity and spatial comparison; not a legal ownership decision.",MATCH,SYNTHETIC DEMO DATA — NOT OFFICIAL GOVERNMENT RECORDS
MATCH-1102,P1102,0.964,0.964,HIGH,"{""owner_similarity"":0.96,""parcel_similarity"":1.0,""survey_similarity"":1.0,""area_similarity"":0.98,""address_similarity"":0.91,""landuse_similarity"":0.95,""gis_similarity"":0.95}","Likely candidate match based on parcel, survey, owner similarity and spatial comparison; not a legal ownership decision.",MATCH,SYNTHETIC DEMO DATA — NOT OFFICIAL GOVERNMENT RECORDS
MATCH-1103,P1103,0.917,0.917,HIGH,"{""owner_similarity"":0.96,""parcel_similarity"":1.0,""survey_similarity"":1.0,""area_similarity"":0.98,""address_similarity"":0.91,""landuse_similarity"":0.62,""gis_similarity"":0.95}","Likely candidate match based on parcel, survey, owner similarity and spatial comparison; not a legal ownership decision.",MATCH,SYNTHETIC DEMO DATA — NOT OFFICIAL GOVERNMENT RECORDS
MATCH-1104,P1104,0.964,0.964,HIGH,"{""owner_similarity"":0.96,""parcel_similarity"":1.0,""survey_similarity"":1.0,""area_similarity"":0.98,""address_similarity"":0.91,""landuse_similarity"":0.95,""gis_similarity"":0.95}","Likely candidate match based on parcel, survey, owner similarity and spatial comparison; not a legal ownership decision.",MATCH,SYNTHETIC DEMO DATA — NOT OFFICIAL GOVERNMENT RECORDS
MATCH-1105,P1105,0.964,0.964,HIGH,"{""owner_similarity"":0.96,""parcel_similarity"":1.0,""survey_similarity"":1.0,""area_similarity"":0.98,""address_similarity"":0.91,""landuse_similarity"":0.95,""gis_similarity"":0.95}","Likely candidate match based on parcel, survey, owner similarity and spatial comparison; not a legal ownership decision.",MATCH,SYNTHETIC DEMO DATA — NOT OFFICIAL GOVERNMENT RECORDS
MATCH-1106,P1106,0.964,0.964,HIGH,"{""owner_similarity"":0.96,""parcel_similarity"":1.0,""survey_similarity"":1.0,""area_similarity"":0.98,""address_similarity"":0.91,""landuse_similarity"":0.95,""gis_similarity"":0.95}","Likely candidate match based on parcel, survey, owner similarity and spatial comparison; not a legal ownership decision.",MATCH,SYNTHETIC DEMO DATA — NOT OFFICIAL GOVERNMENT RECORDS
MATCH-1107,P1107,0.964,0.964,HIGH,"{""owner_similarity"":0.96,""parcel_similarity"":1.0,""survey_similarity"":1.0,""area_similarity"":0.98,""address_similarity"":0.91,""landuse_similarity"":0.95,""gis_similarity"":0.95}","Likely candidate match based on parcel, survey, owner similarity and spatial comparison; not a legal ownership decision.",MATCH,SYNTHETIC DEMO DATA — NOT OFFICIAL GOVERNMENT RECORDS
MATCH-1108,P1108,0.964,0.964,HIGH,"{""owner_similarity"":0.96,""parcel_similarity"":1.0,""survey_similarity"":1.0,""area_similarity"":0.98,""address_similarity"":0.91,""landuse_similarity"":0.95,""gis_similarity"":0.95}","Likely candidate match based on parcel, survey, owner similarity and spatial comparison; not a legal ownership decision.",MATCH,SYNTHETIC DEMO DATA — NOT OFFICIAL GOVERNMENT RECORDS
MATCH-1109,P1109,0.947,0.947,HIGH,"{""owner_similarity"":0.84,""parcel_similarity"":1.0,""survey_similarity"":1.0,""area_similarity"":0.98,""address_similarity"":0.91,""landuse_similarity"":0.95,""gis_similarity"":0.95}","Likely candidate match based on parcel, survey, owner similarity and spatial comparison; not a legal ownership decision.",MATCH,SYNTHETIC DEMO DATA — NOT OFFICIAL GOVERNMENT RECORDS
MATCH-1110,P1110,0.964,0.964,HIGH,"{""owner_similarity"":0.96,""parcel_similarity"":1.0,""survey_similarity"":1.0,""area_similarity"":0.98,""address_similarity"":0.91,""landuse_similarity"":0.95,""gis_similarity"":0.95}","Likely candidate match based on parcel, survey, owner similarity and spatial comparison; not a legal ownership decision.",MATCH,SYNTHETIC DEMO DATA — NOT OFFICIAL GOVERNMENT RECORDS
MATCH-1111,P1111,0.964,0.964,HIGH,"{""owner_similarity"":0.96,""parcel_similarity"":1.0,""survey_similarity"":1.0,""area_similarity"":0.98,""address_similarity"":0.91,""landuse_similarity"":0.95,""gis_similarity"":0.95}","Likely candidate match based on parcel, survey, owner similarity and spatial comparison; not a legal ownership decision.",MATCH,SYNTHETIC DEMO DATA — NOT OFFICIAL GOVERNMENT RECORDS
MATCH-1112,P1112,0.964,0.964,HIGH,"{""owner_similarity"":0.96,""parcel_similarity"":1.0,""survey_similarity"":1.0,""area_similarity"":0.98,""address_similarity"":0.91,""landuse_similarity"":0.95,""gis_similarity"":0.95}","Likely candidate match based on parcel, survey, owner similarity and spatial comparison; not a legal ownership decision.",MATCH,SYNTHETIC DEMO DATA — NOT OFFICIAL GOVERNMENT RECORDS
MATCH-1113,P1113,0.964,0.964,HIGH,"{""owner_similarity"":0.96,""parcel_similarity"":1.0,""survey_similarity"":1.0,""area_similarity"":0.98,""address_similarity"":0.91,""landuse_similarity"":0.95,""gis_similarity"":0.95}","Likely candidate match based on parcel, survey, owner similarity and spatial comparison; not a legal ownership decision.",MATCH,SYNTHETIC DEMO DATA — NOT OFFICIAL GOVERNMENT RECORDS
MATCH-1114,P1114,0.964,0.964,HIGH,"{""owner_similarity"":0.96,""parcel_similarity"":1.0,""survey_similarity"":1.0,""area_similarity"":0.98,""address_similarity"":0.91,""landuse_similarity"":0.95,""gis_similarity"":0.95}","Likely candidate match based on parcel, survey, owner similarity and spatial comparison; not a legal ownership decision.",MATCH,SYNTHETIC DEMO DATA — NOT OFFICIAL GOVERNMENT RECORDS
MATCH-1115,P1115,0.964,0.964,HIGH,"{""owner_similarity"":0.96,""parcel_similarity"":1.0,""survey_similarity"":1.0,""area_similarity"":0.98,""address_similarity"":0.91,""landuse_similarity"":0.95,""gis_similarity"":0.95}","Likely candidate match based on parcel, survey, owner similarity and spatial comparison; not a legal ownership decision.",MATCH,SYNTHETIC DEMO DATA — NOT OFFICIAL GOVERNMENT RECORDS
MATCH-1116,P1116,0.964,0.964,HIGH,"{""owner_similarity"":0.96,""parcel_similarity"":1.0,""survey_similarity"":1.0,""area_similarity"":0.98,""address_similarity"":0.91,""landuse_similarity"":0.95,""gis_similarity"":0.95}","Likely candidate match based on parcel, survey, owner similarity and spatial comparison; not a legal ownership decision.",MATCH,SYNTHETIC DEMO DATA — NOT OFFICIAL GOVERNMENT RECORDS
MATCH-1117,P1117,0.964,0.964,HIGH,"{""owner_similarity"":0.96,""parcel_similarity"":1.0,""survey_similarity"":1.0,""area_similarity"":0.98,""address_similarity"":0.91,""landuse_similarity"":0.95,""gis_similarity"":0.95}","Likely candidate match based on parcel, survey, owner similarity and spatial comparison; not a legal ownership decision.",MATCH,SYNTHETIC DEMO DATA — NOT OFFICIAL GOVERNMENT RECORDS
MATCH-1118,P1118,0.947,0.947,HIGH,"{""owner_similarity"":0.84,""parcel_similarity"":1.0,""survey_similarity"":1.0,""area_similarity"":0.98,""address_similarity"":0.91,""landuse_similarity"":0.95,""gis_similarity"":0.95}","Likely candidate match based on parcel, survey, owner similarity and spatial comparison; not a legal ownership decision.",MATCH,SYNTHETIC DEMO DATA — NOT OFFICIAL GOVERNMENT RECORDS
MATCH-1119,P1119,0.964,0.964,HIGH,"{""owner_similarity"":0.96,""parcel_similarity"":1.0,""survey_similarity"":1.0,""area_similarity"":0.98,""address_similarity"":0.91,""landuse_similarity"":0.95,""gis_similarity"":0.95}","Likely candidate match based on parcel, survey, owner similarity and spatial comparison; not a legal ownership decision.",MATCH,SYNTHETIC DEMO DATA — NOT OFFICIAL GOVERNMENT RECORDS
MATCH-1120,P1120,0.917,0.917,HIGH,"{""owner_similarity"":0.96,""parcel_similarity"":1.0,""survey_similarity"":1.0,""area_similarity"":0.98,""address_similarity"":0.91,""landuse_similarity"":0.62,""gis_similarity"":0.95}","Likely candidate match based on parcel, survey, owner similarity and spatial comparison; not a legal ownership decision.",MATCH,SYNTHETIC DEMO DATA — NOT OFFICIAL GOVERNMENT RECORDS
MATCH-1121,P1121,0.964,0.964,HIGH,"{""owner_similarity"":0.96,""parcel_similarity"":1.0,""survey_similarity"":1.0,""area_similarity"":0.98,""address_similarity"":0.91,""landuse_similarity"":0.95,""gis_similarity"":0.95}","Likely candidate match based on parcel, survey, owner similarity and spatial comparison; not a legal ownership decision.",MATCH,SYNTHETIC DEMO DATA — NOT OFFICIAL GOVERNMENT RECORDS
MATCH-1122,P1122,0.964,0.964,HIGH,"{""owner_similarity"":0.96,""parcel_similarity"":1.0,""survey_similarity"":1.0,""area_similarity"":0.98,""address_similarity"":0.91,""landuse_similarity"":0.95,""gis_similarity"":0.95}","Likely candidate match based on parcel, survey, owner similarity and spatial comparison; not a legal ownership decision.",MATCH,SYNTHETIC DEMO DATA — NOT OFFICIAL GOVERNMENT RECORDS
MATCH-1123,P1123,0.964,0.964,HIGH,"{""owner_similarity"":0.96,""parcel_similarity"":1.0,""survey_similarity"":1.0,""area_similarity"":0.98,""address_similarity"":0.91,""landuse_similarity"":0.95,""gis_similarity"":0.95}","Likely candidate match based on parcel, survey, owner similarity and spatial comparison; not a legal ownership decision.",MATCH,SYNTHETIC DEMO DATA — NOT OFFICIAL GOVERNMENT RECORDS
MATCH-1124,P1124,0.964,0.964,HIGH,"{""owner_similarity"":0.96,""parcel_similarity"":1.0,""survey_similarity"":1.0,""area_similarity"":0.98,""address_similarity"":0.91,""landuse_similarity"":0.95,""gis_similarity"":0.95}","Likely candidate match based on parcel, survey, owner similarity and spatial comparison; not a legal ownership decision.",MATCH,SYNTHETIC DEMO DATA — NOT OFFICIAL GOVERNMENT RECORDS
MATCH-1125,P1125,0.964,0.964,HIGH,"{""owner_similarity"":0.96,""parcel_similarity"":1.0,""survey_similarity"":1.0,""area_similarity"":0.98,""address_similarity"":0.91,""landuse_similarity"":0.95,""gis_similarity"":0.95}","Likely candidate match based on parcel, survey, owner similarity and spatial comparison; not a legal ownership decision.",MATCH,SYNTHETIC DEMO DATA — NOT OFFICIAL GOVERNMENT RECORDS
MATCH-1126,P1126,0.964,0.964,HIGH,"{""owner_similarity"":0.96,""parcel_similarity"":1.0,""survey_similarity"":1.0,""area_similarity"":0.98,""address_similarity"":0.91,""landuse_similarity"":0.95,""gis_similarity"":0.95}","Likely candidate match based on parcel, survey, owner similarity and spatial comparison; not a legal ownership decision.",MATCH,SYNTHETIC DEMO DATA — NOT OFFICIAL GOVERNMENT RECORDS
MATCH-1127,P1127,0.947,0.947,HIGH,"{""owner_similarity"":0.84,""parcel_similarity"":1.0,""survey_similarity"":1.0,""area_similarity"":0.98,""address_similarity"":0.91,""landuse_similarity"":0.95,""gis_similarity"":0.95}","Likely candidate match based on parcel, survey, owner similarity and spatial comparison; not a legal ownership decision.",MATCH,SYNTHETIC DEMO DATA — NOT OFFICIAL GOVERNMENT RECORDS
MATCH-1128,P1128,0.964,0.964,HIGH,"{""owner_similarity"":0.96,""parcel_similarity"":1.0,""survey_similarity"":1.0,""area_similarity"":0.98,""address_similarity"":0.91,""landuse_similarity"":0.95,""gis_similarity"":0.95}","Likely candidate match based on parcel, survey, owner similarity and spatial comparison; not a legal ownership decision.",MATCH,SYNTHETIC DEMO DATA — NOT OFFICIAL GOVERNMENT RECORDS
MATCH-1129,P1129,0.964,0.964,HIGH,"{""owner_similarity"":0.96,""parcel_similarity"":1.0,""survey_similarity"":1.0,""area_similarity"":0.98,""address_similarity"":0.91,""landuse_similarity"":0.95,""gis_similarity"":0.95}","Likely candidate match based on parcel, survey, owner similarity and spatial comparison; not a legal ownership decision.",MATCH,SYNTHETIC DEMO DATA — NOT OFFICIAL GOVERNMENT RECORDS
MATCH-1130,P1130,0.964,0.964,HIGH,"{""owner_similarity"":0.96,""parcel_similarity"":1.0,""survey_similarity"":1.0,""area_similarity"":0.98,""address_similarity"":0.91,""landuse_similarity"":0.95,""gis_similarity"":0.95}","Likely candidate match based on parcel, survey, owner similarity and spatial comparison; not a legal ownership decision.",MATCH,SYNTHETIC DEMO DATA — NOT OFFICIAL GOVERNMENT RECORDS
MATCH-1131,P1131,0.964,0.964,HIGH,"{""owner_similarity"":0.96,""parcel_similarity"":1.0,""survey_similarity"":1.0,""area_similarity"":0.98,""address_similarity"":0.91,""landuse_similarity"":0.95,""gis_similarity"":0.95}","Likely candidate match based on parcel, survey, owner similarity and spatial comparison; not a legal ownership decision.",MATCH,SYNTHETIC DEMO DATA — NOT OFFICIAL GOVERNMENT RECORDS
MATCH-1132,P1132,0.964,0.964,HIGH,"{""owner_similarity"":0.96,""parcel_similarity"":1.0,""survey_similarity"":1.0,""area_similarity"":0.98,""address_similarity"":0.91,""landuse_similarity"":0.95,""gis_similarity"":0.95}","Likely candidate match based on parcel, survey, owner similarity and spatial comparison; not a legal ownership decision.",MATCH,SYNTHETIC DEMO DATA — NOT OFFICIAL GOVERNMENT RECORDS
MATCH-1133,P1133,0.964,0.964,HIGH,"{""owner_similarity"":0.96,""parcel_similarity"":1.0,""survey_similarity"":1.0,""area_similarity"":0.98,""address_similarity"":0.91,""landuse_similarity"":0.95,""gis_similarity"":0.95}","Likely candidate match based on parcel, survey, owner similarity and spatial comparison; not a legal ownership decision.",MATCH,SYNTHETIC DEMO DATA — NOT OFFICIAL GOVERNMENT RECORDS
MATCH-1134,P1134,0.964,0.964,HIGH,"{""owner_similarity"":0.96,""parcel_similarity"":1.0,""survey_similarity"":1.0,""area_similarity"":0.98,""address_similarity"":0.91,""landuse_similarity"":0.95,""gis_similarity"":0.95}","Likely candidate match based on parcel, survey, owner similarity and spatial comparison; not a legal ownership decision.",MATCH,SYNTHETIC DEMO DATA — NOT OFFICIAL GOVERNMENT RECORDS
MATCH-1135,P1135,0.964,0.964,HIGH,"{""owner_similarity"":0.96,""parcel_similarity"":1.0,""survey_similarity"":1.0,""area_similarity"":0.98,""address_similarity"":0.91,""landuse_similarity"":0.95,""gis_similarity"":0.95}","Likely candidate match based on parcel, survey, owner similarity and spatial comparison; not a legal ownership decision.",MATCH,SYNTHETIC DEMO DATA — NOT OFFICIAL GOVERNMENT RECORDS
MATCH-1136,P1136,0.947,0.947,HIGH,"{""owner_similarity"":0.84,""parcel_similarity"":1.0,""survey_similarity"":1.0,""area_similarity"":0.98,""address_similarity"":0.91,""landuse_similarity"":0.95,""gis_similarity"":0.95}","Likely candidate match based on parcel, survey, owner similarity and spatial comparison; not a legal ownership decision.",MATCH,SYNTHETIC DEMO DATA — NOT OFFICIAL GOVERNMENT RECORDS
MATCH-1137,P1137,0.917,0.917,HIGH,"{""owner_similarity"":0.96,""parcel_similarity"":1.0,""survey_similarity"":1.0,""area_similarity"":0.98,""address_similarity"":0.91,""landuse_similarity"":0.62,""gis_similarity"":0.95}","Likely candidate match based on parcel, survey, owner similarity and spatial comparison; not a legal ownership decision.",MATCH,SYNTHETIC DEMO DATA — NOT OFFICIAL GOVERNMENT RECORDS
MATCH-1138,P1138,0.964,0.964,HIGH,"{""owner_similarity"":0.96,""parcel_similarity"":1.0,""survey_similarity"":1.0,""area_similarity"":0.98,""address_similarity"":0.91,""landuse_similarity"":0.95,""gis_similarity"":0.95}","Likely candidate match based on parcel, survey, owner similarity and spatial comparison; not a legal ownership decision.",MATCH,SYNTHETIC DEMO DATA — NOT OFFICIAL GOVERNMENT RECORDS
MATCH-1139,P1139,0.964,0.964,HIGH,"{""owner_similarity"":0.96,""parcel_similarity"":1.0,""survey_similarity"":1.0,""area_similarity"":0.98,""address_similarity"":0.91,""landuse_similarity"":0.95,""gis_similarity"":0.95}","Likely candidate match based on parcel, survey, owner similarity and spatial comparison; not a legal ownership decision.",MATCH,SYNTHETIC DEMO DATA — NOT OFFICIAL GOVERNMENT RECORDS
MATCH-1140,P1140,0.964,0.964,HIGH,"{""owner_similarity"":0.96,""parcel_similarity"":1.0,""survey_similarity"":1.0,""area_similarity"":0.98,""address_similarity"":0.91,""landuse_similarity"":0.95,""gis_similarity"":0.95}","Likely candidate match based on parcel, survey, owner similarity and spatial comparison; not a legal ownership decision.",MATCH,SYNTHETIC DEMO DATA — NOT OFFICIAL GOVERNMENT RECORDS
MATCH-1141,P1141,0.964,0.964,HIGH,"{""owner_similarity"":0.96,""parcel_similarity"":1.0,""survey_similarity"":1.0,""area_similarity"":0.98,""address_similarity"":0.91,""landuse_similarity"":0.95,""gis_similarity"":0.95}","Likely candidate match based on parcel, survey, owner similarity and spatial comparison; not a legal ownership decision.",MATCH,SYNTHETIC DEMO DATA — NOT OFFICIAL GOVERNMENT RECORDS
MATCH-1142,P1142,0.964,0.964,HIGH,"{""owner_similarity"":0.96,""parcel_similarity"":1.0,""survey_similarity"":1.0,""area_similarity"":0.98,""address_similarity"":0.91,""landuse_similarity"":0.95,""gis_similarity"":0.95}","Likely candidate match based on parcel, survey, owner similarity and spatial comparison; not a legal ownership decision.",MATCH,SYNTHETIC DEMO DATA — NOT OFFICIAL GOVERNMENT RECORDS
MATCH-1143,P1143,0.964,0.964,HIGH,"{""owner_similarity"":0.96,""parcel_similarity"":1.0,""survey_similarity"":1.0,""area_similarity"":0.98,""address_similarity"":0.91,""landuse_similarity"":0.95,""gis_similarity"":0.95}","Likely candidate match based on parcel, survey, owner similarity and spatial comparison; not a legal ownership decision.",MATCH,SYNTHETIC DEMO DATA — NOT OFFICIAL GOVERNMENT RECORDS
MATCH-1144,P1144,0.964,0.964,HIGH,"{""owner_similarity"":0.96,""parcel_similarity"":1.0,""survey_similarity"":1.0,""area_similarity"":0.98,""address_similarity"":0.91,""landuse_similarity"":0.95,""gis_similarity"":0.95}","Likely candidate match based on parcel, survey, owner similarity and spatial comparison; not a legal ownership decision.",MATCH,SYNTHETIC DEMO DATA — NOT OFFICIAL GOVERNMENT RECORDS
MATCH-1145,P1145,0.947,0.947,HIGH,"{""owner_similarity"":0.84,""parcel_similarity"":1.0,""survey_similarity"":1.0,""area_similarity"":0.98,""address_similarity"":0.91,""landuse_similarity"":0.95,""gis_similarity"":0.95}","Likely candidate match based on parcel, survey, owner similarity and spatial comparison; not a legal ownership decision.",MATCH,SYNTHETIC DEMO DATA — NOT OFFICIAL GOVERNMENT RECORDS
MATCH-1146,P1146,0.964,0.964,HIGH,"{""owner_similarity"":0.96,""parcel_similarity"":1.0,""survey_similarity"":1.0,""area_similarity"":0.98,""address_similarity"":0.91,""landuse_similarity"":0.95,""gis_similarity"":0.95}","Likely candidate match based on parcel, survey, owner similarity and spatial comparison; not a legal ownership decision.",MATCH,SYNTHETIC DEMO DATA — NOT OFFICIAL GOVERNMENT RECORDS
MATCH-1147,P1147,0.964,0.964,HIGH,"{""owner_similarity"":0.96,""parcel_similarity"":1.0,""survey_similarity"":1.0,""area_similarity"":0.98,""address_similarity"":0.91,""landuse_similarity"":0.95,""gis_similarity"":0.95}","Likely candidate match based on parcel, survey, owner similarity and spatial comparison; not a legal ownership decision.",MATCH,SYNTHETIC DEMO DATA — NOT OFFICIAL GOVERNMENT RECORDS
MATCH-1148,P1148,0.964,0.964,HIGH,"{""owner_similarity"":0.96,""parcel_similarity"":1.0,""survey_similarity"":1.0,""area_similarity"":0.98,""address_similarity"":0.91,""landuse_similarity"":0.95,""gis_similarity"":0.95}","Likely candidate match based on parcel, survey, owner similarity and spatial comparison; not a legal ownership decision.",MATCH,SYNTHETIC DEMO DATA — NOT OFFICIAL GOVERNMENT RECORDS
MATCH-1149,P1149,0.964,0.964,HIGH,"{""owner_similarity"":0.96,""parcel_similarity"":1.0,""survey_similarity"":1.0,""area_similarity"":0.98,""address_similarity"":0.91,""landuse_similarity"":0.95,""gis_similarity"":0.95}","Likely candidate match based on parcel, survey, owner similarity and spatial comparison; not a legal ownership decision.",MATCH,SYNTHETIC DEMO DATA — NOT OFFICIAL GOVERNMENT RECORDS
MATCH-1150,P1150,0.964,0.964,HIGH,"{""owner_similarity"":0.96,""parcel_similarity"":1.0,""survey_similarity"":1.0,""area_similarity"":0.98,""address_similarity"":0.91,""landuse_similarity"":0.95,""gis_similarity"":0.95}","Likely candidate match based on parcel, survey, owner similarity and spatial comparison; not a legal ownership decision.",MATCH,SYNTHETIC DEMO DATA — NOT OFFICIAL GOVERNMENT RECORDS
MATCH-1151,P1151,0.964,0.964,HIGH,"{""owner_similarity"":0.96,""parcel_similarity"":1.0,""survey_similarity"":1.0,""area_similarity"":0.98,""address_similarity"":0.91,""landuse_similarity"":0.95,""gis_similarity"":0.95}","Likely candidate match based on parcel, survey, owner similarity and spatial comparison; not a legal ownership decision.",MATCH,SYNTHETIC DEMO DATA — NOT OFFICIAL GOVERNMENT RECORDS
MATCH-1152,P1152,0.964,0.964,HIGH,"{""owner_similarity"":0.96,""parcel_similarity"":1.0,""survey_similarity"":1.0,""area_similarity"":0.98,""address_similarity"":0.91,""landuse_similarity"":0.95,""gis_similarity"":0.95}","Likely candidate match based on parcel, survey, owner similarity and spatial comparison; not a legal ownership decision.",MATCH,SYNTHETIC DEMO DATA — NOT OFFICIAL GOVERNMENT RECORDS
MATCH-1153,P1153,0.964,0.964,HIGH,"{""owner_similarity"":0.96,""parcel_similarity"":1.0,""survey_similarity"":1.0,""area_similarity"":0.98,""address_similarity"":0.91,""landuse_similarity"":0.95,""gis_similarity"":0.95}","Likely candidate match based on parcel, survey, owner similarity and spatial comparison; not a legal ownership decision.",MATCH,SYNTHETIC DEMO DATA — NOT OFFICIAL GOVERNMENT RECORDS
MATCH-1154,P1154,0.9,0.9,HIGH,"{""owner_similarity"":0.84,""parcel_similarity"":1.0,""survey_similarity"":1.0,""area_similarity"":0.98,""address_similarity"":0.91,""landuse_similarity"":0.62,""gis_similarity"":0.95}","Likely candidate match based on parcel, survey, owner similarity and spatial comparison; not a legal ownership decision.",MATCH,SYNTHETIC DEMO DATA — NOT OFFICIAL GOVERNMENT RECORDS
MATCH-1155,P1155,0.964,0.964,HIGH,"{""owner_similarity"":0.96,""parcel_similarity"":1.0,""survey_similarity"":1.0,""area_similarity"":0.98,""address_similarity"":0.91,""landuse_similarity"":0.95,""gis_similarity"":0.95}","Likely candidate match based on parcel, survey, owner similarity and spatial comparison; not a legal ownership decision.",MATCH,SYNTHETIC DEMO DATA — NOT OFFICIAL GOVERNMENT RECORDS
MATCH-1156,P1156,0.964,0.964,HIGH,"{""owner_similarity"":0.96,""parcel_similarity"":1.0,""survey_similarity"":1.0,""area_similarity"":0.98,""address_similarity"":0.91,""landuse_similarity"":0.95,""gis_similarity"":0.95}","Likely candidate match based on parcel, survey, owner similarity and spatial comparison; not a legal ownership decision.",MATCH,SYNTHETIC DEMO DATA — NOT OFFICIAL GOVERNMENT RECORDS
MATCH-1157,P1157,0.964,0.964,HIGH,"{""owner_similarity"":0.96,""parcel_similarity"":1.0,""survey_similarity"":1.0,""area_similarity"":0.98,""address_similarity"":0.91,""landuse_similarity"":0.95,""gis_similarity"":0.95}","Likely candidate match based on parcel, survey, owner similarity and spatial comparison; not a legal ownership decision.",MATCH,SYNTHETIC DEMO DATA — NOT OFFICIAL GOVERNMENT RECORDS
MATCH-1158,P1158,0.964,0.964,HIGH,"{""owner_similarity"":0.96,""parcel_similarity"":1.0,""survey_similarity"":1.0,""area_similarity"":0.98,""address_similarity"":0.91,""landuse_similarity"":0.95,""gis_similarity"":0.95}","Likely candidate match based on parcel, survey, owner similarity and spatial comparison; not a legal ownership decision.",MATCH,SYNTHETIC DEMO DATA — NOT OFFICIAL GOVERNMENT RECORDS
MATCH-1159,P1159,0.964,0.964,HIGH,"{""owner_similarity"":0.96,""parcel_similarity"":1.0,""survey_similarity"":1.0,""area_similarity"":0.98,""address_similarity"":0.91,""landuse_similarity"":0.95,""gis_similarity"":0.95}","Likely candidate match based on parcel, survey, owner similarity and spatial comparison; not a legal ownership decision.",MATCH,SYNTHETIC DEMO DATA — NOT OFFICIAL GOVERNMENT RECORDS
MATCH-1160,P1160,0.964,0.964,HIGH,"{""owner_similarity"":0.96,""parcel_similarity"":1.0,""survey_similarity"":1.0,""area_similarity"":0.98,""address_similarity"":0.91,""landuse_similarity"":0.95,""gis_similarity"":0.95}","Likely candidate match based on parcel, survey, owner similarity and spatial comparison; not a legal ownership decision.",MATCH,SYNTHETIC DEMO DATA — NOT OFFICIAL GOVERNMENT RECORDS
MATCH-1161,P1161,0.964,0.964,HIGH,"{""owner_similarity"":0.96,""parcel_similarity"":1.0,""survey_similarity"":1.0,""area_similarity"":0.98,""address_similarity"":0.91,""landuse_similarity"":0.95,""gis_similarity"":0.95}","Likely candidate match based on parcel, survey, owner similarity and spatial comparison; not a legal ownership decision.",MATCH,SYNTHETIC DEMO DATA — NOT OFFICIAL GOVERNMENT RECORDS
MATCH-1162,P1162,0.964,0.964,HIGH,"{""owner_similarity"":0.96,""parcel_similarity"":1.0,""survey_similarity"":1.0,""area_similarity"":0.98,""address_similarity"":0.91,""landuse_similarity"":0.95,""gis_similarity"":0.95}","Likely candidate match based on parcel, survey, owner similarity and spatial comparison; not a legal ownership decision.",MATCH,SYNTHETIC DEMO DATA — NOT OFFICIAL GOVERNMENT RECORDS
MATCH-1163,P1163,0.947,0.947,HIGH,"{""owner_similarity"":0.84,""parcel_similarity"":1.0,""survey_similarity"":1.0,""area_similarity"":0.98,""address_similarity"":0.91,""landuse_similarity"":0.95,""gis_similarity"":0.95}","Likely candidate match based on parcel, survey, owner similarity and spatial comparison; not a legal ownership decision.",MATCH,SYNTHETIC DEMO DATA — NOT OFFICIAL GOVERNMENT RECORDS
MATCH-1164,P1164,0.964,0.964,HIGH,"{""owner_similarity"":0.96,""parcel_similarity"":1.0,""survey_similarity"":1.0,""area_similarity"":0.98,""address_similarity"":0.91,""landuse_similarity"":0.95,""gis_similarity"":0.95}","Likely candidate match based on parcel, survey, owner similarity and spatial comparison; not a legal ownership decision.",MATCH,SYNTHETIC DEMO DATA — NOT OFFICIAL GOVERNMENT RECORDS
MATCH-1165,P1165,0.964,0.964,HIGH,"{""owner_similarity"":0.96,""parcel_similarity"":1.0,""survey_similarity"":1.0,""area_similarity"":0.98,""address_similarity"":0.91,""landuse_similarity"":0.95,""gis_similarity"":0.95}","Likely candidate match based on parcel, survey, owner similarity and spatial comparison; not a legal ownership decision.",MATCH,SYNTHETIC DEMO DATA — NOT OFFICIAL GOVERNMENT RECORDS
MATCH-1166,P1166,0.964,0.964,HIGH,"{""owner_similarity"":0.96,""parcel_similarity"":1.0,""survey_similarity"":1.0,""area_similarity"":0.98,""address_similarity"":0.91,""landuse_similarity"":0.95,""gis_similarity"":0.95}","Likely candidate match based on parcel, survey, owner similarity and spatial comparison; not a legal ownership decision.",MATCH,SYNTHETIC DEMO DATA — NOT OFFICIAL GOVERNMENT RECORDS
MATCH-1167,P1167,0.964,0.964,HIGH,"{""owner_similarity"":0.96,""parcel_similarity"":1.0,""survey_similarity"":1.0,""area_similarity"":0.98,""address_similarity"":0.91,""landuse_similarity"":0.95,""gis_similarity"":0.95}","Likely candidate match based on parcel, survey, owner similarity and spatial comparison; not a legal ownership decision.",MATCH,SYNTHETIC DEMO DATA — NOT OFFICIAL GOVERNMENT RECORDS
MATCH-1168,P1168,0.964,0.964,HIGH,"{""owner_similarity"":0.96,""parcel_similarity"":1.0,""survey_similarity"":1.0,""area_similarity"":0.98,""address_similarity"":0.91,""landuse_similarity"":0.95,""gis_similarity"":0.95}","Likely candidate match based on parcel, survey, owner similarity and spatial comparison; not a legal ownership decision.",MATCH,SYNTHETIC DEMO DATA — NOT OFFICIAL GOVERNMENT RECORDS
MATCH-1169,P1169,0.964,0.964,HIGH,"{""owner_similarity"":0.96,""parcel_similarity"":1.0,""survey_similarity"":1.0,""area_similarity"":0.98,""address_similarity"":0.91,""landuse_similarity"":0.95,""gis_similarity"":0.95}","Likely candidate match based on parcel, survey, owner similarity and spatial comparison; not a legal ownership decision.",MATCH,SYNTHETIC DEMO DATA — NOT OFFICIAL GOVERNMENT RECORDS
MATCH-1170,P1170,0.964,0.964,HIGH,"{""owner_similarity"":0.96,""parcel_similarity"":1.0,""survey_similarity"":1.0,""area_similarity"":0.98,""address_similarity"":0.91,""landuse_similarity"":0.95,""gis_similarity"":0.95}","Likely candidate match based on parcel, survey, owner similarity and spatial comparison; not a legal ownership decision.",MATCH,SYNTHETIC DEMO DATA — NOT OFFICIAL GOVERNMENT RECORDS
MATCH-1171,P1171,0.917,0.917,HIGH,"{""owner_similarity"":0.96,""parcel_similarity"":1.0,""survey_similarity"":1.0,""area_similarity"":0.98,""address_similarity"":0.91,""landuse_similarity"":0.62,""gis_similarity"":0.95}","Likely candidate match based on parcel, survey, owner similarity and spatial comparison; not a legal ownership decision.",MATCH,SYNTHETIC DEMO DATA — NOT OFFICIAL GOVERNMENT RECORDS
MATCH-1172,P1172,0.947,0.947,HIGH,"{""owner_similarity"":0.84,""parcel_similarity"":1.0,""survey_similarity"":1.0,""area_similarity"":0.98,""address_similarity"":0.91,""landuse_similarity"":0.95,""gis_similarity"":0.95}","Likely candidate match based on parcel, survey, owner similarity and spatial comparison; not a legal ownership decision.",MATCH,SYNTHETIC DEMO DATA — NOT OFFICIAL GOVERNMENT RECORDS
MATCH-1173,P1173,0.964,0.964,HIGH,"{""owner_similarity"":0.96,""parcel_similarity"":1.0,""survey_similarity"":1.0,""area_similarity"":0.98,""address_similarity"":0.91,""landuse_similarity"":0.95,""gis_similarity"":0.95}","Likely candidate match based on parcel, survey, owner similarity and spatial comparison; not a legal ownership decision.",MATCH,SYNTHETIC DEMO DATA — NOT OFFICIAL GOVERNMENT RECORDS
MATCH-1174,P1174,0.964,0.964,HIGH,"{""owner_similarity"":0.96,""parcel_similarity"":1.0,""survey_similarity"":1.0,""area_similarity"":0.98,""address_similarity"":0.91,""landuse_similarity"":0.95,""gis_similarity"":0.95}","Likely candidate match based on parcel, survey, owner similarity and spatial comparison; not a legal ownership decision.",MATCH,SYNTHETIC DEMO DATA — NOT OFFICIAL GOVERNMENT RECORDS
MATCH-1175,P1175,0.964,0.964,HIGH,"{""owner_similarity"":0.96,""parcel_similarity"":1.0,""survey_similarity"":1.0,""area_similarity"":0.98,""address_similarity"":0.91,""landuse_similarity"":0.95,""gis_similarity"":0.95}","Likely candidate match based on parcel, survey, owner similarity and spatial comparison; not a legal ownership decision.",MATCH,SYNTHETIC DEMO DATA — NOT OFFICIAL GOVERNMENT RECORDS
MATCH-1176,P1176,0.964,0.964,HIGH,"{""owner_similarity"":0.96,""parcel_similarity"":1.0,""survey_similarity"":1.0,""area_similarity"":0.98,""address_similarity"":0.91,""landuse_similarity"":0.95,""gis_similarity"":0.95}","Likely candidate match based on parcel, survey, owner similarity and spatial comparison; not a legal ownership decision.",MATCH,SYNTHETIC DEMO DATA — NOT OFFICIAL GOVERNMENT RECORDS
MATCH-1177,P1177,0.964,0.964,HIGH,"{""owner_similarity"":0.96,""parcel_similarity"":1.0,""survey_similarity"":1.0,""area_similarity"":0.98,""address_similarity"":0.91,""landuse_similarity"":0.95,""gis_similarity"":0.95}","Likely candidate match based on parcel, survey, owner similarity and spatial comparison; not a legal ownership decision.",MATCH,SYNTHETIC DEMO DATA — NOT OFFICIAL GOVERNMENT RECORDS
MATCH-1178,P1178,0.964,0.964,HIGH,"{""owner_similarity"":0.96,""parcel_similarity"":1.0,""survey_similarity"":1.0,""area_similarity"":0.98,""address_similarity"":0.91,""landuse_similarity"":0.95,""gis_similarity"":0.95}","Likely candidate match based on parcel, survey, owner similarity and spatial comparison; not a legal ownership decision.",MATCH,SYNTHETIC DEMO DATA — NOT OFFICIAL GOVERNMENT RECORDS
MATCH-1179,P1179,0.964,0.964,HIGH,"{""owner_similarity"":0.96,""parcel_similarity"":1.0,""survey_similarity"":1.0,""area_similarity"":0.98,""address_similarity"":0.91,""landuse_similarity"":0.95,""gis_similarity"":0.95}","Likely candidate match based on parcel, survey, owner similarity and spatial comparison; not a legal ownership decision.",MATCH,SYNTHETIC DEMO DATA — NOT OFFICIAL GOVERNMENT RECORDS
MATCH-1180,P1180,0.964,0.964,HIGH,"{""owner_similarity"":0.96,""parcel_similarity"":1.0,""survey_similarity"":1.0,""area_similarity"":0.98,""address_similarity"":0.91,""landuse_similarity"":0.95,""gis_similarity"":0.95}","Likely candidate match based on parcel, survey, owner similarity and spatial comparison; not a legal ownership decision.",MATCH,SYNTHETIC DEMO DATA — NOT OFFICIAL GOVERNMENT RECORDS
MATCH-1181,P1181,0.947,0.947,HIGH,"{""owner_similarity"":0.84,""parcel_similarity"":1.0,""survey_similarity"":1.0,""area_similarity"":0.98,""address_similarity"":0.91,""landuse_similarity"":0.95,""gis_similarity"":0.95}","Likely candidate match based on parcel, survey, owner similarity and spatial comparison; not a legal ownership decision.",MATCH,SYNTHETIC DEMO DATA — NOT OFFICIAL GOVERNMENT RECORDS
MATCH-1182,P1182,0.964,0.964,HIGH,"{""owner_similarity"":0.96,""parcel_similarity"":1.0,""survey_similarity"":1.0,""area_similarity"":0.98,""address_similarity"":0.91,""landuse_similarity"":0.95,""gis_similarity"":0.95}","Likely candidate match based on parcel, survey, owner similarity and spatial comparison; not a legal ownership decision.",MATCH,SYNTHETIC DEMO DATA — NOT OFFICIAL GOVERNMENT RECORDS
MATCH-1183,P1183,0.964,0.964,HIGH,"{""owner_similarity"":0.96,""parcel_similarity"":1.0,""survey_similarity"":1.0,""area_similarity"":0.98,""address_similarity"":0.91,""landuse_similarity"":0.95,""gis_similarity"":0.95}","Likely candidate match based on parcel, survey, owner similarity and spatial comparison; not a legal ownership decision.",MATCH,SYNTHETIC DEMO DATA — NOT OFFICIAL GOVERNMENT RECORDS
MATCH-1184,P1184,0.964,0.964,HIGH,"{""owner_similarity"":0.96,""parcel_similarity"":1.0,""survey_similarity"":1.0,""area_similarity"":0.98,""address_similarity"":0.91,""landuse_similarity"":0.95,""gis_similarity"":0.95}","Likely candidate match based on parcel, survey, owner similarity and spatial comparison; not a legal ownership decision.",MATCH,SYNTHETIC DEMO DATA — NOT OFFICIAL GOVERNMENT RECORDS
MATCH-1185,P1185,0.964,0.964,HIGH,"{""owner_similarity"":0.96,""parcel_similarity"":1.0,""survey_similarity"":1.0,""area_similarity"":0.98,""address_similarity"":0.91,""landuse_similarity"":0.95,""gis_similarity"":0.95}","Likely candidate match based on parcel, survey, owner similarity and spatial comparison; not a legal ownership decision.",MATCH,SYNTHETIC DEMO DATA — NOT OFFICIAL GOVERNMENT RECORDS
MATCH-1186,P1186,0.964,0.964,HIGH,"{""owner_similarity"":0.96,""parcel_similarity"":1.0,""survey_similarity"":1.0,""area_similarity"":0.98,""address_similarity"":0.91,""landuse_similarity"":0.95,""gis_similarity"":0.95}","Likely candidate match based on parcel, survey, owner similarity and spatial comparison; not a legal ownership decision.",MATCH,SYNTHETIC DEMO DATA — NOT OFFICIAL GOVERNMENT RECORDS
MATCH-1187,P1187,0.964,0.964,HIGH,"{""owner_similarity"":0.96,""parcel_similarity"":1.0,""survey_similarity"":1.0,""area_similarity"":0.98,""address_similarity"":0.91,""landuse_similarity"":0.95,""gis_similarity"":0.95}","Likely candidate match based on parcel, survey, owner similarity and spatial comparison; not a legal ownership decision.",MATCH,SYNTHETIC DEMO DATA — NOT OFFICIAL GOVERNMENT RECORDS
MATCH-1188,P1188,0.917,0.917,HIGH,"{""owner_similarity"":0.96,""parcel_similarity"":1.0,""survey_similarity"":1.0,""area_similarity"":0.98,""address_similarity"":0.91,""landuse_similarity"":0.62,""gis_similarity"":0.95}","Likely candidate match based on parcel, survey, owner similarity and spatial comparison; not a legal ownership decision.",MATCH,SYNTHETIC DEMO DATA — NOT OFFICIAL GOVERNMENT RECORDS
MATCH-1189,P1189,0.964,0.964,HIGH,"{""owner_similarity"":0.96,""parcel_similarity"":1.0,""survey_similarity"":1.0,""area_similarity"":0.98,""address_similarity"":0.91,""landuse_similarity"":0.95,""gis_similarity"":0.95}","Likely candidate match based on parcel, survey, owner similarity and spatial comparison; not a legal ownership decision.",MATCH,SYNTHETIC DEMO DATA — NOT OFFICIAL GOVERNMENT RECORDS
MATCH-1190,P1190,0.947,0.947,HIGH,"{""owner_similarity"":0.84,""parcel_similarity"":1.0,""survey_similarity"":1.0,""area_similarity"":0.98,""address_similarity"":0.91,""landuse_similarity"":0.95,""gis_similarity"":0.95}","Likely candidate match based on parcel, survey, owner similarity and spatial comparison; not a legal ownership decision.",MATCH,SYNTHETIC DEMO DATA — NOT OFFICIAL GOVERNMENT RECORDS
MATCH-1191,P1191,0.964,0.964,HIGH,"{""owner_similarity"":0.96,""parcel_similarity"":1.0,""survey_similarity"":1.0,""area_similarity"":0.98,""address_similarity"":0.91,""landuse_similarity"":0.95,""gis_similarity"":0.95}","Likely candidate match based on parcel, survey, owner similarity and spatial comparison; not a legal ownership decision.",MATCH,SYNTHETIC DEMO DATA — NOT OFFICIAL GOVERNMENT RECORDS
MATCH-1192,P1192,0.964,0.964,HIGH,"{""owner_similarity"":0.96,""parcel_similarity"":1.0,""survey_similarity"":1.0,""area_similarity"":0.98,""address_similarity"":0.91,""landuse_similarity"":0.95,""gis_similarity"":0.95}","Likely candidate match based on parcel, survey, owner similarity and spatial comparison; not a legal ownership decision.",MATCH,SYNTHETIC DEMO DATA — NOT OFFICIAL GOVERNMENT RECORDS
MATCH-1193,P1193,0.964,0.964,HIGH,"{""owner_similarity"":0.96,""parcel_similarity"":1.0,""survey_similarity"":1.0,""area_similarity"":0.98,""address_similarity"":0.91,""landuse_similarity"":0.95,""gis_similarity"":0.95}","Likely candidate match based on parcel, survey, owner similarity and spatial comparison; not a legal ownership decision.",MATCH,SYNTHETIC DEMO DATA — NOT OFFICIAL GOVERNMENT RECORDS
MATCH-1194,P1194,0.964,0.964,HIGH,"{""owner_similarity"":0.96,""parcel_similarity"":1.0,""survey_similarity"":1.0,""area_similarity"":0.98,""address_similarity"":0.91,""landuse_similarity"":0.95,""gis_similarity"":0.95}","Likely candidate match based on parcel, survey, owner similarity and spatial comparison; not a legal ownership decision.",MATCH,SYNTHETIC DEMO DATA — NOT OFFICIAL GOVERNMENT RECORDS
MATCH-1195,P1195,0.964,0.964,HIGH,"{""owner_similarity"":0.96,""parcel_similarity"":1.0,""survey_similarity"":1.0,""area_similarity"":0.98,""address_similarity"":0.91,""landuse_similarity"":0.95,""gis_similarity"":0.95}","Likely candidate match based on parcel, survey, owner similarity and spatial comparison; not a legal ownership decision.",MATCH,SYNTHETIC DEMO DATA — NOT OFFICIAL GOVERNMENT RECORDS
MATCH-1196,P1196,0.964,0.964,HIGH,"{""owner_similarity"":0.96,""parcel_similarity"":1.0,""survey_similarity"":1.0,""area_similarity"":0.98,""address_similarity"":0.91,""landuse_similarity"":0.95,""gis_similarity"":0.95}","Likely candidate match based on parcel, survey, owner similarity and spatial comparison; not a legal ownership decision.",MATCH,SYNTHETIC DEMO DATA — NOT OFFICIAL GOVERNMENT RECORDS
MATCH-1197,P1197,0.964,0.964,HIGH,"{""owner_similarity"":0.96,""parcel_similarity"":1.0,""survey_similarity"":1.0,""area_similarity"":0.98,""address_similarity"":0.91,""landuse_similarity"":0.95,""gis_similarity"":0.95}","Likely candidate match based on parcel, survey, owner similarity and spatial comparison; not a legal ownership decision.",MATCH,SYNTHETIC DEMO DATA — NOT OFFICIAL GOVERNMENT RECORDS
MATCH-1198,P1198,0.964,0.964,HIGH,"{""owner_similarity"":0.96,""parcel_similarity"":1.0,""survey_similarity"":1.0,""area_similarity"":0.98,""address_similarity"":0.91,""landuse_similarity"":0.95,""gis_similarity"":0.95}","Likely candidate match based on parcel, survey, owner similarity and spatial comparison; not a legal ownership decision.",MATCH,SYNTHETIC DEMO DATA — NOT OFFICIAL GOVERNMENT RECORDS
MATCH-1199,P1199,0.947,0.947,HIGH,"{""owner_similarity"":0.84,""parcel_similarity"":1.0,""survey_similarity"":1.0,""area_similarity"":0.98,""address_similarity"":0.91,""landuse_similarity"":0.95,""gis_similarity"":0.95}","Likely candidate match based on parcel, survey, owner similarity and spatial comparison; not a legal ownership decision.",MATCH,SYNTHETIC DEMO DATA — NOT OFFICIAL GOVERNMENT RECORDS
MATCH-1200,P1200,0.964,0.964,HIGH,"{""owner_similarity"":0.96,""parcel_similarity"":1.0,""survey_similarity"":1.0,""area_similarity"":0.98,""address_similarity"":0.91,""landuse_similarity"":0.95,""gis_similarity"":0.95}","Likely candidate match based on parcel, survey, owner similarity and spatial comparison; not a legal ownership decision.",MATCH,SYNTHETIC DEMO DATA — NOT OFFICIAL GOVERNMENT RECORDS
MATCH-1201,P1201,0.964,0.964,HIGH,"{""owner_similarity"":0.96,""parcel_similarity"":1.0,""survey_similarity"":1.0,""area_similarity"":0.98,""address_similarity"":0.91,""landuse_similarity"":0.95,""gis_similarity"":0.95}","Likely candidate match based on parcel, survey, owner similarity and spatial comparison; not a legal ownership decision.",MATCH,SYNTHETIC DEMO DATA — NOT OFFICIAL GOVERNMENT RECORDS
MATCH-1202,P1202,0.964,0.964,HIGH,"{""owner_similarity"":0.96,""parcel_similarity"":1.0,""survey_similarity"":1.0,""area_similarity"":0.98,""address_similarity"":0.91,""landuse_similarity"":0.95,""gis_similarity"":0.95}","Likely candidate match based on parcel, survey, owner similarity and spatial comparison; not a legal ownership decision.",MATCH,SYNTHETIC DEMO DATA — NOT OFFICIAL GOVERNMENT RECORDS
MATCH-1203,P1203,0.964,0.964,HIGH,"{""owner_similarity"":0.96,""parcel_similarity"":1.0,""survey_similarity"":1.0,""area_similarity"":0.98,""address_similarity"":0.91,""landuse_similarity"":0.95,""gis_similarity"":0.95}","Likely candidate match based on parcel, survey, owner similarity and spatial comparison; not a legal ownership decision.",MATCH,SYNTHETIC DEMO DATA — NOT OFFICIAL GOVERNMENT RECORDS
MATCH-1204,P1204,0.964,0.964,HIGH,"{""owner_similarity"":0.96,""parcel_similarity"":1.0,""survey_similarity"":1.0,""area_similarity"":0.98,""address_similarity"":0.91,""landuse_similarity"":0.95,""gis_similarity"":0.95}","Likely candidate match based on parcel, survey, owner similarity and spatial comparison; not a legal ownership decision.",MATCH,SYNTHETIC DEMO DATA — NOT OFFICIAL GOVERNMENT RECORDS
MATCH-1205,P1205,0.917,0.917,HIGH,"{""owner_similarity"":0.96,""parcel_similarity"":1.0,""survey_similarity"":1.0,""area_similarity"":0.98,""address_similarity"":0.91,""landuse_similarity"":0.62,""gis_similarity"":0.95}","Likely candidate match based on parcel, survey, owner similarity and spatial comparison; not a legal ownership decision.",MATCH,SYNTHETIC DEMO DATA — NOT OFFICIAL GOVERNMENT RECORDS
MATCH-1206,P1206,0.964,0.964,HIGH,"{""owner_similarity"":0.96,""parcel_similarity"":1.0,""survey_similarity"":1.0,""area_similarity"":0.98,""address_similarity"":0.91,""landuse_similarity"":0.95,""gis_similarity"":0.95}","Likely candidate match based on parcel, survey, owner similarity and spatial comparison; not a legal ownership decision.",MATCH,SYNTHETIC DEMO DATA — NOT OFFICIAL GOVERNMENT RECORDS
MATCH-1207,P1207,0.964,0.964,HIGH,"{""owner_similarity"":0.96,""parcel_similarity"":1.0,""survey_similarity"":1.0,""area_similarity"":0.98,""address_similarity"":0.91,""landuse_similarity"":0.95,""gis_similarity"":0.95}","Likely candidate match based on parcel, survey, owner similarity and spatial comparison; not a legal ownership decision.",MATCH,SYNTHETIC DEMO DATA — NOT OFFICIAL GOVERNMENT RECORDS
MATCH-1208,P1208,0.947,0.947,HIGH,"{""owner_similarity"":0.84,""parcel_similarity"":1.0,""survey_similarity"":1.0,""area_similarity"":0.98,""address_similarity"":0.91,""landuse_similarity"":0.95,""gis_similarity"":0.95}","Likely candidate match based on parcel, survey, owner similarity and spatial comparison; not a legal ownership decision.",MATCH,SYNTHETIC DEMO DATA — NOT OFFICIAL GOVERNMENT RECORDS
MATCH-1209,P1209,0.964,0.964,HIGH,"{""owner_similarity"":0.96,""parcel_similarity"":1.0,""survey_similarity"":1.0,""area_similarity"":0.98,""address_similarity"":0.91,""landuse_similarity"":0.95,""gis_similarity"":0.95}","Likely candidate match based on parcel, survey, owner similarity and spatial comparison; not a legal ownership decision.",MATCH,SYNTHETIC DEMO DATA — NOT OFFICIAL GOVERNMENT RECORDS
MATCH-1210,P1210,0.964,0.964,HIGH,"{""owner_similarity"":0.96,""parcel_similarity"":1.0,""survey_similarity"":1.0,""area_similarity"":0.98,""address_similarity"":0.91,""landuse_similarity"":0.95,""gis_similarity"":0.95}","Likely candidate match based on parcel, survey, owner similarity and spatial comparison; not a legal ownership decision.",MATCH,SYNTHETIC DEMO DATA — NOT OFFICIAL GOVERNMENT RECORDS
MATCH-1211,P1211,0.964,0.964,HIGH,"{""owner_similarity"":0.96,""parcel_similarity"":1.0,""survey_similarity"":1.0,""area_similarity"":0.98,""address_similarity"":0.91,""landuse_similarity"":0.95,""gis_similarity"":0.95}","Likely candidate match based on parcel, survey, owner similarity and spatial comparison; not a legal ownership decision.",MATCH,SYNTHETIC DEMO DATA — NOT OFFICIAL GOVERNMENT RECORDS
MATCH-1212,P1212,0.964,0.964,HIGH,"{""owner_similarity"":0.96,""parcel_similarity"":1.0,""survey_similarity"":1.0,""area_similarity"":0.98,""address_similarity"":0.91,""landuse_similarity"":0.95,""gis_similarity"":0.95}","Likely candidate match based on parcel, survey, owner similarity and spatial comparison; not a legal ownership decision.",MATCH,SYNTHETIC DEMO DATA — NOT OFFICIAL GOVERNMENT RECORDS
MATCH-1213,P1213,0.964,0.964,HIGH,"{""owner_similarity"":0.96,""parcel_similarity"":1.0,""survey_similarity"":1.0,""area_similarity"":0.98,""address_similarity"":0.91,""landuse_similarity"":0.95,""gis_similarity"":0.95}","Likely candidate match based on parcel, survey, owner similarity and spatial comparison; not a legal ownership decision.",MATCH,SYNTHETIC DEMO DATA — NOT OFFICIAL GOVERNMENT RECORDS
MATCH-1214,P1214,0.964,0.964,HIGH,"{""owner_similarity"":0.96,""parcel_similarity"":1.0,""survey_similarity"":1.0,""area_similarity"":0.98,""address_similarity"":0.91,""landuse_similarity"":0.95,""gis_similarity"":0.95}","Likely candidate match based on parcel, survey, owner similarity and spatial comparison; not a legal ownership decision.",MATCH,SYNTHETIC DEMO DATA — NOT OFFICIAL GOVERNMENT RECORDS
MATCH-1215,P1215,0.964,0.964,HIGH,"{""owner_similarity"":0.96,""parcel_similarity"":1.0,""survey_similarity"":1.0,""area_similarity"":0.98,""address_similarity"":0.91,""landuse_similarity"":0.95,""gis_similarity"":0.95}","Likely candidate match based on parcel, survey, owner similarity and spatial comparison; not a legal ownership decision.",MATCH,SYNTHETIC DEMO DATA — NOT OFFICIAL GOVERNMENT RECORDS
MATCH-1216,P1216,0.964,0.964,HIGH,"{""owner_similarity"":0.96,""parcel_similarity"":1.0,""survey_similarity"":1.0,""area_similarity"":0.98,""address_similarity"":0.91,""landuse_similarity"":0.95,""gis_similarity"":0.95}","Likely candidate match based on parcel, survey, owner similarity and spatial comparison; not a legal ownership decision.",MATCH,SYNTHETIC DEMO DATA — NOT OFFICIAL GOVERNMENT RECORDS
MATCH-1217,P1217,0.947,0.947,HIGH,"{""owner_similarity"":0.84,""parcel_similarity"":1.0,""survey_similarity"":1.0,""area_similarity"":0.98,""address_similarity"":0.91,""landuse_similarity"":0.95,""gis_similarity"":0.95}","Likely candidate match based on parcel, survey, owner similarity and spatial comparison; not a legal ownership decision.",MATCH,SYNTHETIC DEMO DATA — NOT OFFICIAL GOVERNMENT RECORDS
MATCH-1218,P1218,0.964,0.964,HIGH,"{""owner_similarity"":0.96,""parcel_similarity"":1.0,""survey_similarity"":1.0,""area_similarity"":0.98,""address_similarity"":0.91,""landuse_similarity"":0.95,""gis_similarity"":0.95}","Likely candidate match based on parcel, survey, owner similarity and spatial comparison; not a legal ownership decision.",MATCH,SYNTHETIC DEMO DATA — NOT OFFICIAL GOVERNMENT RECORDS
MATCH-1219,P1219,0.964,0.964,HIGH,"{""owner_similarity"":0.96,""parcel_similarity"":1.0,""survey_similarity"":1.0,""area_similarity"":0.98,""address_similarity"":0.91,""landuse_similarity"":0.95,""gis_similarity"":0.95}","Likely candidate match based on parcel, survey, owner similarity and spatial comparison; not a legal ownership decision.",MATCH,SYNTHETIC DEMO DATA — NOT OFFICIAL GOVERNMENT RECORDS
MATCH-1220,P1220,0.964,0.964,HIGH,"{""owner_similarity"":0.96,""parcel_similarity"":1.0,""survey_similarity"":1.0,""area_similarity"":0.98,""address_similarity"":0.91,""landuse_similarity"":0.95,""gis_similarity"":0.95}","Likely candidate match based on parcel, survey, owner similarity and spatial comparison; not a legal ownership decision.",MATCH,SYNTHETIC DEMO DATA — NOT OFFICIAL GOVERNMENT RECORDS
MATCH-1221,P1221,0.964,0.964,HIGH,"{""owner_similarity"":0.96,""parcel_similarity"":1.0,""survey_similarity"":1.0,""area_similarity"":0.98,""address_similarity"":0.91,""landuse_similarity"":0.95,""gis_similarity"":0.95}","Likely candidate match based on parcel, survey, owner similarity and spatial comparison; not a legal ownership decision.",MATCH,SYNTHETIC DEMO DATA — NOT OFFICIAL GOVERNMENT RECORDS
MATCH-1222,P1222,0.917,0.917,HIGH,"{""owner_similarity"":0.96,""parcel_similarity"":1.0,""survey_similarity"":1.0,""area_similarity"":0.98,""address_similarity"":0.91,""landuse_similarity"":0.62,""gis_similarity"":0.95}","Likely candidate match based on parcel, survey, owner similarity and spatial comparison; not a legal ownership decision.",MATCH,SYNTHETIC DEMO DATA — NOT OFFICIAL GOVERNMENT RECORDS
MATCH-1223,P1223,0.964,0.964,HIGH,"{""owner_similarity"":0.96,""parcel_similarity"":1.0,""survey_similarity"":1.0,""area_similarity"":0.98,""address_similarity"":0.91,""landuse_similarity"":0.95,""gis_similarity"":0.95}","Likely candidate match based on parcel, survey, owner similarity and spatial comparison; not a legal ownership decision.",MATCH,SYNTHETIC DEMO DATA — NOT OFFICIAL GOVERNMENT RECORDS
MATCH-1224,P1224,0.964,0.964,HIGH,"{""owner_similarity"":0.96,""parcel_similarity"":1.0,""survey_similarity"":1.0,""area_similarity"":0.98,""address_similarity"":0.91,""landuse_similarity"":0.95,""gis_similarity"":0.95}","Likely candidate match based on parcel, survey, owner similarity and spatial comparison; not a legal ownership decision.",MATCH,SYNTHETIC DEMO DATA — NOT OFFICIAL GOVERNMENT RECORDS
MATCH-1225,P1225,0.964,0.964,HIGH,"{""owner_similarity"":0.96,""parcel_similarity"":1.0,""survey_similarity"":1.0,""area_similarity"":0.98,""address_similarity"":0.91,""landuse_similarity"":0.95,""gis_similarity"":0.95}","Likely candidate match based on parcel, survey, owner similarity and spatial comparison; not a legal ownership decision.",MATCH,SYNTHETIC DEMO DATA — NOT OFFICIAL GOVERNMENT RECORDS
MATCH-1226,P1226,0.947,0.947,HIGH,"{""owner_similarity"":0.84,""parcel_similarity"":1.0,""survey_similarity"":1.0,""area_similarity"":0.98,""address_similarity"":0.91,""landuse_similarity"":0.95,""gis_similarity"":0.95}","Likely candidate match based on parcel, survey, owner similarity and spatial comparison; not a legal ownership decision.",MATCH,SYNTHETIC DEMO DATA — NOT OFFICIAL GOVERNMENT RECORDS
MATCH-1227,P1227,0.964,0.964,HIGH,"{""owner_similarity"":0.96,""parcel_similarity"":1.0,""survey_similarity"":1.0,""area_similarity"":0.98,""address_similarity"":0.91,""landuse_similarity"":0.95,""gis_similarity"":0.95}","Likely candidate match based on parcel, survey, owner similarity and spatial comparison; not a legal ownership decision.",MATCH,SYNTHETIC DEMO DATA — NOT OFFICIAL GOVERNMENT RECORDS
MATCH-1228,P1228,0.964,0.964,HIGH,"{""owner_similarity"":0.96,""parcel_similarity"":1.0,""survey_similarity"":1.0,""area_similarity"":0.98,""address_similarity"":0.91,""landuse_similarity"":0.95,""gis_similarity"":0.95}","Likely candidate match based on parcel, survey, owner similarity and spatial comparison; not a legal ownership decision.",MATCH,SYNTHETIC DEMO DATA — NOT OFFICIAL GOVERNMENT RECORDS
MATCH-1229,P1229,0.964,0.964,HIGH,"{""owner_similarity"":0.96,""parcel_similarity"":1.0,""survey_similarity"":1.0,""area_similarity"":0.98,""address_similarity"":0.91,""landuse_similarity"":0.95,""gis_similarity"":0.95}","Likely candidate match based on parcel, survey, owner similarity and spatial comparison; not a legal ownership decision.",MATCH,SYNTHETIC DEMO DATA — NOT OFFICIAL GOVERNMENT RECORDS
MATCH-1230,P1230,0.964,0.964,HIGH,"{""owner_similarity"":0.96,""parcel_similarity"":1.0,""survey_similarity"":1.0,""area_similarity"":0.98,""address_similarity"":0.91,""landuse_similarity"":0.95,""gis_similarity"":0.95}","Likely candidate match based on parcel, survey, owner similarity and spatial comparison; not a legal ownership decision.",MATCH,SYNTHETIC DEMO DATA — NOT OFFICIAL GOVERNMENT RECORDS
MATCH-1231,P1231,0.964,0.964,HIGH,"{""owner_similarity"":0.96,""parcel_similarity"":1.0,""survey_similarity"":1.0,""area_similarity"":0.98,""address_similarity"":0.91,""landuse_similarity"":0.95,""gis_similarity"":0.95}","Likely candidate match based on parcel, survey, owner similarity and spatial comparison; not a legal ownership decision.",MATCH,SYNTHETIC DEMO DATA — NOT OFFICIAL GOVERNMENT RECORDS
MATCH-1232,P1232,0.964,0.964,HIGH,"{""owner_similarity"":0.96,""parcel_similarity"":1.0,""survey_similarity"":1.0,""area_similarity"":0.98,""address_similarity"":0.91,""landuse_similarity"":0.95,""gis_similarity"":0.95}","Likely candidate match based on parcel, survey, owner similarity and spatial comparison; not a legal ownership decision.",MATCH,SYNTHETIC DEMO DATA — NOT OFFICIAL GOVERNMENT RECORDS
MATCH-1233,P1233,0.964,0.964,HIGH,"{""owner_similarity"":0.96,""parcel_similarity"":1.0,""survey_similarity"":1.0,""area_similarity"":0.98,""address_similarity"":0.91,""landuse_similarity"":0.95,""gis_similarity"":0.95}","Likely candidate match based on parcel, survey, owner similarity and spatial comparison; not a legal ownership decision.",MATCH,SYNTHETIC DEMO DATA — NOT OFFICIAL GOVERNMENT RECORDS
MATCH-1234,P1234,0.964,0.964,HIGH,"{""owner_similarity"":0.96,""parcel_similarity"":1.0,""survey_similarity"":1.0,""area_similarity"":0.98,""address_similarity"":0.91,""landuse_similarity"":0.95,""gis_similarity"":0.95}","Likely candidate match based on parcel, survey, owner similarity and spatial comparison; not a legal ownership decision.",MATCH,SYNTHETIC DEMO DATA — NOT OFFICIAL GOVERNMENT RECORDS
MATCH-1235,P1235,0.947,0.947,HIGH,"{""owner_similarity"":0.84,""parcel_similarity"":1.0,""survey_similarity"":1.0,""area_similarity"":0.98,""address_similarity"":0.91,""landuse_similarity"":0.95,""gis_similarity"":0.95}","Likely candidate match based on parcel, survey, owner similarity and spatial comparison; not a legal ownership decision.",MATCH,SYNTHETIC DEMO DATA — NOT OFFICIAL GOVERNMENT RECORDS
MATCH-1236,P1236,0.964,0.964,HIGH,"{""owner_similarity"":0.96,""parcel_similarity"":1.0,""survey_similarity"":1.0,""area_similarity"":0.98,""address_similarity"":0.91,""landuse_similarity"":0.95,""gis_similarity"":0.95}","Likely candidate match based on parcel, survey, owner similarity and spatial comparison; not a legal ownership decision.",MATCH,SYNTHETIC DEMO DATA — NOT OFFICIAL GOVERNMENT RECORDS
MATCH-1237,P1237,0.964,0.964,HIGH,"{""owner_similarity"":0.96,""parcel_similarity"":1.0,""survey_similarity"":1.0,""area_similarity"":0.98,""address_similarity"":0.91,""landuse_similarity"":0.95,""gis_similarity"":0.95}","Likely candidate match based on parcel, survey, owner similarity and spatial comparison; not a legal ownership decision.",MATCH,SYNTHETIC DEMO DATA — NOT OFFICIAL GOVERNMENT RECORDS
MATCH-1238,P1238,0.964,0.964,HIGH,"{""owner_similarity"":0.96,""parcel_similarity"":1.0,""survey_similarity"":1.0,""area_similarity"":0.98,""address_similarity"":0.91,""landuse_similarity"":0.95,""gis_similarity"":0.95}","Likely candidate match based on parcel, survey, owner similarity and spatial comparison; not a legal ownership decision.",MATCH,SYNTHETIC DEMO DATA — NOT OFFICIAL GOVERNMENT RECORDS
MATCH-1239,P1239,0.917,0.917,HIGH,"{""owner_similarity"":0.96,""parcel_similarity"":1.0,""survey_similarity"":1.0,""area_similarity"":0.98,""address_similarity"":0.91,""landuse_similarity"":0.62,""gis_similarity"":0.95}","Likely candidate match based on parcel, survey, owner similarity and spatial comparison; not a legal ownership decision.",MATCH,SYNTHETIC DEMO DATA — NOT OFFICIAL GOVERNMENT RECORDS
MATCH-1240,P1240,0.964,0.964,HIGH,"{""owner_similarity"":0.96,""parcel_similarity"":1.0,""survey_similarity"":1.0,""area_similarity"":0.98,""address_similarity"":0.91,""landuse_similarity"":0.95,""gis_similarity"":0.95}","Likely candidate match based on parcel, survey, owner similarity and spatial comparison; not a legal ownership decision.",MATCH,SYNTHETIC DEMO DATA — NOT OFFICIAL GOVERNMENT RECORDS
MATCH-1241,P1241,0.964,0.964,HIGH,"{""owner_similarity"":0.96,""parcel_similarity"":1.0,""survey_similarity"":1.0,""area_similarity"":0.98,""address_similarity"":0.91,""landuse_similarity"":0.95,""gis_similarity"":0.95}","Likely candidate match based on parcel, survey, owner similarity and spatial comparison; not a legal ownership decision.",MATCH,SYNTHETIC DEMO DATA — NOT OFFICIAL GOVERNMENT RECORDS
MATCH-1242,P1242,0.964,0.964,HIGH,"{""owner_similarity"":0.96,""parcel_similarity"":1.0,""survey_similarity"":1.0,""area_similarity"":0.98,""address_similarity"":0.91,""landuse_similarity"":0.95,""gis_similarity"":0.95}","Likely candidate match based on parcel, survey, owner similarity and spatial comparison; not a legal ownership decision.",MATCH,SYNTHETIC DEMO DATA — NOT OFFICIAL GOVERNMENT RECORDS
MATCH-1243,P1243,0.964,0.964,HIGH,"{""owner_similarity"":0.96,""parcel_similarity"":1.0,""survey_similarity"":1.0,""area_similarity"":0.98,""address_similarity"":0.91,""landuse_similarity"":0.95,""gis_similarity"":0.95}","Likely candidate match based on parcel, survey, owner similarity and spatial comparison; not a legal ownership decision.",MATCH,SYNTHETIC DEMO DATA — NOT OFFICIAL GOVERNMENT RECORDS
MATCH-1244,P1244,0.947,0.947,HIGH,"{""owner_similarity"":0.84,""parcel_similarity"":1.0,""survey_similarity"":1.0,""area_similarity"":0.98,""address_similarity"":0.91,""landuse_similarity"":0.95,""gis_similarity"":0.95}","Likely candidate match based on parcel, survey, owner similarity and spatial comparison; not a legal ownership decision.",MATCH,SYNTHETIC DEMO DATA — NOT OFFICIAL GOVERNMENT RECORDS
MATCH-1245,P1245,0.964,0.964,HIGH,"{""owner_similarity"":0.96,""parcel_similarity"":1.0,""survey_similarity"":1.0,""area_similarity"":0.98,""address_similarity"":0.91,""landuse_similarity"":0.95,""gis_similarity"":0.95}","Likely candidate match based on parcel, survey, owner similarity and spatial comparison; not a legal ownership decision.",MATCH,SYNTHETIC DEMO DATA — NOT OFFICIAL GOVERNMENT RECORDS
MATCH-1246,P1246,0.964,0.964,HIGH,"{""owner_similarity"":0.96,""parcel_similarity"":1.0,""survey_similarity"":1.0,""area_similarity"":0.98,""address_similarity"":0.91,""landuse_similarity"":0.95,""gis_similarity"":0.95}","Likely candidate match based on parcel, survey, owner similarity and spatial comparison; not a legal ownership decision.",MATCH,SYNTHETIC DEMO DATA — NOT OFFICIAL GOVERNMENT RECORDS
MATCH-1247,P1247,0.964,0.964,HIGH,"{""owner_similarity"":0.96,""parcel_similarity"":1.0,""survey_similarity"":1.0,""area_similarity"":0.98,""address_similarity"":0.91,""landuse_similarity"":0.95,""gis_similarity"":0.95}","Likely candidate match based on parcel, survey, owner similarity and spatial comparison; not a legal ownership decision.",MATCH,SYNTHETIC DEMO DATA — NOT OFFICIAL GOVERNMENT RECORDS
MATCH-1248,P1248,0.964,0.964,HIGH,"{""owner_similarity"":0.96,""parcel_similarity"":1.0,""survey_similarity"":1.0,""area_similarity"":0.98,""address_similarity"":0.91,""landuse_similarity"":0.95,""gis_similarity"":0.95}","Likely candidate match based on parcel, survey, owner similarity and spatial comparison; not a legal ownership decision.",MATCH,SYNTHETIC DEMO DATA — NOT OFFICIAL GOVERNMENT RECORDS
MATCH-1249,P1249,0.964,0.964,HIGH,"{""owner_similarity"":0.96,""parcel_similarity"":1.0,""survey_similarity"":1.0,""area_similarity"":0.98,""address_similarity"":0.91,""landuse_similarity"":0.95,""gis_similarity"":0.95}","Likely candidate match based on parcel, survey, owner similarity and spatial comparison; not a legal ownership decision.",MATCH,SYNTHETIC DEMO DATA — NOT OFFICIAL GOVERNMENT RECORDS
MATCH-1250,P1250,0.964,0.964,HIGH,"{""owner_similarity"":0.96,""parcel_similarity"":1.0,""survey_similarity"":1.0,""area_similarity"":0.98,""address_similarity"":0.91,""landuse_similarity"":0.95,""gis_similarity"":0.95}","Likely candidate match based on parcel, survey, owner similarity and spatial comparison; not a legal ownership decision.",MATCH,SYNTHETIC DEMO DATA — NOT OFFICIAL GOVERNMENT RECORDS
MATCH-1251,P1251,0.964,0.964,HIGH,"{""owner_similarity"":0.96,""parcel_similarity"":1.0,""survey_similarity"":1.0,""area_similarity"":0.98,""address_similarity"":0.91,""landuse_similarity"":0.95,""gis_similarity"":0.95}","Likely candidate match based on parcel, survey, owner similarity and spatial comparison; not a legal ownership decision.",MATCH,SYNTHETIC DEMO DATA — NOT OFFICIAL GOVERNMENT RECORDS
MATCH-1252,P1252,0.964,0.964,HIGH,"{""owner_similarity"":0.96,""parcel_similarity"":1.0,""survey_similarity"":1.0,""area_similarity"":0.98,""address_similarity"":0.91,""landuse_similarity"":0.95,""gis_similarity"":0.95}","Likely candidate match based on parcel, survey, owner similarity and spatial comparison; not a legal ownership decision.",MATCH,SYNTHETIC DEMO DATA — NOT OFFICIAL GOVERNMENT RECORDS
MATCH-1253,P1253,0.947,0.947,HIGH,"{""owner_similarity"":0.84,""parcel_similarity"":1.0,""survey_similarity"":1.0,""area_similarity"":0.98,""address_similarity"":0.91,""landuse_similarity"":0.95,""gis_similarity"":0.95}","Likely candidate match based on parcel, survey, owner similarity and spatial comparison; not a legal ownership decision.",MATCH,SYNTHETIC DEMO DATA — NOT OFFICIAL GOVERNMENT RECORDS
MATCH-1254,P1254,0.964,0.964,HIGH,"{""owner_similarity"":0.96,""parcel_similarity"":1.0,""survey_similarity"":1.0,""area_similarity"":0.98,""address_similarity"":0.91,""landuse_similarity"":0.95,""gis_similarity"":0.95}","Likely candidate match based on parcel, survey, owner similarity and spatial comparison; not a legal ownership decision.",MATCH,SYNTHETIC DEMO DATA — NOT OFFICIAL GOVERNMENT RECORDS
MATCH-1255,P1255,0.964,0.964,HIGH,"{""owner_similarity"":0.96,""parcel_similarity"":1.0,""survey_similarity"":1.0,""area_similarity"":0.98,""address_similarity"":0.91,""landuse_similarity"":0.95,""gis_similarity"":0.95}","Likely candidate match based on parcel, survey, owner similarity and spatial comparison; not a legal ownership decision.",MATCH,SYNTHETIC DEMO DATA — NOT OFFICIAL GOVERNMENT RECORDS
MATCH-1256,P1256,0.917,0.917,HIGH,"{""owner_similarity"":0.96,""parcel_similarity"":1.0,""survey_similarity"":1.0,""area_similarity"":0.98,""address_similarity"":0.91,""landuse_similarity"":0.62,""gis_similarity"":0.95}","Likely candidate match based on parcel, survey, owner similarity and spatial comparison; not a legal ownership decision.",MATCH,SYNTHETIC DEMO DATA — NOT OFFICIAL GOVERNMENT RECORDS
MATCH-1257,P1257,0.964,0.964,HIGH,"{""owner_similarity"":0.96,""parcel_similarity"":1.0,""survey_similarity"":1.0,""area_similarity"":0.98,""address_similarity"":0.91,""landuse_similarity"":0.95,""gis_similarity"":0.95}","Likely candidate match based on parcel, survey, owner similarity and spatial comparison; not a legal ownership decision.",MATCH,SYNTHETIC DEMO DATA — NOT OFFICIAL GOVERNMENT RECORDS
MATCH-1258,P1258,0.964,0.964,HIGH,"{""owner_similarity"":0.96,""parcel_similarity"":1.0,""survey_similarity"":1.0,""area_similarity"":0.98,""address_similarity"":0.91,""landuse_similarity"":0.95,""gis_similarity"":0.95}","Likely candidate match based on parcel, survey, owner similarity and spatial comparison; not a legal ownership decision.",MATCH,SYNTHETIC DEMO DATA — NOT OFFICIAL GOVERNMENT RECORDS
MATCH-1259,P1259,0.964,0.964,HIGH,"{""owner_similarity"":0.96,""parcel_similarity"":1.0,""survey_similarity"":1.0,""area_similarity"":0.98,""address_similarity"":0.91,""landuse_similarity"":0.95,""gis_similarity"":0.95}","Likely candidate match based on parcel, survey, owner similarity and spatial comparison; not a legal ownership decision.",MATCH,SYNTHETIC DEMO DATA — NOT OFFICIAL GOVERNMENT RECORDS
MATCH-1260,P1260,0.964,0.964,HIGH,"{""owner_similarity"":0.96,""parcel_similarity"":1.0,""survey_similarity"":1.0,""area_similarity"":0.98,""address_similarity"":0.91,""landuse_similarity"":0.95,""gis_similarity"":0.95}","Likely candidate match based on parcel, survey, owner similarity and spatial comparison; not a legal ownership decision.",MATCH,SYNTHETIC DEMO DATA — NOT OFFICIAL GOVERNMENT RECORDS
MATCH-1261,P1261,0.964,0.964,HIGH,"{""owner_similarity"":0.96,""parcel_similarity"":1.0,""survey_similarity"":1.0,""area_similarity"":0.98,""address_similarity"":0.91,""landuse_similarity"":0.95,""gis_similarity"":0.95}","Likely candidate match based on parcel, survey, owner similarity and spatial comparison; not a legal ownership decision.",MATCH,SYNTHETIC DEMO DATA — NOT OFFICIAL GOVERNMENT RECORDS
MATCH-1262,P1262,0.947,0.947,HIGH,"{""owner_similarity"":0.84,""parcel_similarity"":1.0,""survey_similarity"":1.0,""area_similarity"":0.98,""address_similarity"":0.91,""landuse_similarity"":0.95,""gis_similarity"":0.95}","Likely candidate match based on parcel, survey, owner similarity and spatial comparison; not a legal ownership decision.",MATCH,SYNTHETIC DEMO DATA — NOT OFFICIAL GOVERNMENT RECORDS
MATCH-1263,P1263,0.964,0.964,HIGH,"{""owner_similarity"":0.96,""parcel_similarity"":1.0,""survey_similarity"":1.0,""area_similarity"":0.98,""address_similarity"":0.91,""landuse_similarity"":0.95,""gis_similarity"":0.95}","Likely candidate match based on parcel, survey, owner similarity and spatial comparison; not a legal ownership decision.",MATCH,SYNTHETIC DEMO DATA — NOT OFFICIAL GOVERNMENT RECORDS
MATCH-1264,P1264,0.964,0.964,HIGH,"{""owner_similarity"":0.96,""parcel_similarity"":1.0,""survey_similarity"":1.0,""area_similarity"":0.98,""address_similarity"":0.91,""landuse_similarity"":0.95,""gis_similarity"":0.95}","Likely candidate match based on parcel, survey, owner similarity and spatial comparison; not a legal ownership decision.",MATCH,SYNTHETIC DEMO DATA — NOT OFFICIAL GOVERNMENT RECORDS
MATCH-1265,P1265,0.964,0.964,HIGH,"{""owner_similarity"":0.96,""parcel_similarity"":1.0,""survey_similarity"":1.0,""area_similarity"":0.98,""address_similarity"":0.91,""landuse_similarity"":0.95,""gis_similarity"":0.95}","Likely candidate match based on parcel, survey, owner similarity and spatial comparison; not a legal ownership decision.",MATCH,SYNTHETIC DEMO DATA — NOT OFFICIAL GOVERNMENT RECORDS
MATCH-1266,P1266,0.964,0.964,HIGH,"{""owner_similarity"":0.96,""parcel_similarity"":1.0,""survey_similarity"":1.0,""area_similarity"":0.98,""address_similarity"":0.91,""landuse_similarity"":0.95,""gis_similarity"":0.95}","Likely candidate match based on parcel, survey, owner similarity and spatial comparison; not a legal ownership decision.",MATCH,SYNTHETIC DEMO DATA — NOT OFFICIAL GOVERNMENT RECORDS
MATCH-1267,P1267,0.964,0.964,HIGH,"{""owner_similarity"":0.96,""parcel_similarity"":1.0,""survey_similarity"":1.0,""area_similarity"":0.98,""address_similarity"":0.91,""landuse_similarity"":0.95,""gis_similarity"":0.95}","Likely candidate match based on parcel, survey, owner similarity and spatial comparison; not a legal ownership decision.",MATCH,SYNTHETIC DEMO DATA — NOT OFFICIAL GOVERNMENT RECORDS
MATCH-1268,P1268,0.964,0.964,HIGH,"{""owner_similarity"":0.96,""parcel_similarity"":1.0,""survey_similarity"":1.0,""area_similarity"":0.98,""address_similarity"":0.91,""landuse_similarity"":0.95,""gis_similarity"":0.95}","Likely candidate match based on parcel, survey, owner similarity and spatial comparison; not a legal ownership decision.",MATCH,SYNTHETIC DEMO DATA — NOT OFFICIAL GOVERNMENT RECORDS
MATCH-1269,P1269,0.964,0.964,HIGH,"{""owner_similarity"":0.96,""parcel_similarity"":1.0,""survey_similarity"":1.0,""area_similarity"":0.98,""address_similarity"":0.91,""landuse_similarity"":0.95,""gis_similarity"":0.95}","Likely candidate match based on parcel, survey, owner similarity and spatial comparison; not a legal ownership decision.",MATCH,SYNTHETIC DEMO DATA — NOT OFFICIAL GOVERNMENT RECORDS
MATCH-1270,P1270,0.964,0.964,HIGH,"{""owner_similarity"":0.96,""parcel_similarity"":1.0,""survey_similarity"":1.0,""area_similarity"":0.98,""address_similarity"":0.91,""landuse_similarity"":0.95,""gis_similarity"":0.95}","Likely candidate match based on parcel, survey, owner similarity and spatial comparison; not a legal ownership decision.",MATCH,SYNTHETIC DEMO DATA — NOT OFFICIAL GOVERNMENT RECORDS
MATCH-1271,P1271,0.947,0.947,HIGH,"{""owner_similarity"":0.84,""parcel_similarity"":1.0,""survey_similarity"":1.0,""area_similarity"":0.98,""address_similarity"":0.91,""landuse_similarity"":0.95,""gis_similarity"":0.95}","Likely candidate match based on parcel, survey, owner similarity and spatial comparison; not a legal ownership decision.",MATCH,SYNTHETIC DEMO DATA — NOT OFFICIAL GOVERNMENT RECORDS
MATCH-1272,P1272,0.964,0.964,HIGH,"{""owner_similarity"":0.96,""parcel_similarity"":1.0,""survey_similarity"":1.0,""area_similarity"":0.98,""address_similarity"":0.91,""landuse_similarity"":0.95,""gis_similarity"":0.95}","Likely candidate match based on parcel, survey, owner similarity and spatial comparison; not a legal ownership decision.",MATCH,SYNTHETIC DEMO DATA — NOT OFFICIAL GOVERNMENT RECORDS
MATCH-1273,P1273,0.917,0.917,HIGH,"{""owner_similarity"":0.96,""parcel_similarity"":1.0,""survey_similarity"":1.0,""area_similarity"":0.98,""address_similarity"":0.91,""landuse_similarity"":0.62,""gis_similarity"":0.95}","Likely candidate match based on parcel, survey, owner similarity and spatial comparison; not a legal ownership decision.",MATCH,SYNTHETIC DEMO DATA — NOT OFFICIAL GOVERNMENT RECORDS
MATCH-1274,P1274,0.964,0.964,HIGH,"{""owner_similarity"":0.96,""parcel_similarity"":1.0,""survey_similarity"":1.0,""area_similarity"":0.98,""address_similarity"":0.91,""landuse_similarity"":0.95,""gis_similarity"":0.95}","Likely candidate match based on parcel, survey, owner similarity and spatial comparison; not a legal ownership decision.",MATCH,SYNTHETIC DEMO DATA — NOT OFFICIAL GOVERNMENT RECORDS
MATCH-1275,P1275,0.964,0.964,HIGH,"{""owner_similarity"":0.96,""parcel_similarity"":1.0,""survey_similarity"":1.0,""area_similarity"":0.98,""address_similarity"":0.91,""landuse_similarity"":0.95,""gis_similarity"":0.95}","Likely candidate match based on parcel, survey, owner similarity and spatial comparison; not a legal ownership decision.",MATCH,SYNTHETIC DEMO DATA — NOT OFFICIAL GOVERNMENT RECORDS
MATCH-1276,P1276,0.964,0.964,HIGH,"{""owner_similarity"":0.96,""parcel_similarity"":1.0,""survey_similarity"":1.0,""area_similarity"":0.98,""address_similarity"":0.91,""landuse_similarity"":0.95,""gis_similarity"":0.95}","Likely candidate match based on parcel, survey, owner similarity and spatial comparison; not a legal ownership decision.",MATCH,SYNTHETIC DEMO DATA — NOT OFFICIAL GOVERNMENT RECORDS
MATCH-1277,P1277,0.964,0.964,HIGH,"{""owner_similarity"":0.96,""parcel_similarity"":1.0,""survey_similarity"":1.0,""area_similarity"":0.98,""address_similarity"":0.91,""landuse_similarity"":0.95,""gis_similarity"":0.95}","Likely candidate match based on parcel, survey, owner similarity and spatial comparison; not a legal ownership decision.",MATCH,SYNTHETIC DEMO DATA — NOT OFFICIAL GOVERNMENT RECORDS
MATCH-1278,P1278,0.964,0.964,HIGH,"{""owner_similarity"":0.96,""parcel_similarity"":1.0,""survey_similarity"":1.0,""area_similarity"":0.98,""address_similarity"":0.91,""landuse_similarity"":0.95,""gis_similarity"":0.95}","Likely candidate match based on parcel, survey, owner similarity and spatial comparison; not a legal ownership decision.",MATCH,SYNTHETIC DEMO DATA — NOT OFFICIAL GOVERNMENT RECORDS
MATCH-1279,P1279,0.964,0.964,HIGH,"{""owner_similarity"":0.96,""parcel_similarity"":1.0,""survey_similarity"":1.0,""area_similarity"":0.98,""address_similarity"":0.91,""landuse_similarity"":0.95,""gis_similarity"":0.95}","Likely candidate match based on parcel, survey, owner similarity and spatial comparison; not a legal ownership decision.",MATCH,SYNTHETIC DEMO DATA — NOT OFFICIAL GOVERNMENT RECORDS
MATCH-1280,P1280,0.947,0.947,HIGH,"{""owner_similarity"":0.84,""parcel_similarity"":1.0,""survey_similarity"":1.0,""area_similarity"":0.98,""address_similarity"":0.91,""landuse_similarity"":0.95,""gis_similarity"":0.95}","Likely candidate match based on parcel, survey, owner similarity and spatial comparison; not a legal ownership decision.",MATCH,SYNTHETIC DEMO DATA — NOT OFFICIAL GOVERNMENT RECORDS
MATCH-1281,P1281,0.964,0.964,HIGH,"{""owner_similarity"":0.96,""parcel_similarity"":1.0,""survey_similarity"":1.0,""area_similarity"":0.98,""address_similarity"":0.91,""landuse_similarity"":0.95,""gis_similarity"":0.95}","Likely candidate match based on parcel, survey, owner similarity and spatial comparison; not a legal ownership decision.",MATCH,SYNTHETIC DEMO DATA — NOT OFFICIAL GOVERNMENT RECORDS
MATCH-1282,P1282,0.964,0.964,HIGH,"{""owner_similarity"":0.96,""parcel_similarity"":1.0,""survey_similarity"":1.0,""area_similarity"":0.98,""address_similarity"":0.91,""landuse_similarity"":0.95,""gis_similarity"":0.95}","Likely candidate match based on parcel, survey, owner similarity and spatial comparison; not a legal ownership decision.",MATCH,SYNTHETIC DEMO DATA — NOT OFFICIAL GOVERNMENT RECORDS
MATCH-1283,P1283,0.964,0.964,HIGH,"{""owner_similarity"":0.96,""parcel_similarity"":1.0,""survey_similarity"":1.0,""area_similarity"":0.98,""address_similarity"":0.91,""landuse_similarity"":0.95,""gis_similarity"":0.95}","Likely candidate match based on parcel, survey, owner similarity and spatial comparison; not a legal ownership decision.",MATCH,SYNTHETIC DEMO DATA — NOT OFFICIAL GOVERNMENT RECORDS
MATCH-1284,P1284,0.964,0.964,HIGH,"{""owner_similarity"":0.96,""parcel_similarity"":1.0,""survey_similarity"":1.0,""area_similarity"":0.98,""address_similarity"":0.91,""landuse_similarity"":0.95,""gis_similarity"":0.95}","Likely candidate match based on parcel, survey, owner similarity and spatial comparison; not a legal ownership decision.",MATCH,SYNTHETIC DEMO DATA — NOT OFFICIAL GOVERNMENT RECORDS
MATCH-1285,P1285,0.964,0.964,HIGH,"{""owner_similarity"":0.96,""parcel_similarity"":1.0,""survey_similarity"":1.0,""area_similarity"":0.98,""address_similarity"":0.91,""landuse_similarity"":0.95,""gis_similarity"":0.95}","Likely candidate match based on parcel, survey, owner similarity and spatial comparison; not a legal ownership decision.",MATCH,SYNTHETIC DEMO DATA — NOT OFFICIAL GOVERNMENT RECORDS
MATCH-1286,P1286,0.964,0.964,HIGH,"{""owner_similarity"":0.96,""parcel_similarity"":1.0,""survey_similarity"":1.0,""area_similarity"":0.98,""address_similarity"":0.91,""landuse_similarity"":0.95,""gis_similarity"":0.95}","Likely candidate match based on parcel, survey, owner similarity and spatial comparison; not a legal ownership decision.",MATCH,SYNTHETIC DEMO DATA — NOT OFFICIAL GOVERNMENT RECORDS
MATCH-1287,P1287,0.964,0.964,HIGH,"{""owner_similarity"":0.96,""parcel_similarity"":1.0,""survey_similarity"":1.0,""area_similarity"":0.98,""address_similarity"":0.91,""landuse_similarity"":0.95,""gis_similarity"":0.95}","Likely candidate match based on parcel, survey, owner similarity and spatial comparison; not a legal ownership decision.",MATCH,SYNTHETIC DEMO DATA — NOT OFFICIAL GOVERNMENT RECORDS
MATCH-1288,P1288,0.964,0.964,HIGH,"{""owner_similarity"":0.96,""parcel_similarity"":1.0,""survey_similarity"":1.0,""area_similarity"":0.98,""address_similarity"":0.91,""landuse_similarity"":0.95,""gis_similarity"":0.95}","Likely candidate match based on parcel, survey, owner similarity and spatial comparison; not a legal ownership decision.",MATCH,SYNTHETIC DEMO DATA — NOT OFFICIAL GOVERNMENT RECORDS
MATCH-1289,P1289,0.947,0.947,HIGH,"{""owner_similarity"":0.84,""parcel_similarity"":1.0,""survey_similarity"":1.0,""area_similarity"":0.98,""address_similarity"":0.91,""landuse_similarity"":0.95,""gis_similarity"":0.95}","Likely candidate match based on parcel, survey, owner similarity and spatial comparison; not a legal ownership decision.",MATCH,SYNTHETIC DEMO DATA — NOT OFFICIAL GOVERNMENT RECORDS
MATCH-1290,P1290,0.917,0.917,HIGH,"{""owner_similarity"":0.96,""parcel_similarity"":1.0,""survey_similarity"":1.0,""area_similarity"":0.98,""address_similarity"":0.91,""landuse_similarity"":0.62,""gis_similarity"":0.95}","Likely candidate match based on parcel, survey, owner similarity and spatial comparison; not a legal ownership decision.",MATCH,SYNTHETIC DEMO DATA — NOT OFFICIAL GOVERNMENT RECORDS
MATCH-1291,P1291,0.964,0.964,HIGH,"{""owner_similarity"":0.96,""parcel_similarity"":1.0,""survey_similarity"":1.0,""area_similarity"":0.98,""address_similarity"":0.91,""landuse_similarity"":0.95,""gis_similarity"":0.95}","Likely candidate match based on parcel, survey, owner similarity and spatial comparison; not a legal ownership decision.",MATCH,SYNTHETIC DEMO DATA — NOT OFFICIAL GOVERNMENT RECORDS
MATCH-1292,P1292,0.964,0.964,HIGH,"{""owner_similarity"":0.96,""parcel_similarity"":1.0,""survey_similarity"":1.0,""area_similarity"":0.98,""address_similarity"":0.91,""landuse_similarity"":0.95,""gis_similarity"":0.95}","Likely candidate match based on parcel, survey, owner similarity and spatial comparison; not a legal ownership decision.",MATCH,SYNTHETIC DEMO DATA — NOT OFFICIAL GOVERNMENT RECORDS
MATCH-1293,P1293,0.964,0.964,HIGH,"{""owner_similarity"":0.96,""parcel_similarity"":1.0,""survey_similarity"":1.0,""area_similarity"":0.98,""address_similarity"":0.91,""landuse_similarity"":0.95,""gis_similarity"":0.95}","Likely candidate match based on parcel, survey, owner similarity and spatial comparison; not a legal ownership decision.",MATCH,SYNTHETIC DEMO DATA — NOT OFFICIAL GOVERNMENT RECORDS
MATCH-1294,P1294,0.964,0.964,HIGH,"{""owner_similarity"":0.96,""parcel_similarity"":1.0,""survey_similarity"":1.0,""area_similarity"":0.98,""address_similarity"":0.91,""landuse_similarity"":0.95,""gis_similarity"":0.95}","Likely candidate match based on parcel, survey, owner similarity and spatial comparison; not a legal ownership decision.",MATCH,SYNTHETIC DEMO DATA — NOT OFFICIAL GOVERNMENT RECORDS
MATCH-1295,P1295,0.964,0.964,HIGH,"{""owner_similarity"":0.96,""parcel_similarity"":1.0,""survey_similarity"":1.0,""area_similarity"":0.98,""address_similarity"":0.91,""landuse_similarity"":0.95,""gis_similarity"":0.95}","Likely candidate match based on parcel, survey, owner similarity and spatial comparison; not a legal ownership decision.",MATCH,SYNTHETIC DEMO DATA — NOT OFFICIAL GOVERNMENT RECORDS
MATCH-1296,P1296,0.964,0.964,HIGH,"{""owner_similarity"":0.96,""parcel_similarity"":1.0,""survey_similarity"":1.0,""area_similarity"":0.98,""address_similarity"":0.91,""landuse_similarity"":0.95,""gis_similarity"":0.95}","Likely candidate match based on parcel, survey, owner similarity and spatial comparison; not a legal ownership decision.",MATCH,SYNTHETIC DEMO DATA — NOT OFFICIAL GOVERNMENT RECORDS
MATCH-1297,P1297,0.964,0.964,HIGH,"{""owner_similarity"":0.96,""parcel_similarity"":1.0,""survey_similarity"":1.0,""area_similarity"":0.98,""address_similarity"":0.91,""landuse_similarity"":0.95,""gis_similarity"":0.95}","Likely candidate match based on parcel, survey, owner similarity and spatial comparison; not a legal ownership decision.",MATCH,SYNTHETIC DEMO DATA — NOT OFFICIAL GOVERNMENT RECORDS
MATCH-1298,P1298,0.947,0.947,HIGH,"{""owner_similarity"":0.84,""parcel_similarity"":1.0,""survey_similarity"":1.0,""area_similarity"":0.98,""address_similarity"":0.91,""landuse_similarity"":0.95,""gis_similarity"":0.95}","Likely candidate match based on parcel, survey, owner similarity and spatial comparison; not a legal ownership decision.",MATCH,SYNTHETIC DEMO DATA — NOT OFFICIAL GOVERNMENT RECORDS
MATCH-1299,P1299,0.964,0.964,HIGH,"{""owner_similarity"":0.96,""parcel_similarity"":1.0,""survey_similarity"":1.0,""area_similarity"":0.98,""address_similarity"":0.91,""landuse_similarity"":0.95,""gis_similarity"":0.95}","Likely candidate match based on parcel, survey, owner similarity and spatial comparison; not a legal ownership decision.",MATCH,SYNTHETIC DEMO DATA — NOT OFFICIAL GOVERNMENT RECORDS
MATCH-1300,P1300,0.964,0.964,HIGH,"{""owner_similarity"":0.96,""parcel_similarity"":1.0,""survey_similarity"":1.0,""area_similarity"":0.98,""address_similarity"":0.91,""landuse_similarity"":0.95,""gis_similarity"":0.95}","Likely candidate match based on parcel, survey, owner similarity and spatial comparison; not a legal ownership decision.",MATCH,SYNTHETIC DEMO DATA — NOT OFFICIAL GOVERNMENT RECORDS
MATCH-1301,P1301,0.964,0.964,HIGH,"{""owner_similarity"":0.96,""parcel_similarity"":1.0,""survey_similarity"":1.0,""area_similarity"":0.98,""address_similarity"":0.91,""landuse_similarity"":0.95,""gis_similarity"":0.95}","Likely candidate match based on parcel, survey, owner similarity and spatial comparison; not a legal ownership decision.",MATCH,SYNTHETIC DEMO DATA — NOT OFFICIAL GOVERNMENT RECORDS
MATCH-1302,P1302,0.964,0.964,HIGH,"{""owner_similarity"":0.96,""parcel_similarity"":1.0,""survey_similarity"":1.0,""area_similarity"":0.98,""address_similarity"":0.91,""landuse_similarity"":0.95,""gis_similarity"":0.95}","Likely candidate match based on parcel, survey, owner similarity and spatial comparison; not a legal ownership decision.",MATCH,SYNTHETIC DEMO DATA — NOT OFFICIAL GOVERNMENT RECORDS
MATCH-1303,P1303,0.964,0.964,HIGH,"{""owner_similarity"":0.96,""parcel_similarity"":1.0,""survey_similarity"":1.0,""area_similarity"":0.98,""address_similarity"":0.91,""landuse_similarity"":0.95,""gis_similarity"":0.95}","Likely candidate match based on parcel, survey, owner similarity and spatial comparison; not a legal ownership decision.",MATCH,SYNTHETIC DEMO DATA — NOT OFFICIAL GOVERNMENT RECORDS
MATCH-1304,P1304,0.964,0.964,HIGH,"{""owner_similarity"":0.96,""parcel_similarity"":1.0,""survey_similarity"":1.0,""area_similarity"":0.98,""address_similarity"":0.91,""landuse_similarity"":0.95,""gis_similarity"":0.95}","Likely candidate match based on parcel, survey, owner similarity and spatial comparison; not a legal ownership decision.",MATCH,SYNTHETIC DEMO DATA — NOT OFFICIAL GOVERNMENT RECORDS
MATCH-1305,P1305,0.964,0.964,HIGH,"{""owner_similarity"":0.96,""parcel_similarity"":1.0,""survey_similarity"":1.0,""area_similarity"":0.98,""address_similarity"":0.91,""landuse_similarity"":0.95,""gis_similarity"":0.95}","Likely candidate match based on parcel, survey, owner similarity and spatial comparison; not a legal ownership decision.",MATCH,SYNTHETIC DEMO DATA — NOT OFFICIAL GOVERNMENT RECORDS
MATCH-1306,P1306,0.964,0.964,HIGH,"{""owner_similarity"":0.96,""parcel_similarity"":1.0,""survey_similarity"":1.0,""area_similarity"":0.98,""address_similarity"":0.91,""landuse_similarity"":0.95,""gis_similarity"":0.95}","Likely candidate match based on parcel, survey, owner similarity and spatial comparison; not a legal ownership decision.",MATCH,SYNTHETIC DEMO DATA — NOT OFFICIAL GOVERNMENT RECORDS
MATCH-1307,P1307,0.9,0.9,HIGH,"{""owner_similarity"":0.84,""parcel_similarity"":1.0,""survey_similarity"":1.0,""area_similarity"":0.98,""address_similarity"":0.91,""landuse_similarity"":0.62,""gis_similarity"":0.95}","Likely candidate match based on parcel, survey, owner similarity and spatial comparison; not a legal ownership decision.",MATCH,SYNTHETIC DEMO DATA — NOT OFFICIAL GOVERNMENT RECORDS
MATCH-1308,P1308,0.964,0.964,HIGH,"{""owner_similarity"":0.96,""parcel_similarity"":1.0,""survey_similarity"":1.0,""area_similarity"":0.98,""address_similarity"":0.91,""landuse_similarity"":0.95,""gis_similarity"":0.95}","Likely candidate match based on parcel, survey, owner similarity and spatial comparison; not a legal ownership decision.",MATCH,SYNTHETIC DEMO DATA — NOT OFFICIAL GOVERNMENT RECORDS
MATCH-1309,P1309,0.964,0.964,HIGH,"{""owner_similarity"":0.96,""parcel_similarity"":1.0,""survey_similarity"":1.0,""area_similarity"":0.98,""address_similarity"":0.91,""landuse_similarity"":0.95,""gis_similarity"":0.95}","Likely candidate match based on parcel, survey, owner similarity and spatial comparison; not a legal ownership decision.",MATCH,SYNTHETIC DEMO DATA — NOT OFFICIAL GOVERNMENT RECORDS
MATCH-1310,P1310,0.964,0.964,HIGH,"{""owner_similarity"":0.96,""parcel_similarity"":1.0,""survey_similarity"":1.0,""area_similarity"":0.98,""address_similarity"":0.91,""landuse_similarity"":0.95,""gis_similarity"":0.95}","Likely candidate match based on parcel, survey, owner similarity and spatial comparison; not a legal ownership decision.",MATCH,SYNTHETIC DEMO DATA — NOT OFFICIAL GOVERNMENT RECORDS
MATCH-1311,P1311,0.964,0.964,HIGH,"{""owner_similarity"":0.96,""parcel_similarity"":1.0,""survey_similarity"":1.0,""area_similarity"":0.98,""address_similarity"":0.91,""landuse_similarity"":0.95,""gis_similarity"":0.95}","Likely candidate match based on parcel, survey, owner similarity and spatial comparison; not a legal ownership decision.",MATCH,SYNTHETIC DEMO DATA — NOT OFFICIAL GOVERNMENT RECORDS
MATCH-1312,P1312,0.964,0.964,HIGH,"{""owner_similarity"":0.96,""parcel_similarity"":1.0,""survey_similarity"":1.0,""area_similarity"":0.98,""address_similarity"":0.91,""landuse_similarity"":0.95,""gis_similarity"":0.95}","Likely candidate match based on parcel, survey, owner similarity and spatial comparison; not a legal ownership decision.",MATCH,SYNTHETIC DEMO DATA — NOT OFFICIAL GOVERNMENT RECORDS
MATCH-1313,P1313,0.964,0.964,HIGH,"{""owner_similarity"":0.96,""parcel_similarity"":1.0,""survey_similarity"":1.0,""area_similarity"":0.98,""address_similarity"":0.91,""landuse_similarity"":0.95,""gis_similarity"":0.95}","Likely candidate match based on parcel, survey, owner similarity and spatial comparison; not a legal ownership decision.",MATCH,SYNTHETIC DEMO DATA — NOT OFFICIAL GOVERNMENT RECORDS
MATCH-1314,P1314,0.964,0.964,HIGH,"{""owner_similarity"":0.96,""parcel_similarity"":1.0,""survey_similarity"":1.0,""area_similarity"":0.98,""address_similarity"":0.91,""landuse_similarity"":0.95,""gis_similarity"":0.95}","Likely candidate match based on parcel, survey, owner similarity and spatial comparison; not a legal ownership decision.",MATCH,SYNTHETIC DEMO DATA — NOT OFFICIAL GOVERNMENT RECORDS
MATCH-1315,P1315,0.964,0.964,HIGH,"{""owner_similarity"":0.96,""parcel_similarity"":1.0,""survey_similarity"":1.0,""area_similarity"":0.98,""address_similarity"":0.91,""landuse_similarity"":0.95,""gis_similarity"":0.95}","Likely candidate match based on parcel, survey, owner similarity and spatial comparison; not a legal ownership decision.",MATCH,SYNTHETIC DEMO DATA — NOT OFFICIAL GOVERNMENT RECORDS
MATCH-1316,P1316,0.947,0.947,HIGH,"{""owner_similarity"":0.84,""parcel_similarity"":1.0,""survey_similarity"":1.0,""area_similarity"":0.98,""address_similarity"":0.91,""landuse_similarity"":0.95,""gis_similarity"":0.95}","Likely candidate match based on parcel, survey, owner similarity and spatial comparison; not a legal ownership decision.",MATCH,SYNTHETIC DEMO DATA — NOT OFFICIAL GOVERNMENT RECORDS
MATCH-1317,P1317,0.964,0.964,HIGH,"{""owner_similarity"":0.96,""parcel_similarity"":1.0,""survey_similarity"":1.0,""area_similarity"":0.98,""address_similarity"":0.91,""landuse_similarity"":0.95,""gis_similarity"":0.95}","Likely candidate match based on parcel, survey, owner similarity and spatial comparison; not a legal ownership decision.",MATCH,SYNTHETIC DEMO DATA — NOT OFFICIAL GOVERNMENT RECORDS
MATCH-1318,P1318,0.964,0.964,HIGH,"{""owner_similarity"":0.96,""parcel_similarity"":1.0,""survey_similarity"":1.0,""area_similarity"":0.98,""address_similarity"":0.91,""landuse_similarity"":0.95,""gis_similarity"":0.95}","Likely candidate match based on parcel, survey, owner similarity and spatial comparison; not a legal ownership decision.",MATCH,SYNTHETIC DEMO DATA — NOT OFFICIAL GOVERNMENT RECORDS
MATCH-1319,P1319,0.964,0.964,HIGH,"{""owner_similarity"":0.96,""parcel_similarity"":1.0,""survey_similarity"":1.0,""area_similarity"":0.98,""address_similarity"":0.91,""landuse_similarity"":0.95,""gis_similarity"":0.95}","Likely candidate match based on parcel, survey, owner similarity and spatial comparison; not a legal ownership decision.",MATCH,SYNTHETIC DEMO DATA — NOT OFFICIAL GOVERNMENT RECORDS
MATCH-1320,P1320,0.964,0.964,HIGH,"{""owner_similarity"":0.96,""parcel_similarity"":1.0,""survey_similarity"":1.0,""area_similarity"":0.98,""address_similarity"":0.91,""landuse_similarity"":0.95,""gis_similarity"":0.95}","Likely candidate match based on parcel, survey, owner similarity and spatial comparison; not a legal ownership decision.",MATCH,SYNTHETIC DEMO DATA — NOT OFFICIAL GOVERNMENT RECORDS
MATCH-1321,P1321,0.964,0.964,HIGH,"{""owner_similarity"":0.96,""parcel_similarity"":1.0,""survey_similarity"":1.0,""area_similarity"":0.98,""address_similarity"":0.91,""landuse_similarity"":0.95,""gis_similarity"":0.95}","Likely candidate match based on parcel, survey, owner similarity and spatial comparison; not a legal ownership decision.",MATCH,SYNTHETIC DEMO DATA — NOT OFFICIAL GOVERNMENT RECORDS
MATCH-1322,P1322,0.964,0.964,HIGH,"{""owner_similarity"":0.96,""parcel_similarity"":1.0,""survey_similarity"":1.0,""area_similarity"":0.98,""address_similarity"":0.91,""landuse_similarity"":0.95,""gis_similarity"":0.95}","Likely candidate match based on parcel, survey, owner similarity and spatial comparison; not a legal ownership decision.",MATCH,SYNTHETIC DEMO DATA — NOT OFFICIAL GOVERNMENT RECORDS
MATCH-1323,P1323,0.964,0.964,HIGH,"{""owner_similarity"":0.96,""parcel_similarity"":1.0,""survey_similarity"":1.0,""area_similarity"":0.98,""address_similarity"":0.91,""landuse_similarity"":0.95,""gis_similarity"":0.95}","Likely candidate match based on parcel, survey, owner similarity and spatial comparison; not a legal ownership decision.",MATCH,SYNTHETIC DEMO DATA — NOT OFFICIAL GOVERNMENT RECORDS
MATCH-1324,P1324,0.917,0.917,HIGH,"{""owner_similarity"":0.96,""parcel_similarity"":1.0,""survey_similarity"":1.0,""area_similarity"":0.98,""address_similarity"":0.91,""landuse_similarity"":0.62,""gis_similarity"":0.95}","Likely candidate match based on parcel, survey, owner similarity and spatial comparison; not a legal ownership decision.",MATCH,SYNTHETIC DEMO DATA — NOT OFFICIAL GOVERNMENT RECORDS
MATCH-1325,P1325,0.947,0.947,HIGH,"{""owner_similarity"":0.84,""parcel_similarity"":1.0,""survey_similarity"":1.0,""area_similarity"":0.98,""address_similarity"":0.91,""landuse_similarity"":0.95,""gis_similarity"":0.95}","Likely candidate match based on parcel, survey, owner similarity and spatial comparison; not a legal ownership decision.",MATCH,SYNTHETIC DEMO DATA — NOT OFFICIAL GOVERNMENT RECORDS
MATCH-1326,P1326,0.964,0.964,HIGH,"{""owner_similarity"":0.96,""parcel_similarity"":1.0,""survey_similarity"":1.0,""area_similarity"":0.98,""address_similarity"":0.91,""landuse_similarity"":0.95,""gis_similarity"":0.95}","Likely candidate match based on parcel, survey, owner similarity and spatial comparison; not a legal ownership decision.",MATCH,SYNTHETIC DEMO DATA — NOT OFFICIAL GOVERNMENT RECORDS
MATCH-1327,P1327,0.964,0.964,HIGH,"{""owner_similarity"":0.96,""parcel_similarity"":1.0,""survey_similarity"":1.0,""area_similarity"":0.98,""address_similarity"":0.91,""landuse_similarity"":0.95,""gis_similarity"":0.95}","Likely candidate match based on parcel, survey, owner similarity and spatial comparison; not a legal ownership decision.",MATCH,SYNTHETIC DEMO DATA — NOT OFFICIAL GOVERNMENT RECORDS
MATCH-1328,P1328,0.964,0.964,HIGH,"{""owner_similarity"":0.96,""parcel_similarity"":1.0,""survey_similarity"":1.0,""area_similarity"":0.98,""address_similarity"":0.91,""landuse_similarity"":0.95,""gis_similarity"":0.95}","Likely candidate match based on parcel, survey, owner similarity and spatial comparison; not a legal ownership decision.",MATCH,SYNTHETIC DEMO DATA — NOT OFFICIAL GOVERNMENT RECORDS
MATCH-1329,P1329,0.964,0.964,HIGH,"{""owner_similarity"":0.96,""parcel_similarity"":1.0,""survey_similarity"":1.0,""area_similarity"":0.98,""address_similarity"":0.91,""landuse_similarity"":0.95,""gis_similarity"":0.95}","Likely candidate match based on parcel, survey, owner similarity and spatial comparison; not a legal ownership decision.",MATCH,SYNTHETIC DEMO DATA — NOT OFFICIAL GOVERNMENT RECORDS
MATCH-1330,P1330,0.964,0.964,HIGH,"{""owner_similarity"":0.96,""parcel_similarity"":1.0,""survey_similarity"":1.0,""area_similarity"":0.98,""address_similarity"":0.91,""landuse_similarity"":0.95,""gis_similarity"":0.95}","Likely candidate match based on parcel, survey, owner similarity and spatial comparison; not a legal ownership decision.",MATCH,SYNTHETIC DEMO DATA — NOT OFFICIAL GOVERNMENT RECORDS
MATCH-1331,P1331,0.964,0.964,HIGH,"{""owner_similarity"":0.96,""parcel_similarity"":1.0,""survey_similarity"":1.0,""area_similarity"":0.98,""address_similarity"":0.91,""landuse_similarity"":0.95,""gis_similarity"":0.95}","Likely candidate match based on parcel, survey, owner similarity and spatial comparison; not a legal ownership decision.",MATCH,SYNTHETIC DEMO DATA — NOT OFFICIAL GOVERNMENT RECORDS
MATCH-1332,P1332,0.964,0.964,HIGH,"{""owner_similarity"":0.96,""parcel_similarity"":1.0,""survey_similarity"":1.0,""area_similarity"":0.98,""address_similarity"":0.91,""landuse_similarity"":0.95,""gis_similarity"":0.95}","Likely candidate match based on parcel, survey, owner similarity and spatial comparison; not a legal ownership decision.",MATCH,SYNTHETIC DEMO DATA — NOT OFFICIAL GOVERNMENT RECORDS
MATCH-1333,P1333,0.964,0.964,HIGH,"{""owner_similarity"":0.96,""parcel_similarity"":1.0,""survey_similarity"":1.0,""area_similarity"":0.98,""address_similarity"":0.91,""landuse_similarity"":0.95,""gis_similarity"":0.95}","Likely candidate match based on parcel, survey, owner similarity and spatial comparison; not a legal ownership decision.",MATCH,SYNTHETIC DEMO DATA — NOT OFFICIAL GOVERNMENT RECORDS
MATCH-1334,P1334,0.947,0.947,HIGH,"{""owner_similarity"":0.84,""parcel_similarity"":1.0,""survey_similarity"":1.0,""area_similarity"":0.98,""address_similarity"":0.91,""landuse_similarity"":0.95,""gis_similarity"":0.95}","Likely candidate match based on parcel, survey, owner similarity and spatial comparison; not a legal ownership decision.",MATCH,SYNTHETIC DEMO DATA — NOT OFFICIAL GOVERNMENT RECORDS
MATCH-1335,P1335,0.964,0.964,HIGH,"{""owner_similarity"":0.96,""parcel_similarity"":1.0,""survey_similarity"":1.0,""area_similarity"":0.98,""address_similarity"":0.91,""landuse_similarity"":0.95,""gis_similarity"":0.95}","Likely candidate match based on parcel, survey, owner similarity and spatial comparison; not a legal ownership decision.",MATCH,SYNTHETIC DEMO DATA — NOT OFFICIAL GOVERNMENT RECORDS
MATCH-1336,P1336,0.964,0.964,HIGH,"{""owner_similarity"":0.96,""parcel_similarity"":1.0,""survey_similarity"":1.0,""area_similarity"":0.98,""address_similarity"":0.91,""landuse_similarity"":0.95,""gis_similarity"":0.95}","Likely candidate match based on parcel, survey, owner similarity and spatial comparison; not a legal ownership decision.",MATCH,SYNTHETIC DEMO DATA — NOT OFFICIAL GOVERNMENT RECORDS
MATCH-1337,P1337,0.964,0.964,HIGH,"{""owner_similarity"":0.96,""parcel_similarity"":1.0,""survey_similarity"":1.0,""area_similarity"":0.98,""address_similarity"":0.91,""landuse_similarity"":0.95,""gis_similarity"":0.95}","Likely candidate match based on parcel, survey, owner similarity and spatial comparison; not a legal ownership decision.",MATCH,SYNTHETIC DEMO DATA — NOT OFFICIAL GOVERNMENT RECORDS
MATCH-1338,P1338,0.964,0.964,HIGH,"{""owner_similarity"":0.96,""parcel_similarity"":1.0,""survey_similarity"":1.0,""area_similarity"":0.98,""address_similarity"":0.91,""landuse_similarity"":0.95,""gis_similarity"":0.95}","Likely candidate match based on parcel, survey, owner similarity and spatial comparison; not a legal ownership decision.",MATCH,SYNTHETIC DEMO DATA — NOT OFFICIAL GOVERNMENT RECORDS
MATCH-1339,P1339,0.964,0.964,HIGH,"{""owner_similarity"":0.96,""parcel_similarity"":1.0,""survey_similarity"":1.0,""area_similarity"":0.98,""address_similarity"":0.91,""landuse_similarity"":0.95,""gis_similarity"":0.95}","Likely candidate match based on parcel, survey, owner similarity and spatial comparison; not a legal ownership decision.",MATCH,SYNTHETIC DEMO DATA — NOT OFFICIAL GOVERNMENT RECORDS
MATCH-1340,P1340,0.964,0.964,HIGH,"{""owner_similarity"":0.96,""parcel_similarity"":1.0,""survey_similarity"":1.0,""area_similarity"":0.98,""address_similarity"":0.91,""landuse_similarity"":0.95,""gis_similarity"":0.95}","Likely candidate match based on parcel, survey, owner similarity and spatial comparison; not a legal ownership decision.",MATCH,SYNTHETIC DEMO DATA — NOT OFFICIAL GOVERNMENT RECORDS
MATCH-1341,P1341,0.917,0.917,HIGH,"{""owner_similarity"":0.96,""parcel_similarity"":1.0,""survey_similarity"":1.0,""area_similarity"":0.98,""address_similarity"":0.91,""landuse_similarity"":0.62,""gis_similarity"":0.95}","Likely candidate match based on parcel, survey, owner similarity and spatial comparison; not a legal ownership decision.",MATCH,SYNTHETIC DEMO DATA — NOT OFFICIAL GOVERNMENT RECORDS
MATCH-1342,P1342,0.964,0.964,HIGH,"{""owner_similarity"":0.96,""parcel_similarity"":1.0,""survey_similarity"":1.0,""area_similarity"":0.98,""address_similarity"":0.91,""landuse_similarity"":0.95,""gis_similarity"":0.95}","Likely candidate match based on parcel, survey, owner similarity and spatial comparison; not a legal ownership decision.",MATCH,SYNTHETIC DEMO DATA — NOT OFFICIAL GOVERNMENT RECORDS
MATCH-1343,P1343,0.947,0.947,HIGH,"{""owner_similarity"":0.84,""parcel_similarity"":1.0,""survey_similarity"":1.0,""area_similarity"":0.98,""address_similarity"":0.91,""landuse_similarity"":0.95,""gis_similarity"":0.95}","Likely candidate match based on parcel, survey, owner similarity and spatial comparison; not a legal ownership decision.",MATCH,SYNTHETIC DEMO DATA — NOT OFFICIAL GOVERNMENT RECORDS
MATCH-1344,P1344,0.964,0.964,HIGH,"{""owner_similarity"":0.96,""parcel_similarity"":1.0,""survey_similarity"":1.0,""area_similarity"":0.98,""address_similarity"":0.91,""landuse_similarity"":0.95,""gis_similarity"":0.95}","Likely candidate match based on parcel, survey, owner similarity and spatial comparison; not a legal ownership decision.",MATCH,SYNTHETIC DEMO DATA — NOT OFFICIAL GOVERNMENT RECORDS
MATCH-1345,P1345,0.964,0.964,HIGH,"{""owner_similarity"":0.96,""parcel_similarity"":1.0,""survey_similarity"":1.0,""area_similarity"":0.98,""address_similarity"":0.91,""landuse_similarity"":0.95,""gis_similarity"":0.95}","Likely candidate match based on parcel, survey, owner similarity and spatial comparison; not a legal ownership decision.",MATCH,SYNTHETIC DEMO DATA — NOT OFFICIAL GOVERNMENT RECORDS
MATCH-1346,P1346,0.964,0.964,HIGH,"{""owner_similarity"":0.96,""parcel_similarity"":1.0,""survey_similarity"":1.0,""area_similarity"":0.98,""address_similarity"":0.91,""landuse_similarity"":0.95,""gis_similarity"":0.95}","Likely candidate match based on parcel, survey, owner similarity and spatial comparison; not a legal ownership decision.",MATCH,SYNTHETIC DEMO DATA — NOT OFFICIAL GOVERNMENT RECORDS
MATCH-1347,P1347,0.964,0.964,HIGH,"{""owner_similarity"":0.96,""parcel_similarity"":1.0,""survey_similarity"":1.0,""area_similarity"":0.98,""address_similarity"":0.91,""landuse_similarity"":0.95,""gis_similarity"":0.95}","Likely candidate match based on parcel, survey, owner similarity and spatial comparison; not a legal ownership decision.",MATCH,SYNTHETIC DEMO DATA — NOT OFFICIAL GOVERNMENT RECORDS
MATCH-1348,P1348,0.964,0.964,HIGH,"{""owner_similarity"":0.96,""parcel_similarity"":1.0,""survey_similarity"":1.0,""area_similarity"":0.98,""address_similarity"":0.91,""landuse_similarity"":0.95,""gis_similarity"":0.95}","Likely candidate match based on parcel, survey, owner similarity and spatial comparison; not a legal ownership decision.",MATCH,SYNTHETIC DEMO DATA — NOT OFFICIAL GOVERNMENT RECORDS
MATCH-1349,P1349,0.964,0.964,HIGH,"{""owner_similarity"":0.96,""parcel_similarity"":1.0,""survey_similarity"":1.0,""area_similarity"":0.98,""address_similarity"":0.91,""landuse_similarity"":0.95,""gis_similarity"":0.95}","Likely candidate match based on parcel, survey, owner similarity and spatial comparison; not a legal ownership decision.",MATCH,SYNTHETIC DEMO DATA — NOT OFFICIAL GOVERNMENT RECORDS
MATCH-1350,P1350,0.964,0.964,HIGH,"{""owner_similarity"":0.96,""parcel_similarity"":1.0,""survey_similarity"":1.0,""area_similarity"":0.98,""address_similarity"":0.91,""landuse_similarity"":0.95,""gis_similarity"":0.95}","Likely candidate match based on parcel, survey, owner similarity and spatial comparison; not a legal ownership decision.",MATCH,SYNTHETIC DEMO DATA — NOT OFFICIAL GOVERNMENT RECORDS
MATCH-1351,P1351,0.964,0.964,HIGH,"{""owner_similarity"":0.96,""parcel_similarity"":1.0,""survey_similarity"":1.0,""area_similarity"":0.98,""address_similarity"":0.91,""landuse_similarity"":0.95,""gis_similarity"":0.95}","Likely candidate match based on parcel, survey, owner similarity and spatial comparison; not a legal ownership decision.",MATCH,SYNTHETIC DEMO DATA — NOT OFFICIAL GOVERNMENT RECORDS
MATCH-1352,P1352,0.947,0.947,HIGH,"{""owner_similarity"":0.84,""parcel_similarity"":1.0,""survey_similarity"":1.0,""area_similarity"":0.98,""address_similarity"":0.91,""landuse_similarity"":0.95,""gis_similarity"":0.95}","Likely candidate match based on parcel, survey, owner similarity and spatial comparison; not a legal ownership decision.",MATCH,SYNTHETIC DEMO DATA — NOT OFFICIAL GOVERNMENT RECORDS
MATCH-1353,P1353,0.964,0.964,HIGH,"{""owner_similarity"":0.96,""parcel_similarity"":1.0,""survey_similarity"":1.0,""area_similarity"":0.98,""address_similarity"":0.91,""landuse_similarity"":0.95,""gis_similarity"":0.95}","Likely candidate match based on parcel, survey, owner similarity and spatial comparison; not a legal ownership decision.",MATCH,SYNTHETIC DEMO DATA — NOT OFFICIAL GOVERNMENT RECORDS
MATCH-1354,P1354,0.964,0.964,HIGH,"{""owner_similarity"":0.96,""parcel_similarity"":1.0,""survey_similarity"":1.0,""area_similarity"":0.98,""address_similarity"":0.91,""landuse_similarity"":0.95,""gis_similarity"":0.95}","Likely candidate match based on parcel, survey, owner similarity and spatial comparison; not a legal ownership decision.",MATCH,SYNTHETIC DEMO DATA — NOT OFFICIAL GOVERNMENT RECORDS
MATCH-1355,P1355,0.964,0.964,HIGH,"{""owner_similarity"":0.96,""parcel_similarity"":1.0,""survey_similarity"":1.0,""area_similarity"":0.98,""address_similarity"":0.91,""landuse_similarity"":0.95,""gis_similarity"":0.95}","Likely candidate match based on parcel, survey, owner similarity and spatial comparison; not a legal ownership decision.",MATCH,SYNTHETIC DEMO DATA — NOT OFFICIAL GOVERNMENT RECORDS
MATCH-1356,P1356,0.964,0.964,HIGH,"{""owner_similarity"":0.96,""parcel_similarity"":1.0,""survey_similarity"":1.0,""area_similarity"":0.98,""address_similarity"":0.91,""landuse_similarity"":0.95,""gis_similarity"":0.95}","Likely candidate match based on parcel, survey, owner similarity and spatial comparison; not a legal ownership decision.",MATCH,SYNTHETIC DEMO DATA — NOT OFFICIAL GOVERNMENT RECORDS
MATCH-1357,P1357,0.964,0.964,HIGH,"{""owner_similarity"":0.96,""parcel_similarity"":1.0,""survey_similarity"":1.0,""area_similarity"":0.98,""address_similarity"":0.91,""landuse_similarity"":0.95,""gis_similarity"":0.95}","Likely candidate match based on parcel, survey, owner similarity and spatial comparison; not a legal ownership decision.",MATCH,SYNTHETIC DEMO DATA — NOT OFFICIAL GOVERNMENT RECORDS
MATCH-1358,P1358,0.917,0.917,HIGH,"{""owner_similarity"":0.96,""parcel_similarity"":1.0,""survey_similarity"":1.0,""area_similarity"":0.98,""address_similarity"":0.91,""landuse_similarity"":0.62,""gis_similarity"":0.95}","Likely candidate match based on parcel, survey, owner similarity and spatial comparison; not a legal ownership decision.",MATCH,SYNTHETIC DEMO DATA — NOT OFFICIAL GOVERNMENT RECORDS
MATCH-1359,P1359,0.964,0.964,HIGH,"{""owner_similarity"":0.96,""parcel_similarity"":1.0,""survey_similarity"":1.0,""area_similarity"":0.98,""address_similarity"":0.91,""landuse_similarity"":0.95,""gis_similarity"":0.95}","Likely candidate match based on parcel, survey, owner similarity and spatial comparison; not a legal ownership decision.",MATCH,SYNTHETIC DEMO DATA — NOT OFFICIAL GOVERNMENT RECORDS
MATCH-1360,P1360,0.964,0.964,HIGH,"{""owner_similarity"":0.96,""parcel_similarity"":1.0,""survey_similarity"":1.0,""area_similarity"":0.98,""address_similarity"":0.91,""landuse_similarity"":0.95,""gis_similarity"":0.95}","Likely candidate match based on parcel, survey, owner similarity and spatial comparison; not a legal ownership decision.",MATCH,SYNTHETIC DEMO DATA — NOT OFFICIAL GOVERNMENT RECORDS
MATCH-1361,P1361,0.947,0.947,HIGH,"{""owner_similarity"":0.84,""parcel_similarity"":1.0,""survey_similarity"":1.0,""area_similarity"":0.98,""address_similarity"":0.91,""landuse_similarity"":0.95,""gis_similarity"":0.95}","Likely candidate match based on parcel, survey, owner similarity and spatial comparison; not a legal ownership decision.",MATCH,SYNTHETIC DEMO DATA — NOT OFFICIAL GOVERNMENT RECORDS
MATCH-1362,P1362,0.964,0.964,HIGH,"{""owner_similarity"":0.96,""parcel_similarity"":1.0,""survey_similarity"":1.0,""area_similarity"":0.98,""address_similarity"":0.91,""landuse_similarity"":0.95,""gis_similarity"":0.95}","Likely candidate match based on parcel, survey, owner similarity and spatial comparison; not a legal ownership decision.",MATCH,SYNTHETIC DEMO DATA — NOT OFFICIAL GOVERNMENT RECORDS
MATCH-1363,P1363,0.964,0.964,HIGH,"{""owner_similarity"":0.96,""parcel_similarity"":1.0,""survey_similarity"":1.0,""area_similarity"":0.98,""address_similarity"":0.91,""landuse_similarity"":0.95,""gis_similarity"":0.95}","Likely candidate match based on parcel, survey, owner similarity and spatial comparison; not a legal ownership decision.",MATCH,SYNTHETIC DEMO DATA — NOT OFFICIAL GOVERNMENT RECORDS
MATCH-1364,P1364,0.964,0.964,HIGH,"{""owner_similarity"":0.96,""parcel_similarity"":1.0,""survey_similarity"":1.0,""area_similarity"":0.98,""address_similarity"":0.91,""landuse_similarity"":0.95,""gis_similarity"":0.95}","Likely candidate match based on parcel, survey, owner similarity and spatial comparison; not a legal ownership decision.",MATCH,SYNTHETIC DEMO DATA — NOT OFFICIAL GOVERNMENT RECORDS
MATCH-1365,P1365,0.964,0.964,HIGH,"{""owner_similarity"":0.96,""parcel_similarity"":1.0,""survey_similarity"":1.0,""area_similarity"":0.98,""address_similarity"":0.91,""landuse_similarity"":0.95,""gis_similarity"":0.95}","Likely candidate match based on parcel, survey, owner similarity and spatial comparison; not a legal ownership decision.",MATCH,SYNTHETIC DEMO DATA — NOT OFFICIAL GOVERNMENT RECORDS
MATCH-1366,P1366,0.964,0.964,HIGH,"{""owner_similarity"":0.96,""parcel_similarity"":1.0,""survey_similarity"":1.0,""area_similarity"":0.98,""address_similarity"":0.91,""landuse_similarity"":0.95,""gis_similarity"":0.95}","Likely candidate match based on parcel, survey, owner similarity and spatial comparison; not a legal ownership decision.",MATCH,SYNTHETIC DEMO DATA — NOT OFFICIAL GOVERNMENT RECORDS
MATCH-1367,P1367,0.964,0.964,HIGH,"{""owner_similarity"":0.96,""parcel_similarity"":1.0,""survey_similarity"":1.0,""area_similarity"":0.98,""address_similarity"":0.91,""landuse_similarity"":0.95,""gis_similarity"":0.95}","Likely candidate match based on parcel, survey, owner similarity and spatial comparison; not a legal ownership decision.",MATCH,SYNTHETIC DEMO DATA — NOT OFFICIAL GOVERNMENT RECORDS
MATCH-1368,P1368,0.964,0.964,HIGH,"{""owner_similarity"":0.96,""parcel_similarity"":1.0,""survey_similarity"":1.0,""area_similarity"":0.98,""address_similarity"":0.91,""landuse_similarity"":0.95,""gis_similarity"":0.95}","Likely candidate match based on parcel, survey, owner similarity and spatial comparison; not a legal ownership decision.",MATCH,SYNTHETIC DEMO DATA — NOT OFFICIAL GOVERNMENT RECORDS
MATCH-1369,P1369,0.964,0.964,HIGH,"{""owner_similarity"":0.96,""parcel_similarity"":1.0,""survey_similarity"":1.0,""area_similarity"":0.98,""address_similarity"":0.91,""landuse_similarity"":0.95,""gis_similarity"":0.95}","Likely candidate match based on parcel, survey, owner similarity and spatial comparison; not a legal ownership decision.",MATCH,SYNTHETIC DEMO DATA — NOT OFFICIAL GOVERNMENT RECORDS
MATCH-1370,P1370,0.947,0.947,HIGH,"{""owner_similarity"":0.84,""parcel_similarity"":1.0,""survey_similarity"":1.0,""area_similarity"":0.98,""address_similarity"":0.91,""landuse_similarity"":0.95,""gis_similarity"":0.95}","Likely candidate match based on parcel, survey, owner similarity and spatial comparison; not a legal ownership decision.",MATCH,SYNTHETIC DEMO DATA — NOT OFFICIAL GOVERNMENT RECORDS
MATCH-1371,P1371,0.964,0.964,HIGH,"{""owner_similarity"":0.96,""parcel_similarity"":1.0,""survey_similarity"":1.0,""area_similarity"":0.98,""address_similarity"":0.91,""landuse_similarity"":0.95,""gis_similarity"":0.95}","Likely candidate match based on parcel, survey, owner similarity and spatial comparison; not a legal ownership decision.",MATCH,SYNTHETIC DEMO DATA — NOT OFFICIAL GOVERNMENT RECORDS
MATCH-1372,P1372,0.964,0.964,HIGH,"{""owner_similarity"":0.96,""parcel_similarity"":1.0,""survey_similarity"":1.0,""area_similarity"":0.98,""address_similarity"":0.91,""landuse_similarity"":0.95,""gis_similarity"":0.95}","Likely candidate match based on parcel, survey, owner similarity and spatial comparison; not a legal ownership decision.",MATCH,SYNTHETIC DEMO DATA — NOT OFFICIAL GOVERNMENT RECORDS
MATCH-1373,P1373,0.964,0.964,HIGH,"{""owner_similarity"":0.96,""parcel_similarity"":1.0,""survey_similarity"":1.0,""area_similarity"":0.98,""address_similarity"":0.91,""landuse_similarity"":0.95,""gis_similarity"":0.95}","Likely candidate match based on parcel, survey, owner similarity and spatial comparison; not a legal ownership decision.",MATCH,SYNTHETIC DEMO DATA — NOT OFFICIAL GOVERNMENT RECORDS
MATCH-1374,P1374,0.964,0.964,HIGH,"{""owner_similarity"":0.96,""parcel_similarity"":1.0,""survey_similarity"":1.0,""area_similarity"":0.98,""address_similarity"":0.91,""landuse_similarity"":0.95,""gis_similarity"":0.95}","Likely candidate match based on parcel, survey, owner similarity and spatial comparison; not a legal ownership decision.",MATCH,SYNTHETIC DEMO DATA — NOT OFFICIAL GOVERNMENT RECORDS
MATCH-1375,P1375,0.917,0.917,HIGH,"{""owner_similarity"":0.96,""parcel_similarity"":1.0,""survey_similarity"":1.0,""area_similarity"":0.98,""address_similarity"":0.91,""landuse_similarity"":0.62,""gis_similarity"":0.95}","Likely candidate match based on parcel, survey, owner similarity and spatial comparison; not a legal ownership decision.",MATCH,SYNTHETIC DEMO DATA — NOT OFFICIAL GOVERNMENT RECORDS
MATCH-1376,P1376,0.964,0.964,HIGH,"{""owner_similarity"":0.96,""parcel_similarity"":1.0,""survey_similarity"":1.0,""area_similarity"":0.98,""address_similarity"":0.91,""landuse_similarity"":0.95,""gis_similarity"":0.95}","Likely candidate match based on parcel, survey, owner similarity and spatial comparison; not a legal ownership decision.",MATCH,SYNTHETIC DEMO DATA — NOT OFFICIAL GOVERNMENT RECORDS
MATCH-1377,P1377,0.964,0.964,HIGH,"{""owner_similarity"":0.96,""parcel_similarity"":1.0,""survey_similarity"":1.0,""area_similarity"":0.98,""address_similarity"":0.91,""landuse_similarity"":0.95,""gis_similarity"":0.95}","Likely candidate match based on parcel, survey, owner similarity and spatial comparison; not a legal ownership decision.",MATCH,SYNTHETIC DEMO DATA — NOT OFFICIAL GOVERNMENT RECORDS
MATCH-1378,P1378,0.964,0.964,HIGH,"{""owner_similarity"":0.96,""parcel_similarity"":1.0,""survey_similarity"":1.0,""area_similarity"":0.98,""address_similarity"":0.91,""landuse_similarity"":0.95,""gis_similarity"":0.95}","Likely candidate match based on parcel, survey, owner similarity and spatial comparison; not a legal ownership decision.",MATCH,SYNTHETIC DEMO DATA — NOT OFFICIAL GOVERNMENT RECORDS
MATCH-1379,P1379,0.947,0.947,HIGH,"{""owner_similarity"":0.84,""parcel_similarity"":1.0,""survey_similarity"":1.0,""area_similarity"":0.98,""address_similarity"":0.91,""landuse_similarity"":0.95,""gis_similarity"":0.95}","Likely candidate match based on parcel, survey, owner similarity and spatial comparison; not a legal ownership decision.",MATCH,SYNTHETIC DEMO DATA — NOT OFFICIAL GOVERNMENT RECORDS
MATCH-1380,P1380,0.964,0.964,HIGH,"{""owner_similarity"":0.96,""parcel_similarity"":1.0,""survey_similarity"":1.0,""area_similarity"":0.98,""address_similarity"":0.91,""landuse_similarity"":0.95,""gis_similarity"":0.95}","Likely candidate match based on parcel, survey, owner similarity and spatial comparison; not a legal ownership decision.",MATCH,SYNTHETIC DEMO DATA — NOT OFFICIAL GOVERNMENT RECORDS
MATCH-1381,P1381,0.964,0.964,HIGH,"{""owner_similarity"":0.96,""parcel_similarity"":1.0,""survey_similarity"":1.0,""area_similarity"":0.98,""address_similarity"":0.91,""landuse_similarity"":0.95,""gis_similarity"":0.95}","Likely candidate match based on parcel, survey, owner similarity and spatial comparison; not a legal ownership decision.",MATCH,SYNTHETIC DEMO DATA — NOT OFFICIAL GOVERNMENT RECORDS
MATCH-1382,P1382,0.964,0.964,HIGH,"{""owner_similarity"":0.96,""parcel_similarity"":1.0,""survey_similarity"":1.0,""area_similarity"":0.98,""address_similarity"":0.91,""landuse_similarity"":0.95,""gis_similarity"":0.95}","Likely candidate match based on parcel, survey, owner similarity and spatial comparison; not a legal ownership decision.",MATCH,SYNTHETIC DEMO DATA — NOT OFFICIAL GOVERNMENT RECORDS
MATCH-1383,P1383,0.964,0.964,HIGH,"{""owner_similarity"":0.96,""parcel_similarity"":1.0,""survey_similarity"":1.0,""area_similarity"":0.98,""address_similarity"":0.91,""landuse_similarity"":0.95,""gis_similarity"":0.95}","Likely candidate match based on parcel, survey, owner similarity and spatial comparison; not a legal ownership decision.",MATCH,SYNTHETIC DEMO DATA — NOT OFFICIAL GOVERNMENT RECORDS
MATCH-1384,P1384,0.964,0.964,HIGH,"{""owner_similarity"":0.96,""parcel_similarity"":1.0,""survey_similarity"":1.0,""area_similarity"":0.98,""address_similarity"":0.91,""landuse_similarity"":0.95,""gis_similarity"":0.95}","Likely candidate match based on parcel, survey, owner similarity and spatial comparison; not a legal ownership decision.",MATCH,SYNTHETIC DEMO DATA — NOT OFFICIAL GOVERNMENT RECORDS
MATCH-1385,P1385,0.964,0.964,HIGH,"{""owner_similarity"":0.96,""parcel_similarity"":1.0,""survey_similarity"":1.0,""area_similarity"":0.98,""address_similarity"":0.91,""landuse_similarity"":0.95,""gis_similarity"":0.95}","Likely candidate match based on parcel, survey, owner similarity and spatial comparison; not a legal ownership decision.",MATCH,SYNTHETIC DEMO DATA — NOT OFFICIAL GOVERNMENT RECORDS
MATCH-1386,P1386,0.964,0.964,HIGH,"{""owner_similarity"":0.96,""parcel_similarity"":1.0,""survey_similarity"":1.0,""area_similarity"":0.98,""address_similarity"":0.91,""landuse_similarity"":0.95,""gis_similarity"":0.95}","Likely candidate match based on parcel, survey, owner similarity and spatial comparison; not a legal ownership decision.",MATCH,SYNTHETIC DEMO DATA — NOT OFFICIAL GOVERNMENT RECORDS
MATCH-1387,P1387,0.964,0.964,HIGH,"{""owner_similarity"":0.96,""parcel_similarity"":1.0,""survey_similarity"":1.0,""area_similarity"":0.98,""address_similarity"":0.91,""landuse_similarity"":0.95,""gis_similarity"":0.95}","Likely candidate match based on parcel, survey, owner similarity and spatial comparison; not a legal ownership decision.",MATCH,SYNTHETIC DEMO DATA — NOT OFFICIAL GOVERNMENT RECORDS
MATCH-1388,P1388,0.947,0.947,HIGH,"{""owner_similarity"":0.84,""parcel_similarity"":1.0,""survey_similarity"":1.0,""area_similarity"":0.98,""address_similarity"":0.91,""landuse_similarity"":0.95,""gis_similarity"":0.95}","Likely candidate match based on parcel, survey, owner similarity and spatial comparison; not a legal ownership decision.",MATCH,SYNTHETIC DEMO DATA — NOT OFFICIAL GOVERNMENT RECORDS
MATCH-1389,P1389,0.964,0.964,HIGH,"{""owner_similarity"":0.96,""parcel_similarity"":1.0,""survey_similarity"":1.0,""area_similarity"":0.98,""address_similarity"":0.91,""landuse_similarity"":0.95,""gis_similarity"":0.95}","Likely candidate match based on parcel, survey, owner similarity and spatial comparison; not a legal ownership decision.",MATCH,SYNTHETIC DEMO DATA — NOT OFFICIAL GOVERNMENT RECORDS
MATCH-1390,P1390,0.964,0.964,HIGH,"{""owner_similarity"":0.96,""parcel_similarity"":1.0,""survey_similarity"":1.0,""area_similarity"":0.98,""address_similarity"":0.91,""landuse_similarity"":0.95,""gis_similarity"":0.95}","Likely candidate match based on parcel, survey, owner similarity and spatial comparison; not a legal ownership decision.",MATCH,SYNTHETIC DEMO DATA — NOT OFFICIAL GOVERNMENT RECORDS
MATCH-1391,P1391,0.964,0.964,HIGH,"{""owner_similarity"":0.96,""parcel_similarity"":1.0,""survey_similarity"":1.0,""area_similarity"":0.98,""address_similarity"":0.91,""landuse_similarity"":0.95,""gis_similarity"":0.95}","Likely candidate match based on parcel, survey, owner similarity and spatial comparison; not a legal ownership decision.",MATCH,SYNTHETIC DEMO DATA — NOT OFFICIAL GOVERNMENT RECORDS
MATCH-1392,P1392,0.917,0.917,HIGH,"{""owner_similarity"":0.96,""parcel_similarity"":1.0,""survey_similarity"":1.0,""area_similarity"":0.98,""address_similarity"":0.91,""landuse_similarity"":0.62,""gis_similarity"":0.95}","Likely candidate match based on parcel, survey, owner similarity and spatial comparison; not a legal ownership decision.",MATCH,SYNTHETIC DEMO DATA — NOT OFFICIAL GOVERNMENT RECORDS
MATCH-1393,P1393,0.964,0.964,HIGH,"{""owner_similarity"":0.96,""parcel_similarity"":1.0,""survey_similarity"":1.0,""area_similarity"":0.98,""address_similarity"":0.91,""landuse_similarity"":0.95,""gis_similarity"":0.95}","Likely candidate match based on parcel, survey, owner similarity and spatial comparison; not a legal ownership decision.",MATCH,SYNTHETIC DEMO DATA — NOT OFFICIAL GOVERNMENT RECORDS
MATCH-1394,P1394,0.964,0.964,HIGH,"{""owner_similarity"":0.96,""parcel_similarity"":1.0,""survey_similarity"":1.0,""area_similarity"":0.98,""address_similarity"":0.91,""landuse_similarity"":0.95,""gis_similarity"":0.95}","Likely candidate match based on parcel, survey, owner similarity and spatial comparison; not a legal ownership decision.",MATCH,SYNTHETIC DEMO DATA — NOT OFFICIAL GOVERNMENT RECORDS
MATCH-1395,P1395,0.964,0.964,HIGH,"{""owner_similarity"":0.96,""parcel_similarity"":1.0,""survey_similarity"":1.0,""area_similarity"":0.98,""address_similarity"":0.91,""landuse_similarity"":0.95,""gis_similarity"":0.95}","Likely candidate match based on parcel, survey, owner similarity and spatial comparison; not a legal ownership decision.",MATCH,SYNTHETIC DEMO DATA — NOT OFFICIAL GOVERNMENT RECORDS
MATCH-1396,P1396,0.964,0.964,HIGH,"{""owner_similarity"":0.96,""parcel_similarity"":1.0,""survey_similarity"":1.0,""area_similarity"":0.98,""address_similarity"":0.91,""landuse_similarity"":0.95,""gis_similarity"":0.95}","Likely candidate match based on parcel, survey, owner similarity and spatial comparison; not a legal ownership decision.",MATCH,SYNTHETIC DEMO DATA — NOT OFFICIAL GOVERNMENT RECORDS
MATCH-1397,P1397,0.947,0.947,HIGH,"{""owner_similarity"":0.84,""parcel_similarity"":1.0,""survey_similarity"":1.0,""area_similarity"":0.98,""address_similarity"":0.91,""landuse_similarity"":0.95,""gis_similarity"":0.95}","Likely candidate match based on parcel, survey, owner similarity and spatial comparison; not a legal ownership decision.",MATCH,SYNTHETIC DEMO DATA — NOT OFFICIAL GOVERNMENT RECORDS
MATCH-1398,P1398,0.964,0.964,HIGH,"{""owner_similarity"":0.96,""parcel_similarity"":1.0,""survey_similarity"":1.0,""area_similarity"":0.98,""address_similarity"":0.91,""landuse_similarity"":0.95,""gis_similarity"":0.95}","Likely candidate match based on parcel, survey, owner similarity and spatial comparison; not a legal ownership decision.",MATCH,SYNTHETIC DEMO DATA — NOT OFFICIAL GOVERNMENT RECORDS
MATCH-1399,P1399,0.964,0.964,HIGH,"{""owner_similarity"":0.96,""parcel_similarity"":1.0,""survey_similarity"":1.0,""area_similarity"":0.98,""address_similarity"":0.91,""landuse_similarity"":0.95,""gis_similarity"":0.95}","Likely candidate match based on parcel, survey, owner similarity and spatial comparison; not a legal ownership decision.",MATCH,SYNTHETIC DEMO DATA — NOT OFFICIAL GOVERNMENT RECORDS
MATCH-1400,P1400,0.964,0.964,HIGH,"{""owner_similarity"":0.96,""parcel_similarity"":1.0,""survey_similarity"":1.0,""area_similarity"":0.98,""address_similarity"":0.91,""landuse_similarity"":0.95,""gis_similarity"":0.95}","Likely candidate match based on parcel, survey, owner similarity and spatial comparison; not a legal ownership decision.",MATCH,SYNTHETIC DEMO DATA — NOT OFFICIAL GOVERNMENT RECORDS
MATCH-1401,P1401,0.964,0.964,HIGH,"{""owner_similarity"":0.96,""parcel_similarity"":1.0,""survey_similarity"":1.0,""area_similarity"":0.98,""address_similarity"":0.91,""landuse_similarity"":0.95,""gis_similarity"":0.95}","Likely candidate match based on parcel, survey, owner similarity and spatial comparison; not a legal ownership decision.",MATCH,SYNTHETIC DEMO DATA — NOT OFFICIAL GOVERNMENT RECORDS
MATCH-1402,P1402,0.964,0.964,HIGH,"{""owner_similarity"":0.96,""parcel_similarity"":1.0,""survey_similarity"":1.0,""area_similarity"":0.98,""address_similarity"":0.91,""landuse_similarity"":0.95,""gis_similarity"":0.95}","Likely candidate match based on parcel, survey, owner similarity and spatial comparison; not a legal ownership decision.",MATCH,SYNTHETIC DEMO DATA — NOT OFFICIAL GOVERNMENT RECORDS
MATCH-1403,P1403,0.964,0.964,HIGH,"{""owner_similarity"":0.96,""parcel_similarity"":1.0,""survey_similarity"":1.0,""area_similarity"":0.98,""address_similarity"":0.91,""landuse_similarity"":0.95,""gis_similarity"":0.95}","Likely candidate match based on parcel, survey, owner similarity and spatial comparison; not a legal ownership decision.",MATCH,SYNTHETIC DEMO DATA — NOT OFFICIAL GOVERNMENT RECORDS
MATCH-1404,P1404,0.964,0.964,HIGH,"{""owner_similarity"":0.96,""parcel_similarity"":1.0,""survey_similarity"":1.0,""area_similarity"":0.98,""address_similarity"":0.91,""landuse_similarity"":0.95,""gis_similarity"":0.95}","Likely candidate match based on parcel, survey, owner similarity and spatial comparison; not a legal ownership decision.",MATCH,SYNTHETIC DEMO DATA — NOT OFFICIAL GOVERNMENT RECORDS
MATCH-1405,P1405,0.964,0.964,HIGH,"{""owner_similarity"":0.96,""parcel_similarity"":1.0,""survey_similarity"":1.0,""area_similarity"":0.98,""address_similarity"":0.91,""landuse_similarity"":0.95,""gis_similarity"":0.95}","Likely candidate match based on parcel, survey, owner similarity and spatial comparison; not a legal ownership decision.",MATCH,SYNTHETIC DEMO DATA — NOT OFFICIAL GOVERNMENT RECORDS
MATCH-1406,P1406,0.947,0.947,HIGH,"{""owner_similarity"":0.84,""parcel_similarity"":1.0,""survey_similarity"":1.0,""area_similarity"":0.98,""address_similarity"":0.91,""landuse_similarity"":0.95,""gis_similarity"":0.95}","Likely candidate match based on parcel, survey, owner similarity and spatial comparison; not a legal ownership decision.",MATCH,SYNTHETIC DEMO DATA — NOT OFFICIAL GOVERNMENT RECORDS
MATCH-1407,P1407,0.964,0.964,HIGH,"{""owner_similarity"":0.96,""parcel_similarity"":1.0,""survey_similarity"":1.0,""area_similarity"":0.98,""address_similarity"":0.91,""landuse_similarity"":0.95,""gis_similarity"":0.95}","Likely candidate match based on parcel, survey, owner similarity and spatial comparison; not a legal ownership decision.",MATCH,SYNTHETIC DEMO DATA — NOT OFFICIAL GOVERNMENT RECORDS
MATCH-1408,P1408,0.964,0.964,HIGH,"{""owner_similarity"":0.96,""parcel_similarity"":1.0,""survey_similarity"":1.0,""area_similarity"":0.98,""address_similarity"":0.91,""landuse_similarity"":0.95,""gis_similarity"":0.95}","Likely candidate match based on parcel, survey, owner similarity and spatial comparison; not a legal ownership decision.",MATCH,SYNTHETIC DEMO DATA — NOT OFFICIAL GOVERNMENT RECORDS
MATCH-1409,P1409,0.917,0.917,HIGH,"{""owner_similarity"":0.96,""parcel_similarity"":1.0,""survey_similarity"":1.0,""area_similarity"":0.98,""address_similarity"":0.91,""landuse_similarity"":0.62,""gis_similarity"":0.95}","Likely candidate match based on parcel, survey, owner similarity and spatial comparison; not a legal ownership decision.",MATCH,SYNTHETIC DEMO DATA — NOT OFFICIAL GOVERNMENT RECORDS
MATCH-1410,P1410,0.964,0.964,HIGH,"{""owner_similarity"":0.96,""parcel_similarity"":1.0,""survey_similarity"":1.0,""area_similarity"":0.98,""address_similarity"":0.91,""landuse_similarity"":0.95,""gis_similarity"":0.95}","Likely candidate match based on parcel, survey, owner similarity and spatial comparison; not a legal ownership decision.",MATCH,SYNTHETIC DEMO DATA — NOT OFFICIAL GOVERNMENT RECORDS
MATCH-1411,P1411,0.964,0.964,HIGH,"{""owner_similarity"":0.96,""parcel_similarity"":1.0,""survey_similarity"":1.0,""area_similarity"":0.98,""address_similarity"":0.91,""landuse_similarity"":0.95,""gis_similarity"":0.95}","Likely candidate match based on parcel, survey, owner similarity and spatial comparison; not a legal ownership decision.",MATCH,SYNTHETIC DEMO DATA — NOT OFFICIAL GOVERNMENT RECORDS
MATCH-1412,P1412,0.964,0.964,HIGH,"{""owner_similarity"":0.96,""parcel_similarity"":1.0,""survey_similarity"":1.0,""area_similarity"":0.98,""address_similarity"":0.91,""landuse_similarity"":0.95,""gis_similarity"":0.95}","Likely candidate match based on parcel, survey, owner similarity and spatial comparison; not a legal ownership decision.",MATCH,SYNTHETIC DEMO DATA — NOT OFFICIAL GOVERNMENT RECORDS
MATCH-1413,P1413,0.964,0.964,HIGH,"{""owner_similarity"":0.96,""parcel_similarity"":1.0,""survey_similarity"":1.0,""area_similarity"":0.98,""address_similarity"":0.91,""landuse_similarity"":0.95,""gis_similarity"":0.95}","Likely candidate match based on parcel, survey, owner similarity and spatial comparison; not a legal ownership decision.",MATCH,SYNTHETIC DEMO DATA — NOT OFFICIAL GOVERNMENT RECORDS
MATCH-1414,P1414,0.964,0.964,HIGH,"{""owner_similarity"":0.96,""parcel_similarity"":1.0,""survey_similarity"":1.0,""area_similarity"":0.98,""address_similarity"":0.91,""landuse_similarity"":0.95,""gis_similarity"":0.95}","Likely candidate match based on parcel, survey, owner similarity and spatial comparison; not a legal ownership decision.",MATCH,SYNTHETIC DEMO DATA — NOT OFFICIAL GOVERNMENT RECORDS
MATCH-1415,P1415,0.947,0.947,HIGH,"{""owner_similarity"":0.84,""parcel_similarity"":1.0,""survey_similarity"":1.0,""area_similarity"":0.98,""address_similarity"":0.91,""landuse_similarity"":0.95,""gis_similarity"":0.95}","Likely candidate match based on parcel, survey, owner similarity and spatial comparison; not a legal ownership decision.",MATCH,SYNTHETIC DEMO DATA — NOT OFFICIAL GOVERNMENT RECORDS
MATCH-1416,P1416,0.964,0.964,HIGH,"{""owner_similarity"":0.96,""parcel_similarity"":1.0,""survey_similarity"":1.0,""area_similarity"":0.98,""address_similarity"":0.91,""landuse_similarity"":0.95,""gis_similarity"":0.95}","Likely candidate match based on parcel, survey, owner similarity and spatial comparison; not a legal ownership decision.",MATCH,SYNTHETIC DEMO DATA — NOT OFFICIAL GOVERNMENT RECORDS
MATCH-1417,P1417,0.964,0.964,HIGH,"{""owner_similarity"":0.96,""parcel_similarity"":1.0,""survey_similarity"":1.0,""area_similarity"":0.98,""address_similarity"":0.91,""landuse_similarity"":0.95,""gis_similarity"":0.95}","Likely candidate match based on parcel, survey, owner similarity and spatial comparison; not a legal ownership decision.",MATCH,SYNTHETIC DEMO DATA — NOT OFFICIAL GOVERNMENT RECORDS
MATCH-1418,P1418,0.964,0.964,HIGH,"{""owner_similarity"":0.96,""parcel_similarity"":1.0,""survey_similarity"":1.0,""area_similarity"":0.98,""address_similarity"":0.91,""landuse_similarity"":0.95,""gis_similarity"":0.95}","Likely candidate match based on parcel, survey, owner similarity and spatial comparison; not a legal ownership decision.",MATCH,SYNTHETIC DEMO DATA — NOT OFFICIAL GOVERNMENT RECORDS
MATCH-1419,P1419,0.964,0.964,HIGH,"{""owner_similarity"":0.96,""parcel_similarity"":1.0,""survey_similarity"":1.0,""area_similarity"":0.98,""address_similarity"":0.91,""landuse_similarity"":0.95,""gis_similarity"":0.95}","Likely candidate match based on parcel, survey, owner similarity and spatial comparison; not a legal ownership decision.",MATCH,SYNTHETIC DEMO DATA — NOT OFFICIAL GOVERNMENT RECORDS
MATCH-1420,P1420,0.964,0.964,HIGH,"{""owner_similarity"":0.96,""parcel_similarity"":1.0,""survey_similarity"":1.0,""area_similarity"":0.98,""address_similarity"":0.91,""landuse_similarity"":0.95,""gis_similarity"":0.95}","Likely candidate match based on parcel, survey, owner similarity and spatial comparison; not a legal ownership decision.",MATCH,SYNTHETIC DEMO DATA — NOT OFFICIAL GOVERNMENT RECORDS
MATCH-1421,P1421,0.964,0.964,HIGH,"{""owner_similarity"":0.96,""parcel_similarity"":1.0,""survey_similarity"":1.0,""area_similarity"":0.98,""address_similarity"":0.91,""landuse_similarity"":0.95,""gis_similarity"":0.95}","Likely candidate match based on parcel, survey, owner similarity and spatial comparison; not a legal ownership decision.",MATCH,SYNTHETIC DEMO DATA — NOT OFFICIAL GOVERNMENT RECORDS
MATCH-1422,P1422,0.964,0.964,HIGH,"{""owner_similarity"":0.96,""parcel_similarity"":1.0,""survey_similarity"":1.0,""area_similarity"":0.98,""address_similarity"":0.91,""landuse_similarity"":0.95,""gis_similarity"":0.95}","Likely candidate match based on parcel, survey, owner similarity and spatial comparison; not a legal ownership decision.",MATCH,SYNTHETIC DEMO DATA — NOT OFFICIAL GOVERNMENT RECORDS
MATCH-1423,P1423,0.964,0.964,HIGH,"{""owner_similarity"":0.96,""parcel_similarity"":1.0,""survey_similarity"":1.0,""area_similarity"":0.98,""address_similarity"":0.91,""landuse_similarity"":0.95,""gis_similarity"":0.95}","Likely candidate match based on parcel, survey, owner similarity and spatial comparison; not a legal ownership decision.",MATCH,SYNTHETIC DEMO DATA — NOT OFFICIAL GOVERNMENT RECORDS
MATCH-1424,P1424,0.947,0.947,HIGH,"{""owner_similarity"":0.84,""parcel_similarity"":1.0,""survey_similarity"":1.0,""area_similarity"":0.98,""address_similarity"":0.91,""landuse_similarity"":0.95,""gis_similarity"":0.95}","Likely candidate match based on parcel, survey, owner similarity and spatial comparison; not a legal ownership decision.",MATCH,SYNTHETIC DEMO DATA — NOT OFFICIAL GOVERNMENT RECORDS
MATCH-1425,P1425,0.964,0.964,HIGH,"{""owner_similarity"":0.96,""parcel_similarity"":1.0,""survey_similarity"":1.0,""area_similarity"":0.98,""address_similarity"":0.91,""landuse_similarity"":0.95,""gis_similarity"":0.95}","Likely candidate match based on parcel, survey, owner similarity and spatial comparison; not a legal ownership decision.",MATCH,SYNTHETIC DEMO DATA — NOT OFFICIAL GOVERNMENT RECORDS
MATCH-1426,P1426,0.917,0.917,HIGH,"{""owner_similarity"":0.96,""parcel_similarity"":1.0,""survey_similarity"":1.0,""area_similarity"":0.98,""address_similarity"":0.91,""landuse_similarity"":0.62,""gis_similarity"":0.95}","Likely candidate match based on parcel, survey, owner similarity and spatial comparison; not a legal ownership decision.",MATCH,SYNTHETIC DEMO DATA — NOT OFFICIAL GOVERNMENT RECORDS
MATCH-1427,P1427,0.964,0.964,HIGH,"{""owner_similarity"":0.96,""parcel_similarity"":1.0,""survey_similarity"":1.0,""area_similarity"":0.98,""address_similarity"":0.91,""landuse_similarity"":0.95,""gis_similarity"":0.95}","Likely candidate match based on parcel, survey, owner similarity and spatial comparison; not a legal ownership decision.",MATCH,SYNTHETIC DEMO DATA — NOT OFFICIAL GOVERNMENT RECORDS
MATCH-1428,P1428,0.964,0.964,HIGH,"{""owner_similarity"":0.96,""parcel_similarity"":1.0,""survey_similarity"":1.0,""area_similarity"":0.98,""address_similarity"":0.91,""landuse_similarity"":0.95,""gis_similarity"":0.95}","Likely candidate match based on parcel, survey, owner similarity and spatial comparison; not a legal ownership decision.",MATCH,SYNTHETIC DEMO DATA — NOT OFFICIAL GOVERNMENT RECORDS
MATCH-1429,P1429,0.964,0.964,HIGH,"{""owner_similarity"":0.96,""parcel_similarity"":1.0,""survey_similarity"":1.0,""area_similarity"":0.98,""address_similarity"":0.91,""landuse_similarity"":0.95,""gis_similarity"":0.95}","Likely candidate match based on parcel, survey, owner similarity and spatial comparison; not a legal ownership decision.",MATCH,SYNTHETIC DEMO DATA — NOT OFFICIAL GOVERNMENT RECORDS
MATCH-1430,P1430,0.964,0.964,HIGH,"{""owner_similarity"":0.96,""parcel_similarity"":1.0,""survey_similarity"":1.0,""area_similarity"":0.98,""address_similarity"":0.91,""landuse_similarity"":0.95,""gis_similarity"":0.95}","Likely candidate match based on parcel, survey, owner similarity and spatial comparison; not a legal ownership decision.",MATCH,SYNTHETIC DEMO DATA — NOT OFFICIAL GOVERNMENT RECORDS
MATCH-1431,P1431,0.964,0.964,HIGH,"{""owner_similarity"":0.96,""parcel_similarity"":1.0,""survey_similarity"":1.0,""area_similarity"":0.98,""address_similarity"":0.91,""landuse_similarity"":0.95,""gis_similarity"":0.95}","Likely candidate match based on parcel, survey, owner similarity and spatial comparison; not a legal ownership decision.",MATCH,SYNTHETIC DEMO DATA — NOT OFFICIAL GOVERNMENT RECORDS
MATCH-1432,P1432,0.964,0.964,HIGH,"{""owner_similarity"":0.96,""parcel_similarity"":1.0,""survey_similarity"":1.0,""area_similarity"":0.98,""address_similarity"":0.91,""landuse_similarity"":0.95,""gis_similarity"":0.95}","Likely candidate match based on parcel, survey, owner similarity and spatial comparison; not a legal ownership decision.",MATCH,SYNTHETIC DEMO DATA — NOT OFFICIAL GOVERNMENT RECORDS
MATCH-1433,P1433,0.947,0.947,HIGH,"{""owner_similarity"":0.84,""parcel_similarity"":1.0,""survey_similarity"":1.0,""area_similarity"":0.98,""address_similarity"":0.91,""landuse_similarity"":0.95,""gis_similarity"":0.95}","Likely candidate match based on parcel, survey, owner similarity and spatial comparison; not a legal ownership decision.",MATCH,SYNTHETIC DEMO DATA — NOT OFFICIAL GOVERNMENT RECORDS
MATCH-1434,P1434,0.964,0.964,HIGH,"{""owner_similarity"":0.96,""parcel_similarity"":1.0,""survey_similarity"":1.0,""area_similarity"":0.98,""address_similarity"":0.91,""landuse_similarity"":0.95,""gis_similarity"":0.95}","Likely candidate match based on parcel, survey, owner similarity and spatial comparison; not a legal ownership decision.",MATCH,SYNTHETIC DEMO DATA — NOT OFFICIAL GOVERNMENT RECORDS
MATCH-1435,P1435,0.964,0.964,HIGH,"{""owner_similarity"":0.96,""parcel_similarity"":1.0,""survey_similarity"":1.0,""area_similarity"":0.98,""address_similarity"":0.91,""landuse_similarity"":0.95,""gis_similarity"":0.95}","Likely candidate match based on parcel, survey, owner similarity and spatial comparison; not a legal ownership decision.",MATCH,SYNTHETIC DEMO DATA — NOT OFFICIAL GOVERNMENT RECORDS
MATCH-1436,P1436,0.964,0.964,HIGH,"{""owner_similarity"":0.96,""parcel_similarity"":1.0,""survey_similarity"":1.0,""area_similarity"":0.98,""address_similarity"":0.91,""landuse_similarity"":0.95,""gis_similarity"":0.95}","Likely candidate match based on parcel, survey, owner similarity and spatial comparison; not a legal ownership decision.",MATCH,SYNTHETIC DEMO DATA — NOT OFFICIAL GOVERNMENT RECORDS
MATCH-1437,P1437,0.964,0.964,HIGH,"{""owner_similarity"":0.96,""parcel_similarity"":1.0,""survey_similarity"":1.0,""area_similarity"":0.98,""address_similarity"":0.91,""landuse_similarity"":0.95,""gis_similarity"":0.95}","Likely candidate match based on parcel, survey, owner similarity and spatial comparison; not a legal ownership decision.",MATCH,SYNTHETIC DEMO DATA — NOT OFFICIAL GOVERNMENT RECORDS
MATCH-1438,P1438,0.964,0.964,HIGH,"{""owner_similarity"":0.96,""parcel_similarity"":1.0,""survey_similarity"":1.0,""area_similarity"":0.98,""address_similarity"":0.91,""landuse_similarity"":0.95,""gis_similarity"":0.95}","Likely candidate match based on parcel, survey, owner similarity and spatial comparison; not a legal ownership decision.",MATCH,SYNTHETIC DEMO DATA — NOT OFFICIAL GOVERNMENT RECORDS
MATCH-1439,P1439,0.964,0.964,HIGH,"{""owner_similarity"":0.96,""parcel_similarity"":1.0,""survey_similarity"":1.0,""area_similarity"":0.98,""address_similarity"":0.91,""landuse_similarity"":0.95,""gis_similarity"":0.95}","Likely candidate match based on parcel, survey, owner similarity and spatial comparison; not a legal ownership decision.",MATCH,SYNTHETIC DEMO DATA — NOT OFFICIAL GOVERNMENT RECORDS
MATCH-1440,P1440,0.964,0.964,HIGH,"{""owner_similarity"":0.96,""parcel_similarity"":1.0,""survey_similarity"":1.0,""area_similarity"":0.98,""address_similarity"":0.91,""landuse_similarity"":0.95,""gis_similarity"":0.95}","Likely candidate match based on parcel, survey, owner similarity and spatial comparison; not a legal ownership decision.",MATCH,SYNTHETIC DEMO DATA — NOT OFFICIAL GOVERNMENT RECORDS
MATCH-1441,P1441,0.964,0.964,HIGH,"{""owner_similarity"":0.96,""parcel_similarity"":1.0,""survey_similarity"":1.0,""area_similarity"":0.98,""address_similarity"":0.91,""landuse_similarity"":0.95,""gis_similarity"":0.95}","Likely candidate match based on parcel, survey, owner similarity and spatial comparison; not a legal ownership decision.",MATCH,SYNTHETIC DEMO DATA — NOT OFFICIAL GOVERNMENT RECORDS
MATCH-1442,P1442,0.947,0.947,HIGH,"{""owner_similarity"":0.84,""parcel_similarity"":1.0,""survey_similarity"":1.0,""area_similarity"":0.98,""address_similarity"":0.91,""landuse_similarity"":0.95,""gis_similarity"":0.95}","Likely candidate match based on parcel, survey, owner similarity and spatial comparison; not a legal ownership decision.",MATCH,SYNTHETIC DEMO DATA — NOT OFFICIAL GOVERNMENT RECORDS
MATCH-1443,P1443,0.917,0.917,HIGH,"{""owner_similarity"":0.96,""parcel_similarity"":1.0,""survey_similarity"":1.0,""area_similarity"":0.98,""address_similarity"":0.91,""landuse_similarity"":0.62,""gis_similarity"":0.95}","Likely candidate match based on parcel, survey, owner similarity and spatial comparison; not a legal ownership decision.",MATCH,SYNTHETIC DEMO DATA — NOT OFFICIAL GOVERNMENT RECORDS
MATCH-1444,P1444,0.964,0.964,HIGH,"{""owner_similarity"":0.96,""parcel_similarity"":1.0,""survey_similarity"":1.0,""area_similarity"":0.98,""address_similarity"":0.91,""landuse_similarity"":0.95,""gis_similarity"":0.95}","Likely candidate match based on parcel, survey, owner similarity and spatial comparison; not a legal ownership decision.",MATCH,SYNTHETIC DEMO DATA — NOT OFFICIAL GOVERNMENT RECORDS
MATCH-1445,P1445,0.964,0.964,HIGH,"{""owner_similarity"":0.96,""parcel_similarity"":1.0,""survey_similarity"":1.0,""area_similarity"":0.98,""address_similarity"":0.91,""landuse_similarity"":0.95,""gis_similarity"":0.95}","Likely candidate match based on parcel, survey, owner similarity and spatial comparison; not a legal ownership decision.",MATCH,SYNTHETIC DEMO DATA — NOT OFFICIAL GOVERNMENT RECORDS
MATCH-1446,P1446,0.964,0.964,HIGH,"{""owner_similarity"":0.96,""parcel_similarity"":1.0,""survey_similarity"":1.0,""area_similarity"":0.98,""address_similarity"":0.91,""landuse_similarity"":0.95,""gis_similarity"":0.95}","Likely candidate match based on parcel, survey, owner similarity and spatial comparison; not a legal ownership decision.",MATCH,SYNTHETIC DEMO DATA — NOT OFFICIAL GOVERNMENT RECORDS
MATCH-1447,P1447,0.964,0.964,HIGH,"{""owner_similarity"":0.96,""parcel_similarity"":1.0,""survey_similarity"":1.0,""area_similarity"":0.98,""address_similarity"":0.91,""landuse_similarity"":0.95,""gis_similarity"":0.95}","Likely candidate match based on parcel, survey, owner similarity and spatial comparison; not a legal ownership decision.",MATCH,SYNTHETIC DEMO DATA — NOT OFFICIAL GOVERNMENT RECORDS
MATCH-1448,P1448,0.964,0.964,HIGH,"{""owner_similarity"":0.96,""parcel_similarity"":1.0,""survey_similarity"":1.0,""area_similarity"":0.98,""address_similarity"":0.91,""landuse_similarity"":0.95,""gis_similarity"":0.95}","Likely candidate match based on parcel, survey, owner similarity and spatial comparison; not a legal ownership decision.",MATCH,SYNTHETIC DEMO DATA — NOT OFFICIAL GOVERNMENT RECORDS
MATCH-1449,P1449,0.964,0.964,HIGH,"{""owner_similarity"":0.96,""parcel_similarity"":1.0,""survey_similarity"":1.0,""area_similarity"":0.98,""address_similarity"":0.91,""landuse_similarity"":0.95,""gis_similarity"":0.95}","Likely candidate match based on parcel, survey, owner similarity and spatial comparison; not a legal ownership decision.",MATCH,SYNTHETIC DEMO DATA — NOT OFFICIAL GOVERNMENT RECORDS
MATCH-1450,P1450,0.964,0.964,HIGH,"{""owner_similarity"":0.96,""parcel_similarity"":1.0,""survey_similarity"":1.0,""area_similarity"":0.98,""address_similarity"":0.91,""landuse_similarity"":0.95,""gis_similarity"":0.95}","Likely candidate match based on parcel, survey, owner similarity and spatial comparison; not a legal ownership decision.",MATCH,SYNTHETIC DEMO DATA — NOT OFFICIAL GOVERNMENT RECORDS
MATCH-1451,P1451,0.947,0.947,HIGH,"{""owner_similarity"":0.84,""parcel_similarity"":1.0,""survey_similarity"":1.0,""area_similarity"":0.98,""address_similarity"":0.91,""landuse_similarity"":0.95,""gis_similarity"":0.95}","Likely candidate match based on parcel, survey, owner similarity and spatial comparison; not a legal ownership decision.",MATCH,SYNTHETIC DEMO DATA — NOT OFFICIAL GOVERNMENT RECORDS
MATCH-1452,P1452,0.964,0.964,HIGH,"{""owner_similarity"":0.96,""parcel_similarity"":1.0,""survey_similarity"":1.0,""area_similarity"":0.98,""address_similarity"":0.91,""landuse_similarity"":0.95,""gis_similarity"":0.95}","Likely candidate match based on parcel, survey, owner similarity and spatial comparison; not a legal ownership decision.",MATCH,SYNTHETIC DEMO DATA — NOT OFFICIAL GOVERNMENT RECORDS
MATCH-1453,P1453,0.964,0.964,HIGH,"{""owner_similarity"":0.96,""parcel_similarity"":1.0,""survey_similarity"":1.0,""area_similarity"":0.98,""address_similarity"":0.91,""landuse_similarity"":0.95,""gis_similarity"":0.95}","Likely candidate match based on parcel, survey, owner similarity and spatial comparison; not a legal ownership decision.",MATCH,SYNTHETIC DEMO DATA — NOT OFFICIAL GOVERNMENT RECORDS
MATCH-1454,P1454,0.964,0.964,HIGH,"{""owner_similarity"":0.96,""parcel_similarity"":1.0,""survey_similarity"":1.0,""area_similarity"":0.98,""address_similarity"":0.91,""landuse_similarity"":0.95,""gis_similarity"":0.95}","Likely candidate match based on parcel, survey, owner similarity and spatial comparison; not a legal ownership decision.",MATCH,SYNTHETIC DEMO DATA — NOT OFFICIAL GOVERNMENT RECORDS
MATCH-1455,P1455,0.964,0.964,HIGH,"{""owner_similarity"":0.96,""parcel_similarity"":1.0,""survey_similarity"":1.0,""area_similarity"":0.98,""address_similarity"":0.91,""landuse_similarity"":0.95,""gis_similarity"":0.95}","Likely candidate match based on parcel, survey, owner similarity and spatial comparison; not a legal ownership decision.",MATCH,SYNTHETIC DEMO DATA — NOT OFFICIAL GOVERNMENT RECORDS
MATCH-1456,P1456,0.964,0.964,HIGH,"{""owner_similarity"":0.96,""parcel_similarity"":1.0,""survey_similarity"":1.0,""area_similarity"":0.98,""address_similarity"":0.91,""landuse_similarity"":0.95,""gis_similarity"":0.95}","Likely candidate match based on parcel, survey, owner similarity and spatial comparison; not a legal ownership decision.",MATCH,SYNTHETIC DEMO DATA — NOT OFFICIAL GOVERNMENT RECORDS
MATCH-1457,P1457,0.964,0.964,HIGH,"{""owner_similarity"":0.96,""parcel_similarity"":1.0,""survey_similarity"":1.0,""area_similarity"":0.98,""address_similarity"":0.91,""landuse_similarity"":0.95,""gis_similarity"":0.95}","Likely candidate match based on parcel, survey, owner similarity and spatial comparison; not a legal ownership decision.",MATCH,SYNTHETIC DEMO DATA — NOT OFFICIAL GOVERNMENT RECORDS
MATCH-1458,P1458,0.964,0.964,HIGH,"{""owner_similarity"":0.96,""parcel_similarity"":1.0,""survey_similarity"":1.0,""area_similarity"":0.98,""address_similarity"":0.91,""landuse_similarity"":0.95,""gis_similarity"":0.95}","Likely candidate match based on parcel, survey, owner similarity and spatial comparison; not a legal ownership decision.",MATCH,SYNTHETIC DEMO DATA — NOT OFFICIAL GOVERNMENT RECORDS
MATCH-1459,P1459,0.964,0.964,HIGH,"{""owner_similarity"":0.96,""parcel_similarity"":1.0,""survey_similarity"":1.0,""area_similarity"":0.98,""address_similarity"":0.91,""landuse_similarity"":0.95,""gis_similarity"":0.95}","Likely candidate match based on parcel, survey, owner similarity and spatial comparison; not a legal ownership decision.",MATCH,SYNTHETIC DEMO DATA — NOT OFFICIAL GOVERNMENT RECORDS
MATCH-1460,P1460,0.9,0.9,HIGH,"{""owner_similarity"":0.84,""parcel_similarity"":1.0,""survey_similarity"":1.0,""area_similarity"":0.98,""address_similarity"":0.91,""landuse_similarity"":0.62,""gis_similarity"":0.95}","Likely candidate match based on parcel, survey, owner similarity and spatial comparison; not a legal ownership decision.",MATCH,SYNTHETIC DEMO DATA — NOT OFFICIAL GOVERNMENT RECORDS
MATCH-1461,P1461,0.964,0.964,HIGH,"{""owner_similarity"":0.96,""parcel_similarity"":1.0,""survey_similarity"":1.0,""area_similarity"":0.98,""address_similarity"":0.91,""landuse_similarity"":0.95,""gis_similarity"":0.95}","Likely candidate match based on parcel, survey, owner similarity and spatial comparison; not a legal ownership decision.",MATCH,SYNTHETIC DEMO DATA — NOT OFFICIAL GOVERNMENT RECORDS
MATCH-1462,P1462,0.964,0.964,HIGH,"{""owner_similarity"":0.96,""parcel_similarity"":1.0,""survey_similarity"":1.0,""area_similarity"":0.98,""address_similarity"":0.91,""landuse_similarity"":0.95,""gis_similarity"":0.95}","Likely candidate match based on parcel, survey, owner similarity and spatial comparison; not a legal ownership decision.",MATCH,SYNTHETIC DEMO DATA — NOT OFFICIAL GOVERNMENT RECORDS
MATCH-1463,P1463,0.964,0.964,HIGH,"{""owner_similarity"":0.96,""parcel_similarity"":1.0,""survey_similarity"":1.0,""area_similarity"":0.98,""address_similarity"":0.91,""landuse_similarity"":0.95,""gis_similarity"":0.95}","Likely candidate match based on parcel, survey, owner similarity and spatial comparison; not a legal ownership decision.",MATCH,SYNTHETIC DEMO DATA — NOT OFFICIAL GOVERNMENT RECORDS
MATCH-1464,P1464,0.964,0.964,HIGH,"{""owner_similarity"":0.96,""parcel_similarity"":1.0,""survey_similarity"":1.0,""area_similarity"":0.98,""address_similarity"":0.91,""landuse_similarity"":0.95,""gis_similarity"":0.95}","Likely candidate match based on parcel, survey, owner similarity and spatial comparison; not a legal ownership decision.",MATCH,SYNTHETIC DEMO DATA — NOT OFFICIAL GOVERNMENT RECORDS
MATCH-1465,P1465,0.964,0.964,HIGH,"{""owner_similarity"":0.96,""parcel_similarity"":1.0,""survey_similarity"":1.0,""area_similarity"":0.98,""address_similarity"":0.91,""landuse_similarity"":0.95,""gis_similarity"":0.95}","Likely candidate match based on parcel, survey, owner similarity and spatial comparison; not a legal ownership decision.",MATCH,SYNTHETIC DEMO DATA — NOT OFFICIAL GOVERNMENT RECORDS
MATCH-1466,P1466,0.964,0.964,HIGH,"{""owner_similarity"":0.96,""parcel_similarity"":1.0,""survey_similarity"":1.0,""area_similarity"":0.98,""address_similarity"":0.91,""landuse_similarity"":0.95,""gis_similarity"":0.95}","Likely candidate match based on parcel, survey, owner similarity and spatial comparison; not a legal ownership decision.",MATCH,SYNTHETIC DEMO DATA — NOT OFFICIAL GOVERNMENT RECORDS
MATCH-1467,P1467,0.964,0.964,HIGH,"{""owner_similarity"":0.96,""parcel_similarity"":1.0,""survey_similarity"":1.0,""area_similarity"":0.98,""address_similarity"":0.91,""landuse_similarity"":0.95,""gis_similarity"":0.95}","Likely candidate match based on parcel, survey, owner similarity and spatial comparison; not a legal ownership decision.",MATCH,SYNTHETIC DEMO DATA — NOT OFFICIAL GOVERNMENT RECORDS
MATCH-1468,P1468,0.964,0.964,HIGH,"{""owner_similarity"":0.96,""parcel_similarity"":1.0,""survey_similarity"":1.0,""area_similarity"":0.98,""address_similarity"":0.91,""landuse_similarity"":0.95,""gis_similarity"":0.95}","Likely candidate match based on parcel, survey, owner similarity and spatial comparison; not a legal ownership decision.",MATCH,SYNTHETIC DEMO DATA — NOT OFFICIAL GOVERNMENT RECORDS
MATCH-1469,P1469,0.947,0.947,HIGH,"{""owner_similarity"":0.84,""parcel_similarity"":1.0,""survey_similarity"":1.0,""area_similarity"":0.98,""address_similarity"":0.91,""landuse_similarity"":0.95,""gis_similarity"":0.95}","Likely candidate match based on parcel, survey, owner similarity and spatial comparison; not a legal ownership decision.",MATCH,SYNTHETIC DEMO DATA — NOT OFFICIAL GOVERNMENT RECORDS
MATCH-1470,P1470,0.964,0.964,HIGH,"{""owner_similarity"":0.96,""parcel_similarity"":1.0,""survey_similarity"":1.0,""area_similarity"":0.98,""address_similarity"":0.91,""landuse_similarity"":0.95,""gis_similarity"":0.95}","Likely candidate match based on parcel, survey, owner similarity and spatial comparison; not a legal ownership decision.",MATCH,SYNTHETIC DEMO DATA — NOT OFFICIAL GOVERNMENT RECORDS
MATCH-1471,P1471,0.964,0.964,HIGH,"{""owner_similarity"":0.96,""parcel_similarity"":1.0,""survey_similarity"":1.0,""area_similarity"":0.98,""address_similarity"":0.91,""landuse_similarity"":0.95,""gis_similarity"":0.95}","Likely candidate match based on parcel, survey, owner similarity and spatial comparison; not a legal ownership decision.",MATCH,SYNTHETIC DEMO DATA — NOT OFFICIAL GOVERNMENT RECORDS
MATCH-1472,P1472,0.964,0.964,HIGH,"{""owner_similarity"":0.96,""parcel_similarity"":1.0,""survey_similarity"":1.0,""area_similarity"":0.98,""address_similarity"":0.91,""landuse_similarity"":0.95,""gis_similarity"":0.95}","Likely candidate match based on parcel, survey, owner similarity and spatial comparison; not a legal ownership decision.",MATCH,SYNTHETIC DEMO DATA — NOT OFFICIAL GOVERNMENT RECORDS
MATCH-1473,P1473,0.964,0.964,HIGH,"{""owner_similarity"":0.96,""parcel_similarity"":1.0,""survey_similarity"":1.0,""area_similarity"":0.98,""address_similarity"":0.91,""landuse_similarity"":0.95,""gis_similarity"":0.95}","Likely candidate match based on parcel, survey, owner similarity and spatial comparison; not a legal ownership decision.",MATCH,SYNTHETIC DEMO DATA — NOT OFFICIAL GOVERNMENT RECORDS
MATCH-1474,P1474,0.964,0.964,HIGH,"{""owner_similarity"":0.96,""parcel_similarity"":1.0,""survey_similarity"":1.0,""area_similarity"":0.98,""address_similarity"":0.91,""landuse_similarity"":0.95,""gis_similarity"":0.95}","Likely candidate match based on parcel, survey, owner similarity and spatial comparison; not a legal ownership decision.",MATCH,SYNTHETIC DEMO DATA — NOT OFFICIAL GOVERNMENT RECORDS
MATCH-1475,P1475,0.964,0.964,HIGH,"{""owner_similarity"":0.96,""parcel_similarity"":1.0,""survey_similarity"":1.0,""area_similarity"":0.98,""address_similarity"":0.91,""landuse_similarity"":0.95,""gis_similarity"":0.95}","Likely candidate match based on parcel, survey, owner similarity and spatial comparison; not a legal ownership decision.",MATCH,SYNTHETIC DEMO DATA — NOT OFFICIAL GOVERNMENT RECORDS
MATCH-1476,P1476,0.964,0.964,HIGH,"{""owner_similarity"":0.96,""parcel_similarity"":1.0,""survey_similarity"":1.0,""area_similarity"":0.98,""address_similarity"":0.91,""landuse_similarity"":0.95,""gis_similarity"":0.95}","Likely candidate match based on parcel, survey, owner similarity and spatial comparison; not a legal ownership decision.",MATCH,SYNTHETIC DEMO DATA — NOT OFFICIAL GOVERNMENT RECORDS
MATCH-1477,P1477,0.917,0.917,HIGH,"{""owner_similarity"":0.96,""parcel_similarity"":1.0,""survey_similarity"":1.0,""area_similarity"":0.98,""address_similarity"":0.91,""landuse_similarity"":0.62,""gis_similarity"":0.95}","Likely candidate match based on parcel, survey, owner similarity and spatial comparison; not a legal ownership decision.",MATCH,SYNTHETIC DEMO DATA — NOT OFFICIAL GOVERNMENT RECORDS
MATCH-1478,P1478,0.947,0.947,HIGH,"{""owner_similarity"":0.84,""parcel_similarity"":1.0,""survey_similarity"":1.0,""area_similarity"":0.98,""address_similarity"":0.91,""landuse_similarity"":0.95,""gis_similarity"":0.95}","Likely candidate match based on parcel, survey, owner similarity and spatial comparison; not a legal ownership decision.",MATCH,SYNTHETIC DEMO DATA — NOT OFFICIAL GOVERNMENT RECORDS
MATCH-1479,P1479,0.964,0.964,HIGH,"{""owner_similarity"":0.96,""parcel_similarity"":1.0,""survey_similarity"":1.0,""area_similarity"":0.98,""address_similarity"":0.91,""landuse_similarity"":0.95,""gis_similarity"":0.95}","Likely candidate match based on parcel, survey, owner similarity and spatial comparison; not a legal ownership decision.",MATCH,SYNTHETIC DEMO DATA — NOT OFFICIAL GOVERNMENT RECORDS
MATCH-1480,P1480,0.964,0.964,HIGH,"{""owner_similarity"":0.96,""parcel_similarity"":1.0,""survey_similarity"":1.0,""area_similarity"":0.98,""address_similarity"":0.91,""landuse_similarity"":0.95,""gis_similarity"":0.95}","Likely candidate match based on parcel, survey, owner similarity and spatial comparison; not a legal ownership decision.",MATCH,SYNTHETIC DEMO DATA — NOT OFFICIAL GOVERNMENT RECORDS
MATCH-1481,P1481,0.964,0.964,HIGH,"{""owner_similarity"":0.96,""parcel_similarity"":1.0,""survey_similarity"":1.0,""area_similarity"":0.98,""address_similarity"":0.91,""landuse_similarity"":0.95,""gis_similarity"":0.95}","Likely candidate match based on parcel, survey, owner similarity and spatial comparison; not a legal ownership decision.",MATCH,SYNTHETIC DEMO DATA — NOT OFFICIAL GOVERNMENT RECORDS
MATCH-1482,P1482,0.964,0.964,HIGH,"{""owner_similarity"":0.96,""parcel_similarity"":1.0,""survey_similarity"":1.0,""area_similarity"":0.98,""address_similarity"":0.91,""landuse_similarity"":0.95,""gis_similarity"":0.95}","Likely candidate match based on parcel, survey, owner similarity and spatial comparison; not a legal ownership decision.",MATCH,SYNTHETIC DEMO DATA — NOT OFFICIAL GOVERNMENT RECORDS
MATCH-1483,P1483,0.964,0.964,HIGH,"{""owner_similarity"":0.96,""parcel_similarity"":1.0,""survey_similarity"":1.0,""area_similarity"":0.98,""address_similarity"":0.91,""landuse_similarity"":0.95,""gis_similarity"":0.95}","Likely candidate match based on parcel, survey, owner similarity and spatial comparison; not a legal ownership decision.",MATCH,SYNTHETIC DEMO DATA — NOT OFFICIAL GOVERNMENT RECORDS
MATCH-1484,P1484,0.964,0.964,HIGH,"{""owner_similarity"":0.96,""parcel_similarity"":1.0,""survey_similarity"":1.0,""area_similarity"":0.98,""address_similarity"":0.91,""landuse_similarity"":0.95,""gis_similarity"":0.95}","Likely candidate match based on parcel, survey, owner similarity and spatial comparison; not a legal ownership decision.",MATCH,SYNTHETIC DEMO DATA — NOT OFFICIAL GOVERNMENT RECORDS
MATCH-1485,P1485,0.964,0.964,HIGH,"{""owner_similarity"":0.96,""parcel_similarity"":1.0,""survey_similarity"":1.0,""area_similarity"":0.98,""address_similarity"":0.91,""landuse_similarity"":0.95,""gis_similarity"":0.95}","Likely candidate match based on parcel, survey, owner similarity and spatial comparison; not a legal ownership decision.",MATCH,SYNTHETIC DEMO DATA — NOT OFFICIAL GOVERNMENT RECORDS
MATCH-1486,P1486,0.964,0.964,HIGH,"{""owner_similarity"":0.96,""parcel_similarity"":1.0,""survey_similarity"":1.0,""area_similarity"":0.98,""address_similarity"":0.91,""landuse_similarity"":0.95,""gis_similarity"":0.95}","Likely candidate match based on parcel, survey, owner similarity and spatial comparison; not a legal ownership decision.",MATCH,SYNTHETIC DEMO DATA — NOT OFFICIAL GOVERNMENT RECORDS
MATCH-1487,P1487,0.947,0.947,HIGH,"{""owner_similarity"":0.84,""parcel_similarity"":1.0,""survey_similarity"":1.0,""area_similarity"":0.98,""address_similarity"":0.91,""landuse_similarity"":0.95,""gis_similarity"":0.95}","Likely candidate match based on parcel, survey, owner similarity and spatial comparison; not a legal ownership decision.",MATCH,SYNTHETIC DEMO DATA — NOT OFFICIAL GOVERNMENT RECORDS
MATCH-1488,P1488,0.964,0.964,HIGH,"{""owner_similarity"":0.96,""parcel_similarity"":1.0,""survey_similarity"":1.0,""area_similarity"":0.98,""address_similarity"":0.91,""landuse_similarity"":0.95,""gis_similarity"":0.95}","Likely candidate match based on parcel, survey, owner similarity and spatial comparison; not a legal ownership decision.",MATCH,SYNTHETIC DEMO DATA — NOT OFFICIAL GOVERNMENT RECORDS
MATCH-1489,P1489,0.964,0.964,HIGH,"{""owner_similarity"":0.96,""parcel_similarity"":1.0,""survey_similarity"":1.0,""area_similarity"":0.98,""address_similarity"":0.91,""landuse_similarity"":0.95,""gis_similarity"":0.95}","Likely candidate match based on parcel, survey, owner similarity and spatial comparison; not a legal ownership decision.",MATCH,SYNTHETIC DEMO DATA — NOT OFFICIAL GOVERNMENT RECORDS
MATCH-1490,P1490,0.964,0.964,HIGH,"{""owner_similarity"":0.96,""parcel_similarity"":1.0,""survey_similarity"":1.0,""area_similarity"":0.98,""address_similarity"":0.91,""landuse_similarity"":0.95,""gis_similarity"":0.95}","Likely candidate match based on parcel, survey, owner similarity and spatial comparison; not a legal ownership decision.",MATCH,SYNTHETIC DEMO DATA — NOT OFFICIAL GOVERNMENT RECORDS
MATCH-1491,P1491,0.964,0.964,HIGH,"{""owner_similarity"":0.96,""parcel_similarity"":1.0,""survey_similarity"":1.0,""area_similarity"":0.98,""address_similarity"":0.91,""landuse_similarity"":0.95,""gis_similarity"":0.95}","Likely candidate match based on parcel, survey, owner similarity and spatial comparison; not a legal ownership decision.",MATCH,SYNTHETIC DEMO DATA — NOT OFFICIAL GOVERNMENT RECORDS
MATCH-1492,P1492,0.964,0.964,HIGH,"{""owner_similarity"":0.96,""parcel_similarity"":1.0,""survey_similarity"":1.0,""area_similarity"":0.98,""address_similarity"":0.91,""landuse_similarity"":0.95,""gis_similarity"":0.95}","Likely candidate match based on parcel, survey, owner similarity and spatial comparison; not a legal ownership decision.",MATCH,SYNTHETIC DEMO DATA — NOT OFFICIAL GOVERNMENT RECORDS
MATCH-1493,P1493,0.964,0.964,HIGH,"{""owner_similarity"":0.96,""parcel_similarity"":1.0,""survey_similarity"":1.0,""area_similarity"":0.98,""address_similarity"":0.91,""landuse_similarity"":0.95,""gis_similarity"":0.95}","Likely candidate match based on parcel, survey, owner similarity and spatial comparison; not a legal ownership decision.",MATCH,SYNTHETIC DEMO DATA — NOT OFFICIAL GOVERNMENT RECORDS
MATCH-1494,P1494,0.917,0.917,HIGH,"{""owner_similarity"":0.96,""parcel_similarity"":1.0,""survey_similarity"":1.0,""area_similarity"":0.98,""address_similarity"":0.91,""landuse_similarity"":0.62,""gis_similarity"":0.95}","Likely candidate match based on parcel, survey, owner similarity and spatial comparison; not a legal ownership decision.",MATCH,SYNTHETIC DEMO DATA — NOT OFFICIAL GOVERNMENT RECORDS
MATCH-1495,P1495,0.964,0.964,HIGH,"{""owner_similarity"":0.96,""parcel_similarity"":1.0,""survey_similarity"":1.0,""area_similarity"":0.98,""address_similarity"":0.91,""landuse_similarity"":0.95,""gis_similarity"":0.95}","Likely candidate match based on parcel, survey, owner similarity and spatial comparison; not a legal ownership decision.",MATCH,SYNTHETIC DEMO DATA — NOT OFFICIAL GOVERNMENT RECORDS
MATCH-1496,P1496,0.947,0.947,HIGH,"{""owner_similarity"":0.84,""parcel_similarity"":1.0,""survey_similarity"":1.0,""area_similarity"":0.98,""address_similarity"":0.91,""landuse_similarity"":0.95,""gis_similarity"":0.95}","Likely candidate match based on parcel, survey, owner similarity and spatial comparison; not a legal ownership decision.",MATCH,SYNTHETIC DEMO DATA — NOT OFFICIAL GOVERNMENT RECORDS
MATCH-1497,P1497,0.964,0.964,HIGH,"{""owner_similarity"":0.96,""parcel_similarity"":1.0,""survey_similarity"":1.0,""area_similarity"":0.98,""address_similarity"":0.91,""landuse_similarity"":0.95,""gis_similarity"":0.95}","Likely candidate match based on parcel, survey, owner similarity and spatial comparison; not a legal ownership decision.",MATCH,SYNTHETIC DEMO DATA — NOT OFFICIAL GOVERNMENT RECORDS
MATCH-1498,P1498,0.964,0.964,HIGH,"{""owner_similarity"":0.96,""parcel_similarity"":1.0,""survey_similarity"":1.0,""area_similarity"":0.98,""address_similarity"":0.91,""landuse_similarity"":0.95,""gis_similarity"":0.95}","Likely candidate match based on parcel, survey, owner similarity and spatial comparison; not a legal ownership decision.",MATCH,SYNTHETIC DEMO DATA — NOT OFFICIAL GOVERNMENT RECORDS
MATCH-1499,P1499,0.964,0.964,HIGH,"{""owner_similarity"":0.96,""parcel_similarity"":1.0,""survey_similarity"":1.0,""area_similarity"":0.98,""address_similarity"":0.91,""landuse_similarity"":0.95,""gis_similarity"":0.95}","Likely candidate match based on parcel, survey, owner similarity and spatial comparison; not a legal ownership decision.",MATCH,SYNTHETIC DEMO DATA — NOT OFFICIAL GOVERNMENT RECORDS
MATCH-1500,P1500,0.964,0.964,HIGH,"{""owner_similarity"":0.96,""parcel_similarity"":1.0,""survey_similarity"":1.0,""area_similarity"":0.98,""address_similarity"":0.91,""landuse_similarity"":0.95,""gis_similarity"":0.95}","Likely candidate match based on parcel, survey, owner similarity and spatial comparison; not a legal ownership decision.",MATCH,SYNTHETIC DEMO DATA — NOT OFFICIAL GOVERNMENT RECORDS
MATCH-1501,P1501,0.964,0.964,HIGH,"{""owner_similarity"":0.96,""parcel_similarity"":1.0,""survey_similarity"":1.0,""area_similarity"":0.98,""address_similarity"":0.91,""landuse_similarity"":0.95,""gis_similarity"":0.95}","Likely candidate match based on parcel, survey, owner similarity and spatial comparison; not a legal ownership decision.",MATCH,SYNTHETIC DEMO DATA — NOT OFFICIAL GOVERNMENT RECORDS
MATCH-1502,P1502,0.964,0.964,HIGH,"{""owner_similarity"":0.96,""parcel_similarity"":1.0,""survey_similarity"":1.0,""area_similarity"":0.98,""address_similarity"":0.91,""landuse_similarity"":0.95,""gis_similarity"":0.95}","Likely candidate match based on parcel, survey, owner similarity and spatial comparison; not a legal ownership decision.",MATCH,SYNTHETIC DEMO DATA — NOT OFFICIAL GOVERNMENT RECORDS
MATCH-1503,P1503,0.964,0.964,HIGH,"{""owner_similarity"":0.96,""parcel_similarity"":1.0,""survey_similarity"":1.0,""area_similarity"":0.98,""address_similarity"":0.91,""landuse_similarity"":0.95,""gis_similarity"":0.95}","Likely candidate match based on parcel, survey, owner similarity and spatial comparison; not a legal ownership decision.",MATCH,SYNTHETIC DEMO DATA — NOT OFFICIAL GOVERNMENT RECORDS
MATCH-1504,P1504,0.964,0.964,HIGH,"{""owner_similarity"":0.96,""parcel_similarity"":1.0,""survey_similarity"":1.0,""area_similarity"":0.98,""address_similarity"":0.91,""landuse_similarity"":0.95,""gis_similarity"":0.95}","Likely candidate match based on parcel, survey, owner similarity and spatial comparison; not a legal ownership decision.",MATCH,SYNTHETIC DEMO DATA — NOT OFFICIAL GOVERNMENT RECORDS
MATCH-1505,P1505,0.947,0.947,HIGH,"{""owner_similarity"":0.84,""parcel_similarity"":1.0,""survey_similarity"":1.0,""area_similarity"":0.98,""address_similarity"":0.91,""landuse_similarity"":0.95,""gis_similarity"":0.95}","Likely candidate match based on parcel, survey, owner similarity and spatial comparison; not a legal ownership decision.",MATCH,SYNTHETIC DEMO DATA — NOT OFFICIAL GOVERNMENT RECORDS
MATCH-1506,P1506,0.964,0.964,HIGH,"{""owner_similarity"":0.96,""parcel_similarity"":1.0,""survey_similarity"":1.0,""area_similarity"":0.98,""address_similarity"":0.91,""landuse_similarity"":0.95,""gis_similarity"":0.95}","Likely candidate match based on parcel, survey, owner similarity and spatial comparison; not a legal ownership decision.",MATCH,SYNTHETIC DEMO DATA — NOT OFFICIAL GOVERNMENT RECORDS
MATCH-1507,P1507,0.964,0.964,HIGH,"{""owner_similarity"":0.96,""parcel_similarity"":1.0,""survey_similarity"":1.0,""area_similarity"":0.98,""address_similarity"":0.91,""landuse_similarity"":0.95,""gis_similarity"":0.95}","Likely candidate match based on parcel, survey, owner similarity and spatial comparison; not a legal ownership decision.",MATCH,SYNTHETIC DEMO DATA — NOT OFFICIAL GOVERNMENT RECORDS
MATCH-1508,P1508,0.964,0.964,HIGH,"{""owner_similarity"":0.96,""parcel_similarity"":1.0,""survey_similarity"":1.0,""area_similarity"":0.98,""address_similarity"":0.91,""landuse_similarity"":0.95,""gis_similarity"":0.95}","Likely candidate match based on parcel, survey, owner similarity and spatial comparison; not a legal ownership decision.",MATCH,SYNTHETIC DEMO DATA — NOT OFFICIAL GOVERNMENT RECORDS
MATCH-1509,P1509,0.964,0.964,HIGH,"{""owner_similarity"":0.96,""parcel_similarity"":1.0,""survey_similarity"":1.0,""area_similarity"":0.98,""address_similarity"":0.91,""landuse_similarity"":0.95,""gis_similarity"":0.95}","Likely candidate match based on parcel, survey, owner similarity and spatial comparison; not a legal ownership decision.",MATCH,SYNTHETIC DEMO DATA — NOT OFFICIAL GOVERNMENT RECORDS
MATCH-1510,P1510,0.964,0.964,HIGH,"{""owner_similarity"":0.96,""parcel_similarity"":1.0,""survey_similarity"":1.0,""area_similarity"":0.98,""address_similarity"":0.91,""landuse_similarity"":0.95,""gis_similarity"":0.95}","Likely candidate match based on parcel, survey, owner similarity and spatial comparison; not a legal ownership decision.",MATCH,SYNTHETIC DEMO DATA — NOT OFFICIAL GOVERNMENT RECORDS
MATCH-1511,P1511,0.917,0.917,HIGH,"{""owner_similarity"":0.96,""parcel_similarity"":1.0,""survey_similarity"":1.0,""area_similarity"":0.98,""address_similarity"":0.91,""landuse_similarity"":0.62,""gis_similarity"":0.95}","Likely candidate match based on parcel, survey, owner similarity and spatial comparison; not a legal ownership decision.",MATCH,SYNTHETIC DEMO DATA — NOT OFFICIAL GOVERNMENT RECORDS
MATCH-1512,P1512,0.964,0.964,HIGH,"{""owner_similarity"":0.96,""parcel_similarity"":1.0,""survey_similarity"":1.0,""area_similarity"":0.98,""address_similarity"":0.91,""landuse_similarity"":0.95,""gis_similarity"":0.95}","Likely candidate match based on parcel, survey, owner similarity and spatial comparison; not a legal ownership decision.",MATCH,SYNTHETIC DEMO DATA — NOT OFFICIAL GOVERNMENT RECORDS
MATCH-1513,P1513,0.964,0.964,HIGH,"{""owner_similarity"":0.96,""parcel_similarity"":1.0,""survey_similarity"":1.0,""area_similarity"":0.98,""address_similarity"":0.91,""landuse_similarity"":0.95,""gis_similarity"":0.95}","Likely candidate match based on parcel, survey, owner similarity and spatial comparison; not a legal ownership decision.",MATCH,SYNTHETIC DEMO DATA — NOT OFFICIAL GOVERNMENT RECORDS
MATCH-1514,P1514,0.947,0.947,HIGH,"{""owner_similarity"":0.84,""parcel_similarity"":1.0,""survey_similarity"":1.0,""area_similarity"":0.98,""address_similarity"":0.91,""landuse_similarity"":0.95,""gis_similarity"":0.95}","Likely candidate match based on parcel, survey, owner similarity and spatial comparison; not a legal ownership decision.",MATCH,SYNTHETIC DEMO DATA — NOT OFFICIAL GOVERNMENT RECORDS
MATCH-1515,P1515,0.964,0.964,HIGH,"{""owner_similarity"":0.96,""parcel_similarity"":1.0,""survey_similarity"":1.0,""area_similarity"":0.98,""address_similarity"":0.91,""landuse_similarity"":0.95,""gis_similarity"":0.95}","Likely candidate match based on parcel, survey, owner similarity and spatial comparison; not a legal ownership decision.",MATCH,SYNTHETIC DEMO DATA — NOT OFFICIAL GOVERNMENT RECORDS
MATCH-1516,P1516,0.964,0.964,HIGH,"{""owner_similarity"":0.96,""parcel_similarity"":1.0,""survey_similarity"":1.0,""area_similarity"":0.98,""address_similarity"":0.91,""landuse_similarity"":0.95,""gis_similarity"":0.95}","Likely candidate match based on parcel, survey, owner similarity and spatial comparison; not a legal ownership decision.",MATCH,SYNTHETIC DEMO DATA — NOT OFFICIAL GOVERNMENT RECORDS
MATCH-1517,P1517,0.964,0.964,HIGH,"{""owner_similarity"":0.96,""parcel_similarity"":1.0,""survey_similarity"":1.0,""area_similarity"":0.98,""address_similarity"":0.91,""landuse_similarity"":0.95,""gis_similarity"":0.95}","Likely candidate match based on parcel, survey, owner similarity and spatial comparison; not a legal ownership decision.",MATCH,SYNTHETIC DEMO DATA — NOT OFFICIAL GOVERNMENT RECORDS
MATCH-1518,P1518,0.964,0.964,HIGH,"{""owner_similarity"":0.96,""parcel_similarity"":1.0,""survey_similarity"":1.0,""area_similarity"":0.98,""address_similarity"":0.91,""landuse_similarity"":0.95,""gis_similarity"":0.95}","Likely candidate match based on parcel, survey, owner similarity and spatial comparison; not a legal ownership decision.",MATCH,SYNTHETIC DEMO DATA — NOT OFFICIAL GOVERNMENT RECORDS
MATCH-1519,P1519,0.964,0.964,HIGH,"{""owner_similarity"":0.96,""parcel_similarity"":1.0,""survey_similarity"":1.0,""area_similarity"":0.98,""address_similarity"":0.91,""landuse_similarity"":0.95,""gis_similarity"":0.95}","Likely candidate match based on parcel, survey, owner similarity and spatial comparison; not a legal ownership decision.",MATCH,SYNTHETIC DEMO DATA — NOT OFFICIAL GOVERNMENT RECORDS
MATCH-1520,P1520,0.964,0.964,HIGH,"{""owner_similarity"":0.96,""parcel_similarity"":1.0,""survey_similarity"":1.0,""area_similarity"":0.98,""address_similarity"":0.91,""landuse_similarity"":0.95,""gis_similarity"":0.95}","Likely candidate match based on parcel, survey, owner similarity and spatial comparison; not a legal ownership decision.",MATCH,SYNTHETIC DEMO DATA — NOT OFFICIAL GOVERNMENT RECORDS
MATCH-1521,P1521,0.964,0.964,HIGH,"{""owner_similarity"":0.96,""parcel_similarity"":1.0,""survey_similarity"":1.0,""area_similarity"":0.98,""address_similarity"":0.91,""landuse_similarity"":0.95,""gis_similarity"":0.95}","Likely candidate match based on parcel, survey, owner similarity and spatial comparison; not a legal ownership decision.",MATCH,SYNTHETIC DEMO DATA — NOT OFFICIAL GOVERNMENT RECORDS
MATCH-1522,P1522,0.964,0.964,HIGH,"{""owner_similarity"":0.96,""parcel_similarity"":1.0,""survey_similarity"":1.0,""area_similarity"":0.98,""address_similarity"":0.91,""landuse_similarity"":0.95,""gis_similarity"":0.95}","Likely candidate match based on parcel, survey, owner similarity and spatial comparison; not a legal ownership decision.",MATCH,SYNTHETIC DEMO DATA — NOT OFFICIAL GOVERNMENT RECORDS
MATCH-1523,P1523,0.947,0.947,HIGH,"{""owner_similarity"":0.84,""parcel_similarity"":1.0,""survey_similarity"":1.0,""area_similarity"":0.98,""address_similarity"":0.91,""landuse_similarity"":0.95,""gis_similarity"":0.95}","Likely candidate match based on parcel, survey, owner similarity and spatial comparison; not a legal ownership decision.",MATCH,SYNTHETIC DEMO DATA — NOT OFFICIAL GOVERNMENT RECORDS
MATCH-1524,P1524,0.964,0.964,HIGH,"{""owner_similarity"":0.96,""parcel_similarity"":1.0,""survey_similarity"":1.0,""area_similarity"":0.98,""address_similarity"":0.91,""landuse_similarity"":0.95,""gis_similarity"":0.95}","Likely candidate match based on parcel, survey, owner similarity and spatial comparison; not a legal ownership decision.",MATCH,SYNTHETIC DEMO DATA — NOT OFFICIAL GOVERNMENT RECORDS
MATCH-1525,P1525,0.964,0.964,HIGH,"{""owner_similarity"":0.96,""parcel_similarity"":1.0,""survey_similarity"":1.0,""area_similarity"":0.98,""address_similarity"":0.91,""landuse_similarity"":0.95,""gis_similarity"":0.95}","Likely candidate match based on parcel, survey, owner similarity and spatial comparison; not a legal ownership decision.",MATCH,SYNTHETIC DEMO DATA — NOT OFFICIAL GOVERNMENT RECORDS
MATCH-1526,P1526,0.964,0.964,HIGH,"{""owner_similarity"":0.96,""parcel_similarity"":1.0,""survey_similarity"":1.0,""area_similarity"":0.98,""address_similarity"":0.91,""landuse_similarity"":0.95,""gis_similarity"":0.95}","Likely candidate match based on parcel, survey, owner similarity and spatial comparison; not a legal ownership decision.",MATCH,SYNTHETIC DEMO DATA — NOT OFFICIAL GOVERNMENT RECORDS
MATCH-1527,P1527,0.964,0.964,HIGH,"{""owner_similarity"":0.96,""parcel_similarity"":1.0,""survey_similarity"":1.0,""area_similarity"":0.98,""address_similarity"":0.91,""landuse_similarity"":0.95,""gis_similarity"":0.95}","Likely candidate match based on parcel, survey, owner similarity and spatial comparison; not a legal ownership decision.",MATCH,SYNTHETIC DEMO DATA — NOT OFFICIAL GOVERNMENT RECORDS
MATCH-1528,P1528,0.917,0.917,HIGH,"{""owner_similarity"":0.96,""parcel_similarity"":1.0,""survey_similarity"":1.0,""area_similarity"":0.98,""address_similarity"":0.91,""landuse_similarity"":0.62,""gis_similarity"":0.95}","Likely candidate match based on parcel, survey, owner similarity and spatial comparison; not a legal ownership decision.",MATCH,SYNTHETIC DEMO DATA — NOT OFFICIAL GOVERNMENT RECORDS
MATCH-1529,P1529,0.964,0.964,HIGH,"{""owner_similarity"":0.96,""parcel_similarity"":1.0,""survey_similarity"":1.0,""area_similarity"":0.98,""address_similarity"":0.91,""landuse_similarity"":0.95,""gis_similarity"":0.95}","Likely candidate match based on parcel, survey, owner similarity and spatial comparison; not a legal ownership decision.",MATCH,SYNTHETIC DEMO DATA — NOT OFFICIAL GOVERNMENT RECORDS
MATCH-1530,P1530,0.964,0.964,HIGH,"{""owner_similarity"":0.96,""parcel_similarity"":1.0,""survey_similarity"":1.0,""area_similarity"":0.98,""address_similarity"":0.91,""landuse_similarity"":0.95,""gis_similarity"":0.95}","Likely candidate match based on parcel, survey, owner similarity and spatial comparison; not a legal ownership decision.",MATCH,SYNTHETIC DEMO DATA — NOT OFFICIAL GOVERNMENT RECORDS
MATCH-1531,P1531,0.964,0.964,HIGH,"{""owner_similarity"":0.96,""parcel_similarity"":1.0,""survey_similarity"":1.0,""area_similarity"":0.98,""address_similarity"":0.91,""landuse_similarity"":0.95,""gis_similarity"":0.95}","Likely candidate match based on parcel, survey, owner similarity and spatial comparison; not a legal ownership decision.",MATCH,SYNTHETIC DEMO DATA — NOT OFFICIAL GOVERNMENT RECORDS
MATCH-1532,P1532,0.947,0.947,HIGH,"{""owner_similarity"":0.84,""parcel_similarity"":1.0,""survey_similarity"":1.0,""area_similarity"":0.98,""address_similarity"":0.91,""landuse_similarity"":0.95,""gis_similarity"":0.95}","Likely candidate match based on parcel, survey, owner similarity and spatial comparison; not a legal ownership decision.",MATCH,SYNTHETIC DEMO DATA — NOT OFFICIAL GOVERNMENT RECORDS
MATCH-1533,P1533,0.964,0.964,HIGH,"{""owner_similarity"":0.96,""parcel_similarity"":1.0,""survey_similarity"":1.0,""area_similarity"":0.98,""address_similarity"":0.91,""landuse_similarity"":0.95,""gis_similarity"":0.95}","Likely candidate match based on parcel, survey, owner similarity and spatial comparison; not a legal ownership decision.",MATCH,SYNTHETIC DEMO DATA — NOT OFFICIAL GOVERNMENT RECORDS
MATCH-1534,P1534,0.964,0.964,HIGH,"{""owner_similarity"":0.96,""parcel_similarity"":1.0,""survey_similarity"":1.0,""area_similarity"":0.98,""address_similarity"":0.91,""landuse_similarity"":0.95,""gis_similarity"":0.95}","Likely candidate match based on parcel, survey, owner similarity and spatial comparison; not a legal ownership decision.",MATCH,SYNTHETIC DEMO DATA — NOT OFFICIAL GOVERNMENT RECORDS
MATCH-1535,P1535,0.964,0.964,HIGH,"{""owner_similarity"":0.96,""parcel_similarity"":1.0,""survey_similarity"":1.0,""area_similarity"":0.98,""address_similarity"":0.91,""landuse_similarity"":0.95,""gis_similarity"":0.95}","Likely candidate match based on parcel, survey, owner similarity and spatial comparison; not a legal ownership decision.",MATCH,SYNTHETIC DEMO DATA — NOT OFFICIAL GOVERNMENT RECORDS
MATCH-1536,P1536,0.964,0.964,HIGH,"{""owner_similarity"":0.96,""parcel_similarity"":1.0,""survey_similarity"":1.0,""area_similarity"":0.98,""address_similarity"":0.91,""landuse_similarity"":0.95,""gis_similarity"":0.95}","Likely candidate match based on parcel, survey, owner similarity and spatial comparison; not a legal ownership decision.",MATCH,SYNTHETIC DEMO DATA — NOT OFFICIAL GOVERNMENT RECORDS
MATCH-1537,P1537,0.964,0.964,HIGH,"{""owner_similarity"":0.96,""parcel_similarity"":1.0,""survey_similarity"":1.0,""area_similarity"":0.98,""address_similarity"":0.91,""landuse_similarity"":0.95,""gis_similarity"":0.95}","Likely candidate match based on parcel, survey, owner similarity and spatial comparison; not a legal ownership decision.",MATCH,SYNTHETIC DEMO DATA — NOT OFFICIAL GOVERNMENT RECORDS
MATCH-1538,P1538,0.964,0.964,HIGH,"{""owner_similarity"":0.96,""parcel_similarity"":1.0,""survey_similarity"":1.0,""area_similarity"":0.98,""address_similarity"":0.91,""landuse_similarity"":0.95,""gis_similarity"":0.95}","Likely candidate match based on parcel, survey, owner similarity and spatial comparison; not a legal ownership decision.",MATCH,SYNTHETIC DEMO DATA — NOT OFFICIAL GOVERNMENT RECORDS
MATCH-1539,P1539,0.964,0.964,HIGH,"{""owner_similarity"":0.96,""parcel_similarity"":1.0,""survey_similarity"":1.0,""area_similarity"":0.98,""address_similarity"":0.91,""landuse_similarity"":0.95,""gis_similarity"":0.95}","Likely candidate match based on parcel, survey, owner similarity and spatial comparison; not a legal ownership decision.",MATCH,SYNTHETIC DEMO DATA — NOT OFFICIAL GOVERNMENT RECORDS
MATCH-1540,P1540,0.964,0.964,HIGH,"{""owner_similarity"":0.96,""parcel_similarity"":1.0,""survey_similarity"":1.0,""area_similarity"":0.98,""address_similarity"":0.91,""landuse_similarity"":0.95,""gis_similarity"":0.95}","Likely candidate match based on parcel, survey, owner similarity and spatial comparison; not a legal ownership decision.",MATCH,SYNTHETIC DEMO DATA — NOT OFFICIAL GOVERNMENT RECORDS
MATCH-1541,P1541,0.947,0.947,HIGH,"{""owner_similarity"":0.84,""parcel_similarity"":1.0,""survey_similarity"":1.0,""area_similarity"":0.98,""address_similarity"":0.91,""landuse_similarity"":0.95,""gis_similarity"":0.95}","Likely candidate match based on parcel, survey, owner similarity and spatial comparison; not a legal ownership decision.",MATCH,SYNTHETIC DEMO DATA — NOT OFFICIAL GOVERNMENT RECORDS
MATCH-1542,P1542,0.964,0.964,HIGH,"{""owner_similarity"":0.96,""parcel_similarity"":1.0,""survey_similarity"":1.0,""area_similarity"":0.98,""address_similarity"":0.91,""landuse_similarity"":0.95,""gis_similarity"":0.95}","Likely candidate match based on parcel, survey, owner similarity and spatial comparison; not a legal ownership decision.",MATCH,SYNTHETIC DEMO DATA — NOT OFFICIAL GOVERNMENT RECORDS
MATCH-1543,P1543,0.964,0.964,HIGH,"{""owner_similarity"":0.96,""parcel_similarity"":1.0,""survey_similarity"":1.0,""area_similarity"":0.98,""address_similarity"":0.91,""landuse_similarity"":0.95,""gis_similarity"":0.95}","Likely candidate match based on parcel, survey, owner similarity and spatial comparison; not a legal ownership decision.",MATCH,SYNTHETIC DEMO DATA — NOT OFFICIAL GOVERNMENT RECORDS
MATCH-1544,P1544,0.964,0.964,HIGH,"{""owner_similarity"":0.96,""parcel_similarity"":1.0,""survey_similarity"":1.0,""area_similarity"":0.98,""address_similarity"":0.91,""landuse_similarity"":0.95,""gis_similarity"":0.95}","Likely candidate match based on parcel, survey, owner similarity and spatial comparison; not a legal ownership decision.",MATCH,SYNTHETIC DEMO DATA — NOT OFFICIAL GOVERNMENT RECORDS
MATCH-1545,P1545,0.917,0.917,HIGH,"{""owner_similarity"":0.96,""parcel_similarity"":1.0,""survey_similarity"":1.0,""area_similarity"":0.98,""address_similarity"":0.91,""landuse_similarity"":0.62,""gis_similarity"":0.95}","Likely candidate match based on parcel, survey, owner similarity and spatial comparison; not a legal ownership decision.",MATCH,SYNTHETIC DEMO DATA — NOT OFFICIAL GOVERNMENT RECORDS
MATCH-1546,P1546,0.964,0.964,HIGH,"{""owner_similarity"":0.96,""parcel_similarity"":1.0,""survey_similarity"":1.0,""area_similarity"":0.98,""address_similarity"":0.91,""landuse_similarity"":0.95,""gis_similarity"":0.95}","Likely candidate match based on parcel, survey, owner similarity and spatial comparison; not a legal ownership decision.",MATCH,SYNTHETIC DEMO DATA — NOT OFFICIAL GOVERNMENT RECORDS
MATCH-1547,P1547,0.964,0.964,HIGH,"{""owner_similarity"":0.96,""parcel_similarity"":1.0,""survey_similarity"":1.0,""area_similarity"":0.98,""address_similarity"":0.91,""landuse_similarity"":0.95,""gis_similarity"":0.95}","Likely candidate match based on parcel, survey, owner similarity and spatial comparison; not a legal ownership decision.",MATCH,SYNTHETIC DEMO DATA — NOT OFFICIAL GOVERNMENT RECORDS
MATCH-1548,P1548,0.964,0.964,HIGH,"{""owner_similarity"":0.96,""parcel_similarity"":1.0,""survey_similarity"":1.0,""area_similarity"":0.98,""address_similarity"":0.91,""landuse_similarity"":0.95,""gis_similarity"":0.95}","Likely candidate match based on parcel, survey, owner similarity and spatial comparison; not a legal ownership decision.",MATCH,SYNTHETIC DEMO DATA — NOT OFFICIAL GOVERNMENT RECORDS
MATCH-1549,P1549,0.964,0.964,HIGH,"{""owner_similarity"":0.96,""parcel_similarity"":1.0,""survey_similarity"":1.0,""area_similarity"":0.98,""address_similarity"":0.91,""landuse_similarity"":0.95,""gis_similarity"":0.95}","Likely candidate match based on parcel, survey, owner similarity and spatial comparison; not a legal ownership decision.",MATCH,SYNTHETIC DEMO DATA — NOT OFFICIAL GOVERNMENT RECORDS
MATCH-1550,P1550,0.947,0.947,HIGH,"{""owner_similarity"":0.84,""parcel_similarity"":1.0,""survey_similarity"":1.0,""area_similarity"":0.98,""address_similarity"":0.91,""landuse_similarity"":0.95,""gis_similarity"":0.95}","Likely candidate match based on parcel, survey, owner similarity and spatial comparison; not a legal ownership decision.",MATCH,SYNTHETIC DEMO DATA — NOT OFFICIAL GOVERNMENT RECORDS
MATCH-1551,P1551,0.964,0.964,HIGH,"{""owner_similarity"":0.96,""parcel_similarity"":1.0,""survey_similarity"":1.0,""area_similarity"":0.98,""address_similarity"":0.91,""landuse_similarity"":0.95,""gis_similarity"":0.95}","Likely candidate match based on parcel, survey, owner similarity and spatial comparison; not a legal ownership decision.",MATCH,SYNTHETIC DEMO DATA — NOT OFFICIAL GOVERNMENT RECORDS
MATCH-1552,P1552,0.964,0.964,HIGH,"{""owner_similarity"":0.96,""parcel_similarity"":1.0,""survey_similarity"":1.0,""area_similarity"":0.98,""address_similarity"":0.91,""landuse_similarity"":0.95,""gis_similarity"":0.95}","Likely candidate match based on parcel, survey, owner similarity and spatial comparison; not a legal ownership decision.",MATCH,SYNTHETIC DEMO DATA — NOT OFFICIAL GOVERNMENT RECORDS
MATCH-1553,P1553,0.964,0.964,HIGH,"{""owner_similarity"":0.96,""parcel_similarity"":1.0,""survey_similarity"":1.0,""area_similarity"":0.98,""address_similarity"":0.91,""landuse_similarity"":0.95,""gis_similarity"":0.95}","Likely candidate match based on parcel, survey, owner similarity and spatial comparison; not a legal ownership decision.",MATCH,SYNTHETIC DEMO DATA — NOT OFFICIAL GOVERNMENT RECORDS
MATCH-1554,P1554,0.964,0.964,HIGH,"{""owner_similarity"":0.96,""parcel_similarity"":1.0,""survey_similarity"":1.0,""area_similarity"":0.98,""address_similarity"":0.91,""landuse_similarity"":0.95,""gis_similarity"":0.95}","Likely candidate match based on parcel, survey, owner similarity and spatial comparison; not a legal ownership decision.",MATCH,SYNTHETIC DEMO DATA — NOT OFFICIAL GOVERNMENT RECORDS
MATCH-1555,P1555,0.964,0.964,HIGH,"{""owner_similarity"":0.96,""parcel_similarity"":1.0,""survey_similarity"":1.0,""area_similarity"":0.98,""address_similarity"":0.91,""landuse_similarity"":0.95,""gis_similarity"":0.95}","Likely candidate match based on parcel, survey, owner similarity and spatial comparison; not a legal ownership decision.",MATCH,SYNTHETIC DEMO DATA — NOT OFFICIAL GOVERNMENT RECORDS
MATCH-1556,P1556,0.964,0.964,HIGH,"{""owner_similarity"":0.96,""parcel_similarity"":1.0,""survey_similarity"":1.0,""area_similarity"":0.98,""address_similarity"":0.91,""landuse_similarity"":0.95,""gis_similarity"":0.95}","Likely candidate match based on parcel, survey, owner similarity and spatial comparison; not a legal ownership decision.",MATCH,SYNTHETIC DEMO DATA — NOT OFFICIAL GOVERNMENT RECORDS
MATCH-1557,P1557,0.964,0.964,HIGH,"{""owner_similarity"":0.96,""parcel_similarity"":1.0,""survey_similarity"":1.0,""area_similarity"":0.98,""address_similarity"":0.91,""landuse_similarity"":0.95,""gis_similarity"":0.95}","Likely candidate match based on parcel, survey, owner similarity and spatial comparison; not a legal ownership decision.",MATCH,SYNTHETIC DEMO DATA — NOT OFFICIAL GOVERNMENT RECORDS
MATCH-1558,P1558,0.964,0.964,HIGH,"{""owner_similarity"":0.96,""parcel_similarity"":1.0,""survey_similarity"":1.0,""area_similarity"":0.98,""address_similarity"":0.91,""landuse_similarity"":0.95,""gis_similarity"":0.95}","Likely candidate match based on parcel, survey, owner similarity and spatial comparison; not a legal ownership decision.",MATCH,SYNTHETIC DEMO DATA — NOT OFFICIAL GOVERNMENT RECORDS
MATCH-1559,P1559,0.947,0.947,HIGH,"{""owner_similarity"":0.84,""parcel_similarity"":1.0,""survey_similarity"":1.0,""area_similarity"":0.98,""address_similarity"":0.91,""landuse_similarity"":0.95,""gis_similarity"":0.95}","Likely candidate match based on parcel, survey, owner similarity and spatial comparison; not a legal ownership decision.",MATCH,SYNTHETIC DEMO DATA — NOT OFFICIAL GOVERNMENT RECORDS
MATCH-1560,P1560,0.964,0.964,HIGH,"{""owner_similarity"":0.96,""parcel_similarity"":1.0,""survey_similarity"":1.0,""area_similarity"":0.98,""address_similarity"":0.91,""landuse_similarity"":0.95,""gis_similarity"":0.95}","Likely candidate match based on parcel, survey, owner similarity and spatial comparison; not a legal ownership decision.",MATCH,SYNTHETIC DEMO DATA — NOT OFFICIAL GOVERNMENT RECORDS
MATCH-1561,P1561,0.964,0.964,HIGH,"{""owner_similarity"":0.96,""parcel_similarity"":1.0,""survey_similarity"":1.0,""area_similarity"":0.98,""address_similarity"":0.91,""landuse_similarity"":0.95,""gis_similarity"":0.95}","Likely candidate match based on parcel, survey, owner similarity and spatial comparison; not a legal ownership decision.",MATCH,SYNTHETIC DEMO DATA — NOT OFFICIAL GOVERNMENT RECORDS
MATCH-1562,P1562,0.917,0.917,HIGH,"{""owner_similarity"":0.96,""parcel_similarity"":1.0,""survey_similarity"":1.0,""area_similarity"":0.98,""address_similarity"":0.91,""landuse_similarity"":0.62,""gis_similarity"":0.95}","Likely candidate match based on parcel, survey, owner similarity and spatial comparison; not a legal ownership decision.",MATCH,SYNTHETIC DEMO DATA — NOT OFFICIAL GOVERNMENT RECORDS
MATCH-1563,P1563,0.964,0.964,HIGH,"{""owner_similarity"":0.96,""parcel_similarity"":1.0,""survey_similarity"":1.0,""area_similarity"":0.98,""address_similarity"":0.91,""landuse_similarity"":0.95,""gis_similarity"":0.95}","Likely candidate match based on parcel, survey, owner similarity and spatial comparison; not a legal ownership decision.",MATCH,SYNTHETIC DEMO DATA — NOT OFFICIAL GOVERNMENT RECORDS
MATCH-1564,P1564,0.964,0.964,HIGH,"{""owner_similarity"":0.96,""parcel_similarity"":1.0,""survey_similarity"":1.0,""area_similarity"":0.98,""address_similarity"":0.91,""landuse_similarity"":0.95,""gis_similarity"":0.95}","Likely candidate match based on parcel, survey, owner similarity and spatial comparison; not a legal ownership decision.",MATCH,SYNTHETIC DEMO DATA — NOT OFFICIAL GOVERNMENT RECORDS
MATCH-1565,P1565,0.964,0.964,HIGH,"{""owner_similarity"":0.96,""parcel_similarity"":1.0,""survey_similarity"":1.0,""area_similarity"":0.98,""address_similarity"":0.91,""landuse_similarity"":0.95,""gis_similarity"":0.95}","Likely candidate match based on parcel, survey, owner similarity and spatial comparison; not a legal ownership decision.",MATCH,SYNTHETIC DEMO DATA — NOT OFFICIAL GOVERNMENT RECORDS
MATCH-1566,P1566,0.964,0.964,HIGH,"{""owner_similarity"":0.96,""parcel_similarity"":1.0,""survey_similarity"":1.0,""area_similarity"":0.98,""address_similarity"":0.91,""landuse_similarity"":0.95,""gis_similarity"":0.95}","Likely candidate match based on parcel, survey, owner similarity and spatial comparison; not a legal ownership decision.",MATCH,SYNTHETIC DEMO DATA — NOT OFFICIAL GOVERNMENT RECORDS
MATCH-1567,P1567,0.964,0.964,HIGH,"{""owner_similarity"":0.96,""parcel_similarity"":1.0,""survey_similarity"":1.0,""area_similarity"":0.98,""address_similarity"":0.91,""landuse_similarity"":0.95,""gis_similarity"":0.95}","Likely candidate match based on parcel, survey, owner similarity and spatial comparison; not a legal ownership decision.",MATCH,SYNTHETIC DEMO DATA — NOT OFFICIAL GOVERNMENT RECORDS
MATCH-1568,P1568,0.947,0.947,HIGH,"{""owner_similarity"":0.84,""parcel_similarity"":1.0,""survey_similarity"":1.0,""area_similarity"":0.98,""address_similarity"":0.91,""landuse_similarity"":0.95,""gis_similarity"":0.95}","Likely candidate match based on parcel, survey, owner similarity and spatial comparison; not a legal ownership decision.",MATCH,SYNTHETIC DEMO DATA — NOT OFFICIAL GOVERNMENT RECORDS
MATCH-1569,P1569,0.964,0.964,HIGH,"{""owner_similarity"":0.96,""parcel_similarity"":1.0,""survey_similarity"":1.0,""area_similarity"":0.98,""address_similarity"":0.91,""landuse_similarity"":0.95,""gis_similarity"":0.95}","Likely candidate match based on parcel, survey, owner similarity and spatial comparison; not a legal ownership decision.",MATCH,SYNTHETIC DEMO DATA — NOT OFFICIAL GOVERNMENT RECORDS
MATCH-1570,P1570,0.964,0.964,HIGH,"{""owner_similarity"":0.96,""parcel_similarity"":1.0,""survey_similarity"":1.0,""area_similarity"":0.98,""address_similarity"":0.91,""landuse_similarity"":0.95,""gis_similarity"":0.95}","Likely candidate match based on parcel, survey, owner similarity and spatial comparison; not a legal ownership decision.",MATCH,SYNTHETIC DEMO DATA — NOT OFFICIAL GOVERNMENT RECORDS
MATCH-1571,P1571,0.964,0.964,HIGH,"{""owner_similarity"":0.96,""parcel_similarity"":1.0,""survey_similarity"":1.0,""area_similarity"":0.98,""address_similarity"":0.91,""landuse_similarity"":0.95,""gis_similarity"":0.95}","Likely candidate match based on parcel, survey, owner similarity and spatial comparison; not a legal ownership decision.",MATCH,SYNTHETIC DEMO DATA — NOT OFFICIAL GOVERNMENT RECORDS
MATCH-1572,P1572,0.964,0.964,HIGH,"{""owner_similarity"":0.96,""parcel_similarity"":1.0,""survey_similarity"":1.0,""area_similarity"":0.98,""address_similarity"":0.91,""landuse_similarity"":0.95,""gis_similarity"":0.95}","Likely candidate match based on parcel, survey, owner similarity and spatial comparison; not a legal ownership decision.",MATCH,SYNTHETIC DEMO DATA — NOT OFFICIAL GOVERNMENT RECORDS
MATCH-1573,P1573,0.964,0.964,HIGH,"{""owner_similarity"":0.96,""parcel_similarity"":1.0,""survey_similarity"":1.0,""area_similarity"":0.98,""address_similarity"":0.91,""landuse_similarity"":0.95,""gis_similarity"":0.95}","Likely candidate match based on parcel, survey, owner similarity and spatial comparison; not a legal ownership decision.",MATCH,SYNTHETIC DEMO DATA — NOT OFFICIAL GOVERNMENT RECORDS
MATCH-1574,P1574,0.964,0.964,HIGH,"{""owner_similarity"":0.96,""parcel_similarity"":1.0,""survey_similarity"":1.0,""area_similarity"":0.98,""address_similarity"":0.91,""landuse_similarity"":0.95,""gis_similarity"":0.95}","Likely candidate match based on parcel, survey, owner similarity and spatial comparison; not a legal ownership decision.",MATCH,SYNTHETIC DEMO DATA — NOT OFFICIAL GOVERNMENT RECORDS
MATCH-1575,P1575,0.964,0.964,HIGH,"{""owner_similarity"":0.96,""parcel_similarity"":1.0,""survey_similarity"":1.0,""area_similarity"":0.98,""address_similarity"":0.91,""landuse_similarity"":0.95,""gis_similarity"":0.95}","Likely candidate match based on parcel, survey, owner similarity and spatial comparison; not a legal ownership decision.",MATCH,SYNTHETIC DEMO DATA — NOT OFFICIAL GOVERNMENT RECORDS
MATCH-1576,P1576,0.964,0.964,HIGH,"{""owner_similarity"":0.96,""parcel_similarity"":1.0,""survey_similarity"":1.0,""area_similarity"":0.98,""address_similarity"":0.91,""landuse_similarity"":0.95,""gis_similarity"":0.95}","Likely candidate match based on parcel, survey, owner similarity and spatial comparison; not a legal ownership decision.",MATCH,SYNTHETIC DEMO DATA — NOT OFFICIAL GOVERNMENT RECORDS
MATCH-1577,P1577,0.947,0.947,HIGH,"{""owner_similarity"":0.84,""parcel_similarity"":1.0,""survey_similarity"":1.0,""area_similarity"":0.98,""address_similarity"":0.91,""landuse_similarity"":0.95,""gis_similarity"":0.95}","Likely candidate match based on parcel, survey, owner similarity and spatial comparison; not a legal ownership decision.",MATCH,SYNTHETIC DEMO DATA — NOT OFFICIAL GOVERNMENT RECORDS
MATCH-1578,P1578,0.964,0.964,HIGH,"{""owner_similarity"":0.96,""parcel_similarity"":1.0,""survey_similarity"":1.0,""area_similarity"":0.98,""address_similarity"":0.91,""landuse_similarity"":0.95,""gis_similarity"":0.95}","Likely candidate match based on parcel, survey, owner similarity and spatial comparison; not a legal ownership decision.",MATCH,SYNTHETIC DEMO DATA — NOT OFFICIAL GOVERNMENT RECORDS
MATCH-1579,P1579,0.917,0.917,HIGH,"{""owner_similarity"":0.96,""parcel_similarity"":1.0,""survey_similarity"":1.0,""area_similarity"":0.98,""address_similarity"":0.91,""landuse_similarity"":0.62,""gis_similarity"":0.95}","Likely candidate match based on parcel, survey, owner similarity and spatial comparison; not a legal ownership decision.",MATCH,SYNTHETIC DEMO DATA — NOT OFFICIAL GOVERNMENT RECORDS
MATCH-1580,P1580,0.964,0.964,HIGH,"{""owner_similarity"":0.96,""parcel_similarity"":1.0,""survey_similarity"":1.0,""area_similarity"":0.98,""address_similarity"":0.91,""landuse_similarity"":0.95,""gis_similarity"":0.95}","Likely candidate match based on parcel, survey, owner similarity and spatial comparison; not a legal ownership decision.",MATCH,SYNTHETIC DEMO DATA — NOT OFFICIAL GOVERNMENT RECORDS
MATCH-1581,P1581,0.964,0.964,HIGH,"{""owner_similarity"":0.96,""parcel_similarity"":1.0,""survey_similarity"":1.0,""area_similarity"":0.98,""address_similarity"":0.91,""landuse_similarity"":0.95,""gis_similarity"":0.95}","Likely candidate match based on parcel, survey, owner similarity and spatial comparison; not a legal ownership decision.",MATCH,SYNTHETIC DEMO DATA — NOT OFFICIAL GOVERNMENT RECORDS
MATCH-1582,P1582,0.964,0.964,HIGH,"{""owner_similarity"":0.96,""parcel_similarity"":1.0,""survey_similarity"":1.0,""area_similarity"":0.98,""address_similarity"":0.91,""landuse_similarity"":0.95,""gis_similarity"":0.95}","Likely candidate match based on parcel, survey, owner similarity and spatial comparison; not a legal ownership decision.",MATCH,SYNTHETIC DEMO DATA — NOT OFFICIAL GOVERNMENT RECORDS
MATCH-1583,P1583,0.964,0.964,HIGH,"{""owner_similarity"":0.96,""parcel_similarity"":1.0,""survey_similarity"":1.0,""area_similarity"":0.98,""address_similarity"":0.91,""landuse_similarity"":0.95,""gis_similarity"":0.95}","Likely candidate match based on parcel, survey, owner similarity and spatial comparison; not a legal ownership decision.",MATCH,SYNTHETIC DEMO DATA — NOT OFFICIAL GOVERNMENT RECORDS
MATCH-1584,P1584,0.964,0.964,HIGH,"{""owner_similarity"":0.96,""parcel_similarity"":1.0,""survey_similarity"":1.0,""area_similarity"":0.98,""address_similarity"":0.91,""landuse_similarity"":0.95,""gis_similarity"":0.95}","Likely candidate match based on parcel, survey, owner similarity and spatial comparison; not a legal ownership decision.",MATCH,SYNTHETIC DEMO DATA — NOT OFFICIAL GOVERNMENT RECORDS
MATCH-1585,P1585,0.964,0.964,HIGH,"{""owner_similarity"":0.96,""parcel_similarity"":1.0,""survey_similarity"":1.0,""area_similarity"":0.98,""address_similarity"":0.91,""landuse_similarity"":0.95,""gis_similarity"":0.95}","Likely candidate match based on parcel, survey, owner similarity and spatial comparison; not a legal ownership decision.",MATCH,SYNTHETIC DEMO DATA — NOT OFFICIAL GOVERNMENT RECORDS
MATCH-1586,P1586,0.947,0.947,HIGH,"{""owner_similarity"":0.84,""parcel_similarity"":1.0,""survey_similarity"":1.0,""area_similarity"":0.98,""address_similarity"":0.91,""landuse_similarity"":0.95,""gis_similarity"":0.95}","Likely candidate match based on parcel, survey, owner similarity and spatial comparison; not a legal ownership decision.",MATCH,SYNTHETIC DEMO DATA — NOT OFFICIAL GOVERNMENT RECORDS
MATCH-1587,P1587,0.964,0.964,HIGH,"{""owner_similarity"":0.96,""parcel_similarity"":1.0,""survey_similarity"":1.0,""area_similarity"":0.98,""address_similarity"":0.91,""landuse_similarity"":0.95,""gis_similarity"":0.95}","Likely candidate match based on parcel, survey, owner similarity and spatial comparison; not a legal ownership decision.",MATCH,SYNTHETIC DEMO DATA — NOT OFFICIAL GOVERNMENT RECORDS
MATCH-1588,P1588,0.964,0.964,HIGH,"{""owner_similarity"":0.96,""parcel_similarity"":1.0,""survey_similarity"":1.0,""area_similarity"":0.98,""address_similarity"":0.91,""landuse_similarity"":0.95,""gis_similarity"":0.95}","Likely candidate match based on parcel, survey, owner similarity and spatial comparison; not a legal ownership decision.",MATCH,SYNTHETIC DEMO DATA — NOT OFFICIAL GOVERNMENT RECORDS
MATCH-1589,P1589,0.964,0.964,HIGH,"{""owner_similarity"":0.96,""parcel_similarity"":1.0,""survey_similarity"":1.0,""area_similarity"":0.98,""address_similarity"":0.91,""landuse_similarity"":0.95,""gis_similarity"":0.95}","Likely candidate match based on parcel, survey, owner similarity and spatial comparison; not a legal ownership decision.",MATCH,SYNTHETIC DEMO DATA — NOT OFFICIAL GOVERNMENT RECORDS
MATCH-1590,P1590,0.964,0.964,HIGH,"{""owner_similarity"":0.96,""parcel_similarity"":1.0,""survey_similarity"":1.0,""area_similarity"":0.98,""address_similarity"":0.91,""landuse_similarity"":0.95,""gis_similarity"":0.95}","Likely candidate match based on parcel, survey, owner similarity and spatial comparison; not a legal ownership decision.",MATCH,SYNTHETIC DEMO DATA — NOT OFFICIAL GOVERNMENT RECORDS
MATCH-1591,P1591,0.964,0.964,HIGH,"{""owner_similarity"":0.96,""parcel_similarity"":1.0,""survey_similarity"":1.0,""area_similarity"":0.98,""address_similarity"":0.91,""landuse_similarity"":0.95,""gis_similarity"":0.95}","Likely candidate match based on parcel, survey, owner similarity and spatial comparison; not a legal ownership decision.",MATCH,SYNTHETIC DEMO DATA — NOT OFFICIAL GOVERNMENT RECORDS
MATCH-1592,P1592,0.964,0.964,HIGH,"{""owner_similarity"":0.96,""parcel_similarity"":1.0,""survey_similarity"":1.0,""area_similarity"":0.98,""address_similarity"":0.91,""landuse_similarity"":0.95,""gis_similarity"":0.95}","Likely candidate match based on parcel, survey, owner similarity and spatial comparison; not a legal ownership decision.",MATCH,SYNTHETIC DEMO DATA — NOT OFFICIAL GOVERNMENT RECORDS
MATCH-1593,P1593,0.964,0.964,HIGH,"{""owner_similarity"":0.96,""parcel_similarity"":1.0,""survey_similarity"":1.0,""area_similarity"":0.98,""address_similarity"":0.91,""landuse_similarity"":0.95,""gis_similarity"":0.95}","Likely candidate match based on parcel, survey, owner similarity and spatial comparison; not a legal ownership decision.",MATCH,SYNTHETIC DEMO DATA — NOT OFFICIAL GOVERNMENT RECORDS
MATCH-1594,P1594,0.964,0.964,HIGH,"{""owner_similarity"":0.96,""parcel_similarity"":1.0,""survey_similarity"":1.0,""area_similarity"":0.98,""address_similarity"":0.91,""landuse_similarity"":0.95,""gis_similarity"":0.95}","Likely candidate match based on parcel, survey, owner similarity and spatial comparison; not a legal ownership decision.",MATCH,SYNTHETIC DEMO DATA — NOT OFFICIAL GOVERNMENT RECORDS
MATCH-1595,P1595,0.947,0.947,HIGH,"{""owner_similarity"":0.84,""parcel_similarity"":1.0,""survey_similarity"":1.0,""area_similarity"":0.98,""address_similarity"":0.91,""landuse_similarity"":0.95,""gis_similarity"":0.95}","Likely candidate match based on parcel, survey, owner similarity and spatial comparison; not a legal ownership decision.",MATCH,SYNTHETIC DEMO DATA — NOT OFFICIAL GOVERNMENT RECORDS
MATCH-1596,P1596,0.917,0.917,HIGH,"{""owner_similarity"":0.96,""parcel_similarity"":1.0,""survey_similarity"":1.0,""area_similarity"":0.98,""address_similarity"":0.91,""landuse_similarity"":0.62,""gis_similarity"":0.95}","Likely candidate match based on parcel, survey, owner similarity and spatial comparison; not a legal ownership decision.",MATCH,SYNTHETIC DEMO DATA — NOT OFFICIAL GOVERNMENT RECORDS
MATCH-1597,P1597,0.964,0.964,HIGH,"{""owner_similarity"":0.96,""parcel_similarity"":1.0,""survey_similarity"":1.0,""area_similarity"":0.98,""address_similarity"":0.91,""landuse_similarity"":0.95,""gis_similarity"":0.95}","Likely candidate match based on parcel, survey, owner similarity and spatial comparison; not a legal ownership decision.",MATCH,SYNTHETIC DEMO DATA — NOT OFFICIAL GOVERNMENT RECORDS
MATCH-1598,P1598,0.964,0.964,HIGH,"{""owner_similarity"":0.96,""parcel_similarity"":1.0,""survey_similarity"":1.0,""area_similarity"":0.98,""address_similarity"":0.91,""landuse_similarity"":0.95,""gis_similarity"":0.95}","Likely candidate match based on parcel, survey, owner similarity and spatial comparison; not a legal ownership decision.",MATCH,SYNTHETIC DEMO DATA — NOT OFFICIAL GOVERNMENT RECORDS
MATCH-1599,P1599,0.964,0.964,HIGH,"{""owner_similarity"":0.96,""parcel_similarity"":1.0,""survey_similarity"":1.0,""area_similarity"":0.98,""address_similarity"":0.91,""landuse_similarity"":0.95,""gis_similarity"":0.95}","Likely candidate match based on parcel, survey, owner similarity and spatial comparison; not a legal ownership decision.",MATCH,SYNTHETIC DEMO DATA — NOT OFFICIAL GOVERNMENT RECORDS
MATCH-1600,P1600,0.964,0.964,HIGH,"{""owner_similarity"":0.96,""parcel_similarity"":1.0,""survey_similarity"":1.0,""area_similarity"":0.98,""address_similarity"":0.91,""landuse_similarity"":0.95,""gis_similarity"":0.95}","Likely candidate match based on parcel, survey, owner similarity and spatial comparison; not a legal ownership decision.",MATCH,SYNTHETIC DEMO DATA — NOT OFFICIAL GOVERNMENT RECORDS
MATCH-1601,P1601,0.964,0.964,HIGH,"{""owner_similarity"":0.96,""parcel_similarity"":1.0,""survey_similarity"":1.0,""area_similarity"":0.98,""address_similarity"":0.91,""landuse_similarity"":0.95,""gis_similarity"":0.95}","Likely candidate match based on parcel, survey, owner similarity and spatial comparison; not a legal ownership decision.",MATCH,SYNTHETIC DEMO DATA — NOT OFFICIAL GOVERNMENT RECORDS
MATCH-1602,P1602,0.964,0.964,HIGH,"{""owner_similarity"":0.96,""parcel_similarity"":1.0,""survey_similarity"":1.0,""area_similarity"":0.98,""address_similarity"":0.91,""landuse_similarity"":0.95,""gis_similarity"":0.95}","Likely candidate match based on parcel, survey, owner similarity and spatial comparison; not a legal ownership decision.",MATCH,SYNTHETIC DEMO DATA — NOT OFFICIAL GOVERNMENT RECORDS
MATCH-1603,P1603,0.964,0.964,HIGH,"{""owner_similarity"":0.96,""parcel_similarity"":1.0,""survey_similarity"":1.0,""area_similarity"":0.98,""address_similarity"":0.91,""landuse_similarity"":0.95,""gis_similarity"":0.95}","Likely candidate match based on parcel, survey, owner similarity and spatial comparison; not a legal ownership decision.",MATCH,SYNTHETIC DEMO DATA — NOT OFFICIAL GOVERNMENT RECORDS
MATCH-1604,P1604,0.947,0.947,HIGH,"{""owner_similarity"":0.84,""parcel_similarity"":1.0,""survey_similarity"":1.0,""area_similarity"":0.98,""address_similarity"":0.91,""landuse_similarity"":0.95,""gis_similarity"":0.95}","Likely candidate match based on parcel, survey, owner similarity and spatial comparison; not a legal ownership decision.",MATCH,SYNTHETIC DEMO DATA — NOT OFFICIAL GOVERNMENT RECORDS
MATCH-1605,P1605,0.964,0.964,HIGH,"{""owner_similarity"":0.96,""parcel_similarity"":1.0,""survey_similarity"":1.0,""area_similarity"":0.98,""address_similarity"":0.91,""landuse_similarity"":0.95,""gis_similarity"":0.95}","Likely candidate match based on parcel, survey, owner similarity and spatial comparison; not a legal ownership decision.",MATCH,SYNTHETIC DEMO DATA — NOT OFFICIAL GOVERNMENT RECORDS
MATCH-1606,P1606,0.964,0.964,HIGH,"{""owner_similarity"":0.96,""parcel_similarity"":1.0,""survey_similarity"":1.0,""area_similarity"":0.98,""address_similarity"":0.91,""landuse_similarity"":0.95,""gis_similarity"":0.95}","Likely candidate match based on parcel, survey, owner similarity and spatial comparison; not a legal ownership decision.",MATCH,SYNTHETIC DEMO DATA — NOT OFFICIAL GOVERNMENT RECORDS
MATCH-1607,P1607,0.964,0.964,HIGH,"{""owner_similarity"":0.96,""parcel_similarity"":1.0,""survey_similarity"":1.0,""area_similarity"":0.98,""address_similarity"":0.91,""landuse_similarity"":0.95,""gis_similarity"":0.95}","Likely candidate match based on parcel, survey, owner similarity and spatial comparison; not a legal ownership decision.",MATCH,SYNTHETIC DEMO DATA — NOT OFFICIAL GOVERNMENT RECORDS
MATCH-1608,P1608,0.964,0.964,HIGH,"{""owner_similarity"":0.96,""parcel_similarity"":1.0,""survey_similarity"":1.0,""area_similarity"":0.98,""address_similarity"":0.91,""landuse_similarity"":0.95,""gis_similarity"":0.95}","Likely candidate match based on parcel, survey, owner similarity and spatial comparison; not a legal ownership decision.",MATCH,SYNTHETIC DEMO DATA — NOT OFFICIAL GOVERNMENT RECORDS
MATCH-1609,P1609,0.964,0.964,HIGH,"{""owner_similarity"":0.96,""parcel_similarity"":1.0,""survey_similarity"":1.0,""area_similarity"":0.98,""address_similarity"":0.91,""landuse_similarity"":0.95,""gis_similarity"":0.95}","Likely candidate match based on parcel, survey, owner similarity and spatial comparison; not a legal ownership decision.",MATCH,SYNTHETIC DEMO DATA — NOT OFFICIAL GOVERNMENT RECORDS
MATCH-1610,P1610,0.964,0.964,HIGH,"{""owner_similarity"":0.96,""parcel_similarity"":1.0,""survey_similarity"":1.0,""area_similarity"":0.98,""address_similarity"":0.91,""landuse_similarity"":0.95,""gis_similarity"":0.95}","Likely candidate match based on parcel, survey, owner similarity and spatial comparison; not a legal ownership decision.",MATCH,SYNTHETIC DEMO DATA — NOT OFFICIAL GOVERNMENT RECORDS
MATCH-1611,P1611,0.964,0.964,HIGH,"{""owner_similarity"":0.96,""parcel_similarity"":1.0,""survey_similarity"":1.0,""area_similarity"":0.98,""address_similarity"":0.91,""landuse_similarity"":0.95,""gis_similarity"":0.95}","Likely candidate match based on parcel, survey, owner similarity and spatial comparison; not a legal ownership decision.",MATCH,SYNTHETIC DEMO DATA — NOT OFFICIAL GOVERNMENT RECORDS
MATCH-1612,P1612,0.964,0.964,HIGH,"{""owner_similarity"":0.96,""parcel_similarity"":1.0,""survey_similarity"":1.0,""area_similarity"":0.98,""address_similarity"":0.91,""landuse_similarity"":0.95,""gis_similarity"":0.95}","Likely candidate match based on parcel, survey, owner similarity and spatial comparison; not a legal ownership decision.",MATCH,SYNTHETIC DEMO DATA — NOT OFFICIAL GOVERNMENT RECORDS
MATCH-1613,P1613,0.9,0.9,HIGH,"{""owner_similarity"":0.84,""parcel_similarity"":1.0,""survey_similarity"":1.0,""area_similarity"":0.98,""address_similarity"":0.91,""landuse_similarity"":0.62,""gis_similarity"":0.95}","Likely candidate match based on parcel, survey, owner similarity and spatial comparison; not a legal ownership decision.",MATCH,SYNTHETIC DEMO DATA — NOT OFFICIAL GOVERNMENT RECORDS
MATCH-1614,P1614,0.964,0.964,HIGH,"{""owner_similarity"":0.96,""parcel_similarity"":1.0,""survey_similarity"":1.0,""area_similarity"":0.98,""address_similarity"":0.91,""landuse_similarity"":0.95,""gis_similarity"":0.95}","Likely candidate match based on parcel, survey, owner similarity and spatial comparison; not a legal ownership decision.",MATCH,SYNTHETIC DEMO DATA — NOT OFFICIAL GOVERNMENT RECORDS
MATCH-1615,P1615,0.964,0.964,HIGH,"{""owner_similarity"":0.96,""parcel_similarity"":1.0,""survey_similarity"":1.0,""area_similarity"":0.98,""address_similarity"":0.91,""landuse_similarity"":0.95,""gis_similarity"":0.95}","Likely candidate match based on parcel, survey, owner similarity and spatial comparison; not a legal ownership decision.",MATCH,SYNTHETIC DEMO DATA — NOT OFFICIAL GOVERNMENT RECORDS
MATCH-1616,P1616,0.964,0.964,HIGH,"{""owner_similarity"":0.96,""parcel_similarity"":1.0,""survey_similarity"":1.0,""area_similarity"":0.98,""address_similarity"":0.91,""landuse_similarity"":0.95,""gis_similarity"":0.95}","Likely candidate match based on parcel, survey, owner similarity and spatial comparison; not a legal ownership decision.",MATCH,SYNTHETIC DEMO DATA — NOT OFFICIAL GOVERNMENT RECORDS
MATCH-1617,P1617,0.964,0.964,HIGH,"{""owner_similarity"":0.96,""parcel_similarity"":1.0,""survey_similarity"":1.0,""area_similarity"":0.98,""address_similarity"":0.91,""landuse_similarity"":0.95,""gis_similarity"":0.95}","Likely candidate match based on parcel, survey, owner similarity and spatial comparison; not a legal ownership decision.",MATCH,SYNTHETIC DEMO DATA — NOT OFFICIAL GOVERNMENT RECORDS
MATCH-1618,P1618,0.964,0.964,HIGH,"{""owner_similarity"":0.96,""parcel_similarity"":1.0,""survey_similarity"":1.0,""area_similarity"":0.98,""address_similarity"":0.91,""landuse_similarity"":0.95,""gis_similarity"":0.95}","Likely candidate match based on parcel, survey, owner similarity and spatial comparison; not a legal ownership decision.",MATCH,SYNTHETIC DEMO DATA — NOT OFFICIAL GOVERNMENT RECORDS
MATCH-1619,P1619,0.964,0.964,HIGH,"{""owner_similarity"":0.96,""parcel_similarity"":1.0,""survey_similarity"":1.0,""area_similarity"":0.98,""address_similarity"":0.91,""landuse_similarity"":0.95,""gis_similarity"":0.95}","Likely candidate match based on parcel, survey, owner similarity and spatial comparison; not a legal ownership decision.",MATCH,SYNTHETIC DEMO DATA — NOT OFFICIAL GOVERNMENT RECORDS
MATCH-1620,P1620,0.964,0.964,HIGH,"{""owner_similarity"":0.96,""parcel_similarity"":1.0,""survey_similarity"":1.0,""area_similarity"":0.98,""address_similarity"":0.91,""landuse_similarity"":0.95,""gis_similarity"":0.95}","Likely candidate match based on parcel, survey, owner similarity and spatial comparison; not a legal ownership decision.",MATCH,SYNTHETIC DEMO DATA — NOT OFFICIAL GOVERNMENT RECORDS
MATCH-1621,P1621,0.964,0.964,HIGH,"{""owner_similarity"":0.96,""parcel_similarity"":1.0,""survey_similarity"":1.0,""area_similarity"":0.98,""address_similarity"":0.91,""landuse_similarity"":0.95,""gis_similarity"":0.95}","Likely candidate match based on parcel, survey, owner similarity and spatial comparison; not a legal ownership decision.",MATCH,SYNTHETIC DEMO DATA — NOT OFFICIAL GOVERNMENT RECORDS
MATCH-1622,P1622,0.947,0.947,HIGH,"{""owner_similarity"":0.84,""parcel_similarity"":1.0,""survey_similarity"":1.0,""area_similarity"":0.98,""address_similarity"":0.91,""landuse_similarity"":0.95,""gis_similarity"":0.95}","Likely candidate match based on parcel, survey, owner similarity and spatial comparison; not a legal ownership decision.",MATCH,SYNTHETIC DEMO DATA — NOT OFFICIAL GOVERNMENT RECORDS
MATCH-1623,P1623,0.964,0.964,HIGH,"{""owner_similarity"":0.96,""parcel_similarity"":1.0,""survey_similarity"":1.0,""area_similarity"":0.98,""address_similarity"":0.91,""landuse_similarity"":0.95,""gis_similarity"":0.95}","Likely candidate match based on parcel, survey, owner similarity and spatial comparison; not a legal ownership decision.",MATCH,SYNTHETIC DEMO DATA — NOT OFFICIAL GOVERNMENT RECORDS
MATCH-1624,P1624,0.964,0.964,HIGH,"{""owner_similarity"":0.96,""parcel_similarity"":1.0,""survey_similarity"":1.0,""area_similarity"":0.98,""address_similarity"":0.91,""landuse_similarity"":0.95,""gis_similarity"":0.95}","Likely candidate match based on parcel, survey, owner similarity and spatial comparison; not a legal ownership decision.",MATCH,SYNTHETIC DEMO DATA — NOT OFFICIAL GOVERNMENT RECORDS
MATCH-1625,P1625,0.964,0.964,HIGH,"{""owner_similarity"":0.96,""parcel_similarity"":1.0,""survey_similarity"":1.0,""area_similarity"":0.98,""address_similarity"":0.91,""landuse_similarity"":0.95,""gis_similarity"":0.95}","Likely candidate match based on parcel, survey, owner similarity and spatial comparison; not a legal ownership decision.",MATCH,SYNTHETIC DEMO DATA — NOT OFFICIAL GOVERNMENT RECORDS
MATCH-1626,P1626,0.964,0.964,HIGH,"{""owner_similarity"":0.96,""parcel_similarity"":1.0,""survey_similarity"":1.0,""area_similarity"":0.98,""address_similarity"":0.91,""landuse_similarity"":0.95,""gis_similarity"":0.95}","Likely candidate match based on parcel, survey, owner similarity and spatial comparison; not a legal ownership decision.",MATCH,SYNTHETIC DEMO DATA — NOT OFFICIAL GOVERNMENT RECORDS
MATCH-1627,P1627,0.964,0.964,HIGH,"{""owner_similarity"":0.96,""parcel_similarity"":1.0,""survey_similarity"":1.0,""area_similarity"":0.98,""address_similarity"":0.91,""landuse_similarity"":0.95,""gis_similarity"":0.95}","Likely candidate match based on parcel, survey, owner similarity and spatial comparison; not a legal ownership decision.",MATCH,SYNTHETIC DEMO DATA — NOT OFFICIAL GOVERNMENT RECORDS
MATCH-1628,P1628,0.964,0.964,HIGH,"{""owner_similarity"":0.96,""parcel_similarity"":1.0,""survey_similarity"":1.0,""area_similarity"":0.98,""address_similarity"":0.91,""landuse_similarity"":0.95,""gis_similarity"":0.95}","Likely candidate match based on parcel, survey, owner similarity and spatial comparison; not a legal ownership decision.",MATCH,SYNTHETIC DEMO DATA — NOT OFFICIAL GOVERNMENT RECORDS
MATCH-1629,P1629,0.964,0.964,HIGH,"{""owner_similarity"":0.96,""parcel_similarity"":1.0,""survey_similarity"":1.0,""area_similarity"":0.98,""address_similarity"":0.91,""landuse_similarity"":0.95,""gis_similarity"":0.95}","Likely candidate match based on parcel, survey, owner similarity and spatial comparison; not a legal ownership decision.",MATCH,SYNTHETIC DEMO DATA — NOT OFFICIAL GOVERNMENT RECORDS
MATCH-1630,P1630,0.917,0.917,HIGH,"{""owner_similarity"":0.96,""parcel_similarity"":1.0,""survey_similarity"":1.0,""area_similarity"":0.98,""address_similarity"":0.91,""landuse_similarity"":0.62,""gis_similarity"":0.95}","Likely candidate match based on parcel, survey, owner similarity and spatial comparison; not a legal ownership decision.",MATCH,SYNTHETIC DEMO DATA — NOT OFFICIAL GOVERNMENT RECORDS
MATCH-1631,P1631,0.947,0.947,HIGH,"{""owner_similarity"":0.84,""parcel_similarity"":1.0,""survey_similarity"":1.0,""area_similarity"":0.98,""address_similarity"":0.91,""landuse_similarity"":0.95,""gis_similarity"":0.95}","Likely candidate match based on parcel, survey, owner similarity and spatial comparison; not a legal ownership decision.",MATCH,SYNTHETIC DEMO DATA — NOT OFFICIAL GOVERNMENT RECORDS
MATCH-1632,P1632,0.964,0.964,HIGH,"{""owner_similarity"":0.96,""parcel_similarity"":1.0,""survey_similarity"":1.0,""area_similarity"":0.98,""address_similarity"":0.91,""landuse_similarity"":0.95,""gis_similarity"":0.95}","Likely candidate match based on parcel, survey, owner similarity and spatial comparison; not a legal ownership decision.",MATCH,SYNTHETIC DEMO DATA — NOT OFFICIAL GOVERNMENT RECORDS
MATCH-1633,P1633,0.964,0.964,HIGH,"{""owner_similarity"":0.96,""parcel_similarity"":1.0,""survey_similarity"":1.0,""area_similarity"":0.98,""address_similarity"":0.91,""landuse_similarity"":0.95,""gis_similarity"":0.95}","Likely candidate match based on parcel, survey, owner similarity and spatial comparison; not a legal ownership decision.",MATCH,SYNTHETIC DEMO DATA — NOT OFFICIAL GOVERNMENT RECORDS
MATCH-1634,P1634,0.964,0.964,HIGH,"{""owner_similarity"":0.96,""parcel_similarity"":1.0,""survey_similarity"":1.0,""area_similarity"":0.98,""address_similarity"":0.91,""landuse_similarity"":0.95,""gis_similarity"":0.95}","Likely candidate match based on parcel, survey, owner similarity and spatial comparison; not a legal ownership decision.",MATCH,SYNTHETIC DEMO DATA — NOT OFFICIAL GOVERNMENT RECORDS
MATCH-1635,P1635,0.964,0.964,HIGH,"{""owner_similarity"":0.96,""parcel_similarity"":1.0,""survey_similarity"":1.0,""area_similarity"":0.98,""address_similarity"":0.91,""landuse_similarity"":0.95,""gis_similarity"":0.95}","Likely candidate match based on parcel, survey, owner similarity and spatial comparison; not a legal ownership decision.",MATCH,SYNTHETIC DEMO DATA — NOT OFFICIAL GOVERNMENT RECORDS
MATCH-1636,P1636,0.964,0.964,HIGH,"{""owner_similarity"":0.96,""parcel_similarity"":1.0,""survey_similarity"":1.0,""area_similarity"":0.98,""address_similarity"":0.91,""landuse_similarity"":0.95,""gis_similarity"":0.95}","Likely candidate match based on parcel, survey, owner similarity and spatial comparison; not a legal ownership decision.",MATCH,SYNTHETIC DEMO DATA — NOT OFFICIAL GOVERNMENT RECORDS
MATCH-1637,P1637,0.964,0.964,HIGH,"{""owner_similarity"":0.96,""parcel_similarity"":1.0,""survey_similarity"":1.0,""area_similarity"":0.98,""address_similarity"":0.91,""landuse_similarity"":0.95,""gis_similarity"":0.95}","Likely candidate match based on parcel, survey, owner similarity and spatial comparison; not a legal ownership decision.",MATCH,SYNTHETIC DEMO DATA — NOT OFFICIAL GOVERNMENT RECORDS
MATCH-1638,P1638,0.964,0.964,HIGH,"{""owner_similarity"":0.96,""parcel_similarity"":1.0,""survey_similarity"":1.0,""area_similarity"":0.98,""address_similarity"":0.91,""landuse_similarity"":0.95,""gis_similarity"":0.95}","Likely candidate match based on parcel, survey, owner similarity and spatial comparison; not a legal ownership decision.",MATCH,SYNTHETIC DEMO DATA — NOT OFFICIAL GOVERNMENT RECORDS
MATCH-1639,P1639,0.964,0.964,HIGH,"{""owner_similarity"":0.96,""parcel_similarity"":1.0,""survey_similarity"":1.0,""area_similarity"":0.98,""address_similarity"":0.91,""landuse_similarity"":0.95,""gis_similarity"":0.95}","Likely candidate match based on parcel, survey, owner similarity and spatial comparison; not a legal ownership decision.",MATCH,SYNTHETIC DEMO DATA — NOT OFFICIAL GOVERNMENT RECORDS
MATCH-1640,P1640,0.947,0.947,HIGH,"{""owner_similarity"":0.84,""parcel_similarity"":1.0,""survey_similarity"":1.0,""area_similarity"":0.98,""address_similarity"":0.91,""landuse_similarity"":0.95,""gis_similarity"":0.95}","Likely candidate match based on parcel, survey, owner similarity and spatial comparison; not a legal ownership decision.",MATCH,SYNTHETIC DEMO DATA — NOT OFFICIAL GOVERNMENT RECORDS
MATCH-1641,P1641,0.964,0.964,HIGH,"{""owner_similarity"":0.96,""parcel_similarity"":1.0,""survey_similarity"":1.0,""area_similarity"":0.98,""address_similarity"":0.91,""landuse_similarity"":0.95,""gis_similarity"":0.95}","Likely candidate match based on parcel, survey, owner similarity and spatial comparison; not a legal ownership decision.",MATCH,SYNTHETIC DEMO DATA — NOT OFFICIAL GOVERNMENT RECORDS
MATCH-1642,P1642,0.964,0.964,HIGH,"{""owner_similarity"":0.96,""parcel_similarity"":1.0,""survey_similarity"":1.0,""area_similarity"":0.98,""address_similarity"":0.91,""landuse_similarity"":0.95,""gis_similarity"":0.95}","Likely candidate match based on parcel, survey, owner similarity and spatial comparison; not a legal ownership decision.",MATCH,SYNTHETIC DEMO DATA — NOT OFFICIAL GOVERNMENT RECORDS
MATCH-1643,P1643,0.964,0.964,HIGH,"{""owner_similarity"":0.96,""parcel_similarity"":1.0,""survey_similarity"":1.0,""area_similarity"":0.98,""address_similarity"":0.91,""landuse_similarity"":0.95,""gis_similarity"":0.95}","Likely candidate match based on parcel, survey, owner similarity and spatial comparison; not a legal ownership decision.",MATCH,SYNTHETIC DEMO DATA — NOT OFFICIAL GOVERNMENT RECORDS
MATCH-1644,P1644,0.964,0.964,HIGH,"{""owner_similarity"":0.96,""parcel_similarity"":1.0,""survey_similarity"":1.0,""area_similarity"":0.98,""address_similarity"":0.91,""landuse_similarity"":0.95,""gis_similarity"":0.95}","Likely candidate match based on parcel, survey, owner similarity and spatial comparison; not a legal ownership decision.",MATCH,SYNTHETIC DEMO DATA — NOT OFFICIAL GOVERNMENT RECORDS
MATCH-1645,P1645,0.964,0.964,HIGH,"{""owner_similarity"":0.96,""parcel_similarity"":1.0,""survey_similarity"":1.0,""area_similarity"":0.98,""address_similarity"":0.91,""landuse_similarity"":0.95,""gis_similarity"":0.95}","Likely candidate match based on parcel, survey, owner similarity and spatial comparison; not a legal ownership decision.",MATCH,SYNTHETIC DEMO DATA — NOT OFFICIAL GOVERNMENT RECORDS
MATCH-1646,P1646,0.964,0.964,HIGH,"{""owner_similarity"":0.96,""parcel_similarity"":1.0,""survey_similarity"":1.0,""area_similarity"":0.98,""address_similarity"":0.91,""landuse_similarity"":0.95,""gis_similarity"":0.95}","Likely candidate match based on parcel, survey, owner similarity and spatial comparison; not a legal ownership decision.",MATCH,SYNTHETIC DEMO DATA — NOT OFFICIAL GOVERNMENT RECORDS
MATCH-1647,P1647,0.917,0.917,HIGH,"{""owner_similarity"":0.96,""parcel_similarity"":1.0,""survey_similarity"":1.0,""area_similarity"":0.98,""address_similarity"":0.91,""landuse_similarity"":0.62,""gis_similarity"":0.95}","Likely candidate match based on parcel, survey, owner similarity and spatial comparison; not a legal ownership decision.",MATCH,SYNTHETIC DEMO DATA — NOT OFFICIAL GOVERNMENT RECORDS
MATCH-1648,P1648,0.964,0.964,HIGH,"{""owner_similarity"":0.96,""parcel_similarity"":1.0,""survey_similarity"":1.0,""area_similarity"":0.98,""address_similarity"":0.91,""landuse_similarity"":0.95,""gis_similarity"":0.95}","Likely candidate match based on parcel, survey, owner similarity and spatial comparison; not a legal ownership decision.",MATCH,SYNTHETIC DEMO DATA — NOT OFFICIAL GOVERNMENT RECORDS
MATCH-1649,P1649,0.947,0.947,HIGH,"{""owner_similarity"":0.84,""parcel_similarity"":1.0,""survey_similarity"":1.0,""area_similarity"":0.98,""address_similarity"":0.91,""landuse_similarity"":0.95,""gis_similarity"":0.95}","Likely candidate match based on parcel, survey, owner similarity and spatial comparison; not a legal ownership decision.",MATCH,SYNTHETIC DEMO DATA — NOT OFFICIAL GOVERNMENT RECORDS
MATCH-1650,P1650,0.964,0.964,HIGH,"{""owner_similarity"":0.96,""parcel_similarity"":1.0,""survey_similarity"":1.0,""area_similarity"":0.98,""address_similarity"":0.91,""landuse_similarity"":0.95,""gis_similarity"":0.95}","Likely candidate match based on parcel, survey, owner similarity and spatial comparison; not a legal ownership decision.",MATCH,SYNTHETIC DEMO DATA — NOT OFFICIAL GOVERNMENT RECORDS
MATCH-1651,P1651,0.964,0.964,HIGH,"{""owner_similarity"":0.96,""parcel_similarity"":1.0,""survey_similarity"":1.0,""area_similarity"":0.98,""address_similarity"":0.91,""landuse_similarity"":0.95,""gis_similarity"":0.95}","Likely candidate match based on parcel, survey, owner similarity and spatial comparison; not a legal ownership decision.",MATCH,SYNTHETIC DEMO DATA — NOT OFFICIAL GOVERNMENT RECORDS
MATCH-1652,P1652,0.964,0.964,HIGH,"{""owner_similarity"":0.96,""parcel_similarity"":1.0,""survey_similarity"":1.0,""area_similarity"":0.98,""address_similarity"":0.91,""landuse_similarity"":0.95,""gis_similarity"":0.95}","Likely candidate match based on parcel, survey, owner similarity and spatial comparison; not a legal ownership decision.",MATCH,SYNTHETIC DEMO DATA — NOT OFFICIAL GOVERNMENT RECORDS
MATCH-1653,P1653,0.964,0.964,HIGH,"{""owner_similarity"":0.96,""parcel_similarity"":1.0,""survey_similarity"":1.0,""area_similarity"":0.98,""address_similarity"":0.91,""landuse_similarity"":0.95,""gis_similarity"":0.95}","Likely candidate match based on parcel, survey, owner similarity and spatial comparison; not a legal ownership decision.",MATCH,SYNTHETIC DEMO DATA — NOT OFFICIAL GOVERNMENT RECORDS
MATCH-1654,P1654,0.964,0.964,HIGH,"{""owner_similarity"":0.96,""parcel_similarity"":1.0,""survey_similarity"":1.0,""area_similarity"":0.98,""address_similarity"":0.91,""landuse_similarity"":0.95,""gis_similarity"":0.95}","Likely candidate match based on parcel, survey, owner similarity and spatial comparison; not a legal ownership decision.",MATCH,SYNTHETIC DEMO DATA — NOT OFFICIAL GOVERNMENT RECORDS
MATCH-1655,P1655,0.964,0.964,HIGH,"{""owner_similarity"":0.96,""parcel_similarity"":1.0,""survey_similarity"":1.0,""area_similarity"":0.98,""address_similarity"":0.91,""landuse_similarity"":0.95,""gis_similarity"":0.95}","Likely candidate match based on parcel, survey, owner similarity and spatial comparison; not a legal ownership decision.",MATCH,SYNTHETIC DEMO DATA — NOT OFFICIAL GOVERNMENT RECORDS
MATCH-1656,P1656,0.964,0.964,HIGH,"{""owner_similarity"":0.96,""parcel_similarity"":1.0,""survey_similarity"":1.0,""area_similarity"":0.98,""address_similarity"":0.91,""landuse_similarity"":0.95,""gis_similarity"":0.95}","Likely candidate match based on parcel, survey, owner similarity and spatial comparison; not a legal ownership decision.",MATCH,SYNTHETIC DEMO DATA — NOT OFFICIAL GOVERNMENT RECORDS
MATCH-1657,P1657,0.964,0.964,HIGH,"{""owner_similarity"":0.96,""parcel_similarity"":1.0,""survey_similarity"":1.0,""area_similarity"":0.98,""address_similarity"":0.91,""landuse_similarity"":0.95,""gis_similarity"":0.95}","Likely candidate match based on parcel, survey, owner similarity and spatial comparison; not a legal ownership decision.",MATCH,SYNTHETIC DEMO DATA — NOT OFFICIAL GOVERNMENT RECORDS
MATCH-1658,P1658,0.947,0.947,HIGH,"{""owner_similarity"":0.84,""parcel_similarity"":1.0,""survey_similarity"":1.0,""area_similarity"":0.98,""address_similarity"":0.91,""landuse_similarity"":0.95,""gis_similarity"":0.95}","Likely candidate match based on parcel, survey, owner similarity and spatial comparison; not a legal ownership decision.",MATCH,SYNTHETIC DEMO DATA — NOT OFFICIAL GOVERNMENT RECORDS
MATCH-1659,P1659,0.964,0.964,HIGH,"{""owner_similarity"":0.96,""parcel_similarity"":1.0,""survey_similarity"":1.0,""area_similarity"":0.98,""address_similarity"":0.91,""landuse_similarity"":0.95,""gis_similarity"":0.95}","Likely candidate match based on parcel, survey, owner similarity and spatial comparison; not a legal ownership decision.",MATCH,SYNTHETIC DEMO DATA — NOT OFFICIAL GOVERNMENT RECORDS
MATCH-1660,P1660,0.964,0.964,HIGH,"{""owner_similarity"":0.96,""parcel_similarity"":1.0,""survey_similarity"":1.0,""area_similarity"":0.98,""address_similarity"":0.91,""landuse_similarity"":0.95,""gis_similarity"":0.95}","Likely candidate match based on parcel, survey, owner similarity and spatial comparison; not a legal ownership decision.",MATCH,SYNTHETIC DEMO DATA — NOT OFFICIAL GOVERNMENT RECORDS
MATCH-1661,P1661,0.964,0.964,HIGH,"{""owner_similarity"":0.96,""parcel_similarity"":1.0,""survey_similarity"":1.0,""area_similarity"":0.98,""address_similarity"":0.91,""landuse_similarity"":0.95,""gis_similarity"":0.95}","Likely candidate match based on parcel, survey, owner similarity and spatial comparison; not a legal ownership decision.",MATCH,SYNTHETIC DEMO DATA — NOT OFFICIAL GOVERNMENT RECORDS
MATCH-1662,P1662,0.964,0.964,HIGH,"{""owner_similarity"":0.96,""parcel_similarity"":1.0,""survey_similarity"":1.0,""area_similarity"":0.98,""address_similarity"":0.91,""landuse_similarity"":0.95,""gis_similarity"":0.95}","Likely candidate match based on parcel, survey, owner similarity and spatial comparison; not a legal ownership decision.",MATCH,SYNTHETIC DEMO DATA — NOT OFFICIAL GOVERNMENT RECORDS
MATCH-1663,P1663,0.964,0.964,HIGH,"{""owner_similarity"":0.96,""parcel_similarity"":1.0,""survey_similarity"":1.0,""area_similarity"":0.98,""address_similarity"":0.91,""landuse_similarity"":0.95,""gis_similarity"":0.95}","Likely candidate match based on parcel, survey, owner similarity and spatial comparison; not a legal ownership decision.",MATCH,SYNTHETIC DEMO DATA — NOT OFFICIAL GOVERNMENT RECORDS
MATCH-1664,P1664,0.917,0.917,HIGH,"{""owner_similarity"":0.96,""parcel_similarity"":1.0,""survey_similarity"":1.0,""area_similarity"":0.98,""address_similarity"":0.91,""landuse_similarity"":0.62,""gis_similarity"":0.95}","Likely candidate match based on parcel, survey, owner similarity and spatial comparison; not a legal ownership decision.",MATCH,SYNTHETIC DEMO DATA — NOT OFFICIAL GOVERNMENT RECORDS
MATCH-1665,P1665,0.964,0.964,HIGH,"{""owner_similarity"":0.96,""parcel_similarity"":1.0,""survey_similarity"":1.0,""area_similarity"":0.98,""address_similarity"":0.91,""landuse_similarity"":0.95,""gis_similarity"":0.95}","Likely candidate match based on parcel, survey, owner similarity and spatial comparison; not a legal ownership decision.",MATCH,SYNTHETIC DEMO DATA — NOT OFFICIAL GOVERNMENT RECORDS
MATCH-1666,P1666,0.964,0.964,HIGH,"{""owner_similarity"":0.96,""parcel_similarity"":1.0,""survey_similarity"":1.0,""area_similarity"":0.98,""address_similarity"":0.91,""landuse_similarity"":0.95,""gis_similarity"":0.95}","Likely candidate match based on parcel, survey, owner similarity and spatial comparison; not a legal ownership decision.",MATCH,SYNTHETIC DEMO DATA — NOT OFFICIAL GOVERNMENT RECORDS
MATCH-1667,P1667,0.947,0.947,HIGH,"{""owner_similarity"":0.84,""parcel_similarity"":1.0,""survey_similarity"":1.0,""area_similarity"":0.98,""address_similarity"":0.91,""landuse_similarity"":0.95,""gis_similarity"":0.95}","Likely candidate match based on parcel, survey, owner similarity and spatial comparison; not a legal ownership decision.",MATCH,SYNTHETIC DEMO DATA — NOT OFFICIAL GOVERNMENT RECORDS
MATCH-1668,P1668,0.964,0.964,HIGH,"{""owner_similarity"":0.96,""parcel_similarity"":1.0,""survey_similarity"":1.0,""area_similarity"":0.98,""address_similarity"":0.91,""landuse_similarity"":0.95,""gis_similarity"":0.95}","Likely candidate match based on parcel, survey, owner similarity and spatial comparison; not a legal ownership decision.",MATCH,SYNTHETIC DEMO DATA — NOT OFFICIAL GOVERNMENT RECORDS
MATCH-1669,P1669,0.964,0.964,HIGH,"{""owner_similarity"":0.96,""parcel_similarity"":1.0,""survey_similarity"":1.0,""area_similarity"":0.98,""address_similarity"":0.91,""landuse_similarity"":0.95,""gis_similarity"":0.95}","Likely candidate match based on parcel, survey, owner similarity and spatial comparison; not a legal ownership decision.",MATCH,SYNTHETIC DEMO DATA — NOT OFFICIAL GOVERNMENT RECORDS
MATCH-1670,P1670,0.964,0.964,HIGH,"{""owner_similarity"":0.96,""parcel_similarity"":1.0,""survey_similarity"":1.0,""area_similarity"":0.98,""address_similarity"":0.91,""landuse_similarity"":0.95,""gis_similarity"":0.95}","Likely candidate match based on parcel, survey, owner similarity and spatial comparison; not a legal ownership decision.",MATCH,SYNTHETIC DEMO DATA — NOT OFFICIAL GOVERNMENT RECORDS
MATCH-1671,P1671,0.964,0.964,HIGH,"{""owner_similarity"":0.96,""parcel_similarity"":1.0,""survey_similarity"":1.0,""area_similarity"":0.98,""address_similarity"":0.91,""landuse_similarity"":0.95,""gis_similarity"":0.95}","Likely candidate match based on parcel, survey, owner similarity and spatial comparison; not a legal ownership decision.",MATCH,SYNTHETIC DEMO DATA — NOT OFFICIAL GOVERNMENT RECORDS
MATCH-1672,P1672,0.964,0.964,HIGH,"{""owner_similarity"":0.96,""parcel_similarity"":1.0,""survey_similarity"":1.0,""area_similarity"":0.98,""address_similarity"":0.91,""landuse_similarity"":0.95,""gis_similarity"":0.95}","Likely candidate match based on parcel, survey, owner similarity and spatial comparison; not a legal ownership decision.",MATCH,SYNTHETIC DEMO DATA — NOT OFFICIAL GOVERNMENT RECORDS
MATCH-1673,P1673,0.964,0.964,HIGH,"{""owner_similarity"":0.96,""parcel_similarity"":1.0,""survey_similarity"":1.0,""area_similarity"":0.98,""address_similarity"":0.91,""landuse_similarity"":0.95,""gis_similarity"":0.95}","Likely candidate match based on parcel, survey, owner similarity and spatial comparison; not a legal ownership decision.",MATCH,SYNTHETIC DEMO DATA — NOT OFFICIAL GOVERNMENT RECORDS
MATCH-1674,P1674,0.964,0.964,HIGH,"{""owner_similarity"":0.96,""parcel_similarity"":1.0,""survey_similarity"":1.0,""area_similarity"":0.98,""address_similarity"":0.91,""landuse_similarity"":0.95,""gis_similarity"":0.95}","Likely candidate match based on parcel, survey, owner similarity and spatial comparison; not a legal ownership decision.",MATCH,SYNTHETIC DEMO DATA — NOT OFFICIAL GOVERNMENT RECORDS
MATCH-1675,P1675,0.964,0.964,HIGH,"{""owner_similarity"":0.96,""parcel_similarity"":1.0,""survey_similarity"":1.0,""area_similarity"":0.98,""address_similarity"":0.91,""landuse_similarity"":0.95,""gis_similarity"":0.95}","Likely candidate match based on parcel, survey, owner similarity and spatial comparison; not a legal ownership decision.",MATCH,SYNTHETIC DEMO DATA — NOT OFFICIAL GOVERNMENT RECORDS
MATCH-1676,P1676,0.947,0.947,HIGH,"{""owner_similarity"":0.84,""parcel_similarity"":1.0,""survey_similarity"":1.0,""area_similarity"":0.98,""address_similarity"":0.91,""landuse_similarity"":0.95,""gis_similarity"":0.95}","Likely candidate match based on parcel, survey, owner similarity and spatial comparison; not a legal ownership decision.",MATCH,SYNTHETIC DEMO DATA — NOT OFFICIAL GOVERNMENT RECORDS
MATCH-1677,P1677,0.964,0.964,HIGH,"{""owner_similarity"":0.96,""parcel_similarity"":1.0,""survey_similarity"":1.0,""area_similarity"":0.98,""address_similarity"":0.91,""landuse_similarity"":0.95,""gis_similarity"":0.95}","Likely candidate match based on parcel, survey, owner similarity and spatial comparison; not a legal ownership decision.",MATCH,SYNTHETIC DEMO DATA — NOT OFFICIAL GOVERNMENT RECORDS
MATCH-1678,P1678,0.964,0.964,HIGH,"{""owner_similarity"":0.96,""parcel_similarity"":1.0,""survey_similarity"":1.0,""area_similarity"":0.98,""address_similarity"":0.91,""landuse_similarity"":0.95,""gis_similarity"":0.95}","Likely candidate match based on parcel, survey, owner similarity and spatial comparison; not a legal ownership decision.",MATCH,SYNTHETIC DEMO DATA — NOT OFFICIAL GOVERNMENT RECORDS
MATCH-1679,P1679,0.964,0.964,HIGH,"{""owner_similarity"":0.96,""parcel_similarity"":1.0,""survey_similarity"":1.0,""area_similarity"":0.98,""address_similarity"":0.91,""landuse_similarity"":0.95,""gis_similarity"":0.95}","Likely candidate match based on parcel, survey, owner similarity and spatial comparison; not a legal ownership decision.",MATCH,SYNTHETIC DEMO DATA — NOT OFFICIAL GOVERNMENT RECORDS
MATCH-1680,P1680,0.964,0.964,HIGH,"{""owner_similarity"":0.96,""parcel_similarity"":1.0,""survey_similarity"":1.0,""area_similarity"":0.98,""address_similarity"":0.91,""landuse_similarity"":0.95,""gis_similarity"":0.95}","Likely candidate match based on parcel, survey, owner similarity and spatial comparison; not a legal ownership decision.",MATCH,SYNTHETIC DEMO DATA — NOT OFFICIAL GOVERNMENT RECORDS
MATCH-1681,P1681,0.917,0.917,HIGH,"{""owner_similarity"":0.96,""parcel_similarity"":1.0,""survey_similarity"":1.0,""area_similarity"":0.98,""address_similarity"":0.91,""landuse_similarity"":0.62,""gis_similarity"":0.95}","Likely candidate match based on parcel, survey, owner similarity and spatial comparison; not a legal ownership decision.",MATCH,SYNTHETIC DEMO DATA — NOT OFFICIAL GOVERNMENT RECORDS
MATCH-1682,P1682,0.964,0.964,HIGH,"{""owner_similarity"":0.96,""parcel_similarity"":1.0,""survey_similarity"":1.0,""area_similarity"":0.98,""address_similarity"":0.91,""landuse_similarity"":0.95,""gis_similarity"":0.95}","Likely candidate match based on parcel, survey, owner similarity and spatial comparison; not a legal ownership decision.",MATCH,SYNTHETIC DEMO DATA — NOT OFFICIAL GOVERNMENT RECORDS
MATCH-1683,P1683,0.964,0.964,HIGH,"{""owner_similarity"":0.96,""parcel_similarity"":1.0,""survey_similarity"":1.0,""area_similarity"":0.98,""address_similarity"":0.91,""landuse_similarity"":0.95,""gis_similarity"":0.95}","Likely candidate match based on parcel, survey, owner similarity and spatial comparison; not a legal ownership decision.",MATCH,SYNTHETIC DEMO DATA — NOT OFFICIAL GOVERNMENT RECORDS
MATCH-1684,P1684,0.964,0.964,HIGH,"{""owner_similarity"":0.96,""parcel_similarity"":1.0,""survey_similarity"":1.0,""area_similarity"":0.98,""address_similarity"":0.91,""landuse_similarity"":0.95,""gis_similarity"":0.95}","Likely candidate match based on parcel, survey, owner similarity and spatial comparison; not a legal ownership decision.",MATCH,SYNTHETIC DEMO DATA — NOT OFFICIAL GOVERNMENT RECORDS
MATCH-1685,P1685,0.947,0.947,HIGH,"{""owner_similarity"":0.84,""parcel_similarity"":1.0,""survey_similarity"":1.0,""area_similarity"":0.98,""address_similarity"":0.91,""landuse_similarity"":0.95,""gis_similarity"":0.95}","Likely candidate match based on parcel, survey, owner similarity and spatial comparison; not a legal ownership decision.",MATCH,SYNTHETIC DEMO DATA — NOT OFFICIAL GOVERNMENT RECORDS
MATCH-1686,P1686,0.964,0.964,HIGH,"{""owner_similarity"":0.96,""parcel_similarity"":1.0,""survey_similarity"":1.0,""area_similarity"":0.98,""address_similarity"":0.91,""landuse_similarity"":0.95,""gis_similarity"":0.95}","Likely candidate match based on parcel, survey, owner similarity and spatial comparison; not a legal ownership decision.",MATCH,SYNTHETIC DEMO DATA — NOT OFFICIAL GOVERNMENT RECORDS
MATCH-1687,P1687,0.964,0.964,HIGH,"{""owner_similarity"":0.96,""parcel_similarity"":1.0,""survey_similarity"":1.0,""area_similarity"":0.98,""address_similarity"":0.91,""landuse_similarity"":0.95,""gis_similarity"":0.95}","Likely candidate match based on parcel, survey, owner similarity and spatial comparison; not a legal ownership decision.",MATCH,SYNTHETIC DEMO DATA — NOT OFFICIAL GOVERNMENT RECORDS
MATCH-1688,P1688,0.964,0.964,HIGH,"{""owner_similarity"":0.96,""parcel_similarity"":1.0,""survey_similarity"":1.0,""area_similarity"":0.98,""address_similarity"":0.91,""landuse_similarity"":0.95,""gis_similarity"":0.95}","Likely candidate match based on parcel, survey, owner similarity and spatial comparison; not a legal ownership decision.",MATCH,SYNTHETIC DEMO DATA — NOT OFFICIAL GOVERNMENT RECORDS
MATCH-1689,P1689,0.964,0.964,HIGH,"{""owner_similarity"":0.96,""parcel_similarity"":1.0,""survey_similarity"":1.0,""area_similarity"":0.98,""address_similarity"":0.91,""landuse_similarity"":0.95,""gis_similarity"":0.95}","Likely candidate match based on parcel, survey, owner similarity and spatial comparison; not a legal ownership decision.",MATCH,SYNTHETIC DEMO DATA — NOT OFFICIAL GOVERNMENT RECORDS
MATCH-1690,P1690,0.964,0.964,HIGH,"{""owner_similarity"":0.96,""parcel_similarity"":1.0,""survey_similarity"":1.0,""area_similarity"":0.98,""address_similarity"":0.91,""landuse_similarity"":0.95,""gis_similarity"":0.95}","Likely candidate match based on parcel, survey, owner similarity and spatial comparison; not a legal ownership decision.",MATCH,SYNTHETIC DEMO DATA — NOT OFFICIAL GOVERNMENT RECORDS
MATCH-1691,P1691,0.964,0.964,HIGH,"{""owner_similarity"":0.96,""parcel_similarity"":1.0,""survey_similarity"":1.0,""area_similarity"":0.98,""address_similarity"":0.91,""landuse_similarity"":0.95,""gis_similarity"":0.95}","Likely candidate match based on parcel, survey, owner similarity and spatial comparison; not a legal ownership decision.",MATCH,SYNTHETIC DEMO DATA — NOT OFFICIAL GOVERNMENT RECORDS
MATCH-1692,P1692,0.964,0.964,HIGH,"{""owner_similarity"":0.96,""parcel_similarity"":1.0,""survey_similarity"":1.0,""area_similarity"":0.98,""address_similarity"":0.91,""landuse_similarity"":0.95,""gis_similarity"":0.95}","Likely candidate match based on parcel, survey, owner similarity and spatial comparison; not a legal ownership decision.",MATCH,SYNTHETIC DEMO DATA — NOT OFFICIAL GOVERNMENT RECORDS
MATCH-1693,P1693,0.964,0.964,HIGH,"{""owner_similarity"":0.96,""parcel_similarity"":1.0,""survey_similarity"":1.0,""area_similarity"":0.98,""address_similarity"":0.91,""landuse_similarity"":0.95,""gis_similarity"":0.95}","Likely candidate match based on parcel, survey, owner similarity and spatial comparison; not a legal ownership decision.",MATCH,SYNTHETIC DEMO DATA — NOT OFFICIAL GOVERNMENT RECORDS
MATCH-1694,P1694,0.947,0.947,HIGH,"{""owner_similarity"":0.84,""parcel_similarity"":1.0,""survey_similarity"":1.0,""area_similarity"":0.98,""address_similarity"":0.91,""landuse_similarity"":0.95,""gis_similarity"":0.95}","Likely candidate match based on parcel, survey, owner similarity and spatial comparison; not a legal ownership decision.",MATCH,SYNTHETIC DEMO DATA — NOT OFFICIAL GOVERNMENT RECORDS
MATCH-1695,P1695,0.964,0.964,HIGH,"{""owner_similarity"":0.96,""parcel_similarity"":1.0,""survey_similarity"":1.0,""area_similarity"":0.98,""address_similarity"":0.91,""landuse_similarity"":0.95,""gis_similarity"":0.95}","Likely candidate match based on parcel, survey, owner similarity and spatial comparison; not a legal ownership decision.",MATCH,SYNTHETIC DEMO DATA — NOT OFFICIAL GOVERNMENT RECORDS
MATCH-1696,P1696,0.964,0.964,HIGH,"{""owner_similarity"":0.96,""parcel_similarity"":1.0,""survey_similarity"":1.0,""area_similarity"":0.98,""address_similarity"":0.91,""landuse_similarity"":0.95,""gis_similarity"":0.95}","Likely candidate match based on parcel, survey, owner similarity and spatial comparison; not a legal ownership decision.",MATCH,SYNTHETIC DEMO DATA — NOT OFFICIAL GOVERNMENT RECORDS
MATCH-1697,P1697,0.964,0.964,HIGH,"{""owner_similarity"":0.96,""parcel_similarity"":1.0,""survey_similarity"":1.0,""area_similarity"":0.98,""address_similarity"":0.91,""landuse_similarity"":0.95,""gis_similarity"":0.95}","Likely candidate match based on parcel, survey, owner similarity and spatial comparison; not a legal ownership decision.",MATCH,SYNTHETIC DEMO DATA — NOT OFFICIAL GOVERNMENT RECORDS
MATCH-1698,P1698,0.917,0.917,HIGH,"{""owner_similarity"":0.96,""parcel_similarity"":1.0,""survey_similarity"":1.0,""area_similarity"":0.98,""address_similarity"":0.91,""landuse_similarity"":0.62,""gis_similarity"":0.95}","Likely candidate match based on parcel, survey, owner similarity and spatial comparison; not a legal ownership decision.",MATCH,SYNTHETIC DEMO DATA — NOT OFFICIAL GOVERNMENT RECORDS
MATCH-1699,P1699,0.964,0.964,HIGH,"{""owner_similarity"":0.96,""parcel_similarity"":1.0,""survey_similarity"":1.0,""area_similarity"":0.98,""address_similarity"":0.91,""landuse_similarity"":0.95,""gis_similarity"":0.95}","Likely candidate match based on parcel, survey, owner similarity and spatial comparison; not a legal ownership decision.",MATCH,SYNTHETIC DEMO DATA — NOT OFFICIAL GOVERNMENT RECORDS
MATCH-1700,P1700,0.964,0.964,HIGH,"{""owner_similarity"":0.96,""parcel_similarity"":1.0,""survey_similarity"":1.0,""area_similarity"":0.98,""address_similarity"":0.91,""landuse_similarity"":0.95,""gis_similarity"":0.95}","Likely candidate match based on parcel, survey, owner similarity and spatial comparison; not a legal ownership decision.",MATCH,SYNTHETIC DEMO DATA — NOT OFFICIAL GOVERNMENT RECORDS
MATCH-1701,P1701,0.93,0.93,MEDIUM,"{""owner_similarity"":0.96,""parcel_similarity"":1.0,""survey_similarity"":1.0,""area_similarity"":0.91,""address_similarity"":0.91,""landuse_similarity"":0.95,""gis_similarity"":0.78}","Likely candidate match based on parcel, survey, owner similarity and spatial comparison; not a legal ownership decision.",POSSIBLE_MATCH,SYNTHETIC DEMO DATA — NOT OFFICIAL GOVERNMENT RECORDS
MATCH-1702,P1702,0.93,0.93,MEDIUM,"{""owner_similarity"":0.96,""parcel_similarity"":1.0,""survey_similarity"":1.0,""area_similarity"":0.91,""address_similarity"":0.91,""landuse_similarity"":0.95,""gis_similarity"":0.78}","Likely candidate match based on parcel, survey, owner similarity and spatial comparison; not a legal ownership decision.",POSSIBLE_MATCH,SYNTHETIC DEMO DATA — NOT OFFICIAL GOVERNMENT RECORDS
MATCH-1703,P1703,0.913,0.913,MEDIUM,"{""owner_similarity"":0.84,""parcel_similarity"":1.0,""survey_similarity"":1.0,""area_similarity"":0.91,""address_similarity"":0.91,""landuse_similarity"":0.95,""gis_similarity"":0.78}","Likely candidate match based on parcel, survey, owner similarity and spatial comparison; not a legal ownership decision.",POSSIBLE_MATCH,SYNTHETIC DEMO DATA — NOT OFFICIAL GOVERNMENT RECORDS
MATCH-1704,P1704,0.93,0.93,MEDIUM,"{""owner_similarity"":0.96,""parcel_similarity"":1.0,""survey_similarity"":1.0,""area_similarity"":0.91,""address_similarity"":0.91,""landuse_similarity"":0.95,""gis_similarity"":0.78}","Likely candidate match based on parcel, survey, owner similarity and spatial comparison; not a legal ownership decision.",POSSIBLE_MATCH,SYNTHETIC DEMO DATA — NOT OFFICIAL GOVERNMENT RECORDS
MATCH-1705,P1705,0.93,0.93,MEDIUM,"{""owner_similarity"":0.96,""parcel_similarity"":1.0,""survey_similarity"":1.0,""area_similarity"":0.91,""address_similarity"":0.91,""landuse_similarity"":0.95,""gis_similarity"":0.78}","Likely candidate match based on parcel, survey, owner similarity and spatial comparison; not a legal ownership decision.",POSSIBLE_MATCH,SYNTHETIC DEMO DATA — NOT OFFICIAL GOVERNMENT RECORDS
MATCH-1706,P1706,0.93,0.93,MEDIUM,"{""owner_similarity"":0.96,""parcel_similarity"":1.0,""survey_similarity"":1.0,""area_similarity"":0.91,""address_similarity"":0.91,""landuse_similarity"":0.95,""gis_similarity"":0.78}","Likely candidate match based on parcel, survey, owner similarity and spatial comparison; not a legal ownership decision.",POSSIBLE_MATCH,SYNTHETIC DEMO DATA — NOT OFFICIAL GOVERNMENT RECORDS
MATCH-1707,P1707,0.93,0.93,MEDIUM,"{""owner_similarity"":0.96,""parcel_similarity"":1.0,""survey_similarity"":1.0,""area_similarity"":0.91,""address_similarity"":0.91,""landuse_similarity"":0.95,""gis_similarity"":0.78}","Likely candidate match based on parcel, survey, owner similarity and spatial comparison; not a legal ownership decision.",POSSIBLE_MATCH,SYNTHETIC DEMO DATA — NOT OFFICIAL GOVERNMENT RECORDS
MATCH-1708,P1708,0.93,0.93,MEDIUM,"{""owner_similarity"":0.96,""parcel_similarity"":1.0,""survey_similarity"":1.0,""area_similarity"":0.91,""address_similarity"":0.91,""landuse_similarity"":0.95,""gis_similarity"":0.78}","Likely candidate match based on parcel, survey, owner similarity and spatial comparison; not a legal ownership decision.",POSSIBLE_MATCH,SYNTHETIC DEMO DATA — NOT OFFICIAL GOVERNMENT RECORDS
MATCH-1709,P1709,0.93,0.93,MEDIUM,"{""owner_similarity"":0.96,""parcel_similarity"":1.0,""survey_similarity"":1.0,""area_similarity"":0.91,""address_similarity"":0.91,""landuse_similarity"":0.95,""gis_similarity"":0.78}","Likely candidate match based on parcel, survey, owner similarity and spatial comparison; not a legal ownership decision.",POSSIBLE_MATCH,SYNTHETIC DEMO DATA — NOT OFFICIAL GOVERNMENT RECORDS
MATCH-1710,P1710,0.93,0.93,MEDIUM,"{""owner_similarity"":0.96,""parcel_similarity"":1.0,""survey_similarity"":1.0,""area_similarity"":0.91,""address_similarity"":0.91,""landuse_similarity"":0.95,""gis_similarity"":0.78}","Likely candidate match based on parcel, survey, owner similarity and spatial comparison; not a legal ownership decision.",POSSIBLE_MATCH,SYNTHETIC DEMO DATA — NOT OFFICIAL GOVERNMENT RECORDS
MATCH-1711,P1711,0.93,0.93,MEDIUM,"{""owner_similarity"":0.96,""parcel_similarity"":1.0,""survey_similarity"":1.0,""area_similarity"":0.91,""address_similarity"":0.91,""landuse_similarity"":0.95,""gis_similarity"":0.78}","Likely candidate match based on parcel, survey, owner similarity and spatial comparison; not a legal ownership decision.",POSSIBLE_MATCH,SYNTHETIC DEMO DATA — NOT OFFICIAL GOVERNMENT RECORDS
MATCH-1712,P1712,0.913,0.913,MEDIUM,"{""owner_similarity"":0.84,""parcel_similarity"":1.0,""survey_similarity"":1.0,""area_similarity"":0.91,""address_similarity"":0.91,""landuse_similarity"":0.95,""gis_similarity"":0.78}","Likely candidate match based on parcel, survey, owner similarity and spatial comparison; not a legal ownership decision.",POSSIBLE_MATCH,SYNTHETIC DEMO DATA — NOT OFFICIAL GOVERNMENT RECORDS
MATCH-1713,P1713,0.93,0.93,MEDIUM,"{""owner_similarity"":0.96,""parcel_similarity"":1.0,""survey_similarity"":1.0,""area_similarity"":0.91,""address_similarity"":0.91,""landuse_similarity"":0.95,""gis_similarity"":0.78}","Likely candidate match based on parcel, survey, owner similarity and spatial comparison; not a legal ownership decision.",POSSIBLE_MATCH,SYNTHETIC DEMO DATA — NOT OFFICIAL GOVERNMENT RECORDS
MATCH-1714,P1714,0.93,0.93,MEDIUM,"{""owner_similarity"":0.96,""parcel_similarity"":1.0,""survey_similarity"":1.0,""area_similarity"":0.91,""address_similarity"":0.91,""landuse_similarity"":0.95,""gis_similarity"":0.78}","Likely candidate match based on parcel, survey, owner similarity and spatial comparison; not a legal ownership decision.",POSSIBLE_MATCH,SYNTHETIC DEMO DATA — NOT OFFICIAL GOVERNMENT RECORDS
MATCH-1715,P1715,0.883,0.883,MEDIUM,"{""owner_similarity"":0.96,""parcel_similarity"":1.0,""survey_similarity"":1.0,""area_similarity"":0.91,""address_similarity"":0.91,""landuse_similarity"":0.62,""gis_similarity"":0.78}","Likely candidate match based on parcel, survey, owner similarity and spatial comparison; not a legal ownership decision.",POSSIBLE_MATCH,SYNTHETIC DEMO DATA — NOT OFFICIAL GOVERNMENT RECORDS
MATCH-1716,P1716,0.93,0.93,MEDIUM,"{""owner_similarity"":0.96,""parcel_similarity"":1.0,""survey_similarity"":1.0,""area_similarity"":0.91,""address_similarity"":0.91,""landuse_similarity"":0.95,""gis_similarity"":0.78}","Likely candidate match based on parcel, survey, owner similarity and spatial comparison; not a legal ownership decision.",POSSIBLE_MATCH,SYNTHETIC DEMO DATA — NOT OFFICIAL GOVERNMENT RECORDS
MATCH-1717,P1717,0.93,0.93,MEDIUM,"{""owner_similarity"":0.96,""parcel_similarity"":1.0,""survey_similarity"":1.0,""area_similarity"":0.91,""address_similarity"":0.91,""landuse_similarity"":0.95,""gis_similarity"":0.78}","Likely candidate match based on parcel, survey, owner similarity and spatial comparison; not a legal ownership decision.",POSSIBLE_MATCH,SYNTHETIC DEMO DATA — NOT OFFICIAL GOVERNMENT RECORDS
MATCH-1718,P1718,0.93,0.93,MEDIUM,"{""owner_similarity"":0.96,""parcel_similarity"":1.0,""survey_similarity"":1.0,""area_similarity"":0.91,""address_similarity"":0.91,""landuse_similarity"":0.95,""gis_similarity"":0.78}","Likely candidate match based on parcel, survey, owner similarity and spatial comparison; not a legal ownership decision.",POSSIBLE_MATCH,SYNTHETIC DEMO DATA — NOT OFFICIAL GOVERNMENT RECORDS
MATCH-1719,P1719,0.93,0.93,MEDIUM,"{""owner_similarity"":0.96,""parcel_similarity"":1.0,""survey_similarity"":1.0,""area_similarity"":0.91,""address_similarity"":0.91,""landuse_similarity"":0.95,""gis_similarity"":0.78}","Likely candidate match based on parcel, survey, owner similarity and spatial comparison; not a legal ownership decision.",POSSIBLE_MATCH,SYNTHETIC DEMO DATA — NOT OFFICIAL GOVERNMENT RECORDS
MATCH-1720,P1720,0.93,0.93,MEDIUM,"{""owner_similarity"":0.96,""parcel_similarity"":1.0,""survey_similarity"":1.0,""area_similarity"":0.91,""address_similarity"":0.91,""landuse_similarity"":0.95,""gis_similarity"":0.78}","Likely candidate match based on parcel, survey, owner similarity and spatial comparison; not a legal ownership decision.",POSSIBLE_MATCH,SYNTHETIC DEMO DATA — NOT OFFICIAL GOVERNMENT RECORDS
MATCH-1721,P1721,0.913,0.913,MEDIUM,"{""owner_similarity"":0.84,""parcel_similarity"":1.0,""survey_similarity"":1.0,""area_similarity"":0.91,""address_similarity"":0.91,""landuse_similarity"":0.95,""gis_similarity"":0.78}","Likely candidate match based on parcel, survey, owner similarity and spatial comparison; not a legal ownership decision.",POSSIBLE_MATCH,SYNTHETIC DEMO DATA — NOT OFFICIAL GOVERNMENT RECORDS
MATCH-1722,P1722,0.93,0.93,MEDIUM,"{""owner_similarity"":0.96,""parcel_similarity"":1.0,""survey_similarity"":1.0,""area_similarity"":0.91,""address_similarity"":0.91,""landuse_similarity"":0.95,""gis_similarity"":0.78}","Likely candidate match based on parcel, survey, owner similarity and spatial comparison; not a legal ownership decision.",POSSIBLE_MATCH,SYNTHETIC DEMO DATA — NOT OFFICIAL GOVERNMENT RECORDS
MATCH-1723,P1723,0.93,0.93,MEDIUM,"{""owner_similarity"":0.96,""parcel_similarity"":1.0,""survey_similarity"":1.0,""area_similarity"":0.91,""address_similarity"":0.91,""landuse_similarity"":0.95,""gis_similarity"":0.78}","Likely candidate match based on parcel, survey, owner similarity and spatial comparison; not a legal ownership decision.",POSSIBLE_MATCH,SYNTHETIC DEMO DATA — NOT OFFICIAL GOVERNMENT RECORDS
MATCH-1724,P1724,0.93,0.93,MEDIUM,"{""owner_similarity"":0.96,""parcel_similarity"":1.0,""survey_similarity"":1.0,""area_similarity"":0.91,""address_similarity"":0.91,""landuse_similarity"":0.95,""gis_similarity"":0.78}","Likely candidate match based on parcel, survey, owner similarity and spatial comparison; not a legal ownership decision.",POSSIBLE_MATCH,SYNTHETIC DEMO DATA — NOT OFFICIAL GOVERNMENT RECORDS
MATCH-1725,P1725,0.93,0.93,MEDIUM,"{""owner_similarity"":0.96,""parcel_similarity"":1.0,""survey_similarity"":1.0,""area_similarity"":0.91,""address_similarity"":0.91,""landuse_similarity"":0.95,""gis_similarity"":0.78}","Likely candidate match based on parcel, survey, owner similarity and spatial comparison; not a legal ownership decision.",POSSIBLE_MATCH,SYNTHETIC DEMO DATA — NOT OFFICIAL GOVERNMENT RECORDS
MATCH-1726,P1726,0.93,0.93,MEDIUM,"{""owner_similarity"":0.96,""parcel_similarity"":1.0,""survey_similarity"":1.0,""area_similarity"":0.91,""address_similarity"":0.91,""landuse_similarity"":0.95,""gis_similarity"":0.78}","Likely candidate match based on parcel, survey, owner similarity and spatial comparison; not a legal ownership decision.",POSSIBLE_MATCH,SYNTHETIC DEMO DATA — NOT OFFICIAL GOVERNMENT RECORDS
MATCH-1727,P1727,0.93,0.93,MEDIUM,"{""owner_similarity"":0.96,""parcel_similarity"":1.0,""survey_similarity"":1.0,""area_similarity"":0.91,""address_similarity"":0.91,""landuse_similarity"":0.95,""gis_similarity"":0.78}","Likely candidate match based on parcel, survey, owner similarity and spatial comparison; not a legal ownership decision.",POSSIBLE_MATCH,SYNTHETIC DEMO DATA — NOT OFFICIAL GOVERNMENT RECORDS
MATCH-1728,P1728,0.93,0.93,MEDIUM,"{""owner_similarity"":0.96,""parcel_similarity"":1.0,""survey_similarity"":1.0,""area_similarity"":0.91,""address_similarity"":0.91,""landuse_similarity"":0.95,""gis_similarity"":0.78}","Likely candidate match based on parcel, survey, owner similarity and spatial comparison; not a legal ownership decision.",POSSIBLE_MATCH,SYNTHETIC DEMO DATA — NOT OFFICIAL GOVERNMENT RECORDS
MATCH-1729,P1729,0.93,0.93,MEDIUM,"{""owner_similarity"":0.96,""parcel_similarity"":1.0,""survey_similarity"":1.0,""area_similarity"":0.91,""address_similarity"":0.91,""landuse_similarity"":0.95,""gis_similarity"":0.78}","Likely candidate match based on parcel, survey, owner similarity and spatial comparison; not a legal ownership decision.",POSSIBLE_MATCH,SYNTHETIC DEMO DATA — NOT OFFICIAL GOVERNMENT RECORDS
MATCH-1730,P1730,0.913,0.913,MEDIUM,"{""owner_similarity"":0.84,""parcel_similarity"":1.0,""survey_similarity"":1.0,""area_similarity"":0.91,""address_similarity"":0.91,""landuse_similarity"":0.95,""gis_similarity"":0.78}","Likely candidate match based on parcel, survey, owner similarity and spatial comparison; not a legal ownership decision.",POSSIBLE_MATCH,SYNTHETIC DEMO DATA — NOT OFFICIAL GOVERNMENT RECORDS
MATCH-1731,P1731,0.93,0.93,MEDIUM,"{""owner_similarity"":0.96,""parcel_similarity"":1.0,""survey_similarity"":1.0,""area_similarity"":0.91,""address_similarity"":0.91,""landuse_similarity"":0.95,""gis_similarity"":0.78}","Likely candidate match based on parcel, survey, owner similarity and spatial comparison; not a legal ownership decision.",POSSIBLE_MATCH,SYNTHETIC DEMO DATA — NOT OFFICIAL GOVERNMENT RECORDS
MATCH-1732,P1732,0.883,0.883,MEDIUM,"{""owner_similarity"":0.96,""parcel_similarity"":1.0,""survey_similarity"":1.0,""area_similarity"":0.91,""address_similarity"":0.91,""landuse_similarity"":0.62,""gis_similarity"":0.78}","Likely candidate match based on parcel, survey, owner similarity and spatial comparison; not a legal ownership decision.",POSSIBLE_MATCH,SYNTHETIC DEMO DATA — NOT OFFICIAL GOVERNMENT RECORDS
MATCH-1733,P1733,0.93,0.93,MEDIUM,"{""owner_similarity"":0.96,""parcel_similarity"":1.0,""survey_similarity"":1.0,""area_similarity"":0.91,""address_similarity"":0.91,""landuse_similarity"":0.95,""gis_similarity"":0.78}","Likely candidate match based on parcel, survey, owner similarity and spatial comparison; not a legal ownership decision.",POSSIBLE_MATCH,SYNTHETIC DEMO DATA — NOT OFFICIAL GOVERNMENT RECORDS
MATCH-1734,P1734,0.93,0.93,MEDIUM,"{""owner_similarity"":0.96,""parcel_similarity"":1.0,""survey_similarity"":1.0,""area_similarity"":0.91,""address_similarity"":0.91,""landuse_similarity"":0.95,""gis_similarity"":0.78}","Likely candidate match based on parcel, survey, owner similarity and spatial comparison; not a legal ownership decision.",POSSIBLE_MATCH,SYNTHETIC DEMO DATA — NOT OFFICIAL GOVERNMENT RECORDS
MATCH-1735,P1735,0.93,0.93,MEDIUM,"{""owner_similarity"":0.96,""parcel_similarity"":1.0,""survey_similarity"":1.0,""area_similarity"":0.91,""address_similarity"":0.91,""landuse_similarity"":0.95,""gis_similarity"":0.78}","Likely candidate match based on parcel, survey, owner similarity and spatial comparison; not a legal ownership decision.",POSSIBLE_MATCH,SYNTHETIC DEMO DATA — NOT OFFICIAL GOVERNMENT RECORDS
MATCH-1736,P1736,0.93,0.93,MEDIUM,"{""owner_similarity"":0.96,""parcel_similarity"":1.0,""survey_similarity"":1.0,""area_similarity"":0.91,""address_similarity"":0.91,""landuse_similarity"":0.95,""gis_similarity"":0.78}","Likely candidate match based on parcel, survey, owner similarity and spatial comparison; not a legal ownership decision.",POSSIBLE_MATCH,SYNTHETIC DEMO DATA — NOT OFFICIAL GOVERNMENT RECORDS
MATCH-1737,P1737,0.93,0.93,MEDIUM,"{""owner_similarity"":0.96,""parcel_similarity"":1.0,""survey_similarity"":1.0,""area_similarity"":0.91,""address_similarity"":0.91,""landuse_similarity"":0.95,""gis_similarity"":0.78}","Likely candidate match based on parcel, survey, owner similarity and spatial comparison; not a legal ownership decision.",POSSIBLE_MATCH,SYNTHETIC DEMO DATA — NOT OFFICIAL GOVERNMENT RECORDS
MATCH-1738,P1738,0.93,0.93,MEDIUM,"{""owner_similarity"":0.96,""parcel_similarity"":1.0,""survey_similarity"":1.0,""area_similarity"":0.91,""address_similarity"":0.91,""landuse_similarity"":0.95,""gis_similarity"":0.78}","Likely candidate match based on parcel, survey, owner similarity and spatial comparison; not a legal ownership decision.",POSSIBLE_MATCH,SYNTHETIC DEMO DATA — NOT OFFICIAL GOVERNMENT RECORDS
MATCH-1739,P1739,0.913,0.913,MEDIUM,"{""owner_similarity"":0.84,""parcel_similarity"":1.0,""survey_similarity"":1.0,""area_similarity"":0.91,""address_similarity"":0.91,""landuse_similarity"":0.95,""gis_similarity"":0.78}","Likely candidate match based on parcel, survey, owner similarity and spatial comparison; not a legal ownership decision.",POSSIBLE_MATCH,SYNTHETIC DEMO DATA — NOT OFFICIAL GOVERNMENT RECORDS
MATCH-1740,P1740,0.93,0.93,MEDIUM,"{""owner_similarity"":0.96,""parcel_similarity"":1.0,""survey_similarity"":1.0,""area_similarity"":0.91,""address_similarity"":0.91,""landuse_similarity"":0.95,""gis_similarity"":0.78}","Likely candidate match based on parcel, survey, owner similarity and spatial comparison; not a legal ownership decision.",POSSIBLE_MATCH,SYNTHETIC DEMO DATA — NOT OFFICIAL GOVERNMENT RECORDS
MATCH-1741,P1741,0.93,0.93,MEDIUM,"{""owner_similarity"":0.96,""parcel_similarity"":1.0,""survey_similarity"":1.0,""area_similarity"":0.91,""address_similarity"":0.91,""landuse_similarity"":0.95,""gis_similarity"":0.78}","Likely candidate match based on parcel, survey, owner similarity and spatial comparison; not a legal ownership decision.",POSSIBLE_MATCH,SYNTHETIC DEMO DATA — NOT OFFICIAL GOVERNMENT RECORDS
MATCH-1742,P1742,0.93,0.93,MEDIUM,"{""owner_similarity"":0.96,""parcel_similarity"":1.0,""survey_similarity"":1.0,""area_similarity"":0.91,""address_similarity"":0.91,""landuse_similarity"":0.95,""gis_similarity"":0.78}","Likely candidate match based on parcel, survey, owner similarity and spatial comparison; not a legal ownership decision.",POSSIBLE_MATCH,SYNTHETIC DEMO DATA — NOT OFFICIAL GOVERNMENT RECORDS
MATCH-1743,P1743,0.93,0.93,MEDIUM,"{""owner_similarity"":0.96,""parcel_similarity"":1.0,""survey_similarity"":1.0,""area_similarity"":0.91,""address_similarity"":0.91,""landuse_similarity"":0.95,""gis_similarity"":0.78}","Likely candidate match based on parcel, survey, owner similarity and spatial comparison; not a legal ownership decision.",POSSIBLE_MATCH,SYNTHETIC DEMO DATA — NOT OFFICIAL GOVERNMENT RECORDS
MATCH-1744,P1744,0.93,0.93,MEDIUM,"{""owner_similarity"":0.96,""parcel_similarity"":1.0,""survey_similarity"":1.0,""area_similarity"":0.91,""address_similarity"":0.91,""landuse_similarity"":0.95,""gis_similarity"":0.78}","Likely candidate match based on parcel, survey, owner similarity and spatial comparison; not a legal ownership decision.",POSSIBLE_MATCH,SYNTHETIC DEMO DATA — NOT OFFICIAL GOVERNMENT RECORDS
MATCH-1745,P1745,0.93,0.93,MEDIUM,"{""owner_similarity"":0.96,""parcel_similarity"":1.0,""survey_similarity"":1.0,""area_similarity"":0.91,""address_similarity"":0.91,""landuse_similarity"":0.95,""gis_similarity"":0.78}","Likely candidate match based on parcel, survey, owner similarity and spatial comparison; not a legal ownership decision.",POSSIBLE_MATCH,SYNTHETIC DEMO DATA — NOT OFFICIAL GOVERNMENT RECORDS
MATCH-1746,P1746,0.93,0.93,MEDIUM,"{""owner_similarity"":0.96,""parcel_similarity"":1.0,""survey_similarity"":1.0,""area_similarity"":0.91,""address_similarity"":0.91,""landuse_similarity"":0.95,""gis_similarity"":0.78}","Likely candidate match based on parcel, survey, owner similarity and spatial comparison; not a legal ownership decision.",POSSIBLE_MATCH,SYNTHETIC DEMO DATA — NOT OFFICIAL GOVERNMENT RECORDS
MATCH-1747,P1747,0.93,0.93,MEDIUM,"{""owner_similarity"":0.96,""parcel_similarity"":1.0,""survey_similarity"":1.0,""area_similarity"":0.91,""address_similarity"":0.91,""landuse_similarity"":0.95,""gis_similarity"":0.78}","Likely candidate match based on parcel, survey, owner similarity and spatial comparison; not a legal ownership decision.",POSSIBLE_MATCH,SYNTHETIC DEMO DATA — NOT OFFICIAL GOVERNMENT RECORDS
MATCH-1748,P1748,0.913,0.913,MEDIUM,"{""owner_similarity"":0.84,""parcel_similarity"":1.0,""survey_similarity"":1.0,""area_similarity"":0.91,""address_similarity"":0.91,""landuse_similarity"":0.95,""gis_similarity"":0.78}","Likely candidate match based on parcel, survey, owner similarity and spatial comparison; not a legal ownership decision.",POSSIBLE_MATCH,SYNTHETIC DEMO DATA — NOT OFFICIAL GOVERNMENT RECORDS
MATCH-1749,P1749,0.883,0.883,MEDIUM,"{""owner_similarity"":0.96,""parcel_similarity"":1.0,""survey_similarity"":1.0,""area_similarity"":0.91,""address_similarity"":0.91,""landuse_similarity"":0.62,""gis_similarity"":0.78}","Likely candidate match based on parcel, survey, owner similarity and spatial comparison; not a legal ownership decision.",POSSIBLE_MATCH,SYNTHETIC DEMO DATA — NOT OFFICIAL GOVERNMENT RECORDS
MATCH-1750,P1750,0.93,0.93,MEDIUM,"{""owner_similarity"":0.96,""parcel_similarity"":1.0,""survey_similarity"":1.0,""area_similarity"":0.91,""address_similarity"":0.91,""landuse_similarity"":0.95,""gis_similarity"":0.78}","Likely candidate match based on parcel, survey, owner similarity and spatial comparison; not a legal ownership decision.",POSSIBLE_MATCH,SYNTHETIC DEMO DATA — NOT OFFICIAL GOVERNMENT RECORDS
MATCH-1751,P1751,0.93,0.93,MEDIUM,"{""owner_similarity"":0.96,""parcel_similarity"":1.0,""survey_similarity"":1.0,""area_similarity"":0.91,""address_similarity"":0.91,""landuse_similarity"":0.95,""gis_similarity"":0.78}","Likely candidate match based on parcel, survey, owner similarity and spatial comparison; not a legal ownership decision.",POSSIBLE_MATCH,SYNTHETIC DEMO DATA — NOT OFFICIAL GOVERNMENT RECORDS
MATCH-1752,P1752,0.93,0.93,MEDIUM,"{""owner_similarity"":0.96,""parcel_similarity"":1.0,""survey_similarity"":1.0,""area_similarity"":0.91,""address_similarity"":0.91,""landuse_similarity"":0.95,""gis_similarity"":0.78}","Likely candidate match based on parcel, survey, owner similarity and spatial comparison; not a legal ownership decision.",POSSIBLE_MATCH,SYNTHETIC DEMO DATA — NOT OFFICIAL GOVERNMENT RECORDS
MATCH-1753,P1753,0.93,0.93,MEDIUM,"{""owner_similarity"":0.96,""parcel_similarity"":1.0,""survey_similarity"":1.0,""area_similarity"":0.91,""address_similarity"":0.91,""landuse_similarity"":0.95,""gis_similarity"":0.78}","Likely candidate match based on parcel, survey, owner similarity and spatial comparison; not a legal ownership decision.",POSSIBLE_MATCH,SYNTHETIC DEMO DATA — NOT OFFICIAL GOVERNMENT RECORDS
MATCH-1754,P1754,0.93,0.93,MEDIUM,"{""owner_similarity"":0.96,""parcel_similarity"":1.0,""survey_similarity"":1.0,""area_similarity"":0.91,""address_similarity"":0.91,""landuse_similarity"":0.95,""gis_similarity"":0.78}","Likely candidate match based on parcel, survey, owner similarity and spatial comparison; not a legal ownership decision.",POSSIBLE_MATCH,SYNTHETIC DEMO DATA — NOT OFFICIAL GOVERNMENT RECORDS
MATCH-1755,P1755,0.93,0.93,MEDIUM,"{""owner_similarity"":0.96,""parcel_similarity"":1.0,""survey_similarity"":1.0,""area_similarity"":0.91,""address_similarity"":0.91,""landuse_similarity"":0.95,""gis_similarity"":0.78}","Likely candidate match based on parcel, survey, owner similarity and spatial comparison; not a legal ownership decision.",POSSIBLE_MATCH,SYNTHETIC DEMO DATA — NOT OFFICIAL GOVERNMENT RECORDS
MATCH-1756,P1756,0.93,0.93,MEDIUM,"{""owner_similarity"":0.96,""parcel_similarity"":1.0,""survey_similarity"":1.0,""area_similarity"":0.91,""address_similarity"":0.91,""landuse_similarity"":0.95,""gis_similarity"":0.78}","Likely candidate match based on parcel, survey, owner similarity and spatial comparison; not a legal ownership decision.",POSSIBLE_MATCH,SYNTHETIC DEMO DATA — NOT OFFICIAL GOVERNMENT RECORDS
MATCH-1757,P1757,0.913,0.913,MEDIUM,"{""owner_similarity"":0.84,""parcel_similarity"":1.0,""survey_similarity"":1.0,""area_similarity"":0.91,""address_similarity"":0.91,""landuse_similarity"":0.95,""gis_similarity"":0.78}","Likely candidate match based on parcel, survey, owner similarity and spatial comparison; not a legal ownership decision.",POSSIBLE_MATCH,SYNTHETIC DEMO DATA — NOT OFFICIAL GOVERNMENT RECORDS
MATCH-1758,P1758,0.93,0.93,MEDIUM,"{""owner_similarity"":0.96,""parcel_similarity"":1.0,""survey_similarity"":1.0,""area_similarity"":0.91,""address_similarity"":0.91,""landuse_similarity"":0.95,""gis_similarity"":0.78}","Likely candidate match based on parcel, survey, owner similarity and spatial comparison; not a legal ownership decision.",POSSIBLE_MATCH,SYNTHETIC DEMO DATA — NOT OFFICIAL GOVERNMENT RECORDS
MATCH-1759,P1759,0.93,0.93,MEDIUM,"{""owner_similarity"":0.96,""parcel_similarity"":1.0,""survey_similarity"":1.0,""area_similarity"":0.91,""address_similarity"":0.91,""landuse_similarity"":0.95,""gis_similarity"":0.78}","Likely candidate match based on parcel, survey, owner similarity and spatial comparison; not a legal ownership decision.",POSSIBLE_MATCH,SYNTHETIC DEMO DATA — NOT OFFICIAL GOVERNMENT RECORDS
MATCH-1760,P1760,0.93,0.93,MEDIUM,"{""owner_similarity"":0.96,""parcel_similarity"":1.0,""survey_similarity"":1.0,""area_similarity"":0.91,""address_similarity"":0.91,""landuse_similarity"":0.95,""gis_similarity"":0.78}","Likely candidate match based on parcel, survey, owner similarity and spatial comparison; not a legal ownership decision.",POSSIBLE_MATCH,SYNTHETIC DEMO DATA — NOT OFFICIAL GOVERNMENT RECORDS
MATCH-1761,P1761,0.93,0.93,MEDIUM,"{""owner_similarity"":0.96,""parcel_similarity"":1.0,""survey_similarity"":1.0,""area_similarity"":0.91,""address_similarity"":0.91,""landuse_similarity"":0.95,""gis_similarity"":0.78}","Likely candidate match based on parcel, survey, owner similarity and spatial comparison; not a legal ownership decision.",POSSIBLE_MATCH,SYNTHETIC DEMO DATA — NOT OFFICIAL GOVERNMENT RECORDS
MATCH-1762,P1762,0.93,0.93,MEDIUM,"{""owner_similarity"":0.96,""parcel_similarity"":1.0,""survey_similarity"":1.0,""area_similarity"":0.91,""address_similarity"":0.91,""landuse_similarity"":0.95,""gis_similarity"":0.78}","Likely candidate match based on parcel, survey, owner similarity and spatial comparison; not a legal ownership decision.",POSSIBLE_MATCH,SYNTHETIC DEMO DATA — NOT OFFICIAL GOVERNMENT RECORDS
MATCH-1763,P1763,0.93,0.93,MEDIUM,"{""owner_similarity"":0.96,""parcel_similarity"":1.0,""survey_similarity"":1.0,""area_similarity"":0.91,""address_similarity"":0.91,""landuse_similarity"":0.95,""gis_similarity"":0.78}","Likely candidate match based on parcel, survey, owner similarity and spatial comparison; not a legal ownership decision.",POSSIBLE_MATCH,SYNTHETIC DEMO DATA — NOT OFFICIAL GOVERNMENT RECORDS
MATCH-1764,P1764,0.93,0.93,MEDIUM,"{""owner_similarity"":0.96,""parcel_similarity"":1.0,""survey_similarity"":1.0,""area_similarity"":0.91,""address_similarity"":0.91,""landuse_similarity"":0.95,""gis_similarity"":0.78}","Likely candidate match based on parcel, survey, owner similarity and spatial comparison; not a legal ownership decision.",POSSIBLE_MATCH,SYNTHETIC DEMO DATA — NOT OFFICIAL GOVERNMENT RECORDS
MATCH-1765,P1765,0.93,0.93,MEDIUM,"{""owner_similarity"":0.96,""parcel_similarity"":1.0,""survey_similarity"":1.0,""area_similarity"":0.91,""address_similarity"":0.91,""landuse_similarity"":0.95,""gis_similarity"":0.78}","Likely candidate match based on parcel, survey, owner similarity and spatial comparison; not a legal ownership decision.",POSSIBLE_MATCH,SYNTHETIC DEMO DATA — NOT OFFICIAL GOVERNMENT RECORDS
MATCH-1766,P1766,0.866,0.866,MEDIUM,"{""owner_similarity"":0.84,""parcel_similarity"":1.0,""survey_similarity"":1.0,""area_similarity"":0.91,""address_similarity"":0.91,""landuse_similarity"":0.62,""gis_similarity"":0.78}","Likely candidate match based on parcel, survey, owner similarity and spatial comparison; not a legal ownership decision.",POSSIBLE_MATCH,SYNTHETIC DEMO DATA — NOT OFFICIAL GOVERNMENT RECORDS
MATCH-1767,P1767,0.93,0.93,MEDIUM,"{""owner_similarity"":0.96,""parcel_similarity"":1.0,""survey_similarity"":1.0,""area_similarity"":0.91,""address_similarity"":0.91,""landuse_similarity"":0.95,""gis_similarity"":0.78}","Likely candidate match based on parcel, survey, owner similarity and spatial comparison; not a legal ownership decision.",POSSIBLE_MATCH,SYNTHETIC DEMO DATA — NOT OFFICIAL GOVERNMENT RECORDS
MATCH-1768,P1768,0.93,0.93,MEDIUM,"{""owner_similarity"":0.96,""parcel_similarity"":1.0,""survey_similarity"":1.0,""area_similarity"":0.91,""address_similarity"":0.91,""landuse_similarity"":0.95,""gis_similarity"":0.78}","Likely candidate match based on parcel, survey, owner similarity and spatial comparison; not a legal ownership decision.",POSSIBLE_MATCH,SYNTHETIC DEMO DATA — NOT OFFICIAL GOVERNMENT RECORDS
MATCH-1769,P1769,0.93,0.93,MEDIUM,"{""owner_similarity"":0.96,""parcel_similarity"":1.0,""survey_similarity"":1.0,""area_similarity"":0.91,""address_similarity"":0.91,""landuse_similarity"":0.95,""gis_similarity"":0.78}","Likely candidate match based on parcel, survey, owner similarity and spatial comparison; not a legal ownership decision.",POSSIBLE_MATCH,SYNTHETIC DEMO DATA — NOT OFFICIAL GOVERNMENT RECORDS
MATCH-1770,P1770,0.93,0.93,MEDIUM,"{""owner_similarity"":0.96,""parcel_similarity"":1.0,""survey_similarity"":1.0,""area_similarity"":0.91,""address_similarity"":0.91,""landuse_similarity"":0.95,""gis_similarity"":0.78}","Likely candidate match based on parcel, survey, owner similarity and spatial comparison; not a legal ownership decision.",POSSIBLE_MATCH,SYNTHETIC DEMO DATA — NOT OFFICIAL GOVERNMENT RECORDS
MATCH-1771,P1771,0.93,0.93,MEDIUM,"{""owner_similarity"":0.96,""parcel_similarity"":1.0,""survey_similarity"":1.0,""area_similarity"":0.91,""address_similarity"":0.91,""landuse_similarity"":0.95,""gis_similarity"":0.78}","Likely candidate match based on parcel, survey, owner similarity and spatial comparison; not a legal ownership decision.",POSSIBLE_MATCH,SYNTHETIC DEMO DATA — NOT OFFICIAL GOVERNMENT RECORDS
MATCH-1772,P1772,0.93,0.93,MEDIUM,"{""owner_similarity"":0.96,""parcel_similarity"":1.0,""survey_similarity"":1.0,""area_similarity"":0.91,""address_similarity"":0.91,""landuse_similarity"":0.95,""gis_similarity"":0.78}","Likely candidate match based on parcel, survey, owner similarity and spatial comparison; not a legal ownership decision.",POSSIBLE_MATCH,SYNTHETIC DEMO DATA — NOT OFFICIAL GOVERNMENT RECORDS
MATCH-1773,P1773,0.93,0.93,MEDIUM,"{""owner_similarity"":0.96,""parcel_similarity"":1.0,""survey_similarity"":1.0,""area_similarity"":0.91,""address_similarity"":0.91,""landuse_similarity"":0.95,""gis_similarity"":0.78}","Likely candidate match based on parcel, survey, owner similarity and spatial comparison; not a legal ownership decision.",POSSIBLE_MATCH,SYNTHETIC DEMO DATA — NOT OFFICIAL GOVERNMENT RECORDS
MATCH-1774,P1774,0.93,0.93,MEDIUM,"{""owner_similarity"":0.96,""parcel_similarity"":1.0,""survey_similarity"":1.0,""area_similarity"":0.91,""address_similarity"":0.91,""landuse_similarity"":0.95,""gis_similarity"":0.78}","Likely candidate match based on parcel, survey, owner similarity and spatial comparison; not a legal ownership decision.",POSSIBLE_MATCH,SYNTHETIC DEMO DATA — NOT OFFICIAL GOVERNMENT RECORDS
MATCH-1775,P1775,0.913,0.913,MEDIUM,"{""owner_similarity"":0.84,""parcel_similarity"":1.0,""survey_similarity"":1.0,""area_similarity"":0.91,""address_similarity"":0.91,""landuse_similarity"":0.95,""gis_similarity"":0.78}","Likely candidate match based on parcel, survey, owner similarity and spatial comparison; not a legal ownership decision.",POSSIBLE_MATCH,SYNTHETIC DEMO DATA — NOT OFFICIAL GOVERNMENT RECORDS
MATCH-1776,P1776,0.93,0.93,MEDIUM,"{""owner_similarity"":0.96,""parcel_similarity"":1.0,""survey_similarity"":1.0,""area_similarity"":0.91,""address_similarity"":0.91,""landuse_similarity"":0.95,""gis_similarity"":0.78}","Likely candidate match based on parcel, survey, owner similarity and spatial comparison; not a legal ownership decision.",POSSIBLE_MATCH,SYNTHETIC DEMO DATA — NOT OFFICIAL GOVERNMENT RECORDS
MATCH-1777,P1777,0.93,0.93,MEDIUM,"{""owner_similarity"":0.96,""parcel_similarity"":1.0,""survey_similarity"":1.0,""area_similarity"":0.91,""address_similarity"":0.91,""landuse_similarity"":0.95,""gis_similarity"":0.78}","Likely candidate match based on parcel, survey, owner similarity and spatial comparison; not a legal ownership decision.",POSSIBLE_MATCH,SYNTHETIC DEMO DATA — NOT OFFICIAL GOVERNMENT RECORDS
MATCH-1778,P1778,0.93,0.93,MEDIUM,"{""owner_similarity"":0.96,""parcel_similarity"":1.0,""survey_similarity"":1.0,""area_similarity"":0.91,""address_similarity"":0.91,""landuse_similarity"":0.95,""gis_similarity"":0.78}","Likely candidate match based on parcel, survey, owner similarity and spatial comparison; not a legal ownership decision.",POSSIBLE_MATCH,SYNTHETIC DEMO DATA — NOT OFFICIAL GOVERNMENT RECORDS
MATCH-1779,P1779,0.93,0.93,MEDIUM,"{""owner_similarity"":0.96,""parcel_similarity"":1.0,""survey_similarity"":1.0,""area_similarity"":0.91,""address_similarity"":0.91,""landuse_similarity"":0.95,""gis_similarity"":0.78}","Likely candidate match based on parcel, survey, owner similarity and spatial comparison; not a legal ownership decision.",POSSIBLE_MATCH,SYNTHETIC DEMO DATA — NOT OFFICIAL GOVERNMENT RECORDS
MATCH-1780,P1780,0.93,0.93,MEDIUM,"{""owner_similarity"":0.96,""parcel_similarity"":1.0,""survey_similarity"":1.0,""area_similarity"":0.91,""address_similarity"":0.91,""landuse_similarity"":0.95,""gis_similarity"":0.78}","Likely candidate match based on parcel, survey, owner similarity and spatial comparison; not a legal ownership decision.",POSSIBLE_MATCH,SYNTHETIC DEMO DATA — NOT OFFICIAL GOVERNMENT RECORDS
MATCH-1781,P1781,0.93,0.93,MEDIUM,"{""owner_similarity"":0.96,""parcel_similarity"":1.0,""survey_similarity"":1.0,""area_similarity"":0.91,""address_similarity"":0.91,""landuse_similarity"":0.95,""gis_similarity"":0.78}","Likely candidate match based on parcel, survey, owner similarity and spatial comparison; not a legal ownership decision.",POSSIBLE_MATCH,SYNTHETIC DEMO DATA — NOT OFFICIAL GOVERNMENT RECORDS
MATCH-1782,P1782,0.93,0.93,MEDIUM,"{""owner_similarity"":0.96,""parcel_similarity"":1.0,""survey_similarity"":1.0,""area_similarity"":0.91,""address_similarity"":0.91,""landuse_similarity"":0.95,""gis_similarity"":0.78}","Likely candidate match based on parcel, survey, owner similarity and spatial comparison; not a legal ownership decision.",POSSIBLE_MATCH,SYNTHETIC DEMO DATA — NOT OFFICIAL GOVERNMENT RECORDS
MATCH-1783,P1783,0.883,0.883,MEDIUM,"{""owner_similarity"":0.96,""parcel_similarity"":1.0,""survey_similarity"":1.0,""area_similarity"":0.91,""address_similarity"":0.91,""landuse_similarity"":0.62,""gis_similarity"":0.78}","Likely candidate match based on parcel, survey, owner similarity and spatial comparison; not a legal ownership decision.",POSSIBLE_MATCH,SYNTHETIC DEMO DATA — NOT OFFICIAL GOVERNMENT RECORDS
MATCH-1784,P1784,0.913,0.913,MEDIUM,"{""owner_similarity"":0.84,""parcel_similarity"":1.0,""survey_similarity"":1.0,""area_similarity"":0.91,""address_similarity"":0.91,""landuse_similarity"":0.95,""gis_similarity"":0.78}","Likely candidate match based on parcel, survey, owner similarity and spatial comparison; not a legal ownership decision.",POSSIBLE_MATCH,SYNTHETIC DEMO DATA — NOT OFFICIAL GOVERNMENT RECORDS
MATCH-1785,P1785,0.93,0.93,MEDIUM,"{""owner_similarity"":0.96,""parcel_similarity"":1.0,""survey_similarity"":1.0,""area_similarity"":0.91,""address_similarity"":0.91,""landuse_similarity"":0.95,""gis_similarity"":0.78}","Likely candidate match based on parcel, survey, owner similarity and spatial comparison; not a legal ownership decision.",POSSIBLE_MATCH,SYNTHETIC DEMO DATA — NOT OFFICIAL GOVERNMENT RECORDS
MATCH-1786,P1786,0.93,0.93,MEDIUM,"{""owner_similarity"":0.96,""parcel_similarity"":1.0,""survey_similarity"":1.0,""area_similarity"":0.91,""address_similarity"":0.91,""landuse_similarity"":0.95,""gis_similarity"":0.78}","Likely candidate match based on parcel, survey, owner similarity and spatial comparison; not a legal ownership decision.",POSSIBLE_MATCH,SYNTHETIC DEMO DATA — NOT OFFICIAL GOVERNMENT RECORDS
MATCH-1787,P1787,0.93,0.93,MEDIUM,"{""owner_similarity"":0.96,""parcel_similarity"":1.0,""survey_similarity"":1.0,""area_similarity"":0.91,""address_similarity"":0.91,""landuse_similarity"":0.95,""gis_similarity"":0.78}","Likely candidate match based on parcel, survey, owner similarity and spatial comparison; not a legal ownership decision.",POSSIBLE_MATCH,SYNTHETIC DEMO DATA — NOT OFFICIAL GOVERNMENT RECORDS
MATCH-1788,P1788,0.93,0.93,MEDIUM,"{""owner_similarity"":0.96,""parcel_similarity"":1.0,""survey_similarity"":1.0,""area_similarity"":0.91,""address_similarity"":0.91,""landuse_similarity"":0.95,""gis_similarity"":0.78}","Likely candidate match based on parcel, survey, owner similarity and spatial comparison; not a legal ownership decision.",POSSIBLE_MATCH,SYNTHETIC DEMO DATA — NOT OFFICIAL GOVERNMENT RECORDS
MATCH-1789,P1789,0.93,0.93,MEDIUM,"{""owner_similarity"":0.96,""parcel_similarity"":1.0,""survey_similarity"":1.0,""area_similarity"":0.91,""address_similarity"":0.91,""landuse_similarity"":0.95,""gis_similarity"":0.78}","Likely candidate match based on parcel, survey, owner similarity and spatial comparison; not a legal ownership decision.",POSSIBLE_MATCH,SYNTHETIC DEMO DATA — NOT OFFICIAL GOVERNMENT RECORDS
MATCH-1790,P1790,0.93,0.93,MEDIUM,"{""owner_similarity"":0.96,""parcel_similarity"":1.0,""survey_similarity"":1.0,""area_similarity"":0.91,""address_similarity"":0.91,""landuse_similarity"":0.95,""gis_similarity"":0.78}","Likely candidate match based on parcel, survey, owner similarity and spatial comparison; not a legal ownership decision.",POSSIBLE_MATCH,SYNTHETIC DEMO DATA — NOT OFFICIAL GOVERNMENT RECORDS
MATCH-1791,P1791,0.93,0.93,MEDIUM,"{""owner_similarity"":0.96,""parcel_similarity"":1.0,""survey_similarity"":1.0,""area_similarity"":0.91,""address_similarity"":0.91,""landuse_similarity"":0.95,""gis_similarity"":0.78}","Likely candidate match based on parcel, survey, owner similarity and spatial comparison; not a legal ownership decision.",POSSIBLE_MATCH,SYNTHETIC DEMO DATA — NOT OFFICIAL GOVERNMENT RECORDS
MATCH-1792,P1792,0.93,0.93,MEDIUM,"{""owner_similarity"":0.96,""parcel_similarity"":1.0,""survey_similarity"":1.0,""area_similarity"":0.91,""address_similarity"":0.91,""landuse_similarity"":0.95,""gis_similarity"":0.78}","Likely candidate match based on parcel, survey, owner similarity and spatial comparison; not a legal ownership decision.",POSSIBLE_MATCH,SYNTHETIC DEMO DATA — NOT OFFICIAL GOVERNMENT RECORDS
MATCH-1793,P1793,0.913,0.913,MEDIUM,"{""owner_similarity"":0.84,""parcel_similarity"":1.0,""survey_similarity"":1.0,""area_similarity"":0.91,""address_similarity"":0.91,""landuse_similarity"":0.95,""gis_similarity"":0.78}","Likely candidate match based on parcel, survey, owner similarity and spatial comparison; not a legal ownership decision.",POSSIBLE_MATCH,SYNTHETIC DEMO DATA — NOT OFFICIAL GOVERNMENT RECORDS
MATCH-1794,P1794,0.93,0.93,MEDIUM,"{""owner_similarity"":0.96,""parcel_similarity"":1.0,""survey_similarity"":1.0,""area_similarity"":0.91,""address_similarity"":0.91,""landuse_similarity"":0.95,""gis_similarity"":0.78}","Likely candidate match based on parcel, survey, owner similarity and spatial comparison; not a legal ownership decision.",POSSIBLE_MATCH,SYNTHETIC DEMO DATA — NOT OFFICIAL GOVERNMENT RECORDS
MATCH-1795,P1795,0.93,0.93,MEDIUM,"{""owner_similarity"":0.96,""parcel_similarity"":1.0,""survey_similarity"":1.0,""area_similarity"":0.91,""address_similarity"":0.91,""landuse_similarity"":0.95,""gis_similarity"":0.78}","Likely candidate match based on parcel, survey, owner similarity and spatial comparison; not a legal ownership decision.",POSSIBLE_MATCH,SYNTHETIC DEMO DATA — NOT OFFICIAL GOVERNMENT RECORDS
MATCH-1796,P1796,0.93,0.93,MEDIUM,"{""owner_similarity"":0.96,""parcel_similarity"":1.0,""survey_similarity"":1.0,""area_similarity"":0.91,""address_similarity"":0.91,""landuse_similarity"":0.95,""gis_similarity"":0.78}","Likely candidate match based on parcel, survey, owner similarity and spatial comparison; not a legal ownership decision.",POSSIBLE_MATCH,SYNTHETIC DEMO DATA — NOT OFFICIAL GOVERNMENT RECORDS
MATCH-1797,P1797,0.93,0.93,MEDIUM,"{""owner_similarity"":0.96,""parcel_similarity"":1.0,""survey_similarity"":1.0,""area_similarity"":0.91,""address_similarity"":0.91,""landuse_similarity"":0.95,""gis_similarity"":0.78}","Likely candidate match based on parcel, survey, owner similarity and spatial comparison; not a legal ownership decision.",POSSIBLE_MATCH,SYNTHETIC DEMO DATA — NOT OFFICIAL GOVERNMENT RECORDS
MATCH-1798,P1798,0.93,0.93,MEDIUM,"{""owner_similarity"":0.96,""parcel_similarity"":1.0,""survey_similarity"":1.0,""area_similarity"":0.91,""address_similarity"":0.91,""landuse_similarity"":0.95,""gis_similarity"":0.78}","Likely candidate match based on parcel, survey, owner similarity and spatial comparison; not a legal ownership decision.",POSSIBLE_MATCH,SYNTHETIC DEMO DATA — NOT OFFICIAL GOVERNMENT RECORDS
MATCH-1799,P1799,0.93,0.93,MEDIUM,"{""owner_similarity"":0.96,""parcel_similarity"":1.0,""survey_similarity"":1.0,""area_similarity"":0.91,""address_similarity"":0.91,""landuse_similarity"":0.95,""gis_similarity"":0.78}","Likely candidate match based on parcel, survey, owner similarity and spatial comparison; not a legal ownership decision.",POSSIBLE_MATCH,SYNTHETIC DEMO DATA — NOT OFFICIAL GOVERNMENT RECORDS
MATCH-1800,P1800,0.883,0.883,MEDIUM,"{""owner_similarity"":0.96,""parcel_similarity"":1.0,""survey_similarity"":1.0,""area_similarity"":0.91,""address_similarity"":0.91,""landuse_similarity"":0.62,""gis_similarity"":0.78}","Likely candidate match based on parcel, survey, owner similarity and spatial comparison; not a legal ownership decision.",POSSIBLE_MATCH,SYNTHETIC DEMO DATA — NOT OFFICIAL GOVERNMENT RECORDS
MATCH-1801,P1801,0.93,0.93,MEDIUM,"{""owner_similarity"":0.96,""parcel_similarity"":1.0,""survey_similarity"":1.0,""area_similarity"":0.91,""address_similarity"":0.91,""landuse_similarity"":0.95,""gis_similarity"":0.78}","Likely candidate match based on parcel, survey, owner similarity and spatial comparison; not a legal ownership decision.",POSSIBLE_MATCH,SYNTHETIC DEMO DATA — NOT OFFICIAL GOVERNMENT RECORDS
MATCH-1802,P1802,0.913,0.913,MEDIUM,"{""owner_similarity"":0.84,""parcel_similarity"":1.0,""survey_similarity"":1.0,""area_similarity"":0.91,""address_similarity"":0.91,""landuse_similarity"":0.95,""gis_similarity"":0.78}","Likely candidate match based on parcel, survey, owner similarity and spatial comparison; not a legal ownership decision.",POSSIBLE_MATCH,SYNTHETIC DEMO DATA — NOT OFFICIAL GOVERNMENT RECORDS
MATCH-1803,P1803,0.93,0.93,MEDIUM,"{""owner_similarity"":0.96,""parcel_similarity"":1.0,""survey_similarity"":1.0,""area_similarity"":0.91,""address_similarity"":0.91,""landuse_similarity"":0.95,""gis_similarity"":0.78}","Likely candidate match based on parcel, survey, owner similarity and spatial comparison; not a legal ownership decision.",POSSIBLE_MATCH,SYNTHETIC DEMO DATA — NOT OFFICIAL GOVERNMENT RECORDS
MATCH-1804,P1804,0.93,0.93,MEDIUM,"{""owner_similarity"":0.96,""parcel_similarity"":1.0,""survey_similarity"":1.0,""area_similarity"":0.91,""address_similarity"":0.91,""landuse_similarity"":0.95,""gis_similarity"":0.78}","Likely candidate match based on parcel, survey, owner similarity and spatial comparison; not a legal ownership decision.",POSSIBLE_MATCH,SYNTHETIC DEMO DATA — NOT OFFICIAL GOVERNMENT RECORDS
MATCH-1805,P1805,0.93,0.93,MEDIUM,"{""owner_similarity"":0.96,""parcel_similarity"":1.0,""survey_similarity"":1.0,""area_similarity"":0.91,""address_similarity"":0.91,""landuse_similarity"":0.95,""gis_similarity"":0.78}","Likely candidate match based on parcel, survey, owner similarity and spatial comparison; not a legal ownership decision.",POSSIBLE_MATCH,SYNTHETIC DEMO DATA — NOT OFFICIAL GOVERNMENT RECORDS
MATCH-1806,P1806,0.93,0.93,MEDIUM,"{""owner_similarity"":0.96,""parcel_similarity"":1.0,""survey_similarity"":1.0,""area_similarity"":0.91,""address_similarity"":0.91,""landuse_similarity"":0.95,""gis_similarity"":0.78}","Likely candidate match based on parcel, survey, owner similarity and spatial comparison; not a legal ownership decision.",POSSIBLE_MATCH,SYNTHETIC DEMO DATA — NOT OFFICIAL GOVERNMENT RECORDS
MATCH-1807,P1807,0.93,0.93,MEDIUM,"{""owner_similarity"":0.96,""parcel_similarity"":1.0,""survey_similarity"":1.0,""area_similarity"":0.91,""address_similarity"":0.91,""landuse_similarity"":0.95,""gis_similarity"":0.78}","Likely candidate match based on parcel, survey, owner similarity and spatial comparison; not a legal ownership decision.",POSSIBLE_MATCH,SYNTHETIC DEMO DATA — NOT OFFICIAL GOVERNMENT RECORDS
MATCH-1808,P1808,0.93,0.93,MEDIUM,"{""owner_similarity"":0.96,""parcel_similarity"":1.0,""survey_similarity"":1.0,""area_similarity"":0.91,""address_similarity"":0.91,""landuse_similarity"":0.95,""gis_similarity"":0.78}","Likely candidate match based on parcel, survey, owner similarity and spatial comparison; not a legal ownership decision.",POSSIBLE_MATCH,SYNTHETIC DEMO DATA — NOT OFFICIAL GOVERNMENT RECORDS
MATCH-1809,P1809,0.93,0.93,MEDIUM,"{""owner_similarity"":0.96,""parcel_similarity"":1.0,""survey_similarity"":1.0,""area_similarity"":0.91,""address_similarity"":0.91,""landuse_similarity"":0.95,""gis_similarity"":0.78}","Likely candidate match based on parcel, survey, owner similarity and spatial comparison; not a legal ownership decision.",POSSIBLE_MATCH,SYNTHETIC DEMO DATA — NOT OFFICIAL GOVERNMENT RECORDS
MATCH-1810,P1810,0.93,0.93,MEDIUM,"{""owner_similarity"":0.96,""parcel_similarity"":1.0,""survey_similarity"":1.0,""area_similarity"":0.91,""address_similarity"":0.91,""landuse_similarity"":0.95,""gis_similarity"":0.78}","Likely candidate match based on parcel, survey, owner similarity and spatial comparison; not a legal ownership decision.",POSSIBLE_MATCH,SYNTHETIC DEMO DATA — NOT OFFICIAL GOVERNMENT RECORDS
MATCH-1811,P1811,0.913,0.913,MEDIUM,"{""owner_similarity"":0.84,""parcel_similarity"":1.0,""survey_similarity"":1.0,""area_similarity"":0.91,""address_similarity"":0.91,""landuse_similarity"":0.95,""gis_similarity"":0.78}","Likely candidate match based on parcel, survey, owner similarity and spatial comparison; not a legal ownership decision.",POSSIBLE_MATCH,SYNTHETIC DEMO DATA — NOT OFFICIAL GOVERNMENT RECORDS
MATCH-1812,P1812,0.93,0.93,MEDIUM,"{""owner_similarity"":0.96,""parcel_similarity"":1.0,""survey_similarity"":1.0,""area_similarity"":0.91,""address_similarity"":0.91,""landuse_similarity"":0.95,""gis_similarity"":0.78}","Likely candidate match based on parcel, survey, owner similarity and spatial comparison; not a legal ownership decision.",POSSIBLE_MATCH,SYNTHETIC DEMO DATA — NOT OFFICIAL GOVERNMENT RECORDS
MATCH-1813,P1813,0.93,0.93,MEDIUM,"{""owner_similarity"":0.96,""parcel_similarity"":1.0,""survey_similarity"":1.0,""area_similarity"":0.91,""address_similarity"":0.91,""landuse_similarity"":0.95,""gis_similarity"":0.78}","Likely candidate match based on parcel, survey, owner similarity and spatial comparison; not a legal ownership decision.",POSSIBLE_MATCH,SYNTHETIC DEMO DATA — NOT OFFICIAL GOVERNMENT RECORDS
MATCH-1814,P1814,0.93,0.93,MEDIUM,"{""owner_similarity"":0.96,""parcel_similarity"":1.0,""survey_similarity"":1.0,""area_similarity"":0.91,""address_similarity"":0.91,""landuse_similarity"":0.95,""gis_similarity"":0.78}","Likely candidate match based on parcel, survey, owner similarity and spatial comparison; not a legal ownership decision.",POSSIBLE_MATCH,SYNTHETIC DEMO DATA — NOT OFFICIAL GOVERNMENT RECORDS
MATCH-1815,P1815,0.93,0.93,MEDIUM,"{""owner_similarity"":0.96,""parcel_similarity"":1.0,""survey_similarity"":1.0,""area_similarity"":0.91,""address_similarity"":0.91,""landuse_similarity"":0.95,""gis_similarity"":0.78}","Likely candidate match based on parcel, survey, owner similarity and spatial comparison; not a legal ownership decision.",POSSIBLE_MATCH,SYNTHETIC DEMO DATA — NOT OFFICIAL GOVERNMENT RECORDS
MATCH-1816,P1816,0.93,0.93,MEDIUM,"{""owner_similarity"":0.96,""parcel_similarity"":1.0,""survey_similarity"":1.0,""area_similarity"":0.91,""address_similarity"":0.91,""landuse_similarity"":0.95,""gis_similarity"":0.78}","Likely candidate match based on parcel, survey, owner similarity and spatial comparison; not a legal ownership decision.",POSSIBLE_MATCH,SYNTHETIC DEMO DATA — NOT OFFICIAL GOVERNMENT RECORDS
MATCH-1817,P1817,0.883,0.883,MEDIUM,"{""owner_similarity"":0.96,""parcel_similarity"":1.0,""survey_similarity"":1.0,""area_similarity"":0.91,""address_similarity"":0.91,""landuse_similarity"":0.62,""gis_similarity"":0.78}","Likely candidate match based on parcel, survey, owner similarity and spatial comparison; not a legal ownership decision.",POSSIBLE_MATCH,SYNTHETIC DEMO DATA — NOT OFFICIAL GOVERNMENT RECORDS
MATCH-1818,P1818,0.93,0.93,MEDIUM,"{""owner_similarity"":0.96,""parcel_similarity"":1.0,""survey_similarity"":1.0,""area_similarity"":0.91,""address_similarity"":0.91,""landuse_similarity"":0.95,""gis_similarity"":0.78}","Likely candidate match based on parcel, survey, owner similarity and spatial comparison; not a legal ownership decision.",POSSIBLE_MATCH,SYNTHETIC DEMO DATA — NOT OFFICIAL GOVERNMENT RECORDS
MATCH-1819,P1819,0.93,0.93,MEDIUM,"{""owner_similarity"":0.96,""parcel_similarity"":1.0,""survey_similarity"":1.0,""area_similarity"":0.91,""address_similarity"":0.91,""landuse_similarity"":0.95,""gis_similarity"":0.78}","Likely candidate match based on parcel, survey, owner similarity and spatial comparison; not a legal ownership decision.",POSSIBLE_MATCH,SYNTHETIC DEMO DATA — NOT OFFICIAL GOVERNMENT RECORDS
MATCH-1820,P1820,0.913,0.913,MEDIUM,"{""owner_similarity"":0.84,""parcel_similarity"":1.0,""survey_similarity"":1.0,""area_similarity"":0.91,""address_similarity"":0.91,""landuse_similarity"":0.95,""gis_similarity"":0.78}","Likely candidate match based on parcel, survey, owner similarity and spatial comparison; not a legal ownership decision.",POSSIBLE_MATCH,SYNTHETIC DEMO DATA — NOT OFFICIAL GOVERNMENT RECORDS
MATCH-1821,P1821,0.93,0.93,MEDIUM,"{""owner_similarity"":0.96,""parcel_similarity"":1.0,""survey_similarity"":1.0,""area_similarity"":0.91,""address_similarity"":0.91,""landuse_similarity"":0.95,""gis_similarity"":0.78}","Likely candidate match based on parcel, survey, owner similarity and spatial comparison; not a legal ownership decision.",POSSIBLE_MATCH,SYNTHETIC DEMO DATA — NOT OFFICIAL GOVERNMENT RECORDS
MATCH-1822,P1822,0.93,0.93,MEDIUM,"{""owner_similarity"":0.96,""parcel_similarity"":1.0,""survey_similarity"":1.0,""area_similarity"":0.91,""address_similarity"":0.91,""landuse_similarity"":0.95,""gis_similarity"":0.78}","Likely candidate match based on parcel, survey, owner similarity and spatial comparison; not a legal ownership decision.",POSSIBLE_MATCH,SYNTHETIC DEMO DATA — NOT OFFICIAL GOVERNMENT RECORDS
MATCH-1823,P1823,0.93,0.93,MEDIUM,"{""owner_similarity"":0.96,""parcel_similarity"":1.0,""survey_similarity"":1.0,""area_similarity"":0.91,""address_similarity"":0.91,""landuse_similarity"":0.95,""gis_similarity"":0.78}","Likely candidate match based on parcel, survey, owner similarity and spatial comparison; not a legal ownership decision.",POSSIBLE_MATCH,SYNTHETIC DEMO DATA — NOT OFFICIAL GOVERNMENT RECORDS
MATCH-1824,P1824,0.93,0.93,MEDIUM,"{""owner_similarity"":0.96,""parcel_similarity"":1.0,""survey_similarity"":1.0,""area_similarity"":0.91,""address_similarity"":0.91,""landuse_similarity"":0.95,""gis_similarity"":0.78}","Likely candidate match based on parcel, survey, owner similarity and spatial comparison; not a legal ownership decision.",POSSIBLE_MATCH,SYNTHETIC DEMO DATA — NOT OFFICIAL GOVERNMENT RECORDS
MATCH-1825,P1825,0.93,0.93,MEDIUM,"{""owner_similarity"":0.96,""parcel_similarity"":1.0,""survey_similarity"":1.0,""area_similarity"":0.91,""address_similarity"":0.91,""landuse_similarity"":0.95,""gis_similarity"":0.78}","Likely candidate match based on parcel, survey, owner similarity and spatial comparison; not a legal ownership decision.",POSSIBLE_MATCH,SYNTHETIC DEMO DATA — NOT OFFICIAL GOVERNMENT RECORDS
MATCH-1826,P1826,0.93,0.93,MEDIUM,"{""owner_similarity"":0.96,""parcel_similarity"":1.0,""survey_similarity"":1.0,""area_similarity"":0.91,""address_similarity"":0.91,""landuse_similarity"":0.95,""gis_similarity"":0.78}","Likely candidate match based on parcel, survey, owner similarity and spatial comparison; not a legal ownership decision.",POSSIBLE_MATCH,SYNTHETIC DEMO DATA — NOT OFFICIAL GOVERNMENT RECORDS
MATCH-1827,P1827,0.93,0.93,MEDIUM,"{""owner_similarity"":0.96,""parcel_similarity"":1.0,""survey_similarity"":1.0,""area_similarity"":0.91,""address_similarity"":0.91,""landuse_similarity"":0.95,""gis_similarity"":0.78}","Likely candidate match based on parcel, survey, owner similarity and spatial comparison; not a legal ownership decision.",POSSIBLE_MATCH,SYNTHETIC DEMO DATA — NOT OFFICIAL GOVERNMENT RECORDS
MATCH-1828,P1828,0.93,0.93,MEDIUM,"{""owner_similarity"":0.96,""parcel_similarity"":1.0,""survey_similarity"":1.0,""area_similarity"":0.91,""address_similarity"":0.91,""landuse_similarity"":0.95,""gis_similarity"":0.78}","Likely candidate match based on parcel, survey, owner similarity and spatial comparison; not a legal ownership decision.",POSSIBLE_MATCH,SYNTHETIC DEMO DATA — NOT OFFICIAL GOVERNMENT RECORDS
MATCH-1829,P1829,0.913,0.913,MEDIUM,"{""owner_similarity"":0.84,""parcel_similarity"":1.0,""survey_similarity"":1.0,""area_similarity"":0.91,""address_similarity"":0.91,""landuse_similarity"":0.95,""gis_similarity"":0.78}","Likely candidate match based on parcel, survey, owner similarity and spatial comparison; not a legal ownership decision.",POSSIBLE_MATCH,SYNTHETIC DEMO DATA — NOT OFFICIAL GOVERNMENT RECORDS
MATCH-1830,P1830,0.93,0.93,MEDIUM,"{""owner_similarity"":0.96,""parcel_similarity"":1.0,""survey_similarity"":1.0,""area_similarity"":0.91,""address_similarity"":0.91,""landuse_similarity"":0.95,""gis_similarity"":0.78}","Likely candidate match based on parcel, survey, owner similarity and spatial comparison; not a legal ownership decision.",POSSIBLE_MATCH,SYNTHETIC DEMO DATA — NOT OFFICIAL GOVERNMENT RECORDS
MATCH-1831,P1831,0.93,0.93,MEDIUM,"{""owner_similarity"":0.96,""parcel_similarity"":1.0,""survey_similarity"":1.0,""area_similarity"":0.91,""address_similarity"":0.91,""landuse_similarity"":0.95,""gis_similarity"":0.78}","Likely candidate match based on parcel, survey, owner similarity and spatial comparison; not a legal ownership decision.",POSSIBLE_MATCH,SYNTHETIC DEMO DATA — NOT OFFICIAL GOVERNMENT RECORDS
MATCH-1832,P1832,0.93,0.93,MEDIUM,"{""owner_similarity"":0.96,""parcel_similarity"":1.0,""survey_similarity"":1.0,""area_similarity"":0.91,""address_similarity"":0.91,""landuse_similarity"":0.95,""gis_similarity"":0.78}","Likely candidate match based on parcel, survey, owner similarity and spatial comparison; not a legal ownership decision.",POSSIBLE_MATCH,SYNTHETIC DEMO DATA — NOT OFFICIAL GOVERNMENT RECORDS
MATCH-1833,P1833,0.93,0.93,MEDIUM,"{""owner_similarity"":0.96,""parcel_similarity"":1.0,""survey_similarity"":1.0,""area_similarity"":0.91,""address_similarity"":0.91,""landuse_similarity"":0.95,""gis_similarity"":0.78}","Likely candidate match based on parcel, survey, owner similarity and spatial comparison; not a legal ownership decision.",POSSIBLE_MATCH,SYNTHETIC DEMO DATA — NOT OFFICIAL GOVERNMENT RECORDS
MATCH-1834,P1834,0.883,0.883,MEDIUM,"{""owner_similarity"":0.96,""parcel_similarity"":1.0,""survey_similarity"":1.0,""area_similarity"":0.91,""address_similarity"":0.91,""landuse_similarity"":0.62,""gis_similarity"":0.78}","Likely candidate match based on parcel, survey, owner similarity and spatial comparison; not a legal ownership decision.",POSSIBLE_MATCH,SYNTHETIC DEMO DATA — NOT OFFICIAL GOVERNMENT RECORDS
MATCH-1835,P1835,0.93,0.93,MEDIUM,"{""owner_similarity"":0.96,""parcel_similarity"":1.0,""survey_similarity"":1.0,""area_similarity"":0.91,""address_similarity"":0.91,""landuse_similarity"":0.95,""gis_similarity"":0.78}","Likely candidate match based on parcel, survey, owner similarity and spatial comparison; not a legal ownership decision.",POSSIBLE_MATCH,SYNTHETIC DEMO DATA — NOT OFFICIAL GOVERNMENT RECORDS
MATCH-1836,P1836,0.93,0.93,MEDIUM,"{""owner_similarity"":0.96,""parcel_similarity"":1.0,""survey_similarity"":1.0,""area_similarity"":0.91,""address_similarity"":0.91,""landuse_similarity"":0.95,""gis_similarity"":0.78}","Likely candidate match based on parcel, survey, owner similarity and spatial comparison; not a legal ownership decision.",POSSIBLE_MATCH,SYNTHETIC DEMO DATA — NOT OFFICIAL GOVERNMENT RECORDS
MATCH-1837,P1837,0.93,0.93,MEDIUM,"{""owner_similarity"":0.96,""parcel_similarity"":1.0,""survey_similarity"":1.0,""area_similarity"":0.91,""address_similarity"":0.91,""landuse_similarity"":0.95,""gis_similarity"":0.78}","Likely candidate match based on parcel, survey, owner similarity and spatial comparison; not a legal ownership decision.",POSSIBLE_MATCH,SYNTHETIC DEMO DATA — NOT OFFICIAL GOVERNMENT RECORDS
MATCH-1838,P1838,0.913,0.913,MEDIUM,"{""owner_similarity"":0.84,""parcel_similarity"":1.0,""survey_similarity"":1.0,""area_similarity"":0.91,""address_similarity"":0.91,""landuse_similarity"":0.95,""gis_similarity"":0.78}","Likely candidate match based on parcel, survey, owner similarity and spatial comparison; not a legal ownership decision.",POSSIBLE_MATCH,SYNTHETIC DEMO DATA — NOT OFFICIAL GOVERNMENT RECORDS
MATCH-1839,P1839,0.93,0.93,MEDIUM,"{""owner_similarity"":0.96,""parcel_similarity"":1.0,""survey_similarity"":1.0,""area_similarity"":0.91,""address_similarity"":0.91,""landuse_similarity"":0.95,""gis_similarity"":0.78}","Likely candidate match based on parcel, survey, owner similarity and spatial comparison; not a legal ownership decision.",POSSIBLE_MATCH,SYNTHETIC DEMO DATA — NOT OFFICIAL GOVERNMENT RECORDS
MATCH-1840,P1840,0.93,0.93,MEDIUM,"{""owner_similarity"":0.96,""parcel_similarity"":1.0,""survey_similarity"":1.0,""area_similarity"":0.91,""address_similarity"":0.91,""landuse_similarity"":0.95,""gis_similarity"":0.78}","Likely candidate match based on parcel, survey, owner similarity and spatial comparison; not a legal ownership decision.",POSSIBLE_MATCH,SYNTHETIC DEMO DATA — NOT OFFICIAL GOVERNMENT RECORDS
MATCH-1841,P1841,0.93,0.93,MEDIUM,"{""owner_similarity"":0.96,""parcel_similarity"":1.0,""survey_similarity"":1.0,""area_similarity"":0.91,""address_similarity"":0.91,""landuse_similarity"":0.95,""gis_similarity"":0.78}","Likely candidate match based on parcel, survey, owner similarity and spatial comparison; not a legal ownership decision.",POSSIBLE_MATCH,SYNTHETIC DEMO DATA — NOT OFFICIAL GOVERNMENT RECORDS
MATCH-1842,P1842,0.93,0.93,MEDIUM,"{""owner_similarity"":0.96,""parcel_similarity"":1.0,""survey_similarity"":1.0,""area_similarity"":0.91,""address_similarity"":0.91,""landuse_similarity"":0.95,""gis_similarity"":0.78}","Likely candidate match based on parcel, survey, owner similarity and spatial comparison; not a legal ownership decision.",POSSIBLE_MATCH,SYNTHETIC DEMO DATA — NOT OFFICIAL GOVERNMENT RECORDS
MATCH-1843,P1843,0.93,0.93,MEDIUM,"{""owner_similarity"":0.96,""parcel_similarity"":1.0,""survey_similarity"":1.0,""area_similarity"":0.91,""address_similarity"":0.91,""landuse_similarity"":0.95,""gis_similarity"":0.78}","Likely candidate match based on parcel, survey, owner similarity and spatial comparison; not a legal ownership decision.",POSSIBLE_MATCH,SYNTHETIC DEMO DATA — NOT OFFICIAL GOVERNMENT RECORDS
MATCH-1844,P1844,0.93,0.93,MEDIUM,"{""owner_similarity"":0.96,""parcel_similarity"":1.0,""survey_similarity"":1.0,""area_similarity"":0.91,""address_similarity"":0.91,""landuse_similarity"":0.95,""gis_similarity"":0.78}","Likely candidate match based on parcel, survey, owner similarity and spatial comparison; not a legal ownership decision.",POSSIBLE_MATCH,SYNTHETIC DEMO DATA — NOT OFFICIAL GOVERNMENT RECORDS
MATCH-1845,P1845,0.93,0.93,MEDIUM,"{""owner_similarity"":0.96,""parcel_similarity"":1.0,""survey_similarity"":1.0,""area_similarity"":0.91,""address_similarity"":0.91,""landuse_similarity"":0.95,""gis_similarity"":0.78}","Likely candidate match based on parcel, survey, owner similarity and spatial comparison; not a legal ownership decision.",POSSIBLE_MATCH,SYNTHETIC DEMO DATA — NOT OFFICIAL GOVERNMENT RECORDS
MATCH-1846,P1846,0.93,0.93,MEDIUM,"{""owner_similarity"":0.96,""parcel_similarity"":1.0,""survey_similarity"":1.0,""area_similarity"":0.91,""address_similarity"":0.91,""landuse_similarity"":0.95,""gis_similarity"":0.78}","Likely candidate match based on parcel, survey, owner similarity and spatial comparison; not a legal ownership decision.",POSSIBLE_MATCH,SYNTHETIC DEMO DATA — NOT OFFICIAL GOVERNMENT RECORDS
MATCH-1847,P1847,0.913,0.913,MEDIUM,"{""owner_similarity"":0.84,""parcel_similarity"":1.0,""survey_similarity"":1.0,""area_similarity"":0.91,""address_similarity"":0.91,""landuse_similarity"":0.95,""gis_similarity"":0.78}","Likely candidate match based on parcel, survey, owner similarity and spatial comparison; not a legal ownership decision.",POSSIBLE_MATCH,SYNTHETIC DEMO DATA — NOT OFFICIAL GOVERNMENT RECORDS
MATCH-1848,P1848,0.93,0.93,MEDIUM,"{""owner_similarity"":0.96,""parcel_similarity"":1.0,""survey_similarity"":1.0,""area_similarity"":0.91,""address_similarity"":0.91,""landuse_similarity"":0.95,""gis_similarity"":0.78}","Likely candidate match based on parcel, survey, owner similarity and spatial comparison; not a legal ownership decision.",POSSIBLE_MATCH,SYNTHETIC DEMO DATA — NOT OFFICIAL GOVERNMENT RECORDS
MATCH-1849,P1849,0.93,0.93,MEDIUM,"{""owner_similarity"":0.96,""parcel_similarity"":1.0,""survey_similarity"":1.0,""area_similarity"":0.91,""address_similarity"":0.91,""landuse_similarity"":0.95,""gis_similarity"":0.78}","Likely candidate match based on parcel, survey, owner similarity and spatial comparison; not a legal ownership decision.",POSSIBLE_MATCH,SYNTHETIC DEMO DATA — NOT OFFICIAL GOVERNMENT RECORDS
MATCH-1850,P1850,0.93,0.93,MEDIUM,"{""owner_similarity"":0.96,""parcel_similarity"":1.0,""survey_similarity"":1.0,""area_similarity"":0.91,""address_similarity"":0.91,""landuse_similarity"":0.95,""gis_similarity"":0.78}","Likely candidate match based on parcel, survey, owner similarity and spatial comparison; not a legal ownership decision.",POSSIBLE_MATCH,SYNTHETIC DEMO DATA — NOT OFFICIAL GOVERNMENT RECORDS
MATCH-1851,P1851,0.883,0.883,MEDIUM,"{""owner_similarity"":0.96,""parcel_similarity"":1.0,""survey_similarity"":1.0,""area_similarity"":0.91,""address_similarity"":0.91,""landuse_similarity"":0.62,""gis_similarity"":0.78}","Likely candidate match based on parcel, survey, owner similarity and spatial comparison; not a legal ownership decision.",POSSIBLE_MATCH,SYNTHETIC DEMO DATA — NOT OFFICIAL GOVERNMENT RECORDS
MATCH-1852,P1852,0.93,0.93,MEDIUM,"{""owner_similarity"":0.96,""parcel_similarity"":1.0,""survey_similarity"":1.0,""area_similarity"":0.91,""address_similarity"":0.91,""landuse_similarity"":0.95,""gis_similarity"":0.78}","Likely candidate match based on parcel, survey, owner similarity and spatial comparison; not a legal ownership decision.",POSSIBLE_MATCH,SYNTHETIC DEMO DATA — NOT OFFICIAL GOVERNMENT RECORDS
MATCH-1853,P1853,0.93,0.93,MEDIUM,"{""owner_similarity"":0.96,""parcel_similarity"":1.0,""survey_similarity"":1.0,""area_similarity"":0.91,""address_similarity"":0.91,""landuse_similarity"":0.95,""gis_similarity"":0.78}","Likely candidate match based on parcel, survey, owner similarity and spatial comparison; not a legal ownership decision.",POSSIBLE_MATCH,SYNTHETIC DEMO DATA — NOT OFFICIAL GOVERNMENT RECORDS
MATCH-1854,P1854,0.93,0.93,MEDIUM,"{""owner_similarity"":0.96,""parcel_similarity"":1.0,""survey_similarity"":1.0,""area_similarity"":0.91,""address_similarity"":0.91,""landuse_similarity"":0.95,""gis_similarity"":0.78}","Likely candidate match based on parcel, survey, owner similarity and spatial comparison; not a legal ownership decision.",POSSIBLE_MATCH,SYNTHETIC DEMO DATA — NOT OFFICIAL GOVERNMENT RECORDS
MATCH-1855,P1855,0.93,0.93,MEDIUM,"{""owner_similarity"":0.96,""parcel_similarity"":1.0,""survey_similarity"":1.0,""area_similarity"":0.91,""address_similarity"":0.91,""landuse_similarity"":0.95,""gis_similarity"":0.78}","Likely candidate match based on parcel, survey, owner similarity and spatial comparison; not a legal ownership decision.",POSSIBLE_MATCH,SYNTHETIC DEMO DATA — NOT OFFICIAL GOVERNMENT RECORDS
MATCH-1856,P1856,0.913,0.913,MEDIUM,"{""owner_similarity"":0.84,""parcel_similarity"":1.0,""survey_similarity"":1.0,""area_similarity"":0.91,""address_similarity"":0.91,""landuse_similarity"":0.95,""gis_similarity"":0.78}","Likely candidate match based on parcel, survey, owner similarity and spatial comparison; not a legal ownership decision.",POSSIBLE_MATCH,SYNTHETIC DEMO DATA — NOT OFFICIAL GOVERNMENT RECORDS
MATCH-1857,P1857,0.93,0.93,MEDIUM,"{""owner_similarity"":0.96,""parcel_similarity"":1.0,""survey_similarity"":1.0,""area_similarity"":0.91,""address_similarity"":0.91,""landuse_similarity"":0.95,""gis_similarity"":0.78}","Likely candidate match based on parcel, survey, owner similarity and spatial comparison; not a legal ownership decision.",POSSIBLE_MATCH,SYNTHETIC DEMO DATA — NOT OFFICIAL GOVERNMENT RECORDS
MATCH-1858,P1858,0.93,0.93,MEDIUM,"{""owner_similarity"":0.96,""parcel_similarity"":1.0,""survey_similarity"":1.0,""area_similarity"":0.91,""address_similarity"":0.91,""landuse_similarity"":0.95,""gis_similarity"":0.78}","Likely candidate match based on parcel, survey, owner similarity and spatial comparison; not a legal ownership decision.",POSSIBLE_MATCH,SYNTHETIC DEMO DATA — NOT OFFICIAL GOVERNMENT RECORDS
MATCH-1859,P1859,0.93,0.93,MEDIUM,"{""owner_similarity"":0.96,""parcel_similarity"":1.0,""survey_similarity"":1.0,""area_similarity"":0.91,""address_similarity"":0.91,""landuse_similarity"":0.95,""gis_similarity"":0.78}","Likely candidate match based on parcel, survey, owner similarity and spatial comparison; not a legal ownership decision.",POSSIBLE_MATCH,SYNTHETIC DEMO DATA — NOT OFFICIAL GOVERNMENT RECORDS
MATCH-1860,P1860,0.93,0.93,MEDIUM,"{""owner_similarity"":0.96,""parcel_similarity"":1.0,""survey_similarity"":1.0,""area_similarity"":0.91,""address_similarity"":0.91,""landuse_similarity"":0.95,""gis_similarity"":0.78}","Likely candidate match based on parcel, survey, owner similarity and spatial comparison; not a legal ownership decision.",POSSIBLE_MATCH,SYNTHETIC DEMO DATA — NOT OFFICIAL GOVERNMENT RECORDS
MATCH-1861,P1861,0.93,0.93,MEDIUM,"{""owner_similarity"":0.96,""parcel_similarity"":1.0,""survey_similarity"":1.0,""area_similarity"":0.91,""address_similarity"":0.91,""landuse_similarity"":0.95,""gis_similarity"":0.78}","Likely candidate match based on parcel, survey, owner similarity and spatial comparison; not a legal ownership decision.",POSSIBLE_MATCH,SYNTHETIC DEMO DATA — NOT OFFICIAL GOVERNMENT RECORDS
MATCH-1862,P1862,0.93,0.93,MEDIUM,"{""owner_similarity"":0.96,""parcel_similarity"":1.0,""survey_similarity"":1.0,""area_similarity"":0.91,""address_similarity"":0.91,""landuse_similarity"":0.95,""gis_similarity"":0.78}","Likely candidate match based on parcel, survey, owner similarity and spatial comparison; not a legal ownership decision.",POSSIBLE_MATCH,SYNTHETIC DEMO DATA — NOT OFFICIAL GOVERNMENT RECORDS
MATCH-1863,P1863,0.93,0.93,MEDIUM,"{""owner_similarity"":0.96,""parcel_similarity"":1.0,""survey_similarity"":1.0,""area_similarity"":0.91,""address_similarity"":0.91,""landuse_similarity"":0.95,""gis_similarity"":0.78}","Likely candidate match based on parcel, survey, owner similarity and spatial comparison; not a legal ownership decision.",POSSIBLE_MATCH,SYNTHETIC DEMO DATA — NOT OFFICIAL GOVERNMENT RECORDS
MATCH-1864,P1864,0.93,0.93,MEDIUM,"{""owner_similarity"":0.96,""parcel_similarity"":1.0,""survey_similarity"":1.0,""area_similarity"":0.91,""address_similarity"":0.91,""landuse_similarity"":0.95,""gis_similarity"":0.78}","Likely candidate match based on parcel, survey, owner similarity and spatial comparison; not a legal ownership decision.",POSSIBLE_MATCH,SYNTHETIC DEMO DATA — NOT OFFICIAL GOVERNMENT RECORDS
MATCH-1865,P1865,0.913,0.913,MEDIUM,"{""owner_similarity"":0.84,""parcel_similarity"":1.0,""survey_similarity"":1.0,""area_similarity"":0.91,""address_similarity"":0.91,""landuse_similarity"":0.95,""gis_similarity"":0.78}","Likely candidate match based on parcel, survey, owner similarity and spatial comparison; not a legal ownership decision.",POSSIBLE_MATCH,SYNTHETIC DEMO DATA — NOT OFFICIAL GOVERNMENT RECORDS
MATCH-1866,P1866,0.93,0.93,MEDIUM,"{""owner_similarity"":0.96,""parcel_similarity"":1.0,""survey_similarity"":1.0,""area_similarity"":0.91,""address_similarity"":0.91,""landuse_similarity"":0.95,""gis_similarity"":0.78}","Likely candidate match based on parcel, survey, owner similarity and spatial comparison; not a legal ownership decision.",POSSIBLE_MATCH,SYNTHETIC DEMO DATA — NOT OFFICIAL GOVERNMENT RECORDS
MATCH-1867,P1867,0.93,0.93,MEDIUM,"{""owner_similarity"":0.96,""parcel_similarity"":1.0,""survey_similarity"":1.0,""area_similarity"":0.91,""address_similarity"":0.91,""landuse_similarity"":0.95,""gis_similarity"":0.78}","Likely candidate match based on parcel, survey, owner similarity and spatial comparison; not a legal ownership decision.",POSSIBLE_MATCH,SYNTHETIC DEMO DATA — NOT OFFICIAL GOVERNMENT RECORDS
MATCH-1868,P1868,0.883,0.883,MEDIUM,"{""owner_similarity"":0.96,""parcel_similarity"":1.0,""survey_similarity"":1.0,""area_similarity"":0.91,""address_similarity"":0.91,""landuse_similarity"":0.62,""gis_similarity"":0.78}","Likely candidate match based on parcel, survey, owner similarity and spatial comparison; not a legal ownership decision.",POSSIBLE_MATCH,SYNTHETIC DEMO DATA — NOT OFFICIAL GOVERNMENT RECORDS
MATCH-1869,P1869,0.93,0.93,MEDIUM,"{""owner_similarity"":0.96,""parcel_similarity"":1.0,""survey_similarity"":1.0,""area_similarity"":0.91,""address_similarity"":0.91,""landuse_similarity"":0.95,""gis_similarity"":0.78}","Likely candidate match based on parcel, survey, owner similarity and spatial comparison; not a legal ownership decision.",POSSIBLE_MATCH,SYNTHETIC DEMO DATA — NOT OFFICIAL GOVERNMENT RECORDS
MATCH-1870,P1870,0.93,0.93,MEDIUM,"{""owner_similarity"":0.96,""parcel_similarity"":1.0,""survey_similarity"":1.0,""area_similarity"":0.91,""address_similarity"":0.91,""landuse_similarity"":0.95,""gis_similarity"":0.78}","Likely candidate match based on parcel, survey, owner similarity and spatial comparison; not a legal ownership decision.",POSSIBLE_MATCH,SYNTHETIC DEMO DATA — NOT OFFICIAL GOVERNMENT RECORDS
MATCH-1871,P1871,0.93,0.93,MEDIUM,"{""owner_similarity"":0.96,""parcel_similarity"":1.0,""survey_similarity"":1.0,""area_similarity"":0.91,""address_similarity"":0.91,""landuse_similarity"":0.95,""gis_similarity"":0.78}","Likely candidate match based on parcel, survey, owner similarity and spatial comparison; not a legal ownership decision.",POSSIBLE_MATCH,SYNTHETIC DEMO DATA — NOT OFFICIAL GOVERNMENT RECORDS
MATCH-1872,P1872,0.93,0.93,MEDIUM,"{""owner_similarity"":0.96,""parcel_similarity"":1.0,""survey_similarity"":1.0,""area_similarity"":0.91,""address_similarity"":0.91,""landuse_similarity"":0.95,""gis_similarity"":0.78}","Likely candidate match based on parcel, survey, owner similarity and spatial comparison; not a legal ownership decision.",POSSIBLE_MATCH,SYNTHETIC DEMO DATA — NOT OFFICIAL GOVERNMENT RECORDS
MATCH-1873,P1873,0.93,0.93,MEDIUM,"{""owner_similarity"":0.96,""parcel_similarity"":1.0,""survey_similarity"":1.0,""area_similarity"":0.91,""address_similarity"":0.91,""landuse_similarity"":0.95,""gis_similarity"":0.78}","Likely candidate match based on parcel, survey, owner similarity and spatial comparison; not a legal ownership decision.",POSSIBLE_MATCH,SYNTHETIC DEMO DATA — NOT OFFICIAL GOVERNMENT RECORDS
MATCH-1874,P1874,0.913,0.913,MEDIUM,"{""owner_similarity"":0.84,""parcel_similarity"":1.0,""survey_similarity"":1.0,""area_similarity"":0.91,""address_similarity"":0.91,""landuse_similarity"":0.95,""gis_similarity"":0.78}","Likely candidate match based on parcel, survey, owner similarity and spatial comparison; not a legal ownership decision.",POSSIBLE_MATCH,SYNTHETIC DEMO DATA — NOT OFFICIAL GOVERNMENT RECORDS
MATCH-1875,P1875,0.93,0.93,MEDIUM,"{""owner_similarity"":0.96,""parcel_similarity"":1.0,""survey_similarity"":1.0,""area_similarity"":0.91,""address_similarity"":0.91,""landuse_similarity"":0.95,""gis_similarity"":0.78}","Likely candidate match based on parcel, survey, owner similarity and spatial comparison; not a legal ownership decision.",POSSIBLE_MATCH,SYNTHETIC DEMO DATA — NOT OFFICIAL GOVERNMENT RECORDS
MATCH-1876,P1876,0.93,0.93,MEDIUM,"{""owner_similarity"":0.96,""parcel_similarity"":1.0,""survey_similarity"":1.0,""area_similarity"":0.91,""address_similarity"":0.91,""landuse_similarity"":0.95,""gis_similarity"":0.78}","Likely candidate match based on parcel, survey, owner similarity and spatial comparison; not a legal ownership decision.",POSSIBLE_MATCH,SYNTHETIC DEMO DATA — NOT OFFICIAL GOVERNMENT RECORDS
MATCH-1877,P1877,0.93,0.93,MEDIUM,"{""owner_similarity"":0.96,""parcel_similarity"":1.0,""survey_similarity"":1.0,""area_similarity"":0.91,""address_similarity"":0.91,""landuse_similarity"":0.95,""gis_similarity"":0.78}","Likely candidate match based on parcel, survey, owner similarity and spatial comparison; not a legal ownership decision.",POSSIBLE_MATCH,SYNTHETIC DEMO DATA — NOT OFFICIAL GOVERNMENT RECORDS
MATCH-1878,P1878,0.93,0.93,MEDIUM,"{""owner_similarity"":0.96,""parcel_similarity"":1.0,""survey_similarity"":1.0,""area_similarity"":0.91,""address_similarity"":0.91,""landuse_similarity"":0.95,""gis_similarity"":0.78}","Likely candidate match based on parcel, survey, owner similarity and spatial comparison; not a legal ownership decision.",POSSIBLE_MATCH,SYNTHETIC DEMO DATA — NOT OFFICIAL GOVERNMENT RECORDS
MATCH-1879,P1879,0.93,0.93,MEDIUM,"{""owner_similarity"":0.96,""parcel_similarity"":1.0,""survey_similarity"":1.0,""area_similarity"":0.91,""address_similarity"":0.91,""landuse_similarity"":0.95,""gis_similarity"":0.78}","Likely candidate match based on parcel, survey, owner similarity and spatial comparison; not a legal ownership decision.",POSSIBLE_MATCH,SYNTHETIC DEMO DATA — NOT OFFICIAL GOVERNMENT RECORDS
MATCH-1880,P1880,0.93,0.93,MEDIUM,"{""owner_similarity"":0.96,""parcel_similarity"":1.0,""survey_similarity"":1.0,""area_similarity"":0.91,""address_similarity"":0.91,""landuse_similarity"":0.95,""gis_similarity"":0.78}","Likely candidate match based on parcel, survey, owner similarity and spatial comparison; not a legal ownership decision.",POSSIBLE_MATCH,SYNTHETIC DEMO DATA — NOT OFFICIAL GOVERNMENT RECORDS
MATCH-1881,P1881,0.93,0.93,MEDIUM,"{""owner_similarity"":0.96,""parcel_similarity"":1.0,""survey_similarity"":1.0,""area_similarity"":0.91,""address_similarity"":0.91,""landuse_similarity"":0.95,""gis_similarity"":0.78}","Likely candidate match based on parcel, survey, owner similarity and spatial comparison; not a legal ownership decision.",POSSIBLE_MATCH,SYNTHETIC DEMO DATA — NOT OFFICIAL GOVERNMENT RECORDS
MATCH-1882,P1882,0.93,0.93,MEDIUM,"{""owner_similarity"":0.96,""parcel_similarity"":1.0,""survey_similarity"":1.0,""area_similarity"":0.91,""address_similarity"":0.91,""landuse_similarity"":0.95,""gis_similarity"":0.78}","Likely candidate match based on parcel, survey, owner similarity and spatial comparison; not a legal ownership decision.",POSSIBLE_MATCH,SYNTHETIC DEMO DATA — NOT OFFICIAL GOVERNMENT RECORDS
MATCH-1883,P1883,0.913,0.913,MEDIUM,"{""owner_similarity"":0.84,""parcel_similarity"":1.0,""survey_similarity"":1.0,""area_similarity"":0.91,""address_similarity"":0.91,""landuse_similarity"":0.95,""gis_similarity"":0.78}","Likely candidate match based on parcel, survey, owner similarity and spatial comparison; not a legal ownership decision.",POSSIBLE_MATCH,SYNTHETIC DEMO DATA — NOT OFFICIAL GOVERNMENT RECORDS
MATCH-1884,P1884,0.93,0.93,MEDIUM,"{""owner_similarity"":0.96,""parcel_similarity"":1.0,""survey_similarity"":1.0,""area_similarity"":0.91,""address_similarity"":0.91,""landuse_similarity"":0.95,""gis_similarity"":0.78}","Likely candidate match based on parcel, survey, owner similarity and spatial comparison; not a legal ownership decision.",POSSIBLE_MATCH,SYNTHETIC DEMO DATA — NOT OFFICIAL GOVERNMENT RECORDS
MATCH-1885,P1885,0.883,0.883,MEDIUM,"{""owner_similarity"":0.96,""parcel_similarity"":1.0,""survey_similarity"":1.0,""area_similarity"":0.91,""address_similarity"":0.91,""landuse_similarity"":0.62,""gis_similarity"":0.78}","Likely candidate match based on parcel, survey, owner similarity and spatial comparison; not a legal ownership decision.",POSSIBLE_MATCH,SYNTHETIC DEMO DATA — NOT OFFICIAL GOVERNMENT RECORDS
MATCH-1886,P1886,0.93,0.93,MEDIUM,"{""owner_similarity"":0.96,""parcel_similarity"":1.0,""survey_similarity"":1.0,""area_similarity"":0.91,""address_similarity"":0.91,""landuse_similarity"":0.95,""gis_similarity"":0.78}","Likely candidate match based on parcel, survey, owner similarity and spatial comparison; not a legal ownership decision.",POSSIBLE_MATCH,SYNTHETIC DEMO DATA — NOT OFFICIAL GOVERNMENT RECORDS
MATCH-1887,P1887,0.93,0.93,MEDIUM,"{""owner_similarity"":0.96,""parcel_similarity"":1.0,""survey_similarity"":1.0,""area_similarity"":0.91,""address_similarity"":0.91,""landuse_similarity"":0.95,""gis_similarity"":0.78}","Likely candidate match based on parcel, survey, owner similarity and spatial comparison; not a legal ownership decision.",POSSIBLE_MATCH,SYNTHETIC DEMO DATA — NOT OFFICIAL GOVERNMENT RECORDS
MATCH-1888,P1888,0.93,0.93,MEDIUM,"{""owner_similarity"":0.96,""parcel_similarity"":1.0,""survey_similarity"":1.0,""area_similarity"":0.91,""address_similarity"":0.91,""landuse_similarity"":0.95,""gis_similarity"":0.78}","Likely candidate match based on parcel, survey, owner similarity and spatial comparison; not a legal ownership decision.",POSSIBLE_MATCH,SYNTHETIC DEMO DATA — NOT OFFICIAL GOVERNMENT RECORDS
MATCH-1889,P1889,0.93,0.93,MEDIUM,"{""owner_similarity"":0.96,""parcel_similarity"":1.0,""survey_similarity"":1.0,""area_similarity"":0.91,""address_similarity"":0.91,""landuse_similarity"":0.95,""gis_similarity"":0.78}","Likely candidate match based on parcel, survey, owner similarity and spatial comparison; not a legal ownership decision.",POSSIBLE_MATCH,SYNTHETIC DEMO DATA — NOT OFFICIAL GOVERNMENT RECORDS
MATCH-1890,P1890,0.93,0.93,MEDIUM,"{""owner_similarity"":0.96,""parcel_similarity"":1.0,""survey_similarity"":1.0,""area_similarity"":0.91,""address_similarity"":0.91,""landuse_similarity"":0.95,""gis_similarity"":0.78}","Likely candidate match based on parcel, survey, owner similarity and spatial comparison; not a legal ownership decision.",POSSIBLE_MATCH,SYNTHETIC DEMO DATA — NOT OFFICIAL GOVERNMENT RECORDS
MATCH-1891,P1891,0.93,0.93,MEDIUM,"{""owner_similarity"":0.96,""parcel_similarity"":1.0,""survey_similarity"":1.0,""area_similarity"":0.91,""address_similarity"":0.91,""landuse_similarity"":0.95,""gis_similarity"":0.78}","Likely candidate match based on parcel, survey, owner similarity and spatial comparison; not a legal ownership decision.",POSSIBLE_MATCH,SYNTHETIC DEMO DATA — NOT OFFICIAL GOVERNMENT RECORDS
MATCH-1892,P1892,0.913,0.913,MEDIUM,"{""owner_similarity"":0.84,""parcel_similarity"":1.0,""survey_similarity"":1.0,""area_similarity"":0.91,""address_similarity"":0.91,""landuse_similarity"":0.95,""gis_similarity"":0.78}","Likely candidate match based on parcel, survey, owner similarity and spatial comparison; not a legal ownership decision.",POSSIBLE_MATCH,SYNTHETIC DEMO DATA — NOT OFFICIAL GOVERNMENT RECORDS
MATCH-1893,P1893,0.93,0.93,MEDIUM,"{""owner_similarity"":0.96,""parcel_similarity"":1.0,""survey_similarity"":1.0,""area_similarity"":0.91,""address_similarity"":0.91,""landuse_similarity"":0.95,""gis_similarity"":0.78}","Likely candidate match based on parcel, survey, owner similarity and spatial comparison; not a legal ownership decision.",POSSIBLE_MATCH,SYNTHETIC DEMO DATA — NOT OFFICIAL GOVERNMENT RECORDS
MATCH-1894,P1894,0.93,0.93,MEDIUM,"{""owner_similarity"":0.96,""parcel_similarity"":1.0,""survey_similarity"":1.0,""area_similarity"":0.91,""address_similarity"":0.91,""landuse_similarity"":0.95,""gis_similarity"":0.78}","Likely candidate match based on parcel, survey, owner similarity and spatial comparison; not a legal ownership decision.",POSSIBLE_MATCH,SYNTHETIC DEMO DATA — NOT OFFICIAL GOVERNMENT RECORDS
MATCH-1895,P1895,0.93,0.93,MEDIUM,"{""owner_similarity"":0.96,""parcel_similarity"":1.0,""survey_similarity"":1.0,""area_similarity"":0.91,""address_similarity"":0.91,""landuse_similarity"":0.95,""gis_similarity"":0.78}","Likely candidate match based on parcel, survey, owner similarity and spatial comparison; not a legal ownership decision.",POSSIBLE_MATCH,SYNTHETIC DEMO DATA — NOT OFFICIAL GOVERNMENT RECORDS
MATCH-1896,P1896,0.93,0.93,MEDIUM,"{""owner_similarity"":0.96,""parcel_similarity"":1.0,""survey_similarity"":1.0,""area_similarity"":0.91,""address_similarity"":0.91,""landuse_similarity"":0.95,""gis_similarity"":0.78}","Likely candidate match based on parcel, survey, owner similarity and spatial comparison; not a legal ownership decision.",POSSIBLE_MATCH,SYNTHETIC DEMO DATA — NOT OFFICIAL GOVERNMENT RECORDS
MATCH-1897,P1897,0.93,0.93,MEDIUM,"{""owner_similarity"":0.96,""parcel_similarity"":1.0,""survey_similarity"":1.0,""area_similarity"":0.91,""address_similarity"":0.91,""landuse_similarity"":0.95,""gis_similarity"":0.78}","Likely candidate match based on parcel, survey, owner similarity and spatial comparison; not a legal ownership decision.",POSSIBLE_MATCH,SYNTHETIC DEMO DATA — NOT OFFICIAL GOVERNMENT RECORDS
MATCH-1898,P1898,0.93,0.93,MEDIUM,"{""owner_similarity"":0.96,""parcel_similarity"":1.0,""survey_similarity"":1.0,""area_similarity"":0.91,""address_similarity"":0.91,""landuse_similarity"":0.95,""gis_similarity"":0.78}","Likely candidate match based on parcel, survey, owner similarity and spatial comparison; not a legal ownership decision.",POSSIBLE_MATCH,SYNTHETIC DEMO DATA — NOT OFFICIAL GOVERNMENT RECORDS
MATCH-1899,P1899,0.93,0.93,MEDIUM,"{""owner_similarity"":0.96,""parcel_similarity"":1.0,""survey_similarity"":1.0,""area_similarity"":0.91,""address_similarity"":0.91,""landuse_similarity"":0.95,""gis_similarity"":0.78}","Likely candidate match based on parcel, survey, owner similarity and spatial comparison; not a legal ownership decision.",POSSIBLE_MATCH,SYNTHETIC DEMO DATA — NOT OFFICIAL GOVERNMENT RECORDS
MATCH-1900,P1900,0.93,0.93,MEDIUM,"{""owner_similarity"":0.96,""parcel_similarity"":1.0,""survey_similarity"":1.0,""area_similarity"":0.91,""address_similarity"":0.91,""landuse_similarity"":0.95,""gis_similarity"":0.78}","Likely candidate match based on parcel, survey, owner similarity and spatial comparison; not a legal ownership decision.",POSSIBLE_MATCH,SYNTHETIC DEMO DATA — NOT OFFICIAL GOVERNMENT RECORDS
MATCH-1901,P1901,0.913,0.913,LOW,"{""owner_similarity"":0.84,""parcel_similarity"":1.0,""survey_similarity"":1.0,""area_similarity"":0.91,""address_similarity"":0.91,""landuse_similarity"":0.95,""gis_similarity"":0.78}","Likely candidate match based on parcel, survey, owner similarity and spatial comparison; not a legal ownership decision.",REQUIRES_REVIEW,SYNTHETIC DEMO DATA — NOT OFFICIAL GOVERNMENT RECORDS
MATCH-1902,P1902,0.883,0.883,LOW,"{""owner_similarity"":0.96,""parcel_similarity"":1.0,""survey_similarity"":1.0,""area_similarity"":0.91,""address_similarity"":0.91,""landuse_similarity"":0.62,""gis_similarity"":0.78}","Likely candidate match based on parcel, survey, owner similarity and spatial comparison; not a legal ownership decision.",REQUIRES_REVIEW,SYNTHETIC DEMO DATA — NOT OFFICIAL GOVERNMENT RECORDS
MATCH-1903,P1903,0.93,0.93,LOW,"{""owner_similarity"":0.96,""parcel_similarity"":1.0,""survey_similarity"":1.0,""area_similarity"":0.91,""address_similarity"":0.91,""landuse_similarity"":0.95,""gis_similarity"":0.78}","Likely candidate match based on parcel, survey, owner similarity and spatial comparison; not a legal ownership decision.",REQUIRES_REVIEW,SYNTHETIC DEMO DATA — NOT OFFICIAL GOVERNMENT RECORDS
MATCH-1904,P1904,0.93,0.93,LOW,"{""owner_similarity"":0.96,""parcel_similarity"":1.0,""survey_similarity"":1.0,""area_similarity"":0.91,""address_similarity"":0.91,""landuse_similarity"":0.95,""gis_similarity"":0.78}","Likely candidate match based on parcel, survey, owner similarity and spatial comparison; not a legal ownership decision.",REQUIRES_REVIEW,SYNTHETIC DEMO DATA — NOT OFFICIAL GOVERNMENT RECORDS
MATCH-1905,P1905,0.93,0.93,LOW,"{""owner_similarity"":0.96,""parcel_similarity"":1.0,""survey_similarity"":1.0,""area_similarity"":0.91,""address_similarity"":0.91,""landuse_similarity"":0.95,""gis_similarity"":0.78}","Likely candidate match based on parcel, survey, owner similarity and spatial comparison; not a legal ownership decision.",REQUIRES_REVIEW,SYNTHETIC DEMO DATA — NOT OFFICIAL GOVERNMENT RECORDS
MATCH-1906,P1906,0.93,0.93,LOW,"{""owner_similarity"":0.96,""parcel_similarity"":1.0,""survey_similarity"":1.0,""area_similarity"":0.91,""address_similarity"":0.91,""landuse_similarity"":0.95,""gis_similarity"":0.78}","Likely candidate match based on parcel, survey, owner similarity and spatial comparison; not a legal ownership decision.",REQUIRES_REVIEW,SYNTHETIC DEMO DATA — NOT OFFICIAL GOVERNMENT RECORDS
MATCH-1907,P1907,0.93,0.93,LOW,"{""owner_similarity"":0.96,""parcel_similarity"":1.0,""survey_similarity"":1.0,""area_similarity"":0.91,""address_similarity"":0.91,""landuse_similarity"":0.95,""gis_similarity"":0.78}","Likely candidate match based on parcel, survey, owner similarity and spatial comparison; not a legal ownership decision.",REQUIRES_REVIEW,SYNTHETIC DEMO DATA — NOT OFFICIAL GOVERNMENT RECORDS
MATCH-1908,P1908,0.93,0.93,LOW,"{""owner_similarity"":0.96,""parcel_similarity"":1.0,""survey_similarity"":1.0,""area_similarity"":0.91,""address_similarity"":0.91,""landuse_similarity"":0.95,""gis_similarity"":0.78}","Likely candidate match based on parcel, survey, owner similarity and spatial comparison; not a legal ownership decision.",REQUIRES_REVIEW,SYNTHETIC DEMO DATA — NOT OFFICIAL GOVERNMENT RECORDS
MATCH-1909,P1909,0.93,0.93,LOW,"{""owner_similarity"":0.96,""parcel_similarity"":1.0,""survey_similarity"":1.0,""area_similarity"":0.91,""address_similarity"":0.91,""landuse_similarity"":0.95,""gis_similarity"":0.78}","Likely candidate match based on parcel, survey, owner similarity and spatial comparison; not a legal ownership decision.",REQUIRES_REVIEW,SYNTHETIC DEMO DATA — NOT OFFICIAL GOVERNMENT RECORDS
MATCH-1910,P1910,0.913,0.913,LOW,"{""owner_similarity"":0.84,""parcel_similarity"":1.0,""survey_similarity"":1.0,""area_similarity"":0.91,""address_similarity"":0.91,""landuse_similarity"":0.95,""gis_similarity"":0.78}","Likely candidate match based on parcel, survey, owner similarity and spatial comparison; not a legal ownership decision.",REQUIRES_REVIEW,SYNTHETIC DEMO DATA — NOT OFFICIAL GOVERNMENT RECORDS
MATCH-1911,P1911,0.93,0.93,LOW,"{""owner_similarity"":0.96,""parcel_similarity"":1.0,""survey_similarity"":1.0,""area_similarity"":0.91,""address_similarity"":0.91,""landuse_similarity"":0.95,""gis_similarity"":0.78}","Likely candidate match based on parcel, survey, owner similarity and spatial comparison; not a legal ownership decision.",REQUIRES_REVIEW,SYNTHETIC DEMO DATA — NOT OFFICIAL GOVERNMENT RECORDS
MATCH-1912,P1912,0.93,0.93,LOW,"{""owner_similarity"":0.96,""parcel_similarity"":1.0,""survey_similarity"":1.0,""area_similarity"":0.91,""address_similarity"":0.91,""landuse_similarity"":0.95,""gis_similarity"":0.78}","Likely candidate match based on parcel, survey, owner similarity and spatial comparison; not a legal ownership decision.",REQUIRES_REVIEW,SYNTHETIC DEMO DATA — NOT OFFICIAL GOVERNMENT RECORDS
MATCH-1913,P1913,0.93,0.93,LOW,"{""owner_similarity"":0.96,""parcel_similarity"":1.0,""survey_similarity"":1.0,""area_similarity"":0.91,""address_similarity"":0.91,""landuse_similarity"":0.95,""gis_similarity"":0.78}","Likely candidate match based on parcel, survey, owner similarity and spatial comparison; not a legal ownership decision.",REQUIRES_REVIEW,SYNTHETIC DEMO DATA — NOT OFFICIAL GOVERNMENT RECORDS
MATCH-1914,P1914,0.93,0.93,LOW,"{""owner_similarity"":0.96,""parcel_similarity"":1.0,""survey_similarity"":1.0,""area_similarity"":0.91,""address_similarity"":0.91,""landuse_similarity"":0.95,""gis_similarity"":0.78}","Likely candidate match based on parcel, survey, owner similarity and spatial comparison; not a legal ownership decision.",REQUIRES_REVIEW,SYNTHETIC DEMO DATA — NOT OFFICIAL GOVERNMENT RECORDS
MATCH-1915,P1915,0.93,0.93,LOW,"{""owner_similarity"":0.96,""parcel_similarity"":1.0,""survey_similarity"":1.0,""area_similarity"":0.91,""address_similarity"":0.91,""landuse_similarity"":0.95,""gis_similarity"":0.78}","Likely candidate match based on parcel, survey, owner similarity and spatial comparison; not a legal ownership decision.",REQUIRES_REVIEW,SYNTHETIC DEMO DATA — NOT OFFICIAL GOVERNMENT RECORDS
MATCH-1916,P1916,0.93,0.93,LOW,"{""owner_similarity"":0.96,""parcel_similarity"":1.0,""survey_similarity"":1.0,""area_similarity"":0.91,""address_similarity"":0.91,""landuse_similarity"":0.95,""gis_similarity"":0.78}","Likely candidate match based on parcel, survey, owner similarity and spatial comparison; not a legal ownership decision.",REQUIRES_REVIEW,SYNTHETIC DEMO DATA — NOT OFFICIAL GOVERNMENT RECORDS
MATCH-1917,P1917,0.93,0.93,LOW,"{""owner_similarity"":0.96,""parcel_similarity"":1.0,""survey_similarity"":1.0,""area_similarity"":0.91,""address_similarity"":0.91,""landuse_similarity"":0.95,""gis_similarity"":0.78}","Likely candidate match based on parcel, survey, owner similarity and spatial comparison; not a legal ownership decision.",REQUIRES_REVIEW,SYNTHETIC DEMO DATA — NOT OFFICIAL GOVERNMENT RECORDS
MATCH-1918,P1918,0.93,0.93,LOW,"{""owner_similarity"":0.96,""parcel_similarity"":1.0,""survey_similarity"":1.0,""area_similarity"":0.91,""address_similarity"":0.91,""landuse_similarity"":0.95,""gis_similarity"":0.78}","Likely candidate match based on parcel, survey, owner similarity and spatial comparison; not a legal ownership decision.",REQUIRES_REVIEW,SYNTHETIC DEMO DATA — NOT OFFICIAL GOVERNMENT RECORDS
MATCH-1919,P1919,0.866,0.866,LOW,"{""owner_similarity"":0.84,""parcel_similarity"":1.0,""survey_similarity"":1.0,""area_similarity"":0.91,""address_similarity"":0.91,""landuse_similarity"":0.62,""gis_similarity"":0.78}","Likely candidate match based on parcel, survey, owner similarity and spatial comparison; not a legal ownership decision.",REQUIRES_REVIEW,SYNTHETIC DEMO DATA — NOT OFFICIAL GOVERNMENT RECORDS
MATCH-1920,P1920,0.93,0.93,LOW,"{""owner_similarity"":0.96,""parcel_similarity"":1.0,""survey_similarity"":1.0,""area_similarity"":0.91,""address_similarity"":0.91,""landuse_similarity"":0.95,""gis_similarity"":0.78}","Likely candidate match based on parcel, survey, owner similarity and spatial comparison; not a legal ownership decision.",REQUIRES_REVIEW,SYNTHETIC DEMO DATA — NOT OFFICIAL GOVERNMENT RECORDS
MATCH-1921,P1921,0.93,0.93,LOW,"{""owner_similarity"":0.96,""parcel_similarity"":1.0,""survey_similarity"":1.0,""area_similarity"":0.91,""address_similarity"":0.91,""landuse_similarity"":0.95,""gis_similarity"":0.78}","Likely candidate match based on parcel, survey, owner similarity and spatial comparison; not a legal ownership decision.",REQUIRES_REVIEW,SYNTHETIC DEMO DATA — NOT OFFICIAL GOVERNMENT RECORDS
MATCH-1922,P1922,0.93,0.93,LOW,"{""owner_similarity"":0.96,""parcel_similarity"":1.0,""survey_similarity"":1.0,""area_similarity"":0.91,""address_similarity"":0.91,""landuse_similarity"":0.95,""gis_similarity"":0.78}","Likely candidate match based on parcel, survey, owner similarity and spatial comparison; not a legal ownership decision.",REQUIRES_REVIEW,SYNTHETIC DEMO DATA — NOT OFFICIAL GOVERNMENT RECORDS
MATCH-1923,P1923,0.93,0.93,LOW,"{""owner_similarity"":0.96,""parcel_similarity"":1.0,""survey_similarity"":1.0,""area_similarity"":0.91,""address_similarity"":0.91,""landuse_similarity"":0.95,""gis_similarity"":0.78}","Likely candidate match based on parcel, survey, owner similarity and spatial comparison; not a legal ownership decision.",REQUIRES_REVIEW,SYNTHETIC DEMO DATA — NOT OFFICIAL GOVERNMENT RECORDS
MATCH-1924,P1924,0.93,0.93,LOW,"{""owner_similarity"":0.96,""parcel_similarity"":1.0,""survey_similarity"":1.0,""area_similarity"":0.91,""address_similarity"":0.91,""landuse_similarity"":0.95,""gis_similarity"":0.78}","Likely candidate match based on parcel, survey, owner similarity and spatial comparison; not a legal ownership decision.",REQUIRES_REVIEW,SYNTHETIC DEMO DATA — NOT OFFICIAL GOVERNMENT RECORDS
MATCH-1925,P1925,0.93,0.93,LOW,"{""owner_similarity"":0.96,""parcel_similarity"":1.0,""survey_similarity"":1.0,""area_similarity"":0.91,""address_similarity"":0.91,""landuse_similarity"":0.95,""gis_similarity"":0.78}","Likely candidate match based on parcel, survey, owner similarity and spatial comparison; not a legal ownership decision.",REQUIRES_REVIEW,SYNTHETIC DEMO DATA — NOT OFFICIAL GOVERNMENT RECORDS
MATCH-1926,P1926,0.93,0.93,LOW,"{""owner_similarity"":0.96,""parcel_similarity"":1.0,""survey_similarity"":1.0,""area_similarity"":0.91,""address_similarity"":0.91,""landuse_similarity"":0.95,""gis_similarity"":0.78}","Likely candidate match based on parcel, survey, owner similarity and spatial comparison; not a legal ownership decision.",REQUIRES_REVIEW,SYNTHETIC DEMO DATA — NOT OFFICIAL GOVERNMENT RECORDS
MATCH-1927,P1927,0.93,0.93,LOW,"{""owner_similarity"":0.96,""parcel_similarity"":1.0,""survey_similarity"":1.0,""area_similarity"":0.91,""address_similarity"":0.91,""landuse_similarity"":0.95,""gis_similarity"":0.78}","Likely candidate match based on parcel, survey, owner similarity and spatial comparison; not a legal ownership decision.",REQUIRES_REVIEW,SYNTHETIC DEMO DATA — NOT OFFICIAL GOVERNMENT RECORDS
MATCH-1928,P1928,0.913,0.913,LOW,"{""owner_similarity"":0.84,""parcel_similarity"":1.0,""survey_similarity"":1.0,""area_similarity"":0.91,""address_similarity"":0.91,""landuse_similarity"":0.95,""gis_similarity"":0.78}","Likely candidate match based on parcel, survey, owner similarity and spatial comparison; not a legal ownership decision.",REQUIRES_REVIEW,SYNTHETIC DEMO DATA — NOT OFFICIAL GOVERNMENT RECORDS
MATCH-1929,P1929,0.93,0.93,LOW,"{""owner_similarity"":0.96,""parcel_similarity"":1.0,""survey_similarity"":1.0,""area_similarity"":0.91,""address_similarity"":0.91,""landuse_similarity"":0.95,""gis_similarity"":0.78}","Likely candidate match based on parcel, survey, owner similarity and spatial comparison; not a legal ownership decision.",REQUIRES_REVIEW,SYNTHETIC DEMO DATA — NOT OFFICIAL GOVERNMENT RECORDS
MATCH-1930,P1930,0.93,0.93,LOW,"{""owner_similarity"":0.96,""parcel_similarity"":1.0,""survey_similarity"":1.0,""area_similarity"":0.91,""address_similarity"":0.91,""landuse_similarity"":0.95,""gis_similarity"":0.78}","Likely candidate match based on parcel, survey, owner similarity and spatial comparison; not a legal ownership decision.",REQUIRES_REVIEW,SYNTHETIC DEMO DATA — NOT OFFICIAL GOVERNMENT RECORDS
MATCH-1931,P1931,0.93,0.93,LOW,"{""owner_similarity"":0.96,""parcel_similarity"":1.0,""survey_similarity"":1.0,""area_similarity"":0.91,""address_similarity"":0.91,""landuse_similarity"":0.95,""gis_similarity"":0.78}","Likely candidate match based on parcel, survey, owner similarity and spatial comparison; not a legal ownership decision.",REQUIRES_REVIEW,SYNTHETIC DEMO DATA — NOT OFFICIAL GOVERNMENT RECORDS
MATCH-1932,P1932,0.93,0.93,LOW,"{""owner_similarity"":0.96,""parcel_similarity"":1.0,""survey_similarity"":1.0,""area_similarity"":0.91,""address_similarity"":0.91,""landuse_similarity"":0.95,""gis_similarity"":0.78}","Likely candidate match based on parcel, survey, owner similarity and spatial comparison; not a legal ownership decision.",REQUIRES_REVIEW,SYNTHETIC DEMO DATA — NOT OFFICIAL GOVERNMENT RECORDS
MATCH-1933,P1933,0.93,0.93,LOW,"{""owner_similarity"":0.96,""parcel_similarity"":1.0,""survey_similarity"":1.0,""area_similarity"":0.91,""address_similarity"":0.91,""landuse_similarity"":0.95,""gis_similarity"":0.78}","Likely candidate match based on parcel, survey, owner similarity and spatial comparison; not a legal ownership decision.",REQUIRES_REVIEW,SYNTHETIC DEMO DATA — NOT OFFICIAL GOVERNMENT RECORDS
MATCH-1934,P1934,0.93,0.93,LOW,"{""owner_similarity"":0.96,""parcel_similarity"":1.0,""survey_similarity"":1.0,""area_similarity"":0.91,""address_similarity"":0.91,""landuse_similarity"":0.95,""gis_similarity"":0.78}","Likely candidate match based on parcel, survey, owner similarity and spatial comparison; not a legal ownership decision.",REQUIRES_REVIEW,SYNTHETIC DEMO DATA — NOT OFFICIAL GOVERNMENT RECORDS
MATCH-1935,P1935,0.93,0.93,LOW,"{""owner_similarity"":0.96,""parcel_similarity"":1.0,""survey_similarity"":1.0,""area_similarity"":0.91,""address_similarity"":0.91,""landuse_similarity"":0.95,""gis_similarity"":0.78}","Likely candidate match based on parcel, survey, owner similarity and spatial comparison; not a legal ownership decision.",REQUIRES_REVIEW,SYNTHETIC DEMO DATA — NOT OFFICIAL GOVERNMENT RECORDS
MATCH-1936,P1936,0.883,0.883,LOW,"{""owner_similarity"":0.96,""parcel_similarity"":1.0,""survey_similarity"":1.0,""area_similarity"":0.91,""address_similarity"":0.91,""landuse_similarity"":0.62,""gis_similarity"":0.78}","Likely candidate match based on parcel, survey, owner similarity and spatial comparison; not a legal ownership decision.",REQUIRES_REVIEW,SYNTHETIC DEMO DATA — NOT OFFICIAL GOVERNMENT RECORDS
MATCH-1937,P1937,0.913,0.913,LOW,"{""owner_similarity"":0.84,""parcel_similarity"":1.0,""survey_similarity"":1.0,""area_similarity"":0.91,""address_similarity"":0.91,""landuse_similarity"":0.95,""gis_similarity"":0.78}","Likely candidate match based on parcel, survey, owner similarity and spatial comparison; not a legal ownership decision.",REQUIRES_REVIEW,SYNTHETIC DEMO DATA — NOT OFFICIAL GOVERNMENT RECORDS
MATCH-1938,P1938,0.93,0.93,LOW,"{""owner_similarity"":0.96,""parcel_similarity"":1.0,""survey_similarity"":1.0,""area_similarity"":0.91,""address_similarity"":0.91,""landuse_similarity"":0.95,""gis_similarity"":0.78}","Likely candidate match based on parcel, survey, owner similarity and spatial comparison; not a legal ownership decision.",REQUIRES_REVIEW,SYNTHETIC DEMO DATA — NOT OFFICIAL GOVERNMENT RECORDS
MATCH-1939,P1939,0.93,0.93,LOW,"{""owner_similarity"":0.96,""parcel_similarity"":1.0,""survey_similarity"":1.0,""area_similarity"":0.91,""address_similarity"":0.91,""landuse_similarity"":0.95,""gis_similarity"":0.78}","Likely candidate match based on parcel, survey, owner similarity and spatial comparison; not a legal ownership decision.",REQUIRES_REVIEW,SYNTHETIC DEMO DATA — NOT OFFICIAL GOVERNMENT RECORDS
MATCH-1940,P1940,0.93,0.93,LOW,"{""owner_similarity"":0.96,""parcel_similarity"":1.0,""survey_similarity"":1.0,""area_similarity"":0.91,""address_similarity"":0.91,""landuse_similarity"":0.95,""gis_similarity"":0.78}","Likely candidate match based on parcel, survey, owner similarity and spatial comparison; not a legal ownership decision.",REQUIRES_REVIEW,SYNTHETIC DEMO DATA — NOT OFFICIAL GOVERNMENT RECORDS
MATCH-1941,P1941,0.93,0.93,LOW,"{""owner_similarity"":0.96,""parcel_similarity"":1.0,""survey_similarity"":1.0,""area_similarity"":0.91,""address_similarity"":0.91,""landuse_similarity"":0.95,""gis_similarity"":0.78}","Likely candidate match based on parcel, survey, owner similarity and spatial comparison; not a legal ownership decision.",REQUIRES_REVIEW,SYNTHETIC DEMO DATA — NOT OFFICIAL GOVERNMENT RECORDS
MATCH-1942,P1942,0.93,0.93,LOW,"{""owner_similarity"":0.96,""parcel_similarity"":1.0,""survey_similarity"":1.0,""area_similarity"":0.91,""address_similarity"":0.91,""landuse_similarity"":0.95,""gis_similarity"":0.78}","Likely candidate match based on parcel, survey, owner similarity and spatial comparison; not a legal ownership decision.",REQUIRES_REVIEW,SYNTHETIC DEMO DATA — NOT OFFICIAL GOVERNMENT RECORDS
MATCH-1943,P1943,0.93,0.93,LOW,"{""owner_similarity"":0.96,""parcel_similarity"":1.0,""survey_similarity"":1.0,""area_similarity"":0.91,""address_similarity"":0.91,""landuse_similarity"":0.95,""gis_similarity"":0.78}","Likely candidate match based on parcel, survey, owner similarity and spatial comparison; not a legal ownership decision.",REQUIRES_REVIEW,SYNTHETIC DEMO DATA — NOT OFFICIAL GOVERNMENT RECORDS
MATCH-1944,P1944,0.93,0.93,LOW,"{""owner_similarity"":0.96,""parcel_similarity"":1.0,""survey_similarity"":1.0,""area_similarity"":0.91,""address_similarity"":0.91,""landuse_similarity"":0.95,""gis_similarity"":0.78}","Likely candidate match based on parcel, survey, owner similarity and spatial comparison; not a legal ownership decision.",REQUIRES_REVIEW,SYNTHETIC DEMO DATA — NOT OFFICIAL GOVERNMENT RECORDS
MATCH-1945,P1945,0.93,0.93,LOW,"{""owner_similarity"":0.96,""parcel_similarity"":1.0,""survey_similarity"":1.0,""area_similarity"":0.91,""address_similarity"":0.91,""landuse_similarity"":0.95,""gis_similarity"":0.78}","Likely candidate match based on parcel, survey, owner similarity and spatial comparison; not a legal ownership decision.",REQUIRES_REVIEW,SYNTHETIC DEMO DATA — NOT OFFICIAL GOVERNMENT RECORDS
MATCH-1946,P1946,0.913,0.913,LOW,"{""owner_similarity"":0.84,""parcel_similarity"":1.0,""survey_similarity"":1.0,""area_similarity"":0.91,""address_similarity"":0.91,""landuse_similarity"":0.95,""gis_similarity"":0.78}","Likely candidate match based on parcel, survey, owner similarity and spatial comparison; not a legal ownership decision.",REQUIRES_REVIEW,SYNTHETIC DEMO DATA — NOT OFFICIAL GOVERNMENT RECORDS
MATCH-1947,P1947,0.93,0.93,LOW,"{""owner_similarity"":0.96,""parcel_similarity"":1.0,""survey_similarity"":1.0,""area_similarity"":0.91,""address_similarity"":0.91,""landuse_similarity"":0.95,""gis_similarity"":0.78}","Likely candidate match based on parcel, survey, owner similarity and spatial comparison; not a legal ownership decision.",REQUIRES_REVIEW,SYNTHETIC DEMO DATA — NOT OFFICIAL GOVERNMENT RECORDS
MATCH-1948,P1948,0.93,0.93,LOW,"{""owner_similarity"":0.96,""parcel_similarity"":1.0,""survey_similarity"":1.0,""area_similarity"":0.91,""address_similarity"":0.91,""landuse_similarity"":0.95,""gis_similarity"":0.78}","Likely candidate match based on parcel, survey, owner similarity and spatial comparison; not a legal ownership decision.",REQUIRES_REVIEW,SYNTHETIC DEMO DATA — NOT OFFICIAL GOVERNMENT RECORDS
MATCH-1949,P1949,0.93,0.93,LOW,"{""owner_similarity"":0.96,""parcel_similarity"":1.0,""survey_similarity"":1.0,""area_similarity"":0.91,""address_similarity"":0.91,""landuse_similarity"":0.95,""gis_similarity"":0.78}","Likely candidate match based on parcel, survey, owner similarity and spatial comparison; not a legal ownership decision.",REQUIRES_REVIEW,SYNTHETIC DEMO DATA — NOT OFFICIAL GOVERNMENT RECORDS
MATCH-1950,P1950,0.93,0.93,LOW,"{""owner_similarity"":0.96,""parcel_similarity"":1.0,""survey_similarity"":1.0,""area_similarity"":0.91,""address_similarity"":0.91,""landuse_similarity"":0.95,""gis_similarity"":0.78}","Likely candidate match based on parcel, survey, owner similarity and spatial comparison; not a legal ownership decision.",REQUIRES_REVIEW,SYNTHETIC DEMO DATA — NOT OFFICIAL GOVERNMENT RECORDS
MATCH-1951,P1951,0.93,0.93,LOW,"{""owner_similarity"":0.96,""parcel_similarity"":1.0,""survey_similarity"":1.0,""area_similarity"":0.91,""address_similarity"":0.91,""landuse_similarity"":0.95,""gis_similarity"":0.78}","Likely candidate match based on parcel, survey, owner similarity and spatial comparison; not a legal ownership decision.",REQUIRES_REVIEW,SYNTHETIC DEMO DATA — NOT OFFICIAL GOVERNMENT RECORDS
MATCH-1952,P1952,0.93,0.93,LOW,"{""owner_similarity"":0.96,""parcel_similarity"":1.0,""survey_similarity"":1.0,""area_similarity"":0.91,""address_similarity"":0.91,""landuse_similarity"":0.95,""gis_similarity"":0.78}","Likely candidate match based on parcel, survey, owner similarity and spatial comparison; not a legal ownership decision.",REQUIRES_REVIEW,SYNTHETIC DEMO DATA — NOT OFFICIAL GOVERNMENT RECORDS
MATCH-1953,P1953,0.883,0.883,LOW,"{""owner_similarity"":0.96,""parcel_similarity"":1.0,""survey_similarity"":1.0,""area_similarity"":0.91,""address_similarity"":0.91,""landuse_similarity"":0.62,""gis_similarity"":0.78}","Likely candidate match based on parcel, survey, owner similarity and spatial comparison; not a legal ownership decision.",REQUIRES_REVIEW,SYNTHETIC DEMO DATA — NOT OFFICIAL GOVERNMENT RECORDS
MATCH-1954,P1954,0.93,0.93,LOW,"{""owner_similarity"":0.96,""parcel_similarity"":1.0,""survey_similarity"":1.0,""area_similarity"":0.91,""address_similarity"":0.91,""landuse_similarity"":0.95,""gis_similarity"":0.78}","Likely candidate match based on parcel, survey, owner similarity and spatial comparison; not a legal ownership decision.",REQUIRES_REVIEW,SYNTHETIC DEMO DATA — NOT OFFICIAL GOVERNMENT RECORDS
MATCH-1955,P1955,0.913,0.913,LOW,"{""owner_similarity"":0.84,""parcel_similarity"":1.0,""survey_similarity"":1.0,""area_similarity"":0.91,""address_similarity"":0.91,""landuse_similarity"":0.95,""gis_similarity"":0.78}","Likely candidate match based on parcel, survey, owner similarity and spatial comparison; not a legal ownership decision.",REQUIRES_REVIEW,SYNTHETIC DEMO DATA — NOT OFFICIAL GOVERNMENT RECORDS
MATCH-1956,P1956,0.93,0.93,LOW,"{""owner_similarity"":0.96,""parcel_similarity"":1.0,""survey_similarity"":1.0,""area_similarity"":0.91,""address_similarity"":0.91,""landuse_similarity"":0.95,""gis_similarity"":0.78}","Likely candidate match based on parcel, survey, owner similarity and spatial comparison; not a legal ownership decision.",REQUIRES_REVIEW,SYNTHETIC DEMO DATA — NOT OFFICIAL GOVERNMENT RECORDS
MATCH-1957,P1957,0.93,0.93,LOW,"{""owner_similarity"":0.96,""parcel_similarity"":1.0,""survey_similarity"":1.0,""area_similarity"":0.91,""address_similarity"":0.91,""landuse_similarity"":0.95,""gis_similarity"":0.78}","Likely candidate match based on parcel, survey, owner similarity and spatial comparison; not a legal ownership decision.",REQUIRES_REVIEW,SYNTHETIC DEMO DATA — NOT OFFICIAL GOVERNMENT RECORDS
MATCH-1958,P1958,0.93,0.93,LOW,"{""owner_similarity"":0.96,""parcel_similarity"":1.0,""survey_similarity"":1.0,""area_similarity"":0.91,""address_similarity"":0.91,""landuse_similarity"":0.95,""gis_similarity"":0.78}","Likely candidate match based on parcel, survey, owner similarity and spatial comparison; not a legal ownership decision.",REQUIRES_REVIEW,SYNTHETIC DEMO DATA — NOT OFFICIAL GOVERNMENT RECORDS
MATCH-1959,P1959,0.93,0.93,LOW,"{""owner_similarity"":0.96,""parcel_similarity"":1.0,""survey_similarity"":1.0,""area_similarity"":0.91,""address_similarity"":0.91,""landuse_similarity"":0.95,""gis_similarity"":0.78}","Likely candidate match based on parcel, survey, owner similarity and spatial comparison; not a legal ownership decision.",REQUIRES_REVIEW,SYNTHETIC DEMO DATA — NOT OFFICIAL GOVERNMENT RECORDS
MATCH-1960,P1960,0.93,0.93,LOW,"{""owner_similarity"":0.96,""parcel_similarity"":1.0,""survey_similarity"":1.0,""area_similarity"":0.91,""address_similarity"":0.91,""landuse_similarity"":0.95,""gis_similarity"":0.78}","Likely candidate match based on parcel, survey, owner similarity and spatial comparison; not a legal ownership decision.",REQUIRES_REVIEW,SYNTHETIC DEMO DATA — NOT OFFICIAL GOVERNMENT RECORDS
MATCH-1961,P1961,0.93,0.93,LOW,"{""owner_similarity"":0.96,""parcel_similarity"":1.0,""survey_similarity"":1.0,""area_similarity"":0.91,""address_similarity"":0.91,""landuse_similarity"":0.95,""gis_similarity"":0.78}","Likely candidate match based on parcel, survey, owner similarity and spatial comparison; not a legal ownership decision.",REQUIRES_REVIEW,SYNTHETIC DEMO DATA — NOT OFFICIAL GOVERNMENT RECORDS
MATCH-1962,P1962,0.93,0.93,LOW,"{""owner_similarity"":0.96,""parcel_similarity"":1.0,""survey_similarity"":1.0,""area_similarity"":0.91,""address_similarity"":0.91,""landuse_similarity"":0.95,""gis_similarity"":0.78}","Likely candidate match based on parcel, survey, owner similarity and spatial comparison; not a legal ownership decision.",REQUIRES_REVIEW,SYNTHETIC DEMO DATA — NOT OFFICIAL GOVERNMENT RECORDS
MATCH-1963,P1963,0.93,0.93,LOW,"{""owner_similarity"":0.96,""parcel_similarity"":1.0,""survey_similarity"":1.0,""area_similarity"":0.91,""address_similarity"":0.91,""landuse_similarity"":0.95,""gis_similarity"":0.78}","Likely candidate match based on parcel, survey, owner similarity and spatial comparison; not a legal ownership decision.",REQUIRES_REVIEW,SYNTHETIC DEMO DATA — NOT OFFICIAL GOVERNMENT RECORDS
MATCH-1964,P1964,0.913,0.913,LOW,"{""owner_similarity"":0.84,""parcel_similarity"":1.0,""survey_similarity"":1.0,""area_similarity"":0.91,""address_similarity"":0.91,""landuse_similarity"":0.95,""gis_similarity"":0.78}","Likely candidate match based on parcel, survey, owner similarity and spatial comparison; not a legal ownership decision.",REQUIRES_REVIEW,SYNTHETIC DEMO DATA — NOT OFFICIAL GOVERNMENT RECORDS
MATCH-1965,P1965,0.93,0.93,LOW,"{""owner_similarity"":0.96,""parcel_similarity"":1.0,""survey_similarity"":1.0,""area_similarity"":0.91,""address_similarity"":0.91,""landuse_similarity"":0.95,""gis_similarity"":0.78}","Likely candidate match based on parcel, survey, owner similarity and spatial comparison; not a legal ownership decision.",REQUIRES_REVIEW,SYNTHETIC DEMO DATA — NOT OFFICIAL GOVERNMENT RECORDS
MATCH-1966,P1966,0.93,0.93,LOW,"{""owner_similarity"":0.96,""parcel_similarity"":1.0,""survey_similarity"":1.0,""area_similarity"":0.91,""address_similarity"":0.91,""landuse_similarity"":0.95,""gis_similarity"":0.78}","Likely candidate match based on parcel, survey, owner similarity and spatial comparison; not a legal ownership decision.",REQUIRES_REVIEW,SYNTHETIC DEMO DATA — NOT OFFICIAL GOVERNMENT RECORDS
MATCH-1967,P1967,0.93,0.93,LOW,"{""owner_similarity"":0.96,""parcel_similarity"":1.0,""survey_similarity"":1.0,""area_similarity"":0.91,""address_similarity"":0.91,""landuse_similarity"":0.95,""gis_similarity"":0.78}","Likely candidate match based on parcel, survey, owner similarity and spatial comparison; not a legal ownership decision.",REQUIRES_REVIEW,SYNTHETIC DEMO DATA — NOT OFFICIAL GOVERNMENT RECORDS
MATCH-1968,P1968,0.93,0.93,LOW,"{""owner_similarity"":0.96,""parcel_similarity"":1.0,""survey_similarity"":1.0,""area_similarity"":0.91,""address_similarity"":0.91,""landuse_similarity"":0.95,""gis_similarity"":0.78}","Likely candidate match based on parcel, survey, owner similarity and spatial comparison; not a legal ownership decision.",REQUIRES_REVIEW,SYNTHETIC DEMO DATA — NOT OFFICIAL GOVERNMENT RECORDS
MATCH-1969,P1969,0.93,0.93,LOW,"{""owner_similarity"":0.96,""parcel_similarity"":1.0,""survey_similarity"":1.0,""area_similarity"":0.91,""address_similarity"":0.91,""landuse_similarity"":0.95,""gis_similarity"":0.78}","Likely candidate match based on parcel, survey, owner similarity and spatial comparison; not a legal ownership decision.",REQUIRES_REVIEW,SYNTHETIC DEMO DATA — NOT OFFICIAL GOVERNMENT RECORDS
MATCH-1970,P1970,0.883,0.883,LOW,"{""owner_similarity"":0.96,""parcel_similarity"":1.0,""survey_similarity"":1.0,""area_similarity"":0.91,""address_similarity"":0.91,""landuse_similarity"":0.62,""gis_similarity"":0.78}","Likely candidate match based on parcel, survey, owner similarity and spatial comparison; not a legal ownership decision.",REQUIRES_REVIEW,SYNTHETIC DEMO DATA — NOT OFFICIAL GOVERNMENT RECORDS
MATCH-1971,P1971,0.93,0.93,LOW,"{""owner_similarity"":0.96,""parcel_similarity"":1.0,""survey_similarity"":1.0,""area_similarity"":0.91,""address_similarity"":0.91,""landuse_similarity"":0.95,""gis_similarity"":0.78}","Likely candidate match based on parcel, survey, owner similarity and spatial comparison; not a legal ownership decision.",REQUIRES_REVIEW,SYNTHETIC DEMO DATA — NOT OFFICIAL GOVERNMENT RECORDS
MATCH-1972,P1972,0.93,0.93,LOW,"{""owner_similarity"":0.96,""parcel_similarity"":1.0,""survey_similarity"":1.0,""area_similarity"":0.91,""address_similarity"":0.91,""landuse_similarity"":0.95,""gis_similarity"":0.78}","Likely candidate match based on parcel, survey, owner similarity and spatial comparison; not a legal ownership decision.",REQUIRES_REVIEW,SYNTHETIC DEMO DATA — NOT OFFICIAL GOVERNMENT RECORDS
MATCH-1973,P1973,0.913,0.913,LOW,"{""owner_similarity"":0.84,""parcel_similarity"":1.0,""survey_similarity"":1.0,""area_similarity"":0.91,""address_similarity"":0.91,""landuse_similarity"":0.95,""gis_similarity"":0.78}","Likely candidate match based on parcel, survey, owner similarity and spatial comparison; not a legal ownership decision.",REQUIRES_REVIEW,SYNTHETIC DEMO DATA — NOT OFFICIAL GOVERNMENT RECORDS
MATCH-1974,P1974,0.93,0.93,LOW,"{""owner_similarity"":0.96,""parcel_similarity"":1.0,""survey_similarity"":1.0,""area_similarity"":0.91,""address_similarity"":0.91,""landuse_similarity"":0.95,""gis_similarity"":0.78}","Likely candidate match based on parcel, survey, owner similarity and spatial comparison; not a legal ownership decision.",REQUIRES_REVIEW,SYNTHETIC DEMO DATA — NOT OFFICIAL GOVERNMENT RECORDS
MATCH-1975,P1975,0.93,0.93,LOW,"{""owner_similarity"":0.96,""parcel_similarity"":1.0,""survey_similarity"":1.0,""area_similarity"":0.91,""address_similarity"":0.91,""landuse_similarity"":0.95,""gis_similarity"":0.78}","Likely candidate match based on parcel, survey, owner similarity and spatial comparison; not a legal ownership decision.",REQUIRES_REVIEW,SYNTHETIC DEMO DATA — NOT OFFICIAL GOVERNMENT RECORDS
MATCH-1976,P1976,0.93,0.93,LOW,"{""owner_similarity"":0.96,""parcel_similarity"":1.0,""survey_similarity"":1.0,""area_similarity"":0.91,""address_similarity"":0.91,""landuse_similarity"":0.95,""gis_similarity"":0.78}","Likely candidate match based on parcel, survey, owner similarity and spatial comparison; not a legal ownership decision.",REQUIRES_REVIEW,SYNTHETIC DEMO DATA — NOT OFFICIAL GOVERNMENT RECORDS
MATCH-1977,P1977,0.93,0.93,LOW,"{""owner_similarity"":0.96,""parcel_similarity"":1.0,""survey_similarity"":1.0,""area_similarity"":0.91,""address_similarity"":0.91,""landuse_similarity"":0.95,""gis_similarity"":0.78}","Likely candidate match based on parcel, survey, owner similarity and spatial comparison; not a legal ownership decision.",REQUIRES_REVIEW,SYNTHETIC DEMO DATA — NOT OFFICIAL GOVERNMENT RECORDS
MATCH-1978,P1978,0.93,0.93,LOW,"{""owner_similarity"":0.96,""parcel_similarity"":1.0,""survey_similarity"":1.0,""area_similarity"":0.91,""address_similarity"":0.91,""landuse_similarity"":0.95,""gis_similarity"":0.78}","Likely candidate match based on parcel, survey, owner similarity and spatial comparison; not a legal ownership decision.",REQUIRES_REVIEW,SYNTHETIC DEMO DATA — NOT OFFICIAL GOVERNMENT RECORDS
MATCH-1979,P1979,0.93,0.93,LOW,"{""owner_similarity"":0.96,""parcel_similarity"":1.0,""survey_similarity"":1.0,""area_similarity"":0.91,""address_similarity"":0.91,""landuse_similarity"":0.95,""gis_similarity"":0.78}","Likely candidate match based on parcel, survey, owner similarity and spatial comparison; not a legal ownership decision.",REQUIRES_REVIEW,SYNTHETIC DEMO DATA — NOT OFFICIAL GOVERNMENT RECORDS
MATCH-1980,P1980,0.93,0.93,LOW,"{""owner_similarity"":0.96,""parcel_similarity"":1.0,""survey_similarity"":1.0,""area_similarity"":0.91,""address_similarity"":0.91,""landuse_similarity"":0.95,""gis_similarity"":0.78}","Likely candidate match based on parcel, survey, owner similarity and spatial comparison; not a legal ownership decision.",REQUIRES_REVIEW,SYNTHETIC DEMO DATA — NOT OFFICIAL GOVERNMENT RECORDS
MATCH-1981,P1981,0.93,0.93,LOW,"{""owner_similarity"":0.96,""parcel_similarity"":1.0,""survey_similarity"":1.0,""area_similarity"":0.91,""address_similarity"":0.91,""landuse_similarity"":0.95,""gis_similarity"":0.78}","Likely candidate match based on parcel, survey, owner similarity and spatial comparison; not a legal ownership decision.",REQUIRES_REVIEW,SYNTHETIC DEMO DATA — NOT OFFICIAL GOVERNMENT RECORDS
MATCH-1982,P1982,0.913,0.913,LOW,"{""owner_similarity"":0.84,""parcel_similarity"":1.0,""survey_similarity"":1.0,""area_similarity"":0.91,""address_similarity"":0.91,""landuse_similarity"":0.95,""gis_similarity"":0.78}","Likely candidate match based on parcel, survey, owner similarity and spatial comparison; not a legal ownership decision.",REQUIRES_REVIEW,SYNTHETIC DEMO DATA — NOT OFFICIAL GOVERNMENT RECORDS
MATCH-1983,P1983,0.93,0.93,LOW,"{""owner_similarity"":0.96,""parcel_similarity"":1.0,""survey_similarity"":1.0,""area_similarity"":0.91,""address_similarity"":0.91,""landuse_similarity"":0.95,""gis_similarity"":0.78}","Likely candidate match based on parcel, survey, owner similarity and spatial comparison; not a legal ownership decision.",REQUIRES_REVIEW,SYNTHETIC DEMO DATA — NOT OFFICIAL GOVERNMENT RECORDS
MATCH-1984,P1984,0.93,0.93,LOW,"{""owner_similarity"":0.96,""parcel_similarity"":1.0,""survey_similarity"":1.0,""area_similarity"":0.91,""address_similarity"":0.91,""landuse_similarity"":0.95,""gis_similarity"":0.78}","Likely candidate match based on parcel, survey, owner similarity and spatial comparison; not a legal ownership decision.",REQUIRES_REVIEW,SYNTHETIC DEMO DATA — NOT OFFICIAL GOVERNMENT RECORDS
MATCH-1985,P1985,0.93,0.93,LOW,"{""owner_similarity"":0.96,""parcel_similarity"":1.0,""survey_similarity"":1.0,""area_similarity"":0.91,""address_similarity"":0.91,""landuse_similarity"":0.95,""gis_similarity"":0.78}","Likely candidate match based on parcel, survey, owner similarity and spatial comparison; not a legal ownership decision.",REQUIRES_REVIEW,SYNTHETIC DEMO DATA — NOT OFFICIAL GOVERNMENT RECORDS
MATCH-1986,P1986,0.93,0.93,LOW,"{""owner_similarity"":0.96,""parcel_similarity"":1.0,""survey_similarity"":1.0,""area_similarity"":0.91,""address_similarity"":0.91,""landuse_similarity"":0.95,""gis_similarity"":0.78}","Likely candidate match based on parcel, survey, owner similarity and spatial comparison; not a legal ownership decision.",REQUIRES_REVIEW,SYNTHETIC DEMO DATA — NOT OFFICIAL GOVERNMENT RECORDS
MATCH-1987,P1987,0.883,0.883,LOW,"{""owner_similarity"":0.96,""parcel_similarity"":1.0,""survey_similarity"":1.0,""area_similarity"":0.91,""address_similarity"":0.91,""landuse_similarity"":0.62,""gis_similarity"":0.78}","Likely candidate match based on parcel, survey, owner similarity and spatial comparison; not a legal ownership decision.",REQUIRES_REVIEW,SYNTHETIC DEMO DATA — NOT OFFICIAL GOVERNMENT RECORDS
MATCH-1988,P1988,0.93,0.93,LOW,"{""owner_similarity"":0.96,""parcel_similarity"":1.0,""survey_similarity"":1.0,""area_similarity"":0.91,""address_similarity"":0.91,""landuse_similarity"":0.95,""gis_similarity"":0.78}","Likely candidate match based on parcel, survey, owner similarity and spatial comparison; not a legal ownership decision.",REQUIRES_REVIEW,SYNTHETIC DEMO DATA — NOT OFFICIAL GOVERNMENT RECORDS
MATCH-1989,P1989,0.93,0.93,LOW,"{""owner_similarity"":0.96,""parcel_similarity"":1.0,""survey_similarity"":1.0,""area_similarity"":0.91,""address_similarity"":0.91,""landuse_similarity"":0.95,""gis_similarity"":0.78}","Likely candidate match based on parcel, survey, owner similarity and spatial comparison; not a legal ownership decision.",REQUIRES_REVIEW,SYNTHETIC DEMO DATA — NOT OFFICIAL GOVERNMENT RECORDS
MATCH-1990,P1990,0.93,0.93,LOW,"{""owner_similarity"":0.96,""parcel_similarity"":1.0,""survey_similarity"":1.0,""area_similarity"":0.91,""address_similarity"":0.91,""landuse_similarity"":0.95,""gis_similarity"":0.78}","Likely candidate match based on parcel, survey, owner similarity and spatial comparison; not a legal ownership decision.",REQUIRES_REVIEW,SYNTHETIC DEMO DATA — NOT OFFICIAL GOVERNMENT RECORDS
MATCH-1991,P1991,0.913,0.913,LOW,"{""owner_similarity"":0.84,""parcel_similarity"":1.0,""survey_similarity"":1.0,""area_similarity"":0.91,""address_similarity"":0.91,""landuse_similarity"":0.95,""gis_similarity"":0.78}","Likely candidate match based on parcel, survey, owner similarity and spatial comparison; not a legal ownership decision.",REQUIRES_REVIEW,SYNTHETIC DEMO DATA — NOT OFFICIAL GOVERNMENT RECORDS
MATCH-1992,P1992,0.93,0.93,LOW,"{""owner_similarity"":0.96,""parcel_similarity"":1.0,""survey_similarity"":1.0,""area_similarity"":0.91,""address_similarity"":0.91,""landuse_similarity"":0.95,""gis_similarity"":0.78}","Likely candidate match based on parcel, survey, owner similarity and spatial comparison; not a legal ownership decision.",REQUIRES_REVIEW,SYNTHETIC DEMO DATA — NOT OFFICIAL GOVERNMENT RECORDS
MATCH-1993,P1993,0.93,0.93,LOW,"{""owner_similarity"":0.96,""parcel_similarity"":1.0,""survey_similarity"":1.0,""area_similarity"":0.91,""address_similarity"":0.91,""landuse_similarity"":0.95,""gis_similarity"":0.78}","Likely candidate match based on parcel, survey, owner similarity and spatial comparison; not a legal ownership decision.",REQUIRES_REVIEW,SYNTHETIC DEMO DATA — NOT OFFICIAL GOVERNMENT RECORDS
MATCH-1994,P1994,0.93,0.93,LOW,"{""owner_similarity"":0.96,""parcel_similarity"":1.0,""survey_similarity"":1.0,""area_similarity"":0.91,""address_similarity"":0.91,""landuse_similarity"":0.95,""gis_similarity"":0.78}","Likely candidate match based on parcel, survey, owner similarity and spatial comparison; not a legal ownership decision.",REQUIRES_REVIEW,SYNTHETIC DEMO DATA — NOT OFFICIAL GOVERNMENT RECORDS
MATCH-1995,P1995,0.93,0.93,LOW,"{""owner_similarity"":0.96,""parcel_similarity"":1.0,""survey_similarity"":1.0,""area_similarity"":0.91,""address_similarity"":0.91,""landuse_similarity"":0.95,""gis_similarity"":0.78}","Likely candidate match based on parcel, survey, owner similarity and spatial comparison; not a legal ownership decision.",REQUIRES_REVIEW,SYNTHETIC DEMO DATA — NOT OFFICIAL GOVERNMENT RECORDS
MATCH-1996,P1996,0.93,0.93,LOW,"{""owner_similarity"":0.96,""parcel_similarity"":1.0,""survey_similarity"":1.0,""area_similarity"":0.91,""address_similarity"":0.91,""landuse_similarity"":0.95,""gis_similarity"":0.78}","Likely candidate match based on parcel, survey, owner similarity and spatial comparison; not a legal ownership decision.",REQUIRES_REVIEW,SYNTHETIC DEMO DATA — NOT OFFICIAL GOVERNMENT RECORDS
MATCH-1997,P1997,0.93,0.93,LOW,"{""owner_similarity"":0.96,""parcel_similarity"":1.0,""survey_similarity"":1.0,""area_similarity"":0.91,""address_similarity"":0.91,""landuse_similarity"":0.95,""gis_similarity"":0.78}","Likely candidate match based on parcel, survey, owner similarity and spatial comparison; not a legal ownership decision.",REQUIRES_REVIEW,SYNTHETIC DEMO DATA — NOT OFFICIAL GOVERNMENT RECORDS
MATCH-1998,P1998,0.93,0.93,LOW,"{""owner_similarity"":0.96,""parcel_similarity"":1.0,""survey_similarity"":1.0,""area_similarity"":0.91,""address_similarity"":0.91,""landuse_similarity"":0.95,""gis_similarity"":0.78}","Likely candidate match based on parcel, survey, owner similarity and spatial comparison; not a legal ownership decision.",REQUIRES_REVIEW,SYNTHETIC DEMO DATA — NOT OFFICIAL GOVERNMENT RECORDS
MATCH-1999,P1999,0.93,0.93,LOW,"{""owner_similarity"":0.96,""parcel_similarity"":1.0,""survey_similarity"":1.0,""area_similarity"":0.91,""address_similarity"":0.91,""landuse_similarity"":0.95,""gis_similarity"":0.78}","Likely candidate match based on parcel, survey, owner similarity and spatial comparison; not a legal ownership decision.",REQUIRES_REVIEW,SYNTHETIC DEMO DATA — NOT OFFICIAL GOVERNMENT RECORDS
MATCH-2000,P2000,0.913,0.913,LOW,"{""owner_similarity"":0.84,""parcel_similarity"":1.0,""survey_similarity"":1.0,""area_similarity"":0.91,""address_similarity"":0.91,""landuse_similarity"":0.95,""gis_similarity"":0.78}","Likely candidate match based on parcel, survey, owner similarity and spatial comparison; not a legal ownership decision.",REQUIRES_REVIEW,SYNTHETIC DEMO DATA — NOT OFFICIAL GOVERNMENT RECORDS
