gis_record_id,property_id,parcel_id,geometry,gis_area_sq_m,latitude,longitude,crs,boundary_source,spatial_comparison,data_type
GIS-1001,P1001,P1001,"{""type"":""Polygon"",""coordinates"":[[[77.775,23.505],[77.77565,23.505],[77.77565,23.50565],[77.775,23.50565],[77.775,23.505]]]}",90.88,23.505,77.775,EPSG:4326,Synthetic GIS survey,MATCH,SYNTHETIC DEMO DATA — NOT OFFICIAL GOVERNMENT RECORDS
GIS-1002,P1002,P1002,"{""type"":""Polygon"",""coordinates"":[[[77.775,23.50615],[77.77565,23.50615],[77.77565,23.5068],[77.775,23.5068],[77.775,23.50615]]]}",137.25,23.50615,77.775,EPSG:4326,Synthetic GIS survey,MATCH,SYNTHETIC DEMO DATA — NOT OFFICIAL GOVERNMENT RECORDS
GIS-1003,P1003,P1003,"{""type"":""Polygon"",""coordinates"":[[[77.775,23.5073],[77.77565,23.5073],[77.77565,23.50795],[77.775,23.50795],[77.775,23.5073]]]}",184.16,23.5073,77.775,EPSG:4326,Synthetic GIS survey,MATCH,SYNTHETIC DEMO DATA — NOT OFFICIAL GOVERNMENT RECORDS
GIS-1004,P1004,P1004,"{""type"":""Polygon"",""coordinates"":[[[77.775,23.50845],[77.77565,23.50845],[77.77565,23.5091],[77.775,23.5091],[77.775,23.50845]]]}",231.68,23.50845,77.775,EPSG:4326,Synthetic GIS survey,MATCH,SYNTHETIC DEMO DATA — NOT OFFICIAL GOVERNMENT RECORDS
GIS-1005,P1005,P1005,"{""type"":""Polygon"",""coordinates"":[[[77.775,23.5096],[77.77565,23.5096],[77.77565,23.51025],[77.775,23.51025],[77.775,23.5096]]]}",278.72,23.5096,77.775,EPSG:4326,Synthetic GIS survey,MATCH,SYNTHETIC DEMO DATA — NOT OFFICIAL GOVERNMENT RECORDS
GIS-1006,P1006,P1006,"{""type"":""Polygon"",""coordinates"":[[[77.775,23.51075],[77.77565,23.51075],[77.77565,23.5114],[77.775,23.5114],[77.775,23.51075]]]}",325.57,23.51075,77.775,EPSG:4326,Synthetic GIS survey,MATCH,SYNTHETIC DEMO DATA — NOT OFFICIAL GOVERNMENT RECORDS
GIS-1007,P1007,P1007,"{""type"":""Polygon"",""coordinates"":[[[77.775,23.5119],[77.77565,23.5119],[77.77565,23.51255],[77.775,23.51255],[77.775,23.5119]]]}",372.83,23.5119,77.775,EPSG:4326,Synthetic GIS survey,MATCH,SYNTHETIC DEMO DATA — NOT OFFICIAL GOVERNMENT RECORDS
GIS-1008,P1008,P1008,"{""type"":""Polygon"",""coordinates"":[[[77.775,23.51305],[77.77565,23.51305],[77.77565,23.5137],[77.775,23.5137],[77.775,23.51305]]]}",419.09,23.51305,77.775,EPSG:4326,Synthetic GIS survey,MATCH,SYNTHETIC DEMO DATA — NOT OFFICIAL GOVERNMENT RECORDS
GIS-1009,P1009,P1009,"{""type"":""Polygon"",""coordinates"":[[[77.775,23.5142],[77.77565,23.5142],[77.77565,23.51485],[77.775,23.51485],[77.775,23.5142]]]}",466.19,23.5142,77.775,EPSG:4326,Synthetic GIS survey,MATCH,SYNTHETIC DEMO DATA — NOT OFFICIAL GOVERNMENT RECORDS
GIS-1010,P1010,P1010,"{""type"":""Polygon"",""coordinates"":[[[77.775,23.51535],[77.77565,23.51535],[77.77565,23.516],[77.775,23.516],[77.775,23.51535]]]}",513.13,23.51535,77.775,EPSG:4326,Synthetic GIS survey,MATCH,SYNTHETIC DEMO DATA — NOT OFFICIAL GOVERNMENT RECORDS
GIS-1011,P1011,P1011,"{""type"":""Polygon"",""coordinates"":[[[77.775,23.5165],[77.77565,23.5165],[77.77565,23.51715],[77.775,23.51715],[77.775,23.5165]]]}",560.69,23.5165,77.775,EPSG:4326,Synthetic GIS survey,MATCH,SYNTHETIC DEMO DATA — NOT OFFICIAL GOVERNMENT RECORDS
GIS-1012,P1012,P1012,"{""type"":""Polygon"",""coordinates"":[[[77.775,23.51765],[77.77565,23.51765],[77.77565,23.5183],[77.775,23.5183],[77.775,23.51765]]]}",607.79,23.51765,77.775,EPSG:4326,Synthetic GIS survey,MATCH,SYNTHETIC DEMO DATA — NOT OFFICIAL GOVERNMENT RECORDS
GIS-1013,P1013,P1013,"{""type"":""Polygon"",""coordinates"":[[[77.775,23.5188],[77.77565,23.5188],[77.77565,23.51945],[77.775,23.51945],[77.775,23.5188]]]}",654.36,23.5188,77.775,EPSG:4326,Synthetic GIS survey,MATCH,SYNTHETIC DEMO DATA — NOT OFFICIAL GOVERNMENT RECORDS
GIS-1014,P1014,P1014,"{""type"":""Polygon"",""coordinates"":[[[77.775,23.51995],[77.77565,23.51995],[77.77565,23.5206],[77.775,23.5206],[77.775,23.51995]]]}",701.09,23.51995,77.775,EPSG:4326,Synthetic GIS survey,MATCH,SYNTHETIC DEMO DATA — NOT OFFICIAL GOVERNMENT RECORDS
GIS-1015,P1015,P1015,"{""type"":""Polygon"",""coordinates"":[[[77.775,23.5211],[77.77565,23.5211],[77.77565,23.52175],[77.775,23.52175],[77.775,23.5211]]]}",748.74,23.5211,77.775,EPSG:4326,Synthetic GIS survey,MATCH,SYNTHETIC DEMO DATA — NOT OFFICIAL GOVERNMENT RECORDS
GIS-1016,P1016,P1016,"{""type"":""Polygon"",""coordinates"":[[[77.775,23.52225],[77.77565,23.52225],[77.77565,23.5229],[77.775,23.5229],[77.775,23.52225]]]}",795.25,23.52225,77.775,EPSG:4326,Synthetic GIS survey,MATCH,SYNTHETIC DEMO DATA — NOT OFFICIAL GOVERNMENT RECORDS
GIS-1017,P1017,P1017,"{""type"":""Polygon"",""coordinates"":[[[77.775,23.5234],[77.77565,23.5234],[77.77565,23.52405],[77.775,23.52405],[77.775,23.5234]]]}",842.14,23.5234,77.775,EPSG:4326,Synthetic GIS survey,MATCH,SYNTHETIC DEMO DATA — NOT OFFICIAL GOVERNMENT RECORDS
GIS-1018,P1018,P1018,"{""type"":""Polygon"",""coordinates"":[[[77.775,23.52455],[77.77565,23.52455],[77.77565,23.5252],[77.775,23.5252],[77.775,23.52455]]]}",889.28,23.52455,77.775,EPSG:4326,Synthetic GIS survey,MATCH,SYNTHETIC DEMO DATA — NOT OFFICIAL GOVERNMENT RECORDS
GIS-1019,P1019,P1019,"{""type"":""Polygon"",""coordinates"":[[[77.775,23.5257],[77.77565,23.5257],[77.77565,23.52635],[77.775,23.52635],[77.775,23.5257]]]}",936.22,23.5257,77.775,EPSG:4326,Synthetic GIS survey,MATCH,SYNTHETIC DEMO DATA — NOT OFFICIAL GOVERNMENT RECORDS
GIS-1020,P1020,P1020,"{""type"":""Polygon"",""coordinates"":[[[77.775,23.52685],[77.77565,23.52685],[77.77565,23.5275],[77.775,23.5275],[77.775,23.52685]]]}",983.44,23.52685,77.775,EPSG:4326,Synthetic GIS survey,MATCH,SYNTHETIC DEMO DATA — NOT OFFICIAL GOVERNMENT RECORDS
GIS-1021,P1021,P1021,"{""type"":""Polygon"",""coordinates"":[[[77.775,23.528],[77.77565,23.528],[77.77565,23.52865],[77.775,23.52865],[77.775,23.528]]]}",1030.79,23.528,77.775,EPSG:4326,Synthetic GIS survey,MATCH,SYNTHETIC DEMO DATA — NOT OFFICIAL GOVERNMENT RECORDS
GIS-1022,P1022,P1022,"{""type"":""Polygon"",""coordinates"":[[[77.775,23.52915],[77.77565,23.52915],[77.77565,23.5298],[77.775,23.5298],[77.775,23.52915]]]}",1077.67,23.52915,77.775,EPSG:4326,Synthetic GIS survey,MATCH,SYNTHETIC DEMO DATA — NOT OFFICIAL GOVERNMENT RECORDS
GIS-1023,P1023,P1023,"{""type"":""Polygon"",""coordinates"":[[[77.775,23.5303],[77.77565,23.5303],[77.77565,23.53095],[77.775,23.53095],[77.775,23.5303]]]}",1124.92,23.5303,77.775,EPSG:4326,Synthetic GIS survey,MATCH,SYNTHETIC DEMO DATA — NOT OFFICIAL GOVERNMENT RECORDS
GIS-1024,P1024,P1024,"{""type"":""Polygon"",""coordinates"":[[[77.775,23.53145],[77.77565,23.53145],[77.77565,23.5321],[77.775,23.5321],[77.775,23.53145]]]}",1171.61,23.53145,77.775,EPSG:4326,Synthetic GIS survey,MATCH,SYNTHETIC DEMO DATA — NOT OFFICIAL GOVERNMENT RECORDS
GIS-1025,P1025,P1025,"{""type"":""Polygon"",""coordinates"":[[[77.775,23.5326],[77.77565,23.5326],[77.77565,23.53325],[77.775,23.53325],[77.775,23.5326]]]}",1218.57,23.5326,77.775,EPSG:4326,Synthetic GIS survey,MATCH,SYNTHETIC DEMO DATA — NOT OFFICIAL GOVERNMENT RECORDS
GIS-1026,P1026,P1026,"{""type"":""Polygon"",""coordinates"":[[[77.775,23.53375],[77.77565,23.53375],[77.77565,23.5344],[77.775,23.5344],[77.775,23.53375]]]}",1265.17,23.53375,77.775,EPSG:4326,Synthetic GIS survey,MATCH,SYNTHETIC DEMO DATA — NOT OFFICIAL GOVERNMENT RECORDS
GIS-1027,P1027,P1027,"{""type"":""Polygon"",""coordinates"":[[[77.775,23.5349],[77.77565,23.5349],[77.77565,23.53555],[77.775,23.53555],[77.775,23.5349]]]}",1312.64,23.5349,77.775,EPSG:4326,Synthetic GIS survey,MATCH,SYNTHETIC DEMO DATA — NOT OFFICIAL GOVERNMENT RECORDS
GIS-1028,P1028,P1028,"{""type"":""Polygon"",""coordinates"":[[[77.775,23.53605],[77.77565,23.53605],[77.77565,23.5367],[77.775,23.5367],[77.775,23.53605]]]}",1359.6,23.53605,77.775,EPSG:4326,Synthetic GIS survey,MATCH,SYNTHETIC DEMO DATA — NOT OFFICIAL GOVERNMENT RECORDS
GIS-1029,P1029,P1029,"{""type"":""Polygon"",""coordinates"":[[[77.775,23.5372],[77.77565,23.5372],[77.77565,23.53785],[77.775,23.53785],[77.775,23.5372]]]}",1406.98,23.5372,77.775,EPSG:4326,Synthetic GIS survey,MATCH,SYNTHETIC DEMO DATA — NOT OFFICIAL GOVERNMENT RECORDS
GIS-1030,P1030,P1030,"{""type"":""Polygon"",""coordinates"":[[[77.775,23.53835],[77.77565,23.53835],[77.77565,23.539],[77.775,23.539],[77.775,23.53835]]]}",1453.01,23.53835,77.775,EPSG:4326,Synthetic GIS survey,MATCH,SYNTHETIC DEMO DATA — NOT OFFICIAL GOVERNMENT RECORDS
GIS-1031,P1031,P1031,"{""type"":""Polygon"",""coordinates"":[[[77.775,23.5395],[77.77565,23.5395],[77.77565,23.54015],[77.775,23.54015],[77.775,23.5395]]]}",1500.38,23.5395,77.775,EPSG:4326,Synthetic GIS survey,MATCH,SYNTHETIC DEMO DATA — NOT OFFICIAL GOVERNMENT RECORDS
GIS-1032,P1032,P1032,"{""type"":""Polygon"",""coordinates"":[[[77.775,23.54065],[77.77565,23.54065],[77.77565,23.5413],[77.775,23.5413],[77.775,23.54065]]]}",97.67,23.54065,77.775,EPSG:4326,Synthetic GIS survey,MATCH,SYNTHETIC DEMO DATA — NOT OFFICIAL GOVERNMENT RECORDS
GIS-1033,P1033,P1033,"{""type"":""Polygon"",""coordinates"":[[[77.775,23.5418],[77.77565,23.5418],[77.77565,23.54245],[77.775,23.54245],[77.775,23.5418]]]}",144.26,23.5418,77.775,EPSG:4326,Synthetic GIS survey,MATCH,SYNTHETIC DEMO DATA — NOT OFFICIAL GOVERNMENT RECORDS
GIS-1034,P1034,P1034,"{""type"":""Polygon"",""coordinates"":[[[77.775,23.54295],[77.77565,23.54295],[77.77565,23.5436],[77.775,23.5436],[77.775,23.54295]]]}",191.99,23.54295,77.775,EPSG:4326,Synthetic GIS survey,MATCH,SYNTHETIC DEMO DATA — NOT OFFICIAL GOVERNMENT RECORDS
GIS-1035,P1035,P1035,"{""type"":""Polygon"",""coordinates"":[[[77.775,23.5441],[77.77565,23.5441],[77.77565,23.54475],[77.775,23.54475],[77.775,23.5441]]]}",238.22,23.5441,77.775,EPSG:4326,Synthetic GIS survey,MATCH,SYNTHETIC DEMO DATA — NOT OFFICIAL GOVERNMENT RECORDS
GIS-1036,P1036,P1036,"{""type"":""Polygon"",""coordinates"":[[[77.775,23.54525],[77.77565,23.54525],[77.77565,23.5459],[77.775,23.5459],[77.775,23.54525]]]}",285.46,23.54525,77.775,EPSG:4326,Synthetic GIS survey,MATCH,SYNTHETIC DEMO DATA — NOT OFFICIAL GOVERNMENT RECORDS
GIS-1037,P1037,P1037,"{""type"":""Polygon"",""coordinates"":[[[77.775,23.5464],[77.77565,23.5464],[77.77565,23.54705],[77.775,23.54705],[77.775,23.5464]]]}",332.5,23.5464,77.775,EPSG:4326,Synthetic GIS survey,MATCH,SYNTHETIC DEMO DATA — NOT OFFICIAL GOVERNMENT RECORDS
GIS-1038,P1038,P1038,"{""type"":""Polygon"",""coordinates"":[[[77.775,23.54755],[77.77565,23.54755],[77.77565,23.5482],[77.775,23.5482],[77.775,23.54755]]]}",379.33,23.54755,77.775,EPSG:4326,Synthetic GIS survey,MATCH,SYNTHETIC DEMO DATA — NOT OFFICIAL GOVERNMENT RECORDS
GIS-1039,P1039,P1039,"{""type"":""Polygon"",""coordinates"":[[[77.775,23.5487],[77.77565,23.5487],[77.77565,23.54935],[77.775,23.54935],[77.775,23.5487]]]}",426.94,23.5487,77.775,EPSG:4326,Synthetic GIS survey,MATCH,SYNTHETIC DEMO DATA — NOT OFFICIAL GOVERNMENT RECORDS
GIS-1040,P1040,P1040,"{""type"":""Polygon"",""coordinates"":[[[77.775,23.54985],[77.77565,23.54985],[77.77565,23.5505],[77.775,23.5505],[77.775,23.54985]]]}",473.48,23.54985,77.775,EPSG:4326,Synthetic GIS survey,MATCH,SYNTHETIC DEMO DATA — NOT OFFICIAL GOVERNMENT RECORDS
GIS-1041,P1041,P1041,"{""type"":""Polygon"",""coordinates"":[[[77.77625,23.505],[77.7769,23.505],[77.7769,23.50565],[77.77625,23.50565],[77.77625,23.505]]]}",520.68,23.505,77.77625,EPSG:4326,Synthetic GIS survey,MATCH,SYNTHETIC DEMO DATA — NOT OFFICIAL GOVERNMENT RECORDS
GIS-1042,P1042,P1042,"{""type"":""Polygon"",""coordinates"":[[[77.77625,23.50615],[77.7769,23.50615],[77.7769,23.5068],[77.77625,23.5068],[77.77625,23.50615]]]}",567.61,23.50615,77.77625,EPSG:4326,Synthetic GIS survey,MATCH,SYNTHETIC DEMO DATA — NOT OFFICIAL GOVERNMENT RECORDS
GIS-1043,P1043,P1043,"{""type"":""Polygon"",""coordinates"":[[[77.77625,23.5073],[77.7769,23.5073],[77.7769,23.50795],[77.77625,23.50795],[77.77625,23.5073]]]}",614.88,23.5073,77.77625,EPSG:4326,Synthetic GIS survey,MATCH,SYNTHETIC DEMO DATA — NOT OFFICIAL GOVERNMENT RECORDS
GIS-1044,P1044,P1044,"{""type"":""Polygon"",""coordinates"":[[[77.77625,23.50845],[77.7769,23.50845],[77.7769,23.5091],[77.77625,23.5091],[77.77625,23.50845]]]}",661.88,23.50845,77.77625,EPSG:4326,Synthetic GIS survey,MATCH,SYNTHETIC DEMO DATA — NOT OFFICIAL GOVERNMENT RECORDS
GIS-1045,P1045,P1045,"{""type"":""Polygon"",""coordinates"":[[[77.77625,23.5096],[77.7769,23.5096],[77.7769,23.51025],[77.77625,23.51025],[77.77625,23.5096]]]}",708.81,23.5096,77.77625,EPSG:4326,Synthetic GIS survey,MATCH,SYNTHETIC DEMO DATA — NOT OFFICIAL GOVERNMENT RECORDS
GIS-1046,P1046,P1046,"{""type"":""Polygon"",""coordinates"":[[[77.77625,23.51075],[77.7769,23.51075],[77.7769,23.5114],[77.77625,23.5114],[77.77625,23.51075]]]}",755.67,23.51075,77.77625,EPSG:4326,Synthetic GIS survey,MATCH,SYNTHETIC DEMO DATA — NOT OFFICIAL GOVERNMENT RECORDS
GIS-1047,P1047,P1047,"{""type"":""Polygon"",""coordinates"":[[[77.77625,23.5119],[77.7769,23.5119],[77.7769,23.51255],[77.77625,23.51255],[77.77625,23.5119]]]}",802.03,23.5119,77.77625,EPSG:4326,Synthetic GIS survey,MATCH,SYNTHETIC DEMO DATA — NOT OFFICIAL GOVERNMENT RECORDS
GIS-1048,P1048,P1048,"{""type"":""Polygon"",""coordinates"":[[[77.77625,23.51305],[77.7769,23.51305],[77.7769,23.5137],[77.77625,23.5137],[77.77625,23.51305]]]}",849.82,23.51305,77.77625,EPSG:4326,Synthetic GIS survey,MATCH,SYNTHETIC DEMO DATA — NOT OFFICIAL GOVERNMENT RECORDS
GIS-1049,P1049,P1049,"{""type"":""Polygon"",""coordinates"":[[[77.77625,23.5142],[77.7769,23.5142],[77.7769,23.51485],[77.77625,23.51485],[77.77625,23.5142]]]}",896.78,23.5142,77.77625,EPSG:4326,Synthetic GIS survey,MATCH,SYNTHETIC DEMO DATA — NOT OFFICIAL GOVERNMENT RECORDS
GIS-1050,P1050,P1050,"{""type"":""Polygon"",""coordinates"":[[[77.77625,23.51535],[77.7769,23.51535],[77.7769,23.516],[77.77625,23.516],[77.77625,23.51535]]]}",943.76,23.51535,77.77625,EPSG:4326,Synthetic GIS survey,MATCH,SYNTHETIC DEMO DATA — NOT OFFICIAL GOVERNMENT RECORDS
GIS-1051,P1051,P1051,"{""type"":""Polygon"",""coordinates"":[[[77.77625,23.5165],[77.7769,23.5165],[77.7769,23.51715],[77.77625,23.51715],[77.77625,23.5165]]]}",990.52,23.5165,77.77625,EPSG:4326,Synthetic GIS survey,MATCH,SYNTHETIC DEMO DATA — NOT OFFICIAL GOVERNMENT RECORDS
GIS-1052,P1052,P1052,"{""type"":""Polygon"",""coordinates"":[[[77.77625,23.51765],[77.7769,23.51765],[77.7769,23.5183],[77.77625,23.5183],[77.77625,23.51765]]]}",1037.57,23.51765,77.77625,EPSG:4326,Synthetic GIS survey,MATCH,SYNTHETIC DEMO DATA — NOT OFFICIAL GOVERNMENT RECORDS
GIS-1053,P1053,P1053,"{""type"":""Polygon"",""coordinates"":[[[77.77625,23.5188],[77.7769,23.5188],[77.7769,23.51945],[77.77625,23.51945],[77.77625,23.5188]]]}",1084.23,23.5188,77.77625,EPSG:4326,Synthetic GIS survey,MATCH,SYNTHETIC DEMO DATA — NOT OFFICIAL GOVERNMENT RECORDS
GIS-1054,P1054,P1054,"{""type"":""Polygon"",""coordinates"":[[[77.77625,23.51995],[77.7769,23.51995],[77.7769,23.5206],[77.77625,23.5206],[77.77625,23.51995]]]}",1131.82,23.51995,77.77625,EPSG:4326,Synthetic GIS survey,MATCH,SYNTHETIC DEMO DATA — NOT OFFICIAL GOVERNMENT RECORDS
GIS-1055,P1055,P1055,"{""type"":""Polygon"",""coordinates"":[[[77.77625,23.5211],[77.7769,23.5211],[77.7769,23.52175],[77.77625,23.52175],[77.77625,23.5211]]]}",1178.24,23.5211,77.77625,EPSG:4326,Synthetic GIS survey,MATCH,SYNTHETIC DEMO DATA — NOT OFFICIAL GOVERNMENT RECORDS
GIS-1056,P1056,P1056,"{""type"":""Polygon"",""coordinates"":[[[77.77625,23.52225],[77.7769,23.52225],[77.7769,23.5229],[77.77625,23.5229],[77.77625,23.52225]]]}",1225.89,23.52225,77.77625,EPSG:4326,Synthetic GIS survey,MATCH,SYNTHETIC DEMO DATA — NOT OFFICIAL GOVERNMENT RECORDS
GIS-1057,P1057,P1057,"{""type"":""Polygon"",""coordinates"":[[[77.77625,23.5234],[77.7769,23.5234],[77.7769,23.52405],[77.77625,23.52405],[77.77625,23.5234]]]}",1272.69,23.5234,77.77625,EPSG:4326,Synthetic GIS survey,MATCH,SYNTHETIC DEMO DATA — NOT OFFICIAL GOVERNMENT RECORDS
GIS-1058,P1058,P1058,"{""type"":""Polygon"",""coordinates"":[[[77.77625,23.52455],[77.7769,23.52455],[77.7769,23.5252],[77.77625,23.5252],[77.77625,23.52455]]]}",1319.45,23.52455,77.77625,EPSG:4326,Synthetic GIS survey,MATCH,SYNTHETIC DEMO DATA — NOT OFFICIAL GOVERNMENT RECORDS
GIS-1059,P1059,P1059,"{""type"":""Polygon"",""coordinates"":[[[77.77625,23.5257],[77.7769,23.5257],[77.7769,23.52635],[77.77625,23.52635],[77.77625,23.5257]]]}",1366.86,23.5257,77.77625,EPSG:4326,Synthetic GIS survey,MATCH,SYNTHETIC DEMO DATA — NOT OFFICIAL GOVERNMENT RECORDS
GIS-1060,P1060,P1060,"{""type"":""Polygon"",""coordinates"":[[[77.77625,23.52685],[77.7769,23.52685],[77.7769,23.5275],[77.77625,23.5275],[77.77625,23.52685]]]}",1413.98,23.52685,77.77625,EPSG:4326,Synthetic GIS survey,MATCH,SYNTHETIC DEMO DATA — NOT OFFICIAL GOVERNMENT RECORDS
GIS-1061,P1061,P1061,"{""type"":""Polygon"",""coordinates"":[[[77.77625,23.528],[77.7769,23.528],[77.7769,23.52865],[77.77625,23.52865],[77.77625,23.528]]]}",1460.33,23.528,77.77625,EPSG:4326,Synthetic GIS survey,MATCH,SYNTHETIC DEMO DATA — NOT OFFICIAL GOVERNMENT RECORDS
GIS-1062,P1062,P1062,"{""type"":""Polygon"",""coordinates"":[[[77.77625,23.52915],[77.7769,23.52915],[77.7769,23.5298],[77.77625,23.5298],[77.77625,23.52915]]]}",1507.23,23.52915,77.77625,EPSG:4326,Synthetic GIS survey,MATCH,SYNTHETIC DEMO DATA — NOT OFFICIAL GOVERNMENT RECORDS
GIS-1063,P1063,P1063,"{""type"":""Polygon"",""coordinates"":[[[77.77625,23.5303],[77.7769,23.5303],[77.7769,23.53095],[77.77625,23.53095],[77.77625,23.5303]]]}",104.14,23.5303,77.77625,EPSG:4326,Synthetic GIS survey,MATCH,SYNTHETIC DEMO DATA — NOT OFFICIAL GOVERNMENT RECORDS
GIS-1064,P1064,P1064,"{""type"":""Polygon"",""coordinates"":[[[77.77625,23.53145],[77.7769,23.53145],[77.7769,23.5321],[77.77625,23.5321],[77.77625,23.53145]]]}",151.74,23.53145,77.77625,EPSG:4326,Synthetic GIS survey,MATCH,SYNTHETIC DEMO DATA — NOT OFFICIAL GOVERNMENT RECORDS
GIS-1065,P1065,P1065,"{""type"":""Polygon"",""coordinates"":[[[77.77625,23.5326],[77.7769,23.5326],[77.7769,23.53325],[77.77625,23.53325],[77.77625,23.5326]]]}",198.7,23.5326,77.77625,EPSG:4326,Synthetic GIS survey,MATCH,SYNTHETIC DEMO DATA — NOT OFFICIAL GOVERNMENT RECORDS
GIS-1066,P1066,P1066,"{""type"":""Polygon"",""coordinates"":[[[77.77625,23.53375],[77.7769,23.53375],[77.7769,23.5344],[77.77625,23.5344],[77.77625,23.53375]]]}",245.28,23.53375,77.77625,EPSG:4326,Synthetic GIS survey,MATCH,SYNTHETIC DEMO DATA — NOT OFFICIAL GOVERNMENT RECORDS
GIS-1067,P1067,P1067,"{""type"":""Polygon"",""coordinates"":[[[77.77625,23.5349],[77.7769,23.5349],[77.7769,23.53555],[77.77625,23.53555],[77.77625,23.5349]]]}",292.04,23.5349,77.77625,EPSG:4326,Synthetic GIS survey,MATCH,SYNTHETIC DEMO DATA — NOT OFFICIAL GOVERNMENT RECORDS
GIS-1068,P1068,P1068,"{""type"":""Polygon"",""coordinates"":[[[77.77625,23.53605],[77.7769,23.53605],[77.7769,23.5367],[77.77625,23.5367],[77.77625,23.53605]]]}",339.25,23.53605,77.77625,EPSG:4326,Synthetic GIS survey,MATCH,SYNTHETIC DEMO DATA — NOT OFFICIAL GOVERNMENT RECORDS
GIS-1069,P1069,P1069,"{""type"":""Polygon"",""coordinates"":[[[77.77625,23.5372],[77.7769,23.5372],[77.7769,23.53785],[77.77625,23.53785],[77.77625,23.5372]]]}",386.33,23.5372,77.77625,EPSG:4326,Synthetic GIS survey,MATCH,SYNTHETIC DEMO DATA — NOT OFFICIAL GOVERNMENT RECORDS
GIS-1070,P1070,P1070,"{""type"":""Polygon"",""coordinates"":[[[77.77625,23.53835],[77.7769,23.53835],[77.7769,23.539],[77.77625,23.539],[77.77625,23.53835]]]}",433.63,23.53835,77.77625,EPSG:4326,Synthetic GIS survey,MATCH,SYNTHETIC DEMO DATA — NOT OFFICIAL GOVERNMENT RECORDS
GIS-1071,P1071,P1071,"{""type"":""Polygon"",""coordinates"":[[[77.77625,23.5395],[77.7769,23.5395],[77.7769,23.54015],[77.77625,23.54015],[77.77625,23.5395]]]}",480.55,23.5395,77.77625,EPSG:4326,Synthetic GIS survey,MATCH,SYNTHETIC DEMO DATA — NOT OFFICIAL GOVERNMENT RECORDS
GIS-1072,P1072,P1072,"{""type"":""Polygon"",""coordinates"":[[[77.77625,23.54065],[77.7769,23.54065],[77.7769,23.5413],[77.77625,23.5413],[77.77625,23.54065]]]}",527.82,23.54065,77.77625,EPSG:4326,Synthetic GIS survey,MATCH,SYNTHETIC DEMO DATA — NOT OFFICIAL GOVERNMENT RECORDS
GIS-1073,P1073,P1073,"{""type"":""Polygon"",""coordinates"":[[[77.77625,23.5418],[77.7769,23.5418],[77.7769,23.54245],[77.77625,23.54245],[77.77625,23.5418]]]}",574.46,23.5418,77.77625,EPSG:4326,Synthetic GIS survey,MATCH,SYNTHETIC DEMO DATA — NOT OFFICIAL GOVERNMENT RECORDS
GIS-1074,P1074,P1074,"{""type"":""Polygon"",""coordinates"":[[[77.77625,23.54295],[77.7769,23.54295],[77.7769,23.5436],[77.77625,23.5436],[77.77625,23.54295]]]}",621.89,23.54295,77.77625,EPSG:4326,Synthetic GIS survey,MATCH,SYNTHETIC DEMO DATA — NOT OFFICIAL GOVERNMENT RECORDS
GIS-1075,P1075,P1075,"{""type"":""Polygon"",""coordinates"":[[[77.77625,23.5441],[77.7769,23.5441],[77.7769,23.54475],[77.77625,23.54475],[77.77625,23.5441]]]}",668.94,23.5441,77.77625,EPSG:4326,Synthetic GIS survey,MATCH,SYNTHETIC DEMO DATA — NOT OFFICIAL GOVERNMENT RECORDS
GIS-1076,P1076,P1076,"{""type"":""Polygon"",""coordinates"":[[[77.77625,23.54525],[77.7769,23.54525],[77.7769,23.5459],[77.77625,23.5459],[77.77625,23.54525]]]}",715.16,23.54525,77.77625,EPSG:4326,Synthetic GIS survey,MATCH,SYNTHETIC DEMO DATA — NOT OFFICIAL GOVERNMENT RECORDS
GIS-1077,P1077,P1077,"{""type"":""Polygon"",""coordinates"":[[[77.77625,23.5464],[77.7769,23.5464],[77.7769,23.54705],[77.77625,23.54705],[77.77625,23.5464]]]}",762.06,23.5464,77.77625,EPSG:4326,Synthetic GIS survey,MATCH,SYNTHETIC DEMO DATA — NOT OFFICIAL GOVERNMENT RECORDS
GIS-1078,P1078,P1078,"{""type"":""Polygon"",""coordinates"":[[[77.77625,23.54755],[77.7769,23.54755],[77.7769,23.5482],[77.77625,23.5482],[77.77625,23.54755]]]}",809.51,23.54755,77.77625,EPSG:4326,Synthetic GIS survey,MATCH,SYNTHETIC DEMO DATA — NOT OFFICIAL GOVERNMENT RECORDS
GIS-1079,P1079,P1079,"{""type"":""Polygon"",""coordinates"":[[[77.77625,23.5487],[77.7769,23.5487],[77.7769,23.54935],[77.77625,23.54935],[77.77625,23.5487]]]}",856.52,23.5487,77.77625,EPSG:4326,Synthetic GIS survey,MATCH,SYNTHETIC DEMO DATA — NOT OFFICIAL GOVERNMENT RECORDS
GIS-1080,P1080,P1080,"{""type"":""Polygon"",""coordinates"":[[[77.77625,23.54985],[77.7769,23.54985],[77.7769,23.5505],[77.77625,23.5505],[77.77625,23.54985]]]}",903.94,23.54985,77.77625,EPSG:4326,Synthetic GIS survey,MATCH,SYNTHETIC DEMO DATA — NOT OFFICIAL GOVERNMENT RECORDS
GIS-1081,P1081,P1081,"{""type"":""Polygon"",""coordinates"":[[[77.7775,23.505],[77.77815,23.505],[77.77815,23.50565],[77.7775,23.50565],[77.7775,23.505]]]}",950.53,23.505,77.7775,EPSG:4326,Synthetic GIS survey,MATCH,SYNTHETIC DEMO DATA — NOT OFFICIAL GOVERNMENT RECORDS
GIS-1082,P1082,P1082,"{""type"":""Polygon"",""coordinates"":[[[77.7775,23.50615],[77.77815,23.50615],[77.77815,23.5068],[77.7775,23.5068],[77.7775,23.50615]]]}",997.89,23.50615,77.7775,EPSG:4326,Synthetic GIS survey,MATCH,SYNTHETIC DEMO DATA — NOT OFFICIAL GOVERNMENT RECORDS
GIS-1083,P1083,P1083,"{""type"":""Polygon"",""coordinates"":[[[77.7775,23.5073],[77.77815,23.5073],[77.77815,23.50795],[77.7775,23.50795],[77.7775,23.5073]]]}",1044.03,23.5073,77.7775,EPSG:4326,Synthetic GIS survey,MATCH,SYNTHETIC DEMO DATA — NOT OFFICIAL GOVERNMENT RECORDS
GIS-1084,P1084,P1084,"{""type"":""Polygon"",""coordinates"":[[[77.7775,23.50845],[77.77815,23.50845],[77.77815,23.5091],[77.7775,23.5091],[77.7775,23.50845]]]}",1091.37,23.50845,77.7775,EPSG:4326,Synthetic GIS survey,MATCH,SYNTHETIC DEMO DATA — NOT OFFICIAL GOVERNMENT RECORDS
GIS-1085,P1085,P1085,"{""type"":""Polygon"",""coordinates"":[[[77.7775,23.5096],[77.77815,23.5096],[77.77815,23.51025],[77.7775,23.51025],[77.7775,23.5096]]]}",1138.72,23.5096,77.7775,EPSG:4326,Synthetic GIS survey,MATCH,SYNTHETIC DEMO DATA — NOT OFFICIAL GOVERNMENT RECORDS
GIS-1086,P1086,P1086,"{""type"":""Polygon"",""coordinates"":[[[77.7775,23.51075],[77.77815,23.51075],[77.77815,23.5114],[77.7775,23.5114],[77.7775,23.51075]]]}",1185.37,23.51075,77.7775,EPSG:4326,Synthetic GIS survey,MATCH,SYNTHETIC DEMO DATA — NOT OFFICIAL GOVERNMENT RECORDS
GIS-1087,P1087,P1087,"{""type"":""Polygon"",""coordinates"":[[[77.7775,23.5119],[77.77815,23.5119],[77.77815,23.51255],[77.7775,23.51255],[77.7775,23.5119]]]}",1232.22,23.5119,77.7775,EPSG:4326,Synthetic GIS survey,MATCH,SYNTHETIC DEMO DATA — NOT OFFICIAL GOVERNMENT RECORDS
GIS-1088,P1088,P1088,"{""type"":""Polygon"",""coordinates"":[[[77.7775,23.51305],[77.77815,23.51305],[77.77815,23.5137],[77.7775,23.5137],[77.7775,23.51305]]]}",1279.91,23.51305,77.7775,EPSG:4326,Synthetic GIS survey,MATCH,SYNTHETIC DEMO DATA — NOT OFFICIAL GOVERNMENT RECORDS
GIS-1089,P1089,P1089,"{""type"":""Polygon"",""coordinates"":[[[77.7775,23.5142],[77.77815,23.5142],[77.77815,23.51485],[77.7775,23.51485],[77.7775,23.5142]]]}",1326.48,23.5142,77.7775,EPSG:4326,Synthetic GIS survey,MATCH,SYNTHETIC DEMO DATA — NOT OFFICIAL GOVERNMENT RECORDS
GIS-1090,P1090,P1090,"{""type"":""Polygon"",""coordinates"":[[[77.7775,23.51535],[77.77815,23.51535],[77.77815,23.516],[77.7775,23.516],[77.7775,23.51535]]]}",1373.11,23.51535,77.7775,EPSG:4326,Synthetic GIS survey,MATCH,SYNTHETIC DEMO DATA — NOT OFFICIAL GOVERNMENT RECORDS
GIS-1091,P1091,P1091,"{""type"":""Polygon"",""coordinates"":[[[77.7775,23.5165],[77.77815,23.5165],[77.77815,23.51715],[77.7775,23.51715],[77.7775,23.5165]]]}",1420.24,23.5165,77.7775,EPSG:4326,Synthetic GIS survey,MATCH,SYNTHETIC DEMO DATA — NOT OFFICIAL GOVERNMENT RECORDS
GIS-1092,P1092,P1092,"{""type"":""Polygon"",""coordinates"":[[[77.7775,23.51765],[77.77815,23.51765],[77.77815,23.5183],[77.7775,23.5183],[77.7775,23.51765]]]}",1467.59,23.51765,77.7775,EPSG:4326,Synthetic GIS survey,MATCH,SYNTHETIC DEMO DATA — NOT OFFICIAL GOVERNMENT RECORDS
GIS-1093,P1093,P1093,"{""type"":""Polygon"",""coordinates"":[[[77.7775,23.5188],[77.77815,23.5188],[77.77815,23.51945],[77.7775,23.51945],[77.7775,23.5188]]]}",1514.35,23.5188,77.7775,EPSG:4326,Synthetic GIS survey,MATCH,SYNTHETIC DEMO DATA — NOT OFFICIAL GOVERNMENT RECORDS
GIS-1094,P1094,P1094,"{""type"":""Polygon"",""coordinates"":[[[77.7775,23.51995],[77.77815,23.51995],[77.77815,23.5206],[77.7775,23.5206],[77.7775,23.51995]]]}",111.85,23.51995,77.7775,EPSG:4326,Synthetic GIS survey,MATCH,SYNTHETIC DEMO DATA — NOT OFFICIAL GOVERNMENT RECORDS
GIS-1095,P1095,P1095,"{""type"":""Polygon"",""coordinates"":[[[77.7775,23.5211],[77.77815,23.5211],[77.77815,23.52175],[77.7775,23.52175],[77.7775,23.5211]]]}",158.13,23.5211,77.7775,EPSG:4326,Synthetic GIS survey,MATCH,SYNTHETIC DEMO DATA — NOT OFFICIAL GOVERNMENT RECORDS
GIS-1096,P1096,P1096,"{""type"":""Polygon"",""coordinates"":[[[77.7775,23.52225],[77.77815,23.52225],[77.77815,23.5229],[77.7775,23.5229],[77.7775,23.52225]]]}",205.62,23.52225,77.7775,EPSG:4326,Synthetic GIS survey,MATCH,SYNTHETIC DEMO DATA — NOT OFFICIAL GOVERNMENT RECORDS
GIS-1097,P1097,P1097,"{""type"":""Polygon"",""coordinates"":[[[77.7775,23.5234],[77.77815,23.5234],[77.77815,23.52405],[77.7775,23.52405],[77.7775,23.5234]]]}",252.66,23.5234,77.7775,EPSG:4326,Synthetic GIS survey,MATCH,SYNTHETIC DEMO DATA — NOT OFFICIAL GOVERNMENT RECORDS
GIS-1098,P1098,P1098,"{""type"":""Polygon"",""coordinates"":[[[77.7775,23.52455],[77.77815,23.52455],[77.77815,23.5252],[77.7775,23.5252],[77.7775,23.52455]]]}",299.83,23.52455,77.7775,EPSG:4326,Synthetic GIS survey,MATCH,SYNTHETIC DEMO DATA — NOT OFFICIAL GOVERNMENT RECORDS
GIS-1099,P1099,P1099,"{""type"":""Polygon"",""coordinates"":[[[77.7775,23.5257],[77.77815,23.5257],[77.77815,23.52635],[77.7775,23.52635],[77.7775,23.5257]]]}",346.42,23.5257,77.7775,EPSG:4326,Synthetic GIS survey,MATCH,SYNTHETIC DEMO DATA — NOT OFFICIAL GOVERNMENT RECORDS
GIS-1100,P1100,P1100,"{""type"":""Polygon"",""coordinates"":[[[77.7775,23.52685],[77.77815,23.52685],[77.77815,23.5275],[77.7775,23.5275],[77.7775,23.52685]]]}",393.74,23.52685,77.7775,EPSG:4326,Synthetic GIS survey,MATCH,SYNTHETIC DEMO DATA — NOT OFFICIAL GOVERNMENT RECORDS
GIS-1101,P1101,P1101,"{""type"":""Polygon"",""coordinates"":[[[77.7775,23.528],[77.77815,23.528],[77.77815,23.52865],[77.7775,23.52865],[77.7775,23.528]]]}",440.38,23.528,77.7775,EPSG:4326,Synthetic GIS survey,MATCH,SYNTHETIC DEMO DATA — NOT OFFICIAL GOVERNMENT RECORDS
GIS-1102,P1102,P1102,"{""type"":""Polygon"",""coordinates"":[[[77.7775,23.52915],[77.77815,23.52915],[77.77815,23.5298],[77.7775,23.5298],[77.7775,23.52915]]]}",487.18,23.52915,77.7775,EPSG:4326,Synthetic GIS survey,MATCH,SYNTHETIC DEMO DATA — NOT OFFICIAL GOVERNMENT RECORDS
GIS-1103,P1103,P1103,"{""type"":""Polygon"",""coordinates"":[[[77.7775,23.5303],[77.77815,23.5303],[77.77815,23.53095],[77.7775,23.53095],[77.7775,23.5303]]]}",534.05,23.5303,77.7775,EPSG:4326,Synthetic GIS survey,MATCH,SYNTHETIC DEMO DATA — NOT OFFICIAL GOVERNMENT RECORDS
GIS-1104,P1104,P1104,"{""type"":""Polygon"",""coordinates"":[[[77.7775,23.53145],[77.77815,23.53145],[77.77815,23.5321],[77.7775,23.5321],[77.7775,23.53145]]]}",581.01,23.53145,77.7775,EPSG:4326,Synthetic GIS survey,MATCH,SYNTHETIC DEMO DATA — NOT OFFICIAL GOVERNMENT RECORDS
GIS-1105,P1105,P1105,"{""type"":""Polygon"",""coordinates"":[[[77.7775,23.5326],[77.77815,23.5326],[77.77815,23.53325],[77.7775,23.53325],[77.7775,23.5326]]]}",628.42,23.5326,77.7775,EPSG:4326,Synthetic GIS survey,MATCH,SYNTHETIC DEMO DATA — NOT OFFICIAL GOVERNMENT RECORDS
GIS-1106,P1106,P1106,"{""type"":""Polygon"",""coordinates"":[[[77.7775,23.53375],[77.77815,23.53375],[77.77815,23.5344],[77.7775,23.5344],[77.7775,23.53375]]]}",675.09,23.53375,77.7775,EPSG:4326,Synthetic GIS survey,MATCH,SYNTHETIC DEMO DATA — NOT OFFICIAL GOVERNMENT RECORDS
GIS-1107,P1107,P1107,"{""type"":""Polygon"",""coordinates"":[[[77.7775,23.5349],[77.77815,23.5349],[77.77815,23.53555],[77.7775,23.53555],[77.7775,23.5349]]]}",722.3,23.5349,77.7775,EPSG:4326,Synthetic GIS survey,MATCH,SYNTHETIC DEMO DATA — NOT OFFICIAL GOVERNMENT RECORDS
GIS-1108,P1108,P1108,"{""type"":""Polygon"",""coordinates"":[[[77.7775,23.53605],[77.77815,23.53605],[77.77815,23.5367],[77.7775,23.5367],[77.7775,23.53605]]]}",769.8,23.53605,77.7775,EPSG:4326,Synthetic GIS survey,MATCH,SYNTHETIC DEMO DATA — NOT OFFICIAL GOVERNMENT RECORDS
GIS-1109,P1109,P1109,"{""type"":""Polygon"",""coordinates"":[[[77.7775,23.5372],[77.77815,23.5372],[77.77815,23.53785],[77.7775,23.53785],[77.7775,23.5372]]]}",816.16,23.5372,77.7775,EPSG:4326,Synthetic GIS survey,MATCH,SYNTHETIC DEMO DATA — NOT OFFICIAL GOVERNMENT RECORDS
GIS-1110,P1110,P1110,"{""type"":""Polygon"",""coordinates"":[[[77.7775,23.53835],[77.77815,23.53835],[77.77815,23.539],[77.7775,23.539],[77.7775,23.53835]]]}",863.34,23.53835,77.7775,EPSG:4326,Synthetic GIS survey,MATCH,SYNTHETIC DEMO DATA — NOT OFFICIAL GOVERNMENT RECORDS
GIS-1111,P1111,P1111,"{""type"":""Polygon"",""coordinates"":[[[77.7775,23.5395],[77.77815,23.5395],[77.77815,23.54015],[77.7775,23.54015],[77.7775,23.5395]]]}",910.88,23.5395,77.7775,EPSG:4326,Synthetic GIS survey,MATCH,SYNTHETIC DEMO DATA — NOT OFFICIAL GOVERNMENT RECORDS
GIS-1112,P1112,P1112,"{""type"":""Polygon"",""coordinates"":[[[77.7775,23.54065],[77.77815,23.54065],[77.77815,23.5413],[77.7775,23.5413],[77.7775,23.54065]]]}",957.16,23.54065,77.7775,EPSG:4326,Synthetic GIS survey,MATCH,SYNTHETIC DEMO DATA — NOT OFFICIAL GOVERNMENT RECORDS
GIS-1113,P1113,P1113,"{""type"":""Polygon"",""coordinates"":[[[77.7775,23.5418],[77.77815,23.5418],[77.77815,23.54245],[77.7775,23.54245],[77.7775,23.5418]]]}",1004.11,23.5418,77.7775,EPSG:4326,Synthetic GIS survey,MATCH,SYNTHETIC DEMO DATA — NOT OFFICIAL GOVERNMENT RECORDS
GIS-1114,P1114,P1114,"{""type"":""Polygon"",""coordinates"":[[[77.7775,23.54295],[77.77815,23.54295],[77.77815,23.5436],[77.7775,23.5436],[77.7775,23.54295]]]}",1051.28,23.54295,77.7775,EPSG:4326,Synthetic GIS survey,MATCH,SYNTHETIC DEMO DATA — NOT OFFICIAL GOVERNMENT RECORDS
GIS-1115,P1115,P1115,"{""type"":""Polygon"",""coordinates"":[[[77.7775,23.5441],[77.77815,23.5441],[77.77815,23.54475],[77.7775,23.54475],[77.7775,23.5441]]]}",1098.37,23.5441,77.7775,EPSG:4326,Synthetic GIS survey,MATCH,SYNTHETIC DEMO DATA — NOT OFFICIAL GOVERNMENT RECORDS
GIS-1116,P1116,P1116,"{""type"":""Polygon"",""coordinates"":[[[77.7775,23.54525],[77.77815,23.54525],[77.77815,23.5459],[77.7775,23.5459],[77.7775,23.54525]]]}",1145.85,23.54525,77.7775,EPSG:4326,Synthetic GIS survey,MATCH,SYNTHETIC DEMO DATA — NOT OFFICIAL GOVERNMENT RECORDS
GIS-1117,P1117,P1117,"{""type"":""Polygon"",""coordinates"":[[[77.7775,23.5464],[77.77815,23.5464],[77.77815,23.54705],[77.7775,23.54705],[77.7775,23.5464]]]}",1192.83,23.5464,77.7775,EPSG:4326,Synthetic GIS survey,MATCH,SYNTHETIC DEMO DATA — NOT OFFICIAL GOVERNMENT RECORDS
GIS-1118,P1118,P1118,"{""type"":""Polygon"",""coordinates"":[[[77.7775,23.54755],[77.77815,23.54755],[77.77815,23.5482],[77.7775,23.5482],[77.7775,23.54755]]]}",1239.97,23.54755,77.7775,EPSG:4326,Synthetic GIS survey,MATCH,SYNTHETIC DEMO DATA — NOT OFFICIAL GOVERNMENT RECORDS
GIS-1119,P1119,P1119,"{""type"":""Polygon"",""coordinates"":[[[77.7775,23.5487],[77.77815,23.5487],[77.77815,23.54935],[77.7775,23.54935],[77.7775,23.5487]]]}",1286.08,23.5487,77.7775,EPSG:4326,Synthetic GIS survey,MATCH,SYNTHETIC DEMO DATA — NOT OFFICIAL GOVERNMENT RECORDS
GIS-1120,P1120,P1120,"{""type"":""Polygon"",""coordinates"":[[[77.7775,23.54985],[77.77815,23.54985],[77.77815,23.5505],[77.7775,23.5505],[77.7775,23.54985]]]}",1333.88,23.54985,77.7775,EPSG:4326,Synthetic GIS survey,MATCH,SYNTHETIC DEMO DATA — NOT OFFICIAL GOVERNMENT RECORDS
GIS-1121,P1121,P1121,"{""type"":""Polygon"",""coordinates"":[[[77.77875,23.505],[77.7794,23.505],[77.7794,23.50565],[77.77875,23.50565],[77.77875,23.505]]]}",1380.83,23.505,77.77875,EPSG:4326,Synthetic GIS survey,MATCH,SYNTHETIC DEMO DATA — NOT OFFICIAL GOVERNMENT RECORDS
GIS-1122,P1122,P1122,"{""type"":""Polygon"",""coordinates"":[[[77.77875,23.50615],[77.7794,23.50615],[77.7794,23.5068],[77.77875,23.5068],[77.77875,23.50615]]]}",1427.3,23.50615,77.77875,EPSG:4326,Synthetic GIS survey,MATCH,SYNTHETIC DEMO DATA — NOT OFFICIAL GOVERNMENT RECORDS
GIS-1123,P1123,P1123,"{""type"":""Polygon"",""coordinates"":[[[77.77875,23.5073],[77.7794,23.5073],[77.7794,23.50795],[77.77875,23.50795],[77.77875,23.5073]]]}",1474.97,23.5073,77.77875,EPSG:4326,Synthetic GIS survey,MATCH,SYNTHETIC DEMO DATA — NOT OFFICIAL GOVERNMENT RECORDS
GIS-1124,P1124,P1124,"{""type"":""Polygon"",""coordinates"":[[[77.77875,23.50845],[77.7794,23.50845],[77.7794,23.5091],[77.77875,23.5091],[77.77875,23.50845]]]}",1521.12,23.50845,77.77875,EPSG:4326,Synthetic GIS survey,MATCH,SYNTHETIC DEMO DATA — NOT OFFICIAL GOVERNMENT RECORDS
GIS-1125,P1125,P1125,"{""type"":""Polygon"",""coordinates"":[[[77.77875,23.5096],[77.7794,23.5096],[77.7794,23.51025],[77.77875,23.51025],[77.77875,23.5096]]]}",118.88,23.5096,77.77875,EPSG:4326,Synthetic GIS survey,MATCH,SYNTHETIC DEMO DATA — NOT OFFICIAL GOVERNMENT RECORDS
GIS-1126,P1126,P1126,"{""type"":""Polygon"",""coordinates"":[[[77.77875,23.51075],[77.7794,23.51075],[77.7794,23.5114],[77.77875,23.5114],[77.77875,23.51075]]]}",165.0,23.51075,77.77875,EPSG:4326,Synthetic GIS survey,MATCH,SYNTHETIC DEMO DATA — NOT OFFICIAL GOVERNMENT RECORDS
GIS-1127,P1127,P1127,"{""type"":""Polygon"",""coordinates"":[[[77.77875,23.5119],[77.7794,23.5119],[77.7794,23.51255],[77.77875,23.51255],[77.77875,23.5119]]]}",212.23,23.5119,77.77875,EPSG:4326,Synthetic GIS survey,MATCH,SYNTHETIC DEMO DATA — NOT OFFICIAL GOVERNMENT RECORDS
GIS-1128,P1128,P1128,"{""type"":""Polygon"",""coordinates"":[[[77.77875,23.51305],[77.7794,23.51305],[77.7794,23.5137],[77.77875,23.5137],[77.77875,23.51305]]]}",259.82,23.51305,77.77875,EPSG:4326,Synthetic GIS survey,MATCH,SYNTHETIC DEMO DATA — NOT OFFICIAL GOVERNMENT RECORDS
GIS-1129,P1129,P1129,"{""type"":""Polygon"",""coordinates"":[[[77.77875,23.5142],[77.7794,23.5142],[77.7794,23.51485],[77.77875,23.51485],[77.77875,23.5142]]]}",306.78,23.5142,77.77875,EPSG:4326,Synthetic GIS survey,MATCH,SYNTHETIC DEMO DATA — NOT OFFICIAL GOVERNMENT RECORDS
GIS-1130,P1130,P1130,"{""type"":""Polygon"",""coordinates"":[[[77.77875,23.51535],[77.7794,23.51535],[77.7794,23.516],[77.77875,23.516],[77.77875,23.51535]]]}",353.42,23.51535,77.77875,EPSG:4326,Synthetic GIS survey,MATCH,SYNTHETIC DEMO DATA — NOT OFFICIAL GOVERNMENT RECORDS
GIS-1131,P1131,P1131,"{""type"":""Polygon"",""coordinates"":[[[77.77875,23.5165],[77.7794,23.5165],[77.7794,23.51715],[77.77875,23.51715],[77.77875,23.5165]]]}",400.82,23.5165,77.77875,EPSG:4326,Synthetic GIS survey,MATCH,SYNTHETIC DEMO DATA — NOT OFFICIAL GOVERNMENT RECORDS
GIS-1132,P1132,P1132,"{""type"":""Polygon"",""coordinates"":[[[77.77875,23.51765],[77.7794,23.51765],[77.7794,23.5183],[77.77875,23.5183],[77.77875,23.51765]]]}",447.55,23.51765,77.77875,EPSG:4326,Synthetic GIS survey,MATCH,SYNTHETIC DEMO DATA — NOT OFFICIAL GOVERNMENT RECORDS
GIS-1133,P1133,P1133,"{""type"":""Polygon"",""coordinates"":[[[77.77875,23.5188],[77.7794,23.5188],[77.7794,23.51945],[77.77875,23.51945],[77.77875,23.5188]]]}",494.01,23.5188,77.77875,EPSG:4326,Synthetic GIS survey,MATCH,SYNTHETIC DEMO DATA — NOT OFFICIAL GOVERNMENT RECORDS
GIS-1134,P1134,P1134,"{""type"":""Polygon"",""coordinates"":[[[77.77875,23.51995],[77.7794,23.51995],[77.7794,23.5206],[77.77875,23.5206],[77.77875,23.51995]]]}",541.71,23.51995,77.77875,EPSG:4326,Synthetic GIS survey,MATCH,SYNTHETIC DEMO DATA — NOT OFFICIAL GOVERNMENT RECORDS
GIS-1135,P1135,P1135,"{""type"":""Polygon"",""coordinates"":[[[77.77875,23.5211],[77.7794,23.5211],[77.7794,23.52175],[77.77875,23.52175],[77.77875,23.5211]]]}",588.41,23.5211,77.77875,EPSG:4326,Synthetic GIS survey,MATCH,SYNTHETIC DEMO DATA — NOT OFFICIAL GOVERNMENT RECORDS
GIS-1136,P1136,P1136,"{""type"":""Polygon"",""coordinates"":[[[77.77875,23.52225],[77.7794,23.52225],[77.7794,23.5229],[77.77875,23.5229],[77.77875,23.52225]]]}",635.42,23.52225,77.77875,EPSG:4326,Synthetic GIS survey,MATCH,SYNTHETIC DEMO DATA — NOT OFFICIAL GOVERNMENT RECORDS
GIS-1137,P1137,P1137,"{""type"":""Polygon"",""coordinates"":[[[77.77875,23.5234],[77.7794,23.5234],[77.7794,23.52405],[77.77875,23.52405],[77.77875,23.5234]]]}",682.66,23.5234,77.77875,EPSG:4326,Synthetic GIS survey,MATCH,SYNTHETIC DEMO DATA — NOT OFFICIAL GOVERNMENT RECORDS
GIS-1138,P1138,P1138,"{""type"":""Polygon"",""coordinates"":[[[77.77875,23.52455],[77.7794,23.52455],[77.7794,23.5252],[77.77875,23.5252],[77.77875,23.52455]]]}",729.9,23.52455,77.77875,EPSG:4326,Synthetic GIS survey,MATCH,SYNTHETIC DEMO DATA — NOT OFFICIAL GOVERNMENT RECORDS
GIS-1139,P1139,P1139,"{""type"":""Polygon"",""coordinates"":[[[77.77875,23.5257],[77.7794,23.5257],[77.7794,23.52635],[77.77875,23.52635],[77.77875,23.5257]]]}",776.65,23.5257,77.77875,EPSG:4326,Synthetic GIS survey,MATCH,SYNTHETIC DEMO DATA — NOT OFFICIAL GOVERNMENT RECORDS
GIS-1140,P1140,P1140,"{""type"":""Polygon"",""coordinates"":[[[77.77875,23.52685],[77.7794,23.52685],[77.7794,23.5275],[77.77875,23.5275],[77.77875,23.52685]]]}",823.25,23.52685,77.77875,EPSG:4326,Synthetic GIS survey,MATCH,SYNTHETIC DEMO DATA — NOT OFFICIAL GOVERNMENT RECORDS
GIS-1141,P1141,P1141,"{""type"":""Polygon"",""coordinates"":[[[77.77875,23.528],[77.7794,23.528],[77.7794,23.52865],[77.77875,23.52865],[77.77875,23.528]]]}",870.14,23.528,77.77875,EPSG:4326,Synthetic GIS survey,MATCH,SYNTHETIC DEMO DATA — NOT OFFICIAL GOVERNMENT RECORDS
GIS-1142,P1142,P1142,"{""type"":""Polygon"",""coordinates"":[[[77.77875,23.52915],[77.7794,23.52915],[77.7794,23.5298],[77.77875,23.5298],[77.77875,23.52915]]]}",917.96,23.52915,77.77875,EPSG:4326,Synthetic GIS survey,MATCH,SYNTHETIC DEMO DATA — NOT OFFICIAL GOVERNMENT RECORDS
GIS-1143,P1143,P1143,"{""type"":""Polygon"",""coordinates"":[[[77.77875,23.5303],[77.7794,23.5303],[77.7794,23.53095],[77.77875,23.53095],[77.77875,23.5303]]]}",964.98,23.5303,77.77875,EPSG:4326,Synthetic GIS survey,MATCH,SYNTHETIC DEMO DATA — NOT OFFICIAL GOVERNMENT RECORDS
GIS-1144,P1144,P1144,"{""type"":""Polygon"",""coordinates"":[[[77.77875,23.53145],[77.7794,23.53145],[77.7794,23.5321],[77.77875,23.5321],[77.77875,23.53145]]]}",1011.34,23.53145,77.77875,EPSG:4326,Synthetic GIS survey,MATCH,SYNTHETIC DEMO DATA — NOT OFFICIAL GOVERNMENT RECORDS
GIS-1145,P1145,P1145,"{""type"":""Polygon"",""coordinates"":[[[77.77875,23.5326],[77.7794,23.5326],[77.7794,23.53325],[77.77875,23.53325],[77.77875,23.5326]]]}",1058.91,23.5326,77.77875,EPSG:4326,Synthetic GIS survey,MATCH,SYNTHETIC DEMO DATA — NOT OFFICIAL GOVERNMENT RECORDS
GIS-1146,P1146,P1146,"{""type"":""Polygon"",""coordinates"":[[[77.77875,23.53375],[77.7794,23.53375],[77.7794,23.5344],[77.77875,23.5344],[77.77875,23.53375]]]}",1105.81,23.53375,77.77875,EPSG:4326,Synthetic GIS survey,MATCH,SYNTHETIC DEMO DATA — NOT OFFICIAL GOVERNMENT RECORDS
GIS-1147,P1147,P1147,"{""type"":""Polygon"",""coordinates"":[[[77.77875,23.5349],[77.7794,23.5349],[77.7794,23.53555],[77.77875,23.53555],[77.77875,23.5349]]]}",1152.08,23.5349,77.77875,EPSG:4326,Synthetic GIS survey,MATCH,SYNTHETIC DEMO DATA — NOT OFFICIAL GOVERNMENT RECORDS
GIS-1148,P1148,P1148,"{""type"":""Polygon"",""coordinates"":[[[77.77875,23.53605],[77.7794,23.53605],[77.7794,23.5367],[77.77875,23.5367],[77.77875,23.53605]]]}",1199.8,23.53605,77.77875,EPSG:4326,Synthetic GIS survey,MATCH,SYNTHETIC DEMO DATA — NOT OFFICIAL GOVERNMENT RECORDS
GIS-1149,P1149,P1149,"{""type"":""Polygon"",""coordinates"":[[[77.77875,23.5372],[77.7794,23.5372],[77.7794,23.53785],[77.77875,23.53785],[77.77875,23.5372]]]}",1246.56,23.5372,77.77875,EPSG:4326,Synthetic GIS survey,MATCH,SYNTHETIC DEMO DATA — NOT OFFICIAL GOVERNMENT RECORDS
GIS-1150,P1150,P1150,"{""type"":""Polygon"",""coordinates"":[[[77.77875,23.53835],[77.7794,23.53835],[77.7794,23.539],[77.77875,23.539],[77.77875,23.53835]]]}",1293.75,23.53835,77.77875,EPSG:4326,Synthetic GIS survey,MATCH,SYNTHETIC DEMO DATA — NOT OFFICIAL GOVERNMENT RECORDS
GIS-1151,P1151,P1151,"{""type"":""Polygon"",""coordinates"":[[[77.77875,23.5395],[77.7794,23.5395],[77.7794,23.54015],[77.77875,23.54015],[77.77875,23.5395]]]}",1340.75,23.5395,77.77875,EPSG:4326,Synthetic GIS survey,MATCH,SYNTHETIC DEMO DATA — NOT OFFICIAL GOVERNMENT RECORDS
GIS-1152,P1152,P1152,"{""type"":""Polygon"",""coordinates"":[[[77.77875,23.54065],[77.7794,23.54065],[77.7794,23.5413],[77.77875,23.5413],[77.77875,23.54065]]]}",1387.99,23.54065,77.77875,EPSG:4326,Synthetic GIS survey,MATCH,SYNTHETIC DEMO DATA — NOT OFFICIAL GOVERNMENT RECORDS
GIS-1153,P1153,P1153,"{""type"":""Polygon"",""coordinates"":[[[77.77875,23.5418],[77.7794,23.5418],[77.7794,23.54245],[77.77875,23.54245],[77.77875,23.5418]]]}",1434.15,23.5418,77.77875,EPSG:4326,Synthetic GIS survey,MATCH,SYNTHETIC DEMO DATA — NOT OFFICIAL GOVERNMENT RECORDS
GIS-1154,P1154,P1154,"{""type"":""Polygon"",""coordinates"":[[[77.77875,23.54295],[77.7794,23.54295],[77.7794,23.5436],[77.77875,23.5436],[77.77875,23.54295]]]}",1481.15,23.54295,77.77875,EPSG:4326,Synthetic GIS survey,MATCH,SYNTHETIC DEMO DATA — NOT OFFICIAL GOVERNMENT RECORDS
GIS-1155,P1155,P1155,"{""type"":""Polygon"",""coordinates"":[[[77.77875,23.5441],[77.7794,23.5441],[77.7794,23.54475],[77.77875,23.54475],[77.77875,23.5441]]]}",1528.46,23.5441,77.77875,EPSG:4326,Synthetic GIS survey,MATCH,SYNTHETIC DEMO DATA — NOT OFFICIAL GOVERNMENT RECORDS
GIS-1156,P1156,P1156,"{""type"":""Polygon"",""coordinates"":[[[77.77875,23.54525],[77.7794,23.54525],[77.7794,23.5459],[77.77875,23.5459],[77.77875,23.54525]]]}",125.73,23.54525,77.77875,EPSG:4326,Synthetic GIS survey,MATCH,SYNTHETIC DEMO DATA — NOT OFFICIAL GOVERNMENT RECORDS
GIS-1157,P1157,P1157,"{""type"":""Polygon"",""coordinates"":[[[77.77875,23.5464],[77.7794,23.5464],[77.7794,23.54705],[77.77875,23.54705],[77.77875,23.5464]]]}",172.41,23.5464,77.77875,EPSG:4326,Synthetic GIS survey,MATCH,SYNTHETIC DEMO DATA — NOT OFFICIAL GOVERNMENT RECORDS
GIS-1158,P1158,P1158,"{""type"":""Polygon"",""coordinates"":[[[77.77875,23.54755],[77.7794,23.54755],[77.7794,23.5482],[77.77875,23.5482],[77.77875,23.54755]]]}",219.54,23.54755,77.77875,EPSG:4326,Synthetic GIS survey,MATCH,SYNTHETIC DEMO DATA — NOT OFFICIAL GOVERNMENT RECORDS
GIS-1159,P1159,P1159,"{""type"":""Polygon"",""coordinates"":[[[77.77875,23.5487],[77.7794,23.5487],[77.7794,23.54935],[77.77875,23.54935],[77.77875,23.5487]]]}",266.67,23.5487,77.77875,EPSG:4326,Synthetic GIS survey,MATCH,SYNTHETIC DEMO DATA — NOT OFFICIAL GOVERNMENT RECORDS
GIS-1160,P1160,P1160,"{""type"":""Polygon"",""coordinates"":[[[77.77875,23.54985],[77.7794,23.54985],[77.7794,23.5505],[77.77875,23.5505],[77.77875,23.54985]]]}",313.04,23.54985,77.77875,EPSG:4326,Synthetic GIS survey,MATCH,SYNTHETIC DEMO DATA — NOT OFFICIAL GOVERNMENT RECORDS
GIS-1161,P1161,P1161,"{""type"":""Polygon"",""coordinates"":[[[77.78,23.505],[77.78065,23.505],[77.78065,23.50565],[77.78,23.50565],[77.78,23.505]]]}",360.26,23.505,77.78,EPSG:4326,Synthetic GIS survey,MATCH,SYNTHETIC DEMO DATA — NOT OFFICIAL GOVERNMENT RECORDS
GIS-1162,P1162,P1162,"{""type"":""Polygon"",""coordinates"":[[[77.78,23.50615],[77.78065,23.50615],[77.78065,23.5068],[77.78,23.5068],[77.78,23.50615]]]}",407.33,23.50615,77.78,EPSG:4326,Synthetic GIS survey,MATCH,SYNTHETIC DEMO DATA — NOT OFFICIAL GOVERNMENT RECORDS
GIS-1163,P1163,P1163,"{""type"":""Polygon"",""coordinates"":[[[77.78,23.5073],[77.78065,23.5073],[77.78065,23.50795],[77.78,23.50795],[77.78,23.5073]]]}",454.66,23.5073,77.78,EPSG:4326,Synthetic GIS survey,MATCH,SYNTHETIC DEMO DATA — NOT OFFICIAL GOVERNMENT RECORDS
GIS-1164,P1164,P1164,"{""type"":""Polygon"",""coordinates"":[[[77.78,23.50845],[77.78065,23.50845],[77.78065,23.5091],[77.78,23.5091],[77.78,23.50845]]]}",501.6,23.50845,77.78,EPSG:4326,Synthetic GIS survey,MATCH,SYNTHETIC DEMO DATA — NOT OFFICIAL GOVERNMENT RECORDS
GIS-1165,P1165,P1165,"{""type"":""Polygon"",""coordinates"":[[[77.78,23.5096],[77.78065,23.5096],[77.78065,23.51025],[77.78,23.51025],[77.78,23.5096]]]}",548.32,23.5096,77.78,EPSG:4326,Synthetic GIS survey,MATCH,SYNTHETIC DEMO DATA — NOT OFFICIAL GOVERNMENT RECORDS
GIS-1166,P1166,P1166,"{""type"":""Polygon"",""coordinates"":[[[77.78,23.51075],[77.78065,23.51075],[77.78065,23.5114],[77.78,23.5114],[77.78,23.51075]]]}",595.56,23.51075,77.78,EPSG:4326,Synthetic GIS survey,MATCH,SYNTHETIC DEMO DATA — NOT OFFICIAL GOVERNMENT RECORDS
GIS-1167,P1167,P1167,"{""type"":""Polygon"",""coordinates"":[[[77.78,23.5119],[77.78065,23.5119],[77.78065,23.51255],[77.78,23.51255],[77.78,23.5119]]]}",642.73,23.5119,77.78,EPSG:4326,Synthetic GIS survey,MATCH,SYNTHETIC DEMO DATA — NOT OFFICIAL GOVERNMENT RECORDS
GIS-1168,P1168,P1168,"{""type"":""Polygon"",""coordinates"":[[[77.78,23.51305],[77.78065,23.51305],[77.78065,23.5137],[77.78,23.5137],[77.78,23.51305]]]}",689.67,23.51305,77.78,EPSG:4326,Synthetic GIS survey,MATCH,SYNTHETIC DEMO DATA — NOT OFFICIAL GOVERNMENT RECORDS
GIS-1169,P1169,P1169,"{""type"":""Polygon"",""coordinates"":[[[77.78,23.5142],[77.78065,23.5142],[77.78065,23.51485],[77.78,23.51485],[77.78,23.5142]]]}",736.91,23.5142,77.78,EPSG:4326,Synthetic GIS survey,MATCH,SYNTHETIC DEMO DATA — NOT OFFICIAL GOVERNMENT RECORDS
GIS-1170,P1170,P1170,"{""type"":""Polygon"",""coordinates"":[[[77.78,23.51535],[77.78065,23.51535],[77.78065,23.516],[77.78,23.516],[77.78,23.51535]]]}",783.59,23.51535,77.78,EPSG:4326,Synthetic GIS survey,MATCH,SYNTHETIC DEMO DATA — NOT OFFICIAL GOVERNMENT RECORDS
GIS-1171,P1171,P1171,"{""type"":""Polygon"",""coordinates"":[[[77.78,23.5165],[77.78065,23.5165],[77.78065,23.51715],[77.78,23.51715],[77.78,23.5165]]]}",830.38,23.5165,77.78,EPSG:4326,Synthetic GIS survey,MATCH,SYNTHETIC DEMO DATA — NOT OFFICIAL GOVERNMENT RECORDS
GIS-1172,P1172,P1172,"{""type"":""Polygon"",""coordinates"":[[[77.78,23.51765],[77.78065,23.51765],[77.78065,23.5183],[77.78,23.5183],[77.78,23.51765]]]}",877.93,23.51765,77.78,EPSG:4326,Synthetic GIS survey,MATCH,SYNTHETIC DEMO DATA — NOT OFFICIAL GOVERNMENT RECORDS
GIS-1173,P1173,P1173,"{""type"":""Polygon"",""coordinates"":[[[77.78,23.5188],[77.78065,23.5188],[77.78065,23.51945],[77.78,23.51945],[77.78,23.5188]]]}",924.06,23.5188,77.78,EPSG:4326,Synthetic GIS survey,MATCH,SYNTHETIC DEMO DATA — NOT OFFICIAL GOVERNMENT RECORDS
GIS-1174,P1174,P1174,"{""type"":""Polygon"",""coordinates"":[[[77.78,23.51995],[77.78065,23.51995],[77.78065,23.5206],[77.78,23.5206],[77.78,23.51995]]]}",971.93,23.51995,77.78,EPSG:4326,Synthetic GIS survey,MATCH,SYNTHETIC DEMO DATA — NOT OFFICIAL GOVERNMENT RECORDS
GIS-1175,P1175,P1175,"{""type"":""Polygon"",""coordinates"":[[[77.78,23.5211],[77.78065,23.5211],[77.78065,23.52175],[77.78,23.52175],[77.78,23.5211]]]}",1018.63,23.5211,77.78,EPSG:4326,Synthetic GIS survey,MATCH,SYNTHETIC DEMO DATA — NOT OFFICIAL GOVERNMENT RECORDS
GIS-1176,P1176,P1176,"{""type"":""Polygon"",""coordinates"":[[[77.78,23.52225],[77.78065,23.52225],[77.78065,23.5229],[77.78,23.5229],[77.78,23.52225]]]}",1065.43,23.52225,77.78,EPSG:4326,Synthetic GIS survey,MATCH,SYNTHETIC DEMO DATA — NOT OFFICIAL GOVERNMENT RECORDS
GIS-1177,P1177,P1177,"{""type"":""Polygon"",""coordinates"":[[[77.78,23.5234],[77.78065,23.5234],[77.78065,23.52405],[77.78,23.52405],[77.78,23.5234]]]}",1112.79,23.5234,77.78,EPSG:4326,Synthetic GIS survey,MATCH,SYNTHETIC DEMO DATA — NOT OFFICIAL GOVERNMENT RECORDS
GIS-1178,P1178,P1178,"{""type"":""Polygon"",""coordinates"":[[[77.78,23.52455],[77.78065,23.52455],[77.78065,23.5252],[77.78,23.5252],[77.78,23.52455]]]}",1159.16,23.52455,77.78,EPSG:4326,Synthetic GIS survey,MATCH,SYNTHETIC DEMO DATA — NOT OFFICIAL GOVERNMENT RECORDS
GIS-1179,P1179,P1179,"{""type"":""Polygon"",""coordinates"":[[[77.78,23.5257],[77.78065,23.5257],[77.78065,23.52635],[77.78,23.52635],[77.78,23.5257]]]}",1206.89,23.5257,77.78,EPSG:4326,Synthetic GIS survey,MATCH,SYNTHETIC DEMO DATA — NOT OFFICIAL GOVERNMENT RECORDS
GIS-1180,P1180,P1180,"{""type"":""Polygon"",""coordinates"":[[[77.78,23.52685],[77.78065,23.52685],[77.78065,23.5275],[77.78,23.5275],[77.78,23.52685]]]}",1253.27,23.52685,77.78,EPSG:4326,Synthetic GIS survey,MATCH,SYNTHETIC DEMO DATA — NOT OFFICIAL GOVERNMENT RECORDS
GIS-1181,P1181,P1181,"{""type"":""Polygon"",""coordinates"":[[[77.78,23.528],[77.78065,23.528],[77.78065,23.52865],[77.78,23.52865],[77.78,23.528]]]}",1300.23,23.528,77.78,EPSG:4326,Synthetic GIS survey,MATCH,SYNTHETIC DEMO DATA — NOT OFFICIAL GOVERNMENT RECORDS
GIS-1182,P1182,P1182,"{""type"":""Polygon"",""coordinates"":[[[77.78,23.52915],[77.78065,23.52915],[77.78065,23.5298],[77.78,23.5298],[77.78,23.52915]]]}",1347.89,23.52915,77.78,EPSG:4326,Synthetic GIS survey,MATCH,SYNTHETIC DEMO DATA — NOT OFFICIAL GOVERNMENT RECORDS
GIS-1183,P1183,P1183,"{""type"":""Polygon"",""coordinates"":[[[77.78,23.5303],[77.78065,23.5303],[77.78065,23.53095],[77.78,23.53095],[77.78,23.5303]]]}",1394.43,23.5303,77.78,EPSG:4326,Synthetic GIS survey,MATCH,SYNTHETIC DEMO DATA — NOT OFFICIAL GOVERNMENT RECORDS
GIS-1184,P1184,P1184,"{""type"":""Polygon"",""coordinates"":[[[77.78,23.53145],[77.78065,23.53145],[77.78065,23.5321],[77.78,23.5321],[77.78,23.53145]]]}",1441.37,23.53145,77.78,EPSG:4326,Synthetic GIS survey,MATCH,SYNTHETIC DEMO DATA — NOT OFFICIAL GOVERNMENT RECORDS
GIS-1185,P1185,P1185,"{""type"":""Polygon"",""coordinates"":[[[77.78,23.5326],[77.78065,23.5326],[77.78065,23.53325],[77.78,23.53325],[77.78,23.5326]]]}",1488.8,23.5326,77.78,EPSG:4326,Synthetic GIS survey,MATCH,SYNTHETIC DEMO DATA — NOT OFFICIAL GOVERNMENT RECORDS
GIS-1186,P1186,P1186,"{""type"":""Polygon"",""coordinates"":[[[77.78,23.53375],[77.78065,23.53375],[77.78065,23.5344],[77.78,23.5344],[77.78,23.53375]]]}",1535.66,23.53375,77.78,EPSG:4326,Synthetic GIS survey,MATCH,SYNTHETIC DEMO DATA — NOT OFFICIAL GOVERNMENT RECORDS
GIS-1187,P1187,P1187,"{""type"":""Polygon"",""coordinates"":[[[77.78,23.5349],[77.78065,23.5349],[77.78065,23.53555],[77.78,23.53555],[77.78,23.5349]]]}",132.37,23.5349,77.78,EPSG:4326,Synthetic GIS survey,MATCH,SYNTHETIC DEMO DATA — NOT OFFICIAL GOVERNMENT RECORDS
GIS-1188,P1188,P1188,"{""type"":""Polygon"",""coordinates"":[[[77.78,23.53605],[77.78065,23.53605],[77.78065,23.5367],[77.78,23.5367],[77.78,23.53605]]]}",179.96,23.53605,77.78,EPSG:4326,Synthetic GIS survey,MATCH,SYNTHETIC DEMO DATA — NOT OFFICIAL GOVERNMENT RECORDS
GIS-1189,P1189,P1189,"{""type"":""Polygon"",""coordinates"":[[[77.78,23.5372],[77.78065,23.5372],[77.78065,23.53785],[77.78,23.53785],[77.78,23.5372]]]}",226.67,23.5372,77.78,EPSG:4326,Synthetic GIS survey,MATCH,SYNTHETIC DEMO DATA — NOT OFFICIAL GOVERNMENT RECORDS
GIS-1190,P1190,P1190,"{""type"":""Polygon"",""coordinates"":[[[77.78,23.53835],[77.78065,23.53835],[77.78065,23.539],[77.78,23.539],[77.78,23.53835]]]}",273.58,23.53835,77.78,EPSG:4326,Synthetic GIS survey,MATCH,SYNTHETIC DEMO DATA — NOT OFFICIAL GOVERNMENT RECORDS
GIS-1191,P1191,P1191,"{""type"":""Polygon"",""coordinates"":[[[77.78,23.5395],[77.78065,23.5395],[77.78065,23.54015],[77.78,23.54015],[77.78,23.5395]]]}",320.44,23.5395,77.78,EPSG:4326,Synthetic GIS survey,MATCH,SYNTHETIC DEMO DATA — NOT OFFICIAL GOVERNMENT RECORDS
GIS-1192,P1192,P1192,"{""type"":""Polygon"",""coordinates"":[[[77.78,23.54065],[77.78065,23.54065],[77.78065,23.5413],[77.78,23.5413],[77.78,23.54065]]]}",367.28,23.54065,77.78,EPSG:4326,Synthetic GIS survey,MATCH,SYNTHETIC DEMO DATA — NOT OFFICIAL GOVERNMENT RECORDS
GIS-1193,P1193,P1193,"{""type"":""Polygon"",""coordinates"":[[[77.78,23.5418],[77.78065,23.5418],[77.78065,23.54245],[77.78,23.54245],[77.78,23.5418]]]}",414.91,23.5418,77.78,EPSG:4326,Synthetic GIS survey,MATCH,SYNTHETIC DEMO DATA — NOT OFFICIAL GOVERNMENT RECORDS
GIS-1194,P1194,P1194,"{""type"":""Polygon"",""coordinates"":[[[77.78,23.54295],[77.78065,23.54295],[77.78065,23.5436],[77.78,23.5436],[77.78,23.54295]]]}",461.83,23.54295,77.78,EPSG:4326,Synthetic GIS survey,MATCH,SYNTHETIC DEMO DATA — NOT OFFICIAL GOVERNMENT RECORDS
GIS-1195,P1195,P1195,"{""type"":""Polygon"",""coordinates"":[[[77.78,23.5441],[77.78065,23.5441],[77.78065,23.54475],[77.78,23.54475],[77.78,23.5441]]]}",508.33,23.5441,77.78,EPSG:4326,Synthetic GIS survey,MATCH,SYNTHETIC DEMO DATA — NOT OFFICIAL GOVERNMENT RECORDS
GIS-1196,P1196,P1196,"{""type"":""Polygon"",""coordinates"":[[[77.78,23.54525],[77.78065,23.54525],[77.78065,23.5459],[77.78,23.5459],[77.78,23.54525]]]}",555.28,23.54525,77.78,EPSG:4326,Synthetic GIS survey,MATCH,SYNTHETIC DEMO DATA — NOT OFFICIAL GOVERNMENT RECORDS
GIS-1197,P1197,P1197,"{""type"":""Polygon"",""coordinates"":[[[77.78,23.5464],[77.78065,23.5464],[77.78065,23.54705],[77.78,23.54705],[77.78,23.5464]]]}",602.29,23.5464,77.78,EPSG:4326,Synthetic GIS survey,MATCH,SYNTHETIC DEMO DATA — NOT OFFICIAL GOVERNMENT RECORDS
GIS-1198,P1198,P1198,"{""type"":""Polygon"",""coordinates"":[[[77.78,23.54755],[77.78065,23.54755],[77.78065,23.5482],[77.78,23.5482],[77.78,23.54755]]]}",649.74,23.54755,77.78,EPSG:4326,Synthetic GIS survey,MATCH,SYNTHETIC DEMO DATA — NOT OFFICIAL GOVERNMENT RECORDS
GIS-1199,P1199,P1199,"{""type"":""Polygon"",""coordinates"":[[[77.78,23.5487],[77.78065,23.5487],[77.78065,23.54935],[77.78,23.54935],[77.78,23.5487]]]}",696.54,23.5487,77.78,EPSG:4326,Synthetic GIS survey,MATCH,SYNTHETIC DEMO DATA — NOT OFFICIAL GOVERNMENT RECORDS
GIS-1200,P1200,P1200,"{""type"":""Polygon"",""coordinates"":[[[77.78,23.54985],[77.78065,23.54985],[77.78065,23.5505],[77.78,23.5505],[77.78,23.54985]]]}",743.69,23.54985,77.78,EPSG:4326,Synthetic GIS survey,MATCH,SYNTHETIC DEMO DATA — NOT OFFICIAL GOVERNMENT RECORDS
GIS-1201,P1201,P1201,"{""type"":""Polygon"",""coordinates"":[[[77.78125,23.505],[77.7819,23.505],[77.7819,23.50565],[77.78125,23.50565],[77.78125,23.505]]]}",790.51,23.505,77.78125,EPSG:4326,Synthetic GIS survey,MATCH,SYNTHETIC DEMO DATA — NOT OFFICIAL GOVERNMENT RECORDS
GIS-1202,P1202,P1202,"{""type"":""Polygon"",""coordinates"":[[[77.78125,23.50615],[77.7819,23.50615],[77.7819,23.5068],[77.78125,23.5068],[77.78125,23.50615]]]}",837.11,23.50615,77.78125,EPSG:4326,Synthetic GIS survey,MATCH,SYNTHETIC DEMO DATA — NOT OFFICIAL GOVERNMENT RECORDS
GIS-1203,P1203,P1203,"{""type"":""Polygon"",""coordinates"":[[[77.78125,23.5073],[77.7819,23.5073],[77.7819,23.50795],[77.78125,23.50795],[77.78125,23.5073]]]}",884.69,23.5073,77.78125,EPSG:4326,Synthetic GIS survey,MATCH,SYNTHETIC DEMO DATA — NOT OFFICIAL GOVERNMENT RECORDS
GIS-1204,P1204,P1204,"{""type"":""Polygon"",""coordinates"":[[[77.78125,23.50845],[77.7819,23.50845],[77.7819,23.5091],[77.78125,23.5091],[77.78125,23.50845]]]}",931.27,23.50845,77.78125,EPSG:4326,Synthetic GIS survey,MATCH,SYNTHETIC DEMO DATA — NOT OFFICIAL GOVERNMENT RECORDS
GIS-1205,P1205,P1205,"{""type"":""Polygon"",""coordinates"":[[[77.78125,23.5096],[77.7819,23.5096],[77.7819,23.51025],[77.78125,23.51025],[77.78125,23.5096]]]}",978.96,23.5096,77.78125,EPSG:4326,Synthetic GIS survey,MATCH,SYNTHETIC DEMO DATA — NOT OFFICIAL GOVERNMENT RECORDS
GIS-1206,P1206,P1206,"{""type"":""Polygon"",""coordinates"":[[[77.78125,23.51075],[77.7819,23.51075],[77.7819,23.5114],[77.78125,23.5114],[77.78125,23.51075]]]}",1025.13,23.51075,77.78125,EPSG:4326,Synthetic GIS survey,MATCH,SYNTHETIC DEMO DATA — NOT OFFICIAL GOVERNMENT RECORDS
GIS-1207,P1207,P1207,"{""type"":""Polygon"",""coordinates"":[[[77.78125,23.5119],[77.7819,23.5119],[77.7819,23.51255],[77.78125,23.51255],[77.78125,23.5119]]]}",1072.87,23.5119,77.78125,EPSG:4326,Synthetic GIS survey,MATCH,SYNTHETIC DEMO DATA — NOT OFFICIAL GOVERNMENT RECORDS
GIS-1208,P1208,P1208,"{""type"":""Polygon"",""coordinates"":[[[77.78125,23.51305],[77.7819,23.51305],[77.7819,23.5137],[77.78125,23.5137],[77.78125,23.51305]]]}",1119.33,23.51305,77.78125,EPSG:4326,Synthetic GIS survey,MATCH,SYNTHETIC DEMO DATA — NOT OFFICIAL GOVERNMENT RECORDS
GIS-1209,P1209,P1209,"{""type"":""Polygon"",""coordinates"":[[[77.78125,23.5142],[77.7819,23.5142],[77.7819,23.51485],[77.78125,23.51485],[77.78125,23.5142]]]}",1166.01,23.5142,77.78125,EPSG:4326,Synthetic GIS survey,MATCH,SYNTHETIC DEMO DATA — NOT OFFICIAL GOVERNMENT RECORDS
GIS-1210,P1210,P1210,"{""type"":""Polygon"",""coordinates"":[[[77.78125,23.51535],[77.7819,23.51535],[77.7819,23.516],[77.78125,23.516],[77.78125,23.51535]]]}",1213.04,23.51535,77.78125,EPSG:4326,Synthetic GIS survey,MATCH,SYNTHETIC DEMO DATA — NOT OFFICIAL GOVERNMENT RECORDS
GIS-1211,P1211,P1211,"{""type"":""Polygon"",""coordinates"":[[[77.78125,23.5165],[77.7819,23.5165],[77.7819,23.51715],[77.78125,23.51715],[77.78125,23.5165]]]}",1260.19,23.5165,77.78125,EPSG:4326,Synthetic GIS survey,MATCH,SYNTHETIC DEMO DATA — NOT OFFICIAL GOVERNMENT RECORDS
GIS-1212,P1212,P1212,"{""type"":""Polygon"",""coordinates"":[[[77.78125,23.51765],[77.7819,23.51765],[77.7819,23.5183],[77.78125,23.5183],[77.78125,23.51765]]]}",1307.48,23.51765,77.78125,EPSG:4326,Synthetic GIS survey,MATCH,SYNTHETIC DEMO DATA — NOT OFFICIAL GOVERNMENT RECORDS
GIS-1213,P1213,P1213,"{""type"":""Polygon"",""coordinates"":[[[77.78125,23.5188],[77.7819,23.5188],[77.7819,23.51945],[77.78125,23.51945],[77.78125,23.5188]]]}",1354.89,23.5188,77.78125,EPSG:4326,Synthetic GIS survey,MATCH,SYNTHETIC DEMO DATA — NOT OFFICIAL GOVERNMENT RECORDS
GIS-1214,P1214,P1214,"{""type"":""Polygon"",""coordinates"":[[[77.78125,23.51995],[77.7819,23.51995],[77.7819,23.5206],[77.78125,23.5206],[77.78125,23.51995]]]}",1401.69,23.51995,77.78125,EPSG:4326,Synthetic GIS survey,MATCH,SYNTHETIC DEMO DATA — NOT OFFICIAL GOVERNMENT RECORDS
GIS-1215,P1215,P1215,"{""type"":""Polygon"",""coordinates"":[[[77.78125,23.5211],[77.7819,23.5211],[77.7819,23.52175],[77.78125,23.52175],[77.78125,23.5211]]]}",1448.87,23.5211,77.78125,EPSG:4326,Synthetic GIS survey,MATCH,SYNTHETIC DEMO DATA — NOT OFFICIAL GOVERNMENT RECORDS
GIS-1216,P1216,P1216,"{""type"":""Polygon"",""coordinates"":[[[77.78125,23.52225],[77.7819,23.52225],[77.7819,23.5229],[77.78125,23.5229],[77.78125,23.52225]]]}",1495.22,23.52225,77.78125,EPSG:4326,Synthetic GIS survey,MATCH,SYNTHETIC DEMO DATA — NOT OFFICIAL GOVERNMENT RECORDS
GIS-1217,P1217,P1217,"{""type"":""Polygon"",""coordinates"":[[[77.78125,23.5234],[77.7819,23.5234],[77.7819,23.52405],[77.78125,23.52405],[77.78125,23.5234]]]}",92.95,23.5234,77.78125,EPSG:4326,Synthetic GIS survey,MATCH,SYNTHETIC DEMO DATA — NOT OFFICIAL GOVERNMENT RECORDS
GIS-1218,P1218,P1218,"{""type"":""Polygon"",""coordinates"":[[[77.78125,23.52455],[77.7819,23.52455],[77.7819,23.5252],[77.78125,23.5252],[77.78125,23.52455]]]}",139.09,23.52455,77.78125,EPSG:4326,Synthetic GIS survey,MATCH,SYNTHETIC DEMO DATA — NOT OFFICIAL GOVERNMENT RECORDS
GIS-1219,P1219,P1219,"{""type"":""Polygon"",""coordinates"":[[[77.78125,23.5257],[77.7819,23.5257],[77.7819,23.52635],[77.78125,23.52635],[77.78125,23.5257]]]}",186.33,23.5257,77.78125,EPSG:4326,Synthetic GIS survey,MATCH,SYNTHETIC DEMO DATA — NOT OFFICIAL GOVERNMENT RECORDS
GIS-1220,P1220,P1220,"{""type"":""Polygon"",""coordinates"":[[[77.78125,23.52685],[77.7819,23.52685],[77.7819,23.5275],[77.78125,23.5275],[77.78125,23.52685]]]}",233.99,23.52685,77.78125,EPSG:4326,Synthetic GIS survey,MATCH,SYNTHETIC DEMO DATA — NOT OFFICIAL GOVERNMENT RECORDS
GIS-1221,P1221,P1221,"{""type"":""Polygon"",""coordinates"":[[[77.78125,23.528],[77.7819,23.528],[77.7819,23.52865],[77.78125,23.52865],[77.78125,23.528]]]}",280.35,23.528,77.78125,EPSG:4326,Synthetic GIS survey,MATCH,SYNTHETIC DEMO DATA — NOT OFFICIAL GOVERNMENT RECORDS
GIS-1222,P1222,P1222,"{""type"":""Polygon"",""coordinates"":[[[77.78125,23.52915],[77.7819,23.52915],[77.7819,23.5298],[77.78125,23.5298],[77.78125,23.52915]]]}",327.64,23.52915,77.78125,EPSG:4326,Synthetic GIS survey,MATCH,SYNTHETIC DEMO DATA — NOT OFFICIAL GOVERNMENT RECORDS
GIS-1223,P1223,P1223,"{""type"":""Polygon"",""coordinates"":[[[77.78125,23.5303],[77.7819,23.5303],[77.7819,23.53095],[77.78125,23.53095],[77.78125,23.5303]]]}",374.43,23.5303,77.78125,EPSG:4326,Synthetic GIS survey,MATCH,SYNTHETIC DEMO DATA — NOT OFFICIAL GOVERNMENT RECORDS
GIS-1224,P1224,P1224,"{""type"":""Polygon"",""coordinates"":[[[77.78125,23.53145],[77.7819,23.53145],[77.7819,23.5321],[77.78125,23.5321],[77.78125,23.53145]]]}",421.07,23.53145,77.78125,EPSG:4326,Synthetic GIS survey,MATCH,SYNTHETIC DEMO DATA — NOT OFFICIAL GOVERNMENT RECORDS
GIS-1225,P1225,P1225,"{""type"":""Polygon"",""coordinates"":[[[77.78125,23.5326],[77.7819,23.5326],[77.7819,23.53325],[77.78125,23.53325],[77.78125,23.5326]]]}",468.26,23.5326,77.78125,EPSG:4326,Synthetic GIS survey,MATCH,SYNTHETIC DEMO DATA — NOT OFFICIAL GOVERNMENT RECORDS
GIS-1226,P1226,P1226,"{""type"":""Polygon"",""coordinates"":[[[77.78125,23.53375],[77.7819,23.53375],[77.7819,23.5344],[77.78125,23.5344],[77.78125,23.53375]]]}",515.81,23.53375,77.78125,EPSG:4326,Synthetic GIS survey,MATCH,SYNTHETIC DEMO DATA — NOT OFFICIAL GOVERNMENT RECORDS
GIS-1227,P1227,P1227,"{""type"":""Polygon"",""coordinates"":[[[77.78125,23.5349],[77.7819,23.5349],[77.7819,23.53555],[77.78125,23.53555],[77.78125,23.5349]]]}",562.26,23.5349,77.78125,EPSG:4326,Synthetic GIS survey,MATCH,SYNTHETIC DEMO DATA — NOT OFFICIAL GOVERNMENT RECORDS
GIS-1228,P1228,P1228,"{""type"":""Polygon"",""coordinates"":[[[77.78125,23.53605],[77.7819,23.53605],[77.7819,23.5367],[77.78125,23.5367],[77.78125,23.53605]]]}",609.41,23.53605,77.78125,EPSG:4326,Synthetic GIS survey,MATCH,SYNTHETIC DEMO DATA — NOT OFFICIAL GOVERNMENT RECORDS
GIS-1229,P1229,P1229,"{""type"":""Polygon"",""coordinates"":[[[77.78125,23.5372],[77.7819,23.5372],[77.7819,23.53785],[77.78125,23.53785],[77.78125,23.5372]]]}",656.38,23.5372,77.78125,EPSG:4326,Synthetic GIS survey,MATCH,SYNTHETIC DEMO DATA — NOT OFFICIAL GOVERNMENT RECORDS
GIS-1230,P1230,P1230,"{""type"":""Polygon"",""coordinates"":[[[77.78125,23.53835],[77.7819,23.53835],[77.7819,23.539],[77.78125,23.539],[77.78125,23.53835]]]}",703.68,23.53835,77.78125,EPSG:4326,Synthetic GIS survey,MATCH,SYNTHETIC DEMO DATA — NOT OFFICIAL GOVERNMENT RECORDS
GIS-1231,P1231,P1231,"{""type"":""Polygon"",""coordinates"":[[[77.78125,23.5395],[77.7819,23.5395],[77.7819,23.54015],[77.78125,23.54015],[77.78125,23.5395]]]}",750.77,23.5395,77.78125,EPSG:4326,Synthetic GIS survey,MATCH,SYNTHETIC DEMO DATA — NOT OFFICIAL GOVERNMENT RECORDS
GIS-1232,P1232,P1232,"{""type"":""Polygon"",""coordinates"":[[[77.78125,23.54065],[77.7819,23.54065],[77.7819,23.5413],[77.78125,23.5413],[77.78125,23.54065]]]}",797.04,23.54065,77.78125,EPSG:4326,Synthetic GIS survey,MATCH,SYNTHETIC DEMO DATA — NOT OFFICIAL GOVERNMENT RECORDS
GIS-1233,P1233,P1233,"{""type"":""Polygon"",""coordinates"":[[[77.78125,23.5418],[77.7819,23.5418],[77.7819,23.54245],[77.78125,23.54245],[77.78125,23.5418]]]}",844.4,23.5418,77.78125,EPSG:4326,Synthetic GIS survey,MATCH,SYNTHETIC DEMO DATA — NOT OFFICIAL GOVERNMENT RECORDS
GIS-1234,P1234,P1234,"{""type"":""Polygon"",""coordinates"":[[[77.78125,23.54295],[77.7819,23.54295],[77.7819,23.5436],[77.78125,23.5436],[77.78125,23.54295]]]}",891.28,23.54295,77.78125,EPSG:4326,Synthetic GIS survey,MATCH,SYNTHETIC DEMO DATA — NOT OFFICIAL GOVERNMENT RECORDS
GIS-1235,P1235,P1235,"{""type"":""Polygon"",""coordinates"":[[[77.78125,23.5441],[77.7819,23.5441],[77.7819,23.54475],[77.78125,23.54475],[77.78125,23.5441]]]}",938.99,23.5441,77.78125,EPSG:4326,Synthetic GIS survey,MATCH,SYNTHETIC DEMO DATA — NOT OFFICIAL GOVERNMENT RECORDS
GIS-1236,P1236,P1236,"{""type"":""Polygon"",""coordinates"":[[[77.78125,23.54525],[77.7819,23.54525],[77.7819,23.5459],[77.78125,23.5459],[77.78125,23.54525]]]}",985.69,23.54525,77.78125,EPSG:4326,Synthetic GIS survey,MATCH,SYNTHETIC DEMO DATA — NOT OFFICIAL GOVERNMENT RECORDS
GIS-1237,P1237,P1237,"{""type"":""Polygon"",""coordinates"":[[[77.78125,23.5464],[77.7819,23.5464],[77.7819,23.54705],[77.78125,23.54705],[77.78125,23.5464]]]}",1032.98,23.5464,77.78125,EPSG:4326,Synthetic GIS survey,MATCH,SYNTHETIC DEMO DATA — NOT OFFICIAL GOVERNMENT RECORDS
GIS-1238,P1238,P1238,"{""type"":""Polygon"",""coordinates"":[[[77.78125,23.54755],[77.7819,23.54755],[77.7819,23.5482],[77.78125,23.5482],[77.78125,23.54755]]]}",1079.44,23.54755,77.78125,EPSG:4326,Synthetic GIS survey,MATCH,SYNTHETIC DEMO DATA — NOT OFFICIAL GOVERNMENT RECORDS
GIS-1239,P1239,P1239,"{""type"":""Polygon"",""coordinates"":[[[77.78125,23.5487],[77.7819,23.5487],[77.7819,23.54935],[77.78125,23.54935],[77.78125,23.5487]]]}",1126.16,23.5487,77.78125,EPSG:4326,Synthetic GIS survey,MATCH,SYNTHETIC DEMO DATA — NOT OFFICIAL GOVERNMENT RECORDS
GIS-1240,P1240,P1240,"{""type"":""Polygon"",""coordinates"":[[[77.78125,23.54985],[77.7819,23.54985],[77.7819,23.5505],[77.78125,23.5505],[77.78125,23.54985]]]}",1173.5,23.54985,77.78125,EPSG:4326,Synthetic GIS survey,MATCH,SYNTHETIC DEMO DATA — NOT OFFICIAL GOVERNMENT RECORDS
GIS-1241,P1241,P1241,"{""type"":""Polygon"",""coordinates"":[[[77.7825,23.505],[77.78315,23.505],[77.78315,23.50565],[77.7825,23.50565],[77.7825,23.505]]]}",1220.87,23.505,77.7825,EPSG:4326,Synthetic GIS survey,MATCH,SYNTHETIC DEMO DATA — NOT OFFICIAL GOVERNMENT RECORDS
GIS-1242,P1242,P1242,"{""type"":""Polygon"",""coordinates"":[[[77.7825,23.50615],[77.78315,23.50615],[77.78315,23.5068],[77.7825,23.5068],[77.7825,23.50615]]]}",1267.83,23.50615,77.7825,EPSG:4326,Synthetic GIS survey,MATCH,SYNTHETIC DEMO DATA — NOT OFFICIAL GOVERNMENT RECORDS
GIS-1243,P1243,P1243,"{""type"":""Polygon"",""coordinates"":[[[77.7825,23.5073],[77.78315,23.5073],[77.78315,23.50795],[77.7825,23.50795],[77.7825,23.5073]]]}",1314.75,23.5073,77.7825,EPSG:4326,Synthetic GIS survey,MATCH,SYNTHETIC DEMO DATA — NOT OFFICIAL GOVERNMENT RECORDS
GIS-1244,P1244,P1244,"{""type"":""Polygon"",""coordinates"":[[[77.7825,23.50845],[77.78315,23.50845],[77.78315,23.5091],[77.7825,23.5091],[77.7825,23.50845]]]}",1361.19,23.50845,77.7825,EPSG:4326,Synthetic GIS survey,MATCH,SYNTHETIC DEMO DATA — NOT OFFICIAL GOVERNMENT RECORDS
GIS-1245,P1245,P1245,"{""type"":""Polygon"",""coordinates"":[[[77.7825,23.5096],[77.78315,23.5096],[77.78315,23.51025],[77.7825,23.51025],[77.7825,23.5096]]]}",1408.02,23.5096,77.7825,EPSG:4326,Synthetic GIS survey,MATCH,SYNTHETIC DEMO DATA — NOT OFFICIAL GOVERNMENT RECORDS
GIS-1246,P1246,P1246,"{""type"":""Polygon"",""coordinates"":[[[77.7825,23.51075],[77.78315,23.51075],[77.78315,23.5114],[77.7825,23.5114],[77.7825,23.51075]]]}",1455.96,23.51075,77.7825,EPSG:4326,Synthetic GIS survey,MATCH,SYNTHETIC DEMO DATA — NOT OFFICIAL GOVERNMENT RECORDS
GIS-1247,P1247,P1247,"{""type"":""Polygon"",""coordinates"":[[[77.7825,23.5119],[77.78315,23.5119],[77.78315,23.51255],[77.7825,23.51255],[77.7825,23.5119]]]}",1502.11,23.5119,77.7825,EPSG:4326,Synthetic GIS survey,MATCH,SYNTHETIC DEMO DATA — NOT OFFICIAL GOVERNMENT RECORDS
GIS-1248,P1248,P1248,"{""type"":""Polygon"",""coordinates"":[[[77.7825,23.51305],[77.78315,23.51305],[77.78315,23.5137],[77.7825,23.5137],[77.7825,23.51305]]]}",99.48,23.51305,77.7825,EPSG:4326,Synthetic GIS survey,MATCH,SYNTHETIC DEMO DATA — NOT OFFICIAL GOVERNMENT RECORDS
GIS-1249,P1249,P1249,"{""type"":""Polygon"",""coordinates"":[[[77.7825,23.5142],[77.78315,23.5142],[77.78315,23.51485],[77.7825,23.51485],[77.7825,23.5142]]]}",146.29,23.5142,77.7825,EPSG:4326,Synthetic GIS survey,MATCH,SYNTHETIC DEMO DATA — NOT OFFICIAL GOVERNMENT RECORDS
GIS-1250,P1250,P1250,"{""type"":""Polygon"",""coordinates"":[[[77.7825,23.51535],[77.78315,23.51535],[77.78315,23.516],[77.7825,23.516],[77.7825,23.51535]]]}",193.53,23.51535,77.7825,EPSG:4326,Synthetic GIS survey,MATCH,SYNTHETIC DEMO DATA — NOT OFFICIAL GOVERNMENT RECORDS
GIS-1251,P1251,P1251,"{""type"":""Polygon"",""coordinates"":[[[77.7825,23.5165],[77.78315,23.5165],[77.78315,23.51715],[77.7825,23.51715],[77.7825,23.5165]]]}",240.63,23.5165,77.7825,EPSG:4326,Synthetic GIS survey,MATCH,SYNTHETIC DEMO DATA — NOT OFFICIAL GOVERNMENT RECORDS
GIS-1252,P1252,P1252,"{""type"":""Polygon"",""coordinates"":[[[77.7825,23.51765],[77.78315,23.51765],[77.78315,23.5183],[77.7825,23.5183],[77.7825,23.51765]]]}",287.53,23.51765,77.7825,EPSG:4326,Synthetic GIS survey,MATCH,SYNTHETIC DEMO DATA — NOT OFFICIAL GOVERNMENT RECORDS
GIS-1253,P1253,P1253,"{""type"":""Polygon"",""coordinates"":[[[77.7825,23.5188],[77.78315,23.5188],[77.78315,23.51945],[77.7825,23.51945],[77.7825,23.5188]]]}",334.71,23.5188,77.7825,EPSG:4326,Synthetic GIS survey,MATCH,SYNTHETIC DEMO DATA — NOT OFFICIAL GOVERNMENT RECORDS
GIS-1254,P1254,P1254,"{""type"":""Polygon"",""coordinates"":[[[77.7825,23.51995],[77.78315,23.51995],[77.78315,23.5206],[77.7825,23.5206],[77.7825,23.51995]]]}",381.38,23.51995,77.7825,EPSG:4326,Synthetic GIS survey,MATCH,SYNTHETIC DEMO DATA — NOT OFFICIAL GOVERNMENT RECORDS
GIS-1255,P1255,P1255,"{""type"":""Polygon"",""coordinates"":[[[77.7825,23.5211],[77.78315,23.5211],[77.78315,23.52175],[77.7825,23.52175],[77.7825,23.5211]]]}",428.79,23.5211,77.7825,EPSG:4326,Synthetic GIS survey,MATCH,SYNTHETIC DEMO DATA — NOT OFFICIAL GOVERNMENT RECORDS
GIS-1256,P1256,P1256,"{""type"":""Polygon"",""coordinates"":[[[77.7825,23.52225],[77.78315,23.52225],[77.78315,23.5229],[77.7825,23.5229],[77.7825,23.52225]]]}",475.19,23.52225,77.7825,EPSG:4326,Synthetic GIS survey,MATCH,SYNTHETIC DEMO DATA — NOT OFFICIAL GOVERNMENT RECORDS
GIS-1257,P1257,P1257,"{""type"":""Polygon"",""coordinates"":[[[77.7825,23.5234],[77.78315,23.5234],[77.78315,23.52405],[77.7825,23.52405],[77.7825,23.5234]]]}",522.73,23.5234,77.7825,EPSG:4326,Synthetic GIS survey,MATCH,SYNTHETIC DEMO DATA — NOT OFFICIAL GOVERNMENT RECORDS
GIS-1258,P1258,P1258,"{""type"":""Polygon"",""coordinates"":[[[77.7825,23.52455],[77.78315,23.52455],[77.78315,23.5252],[77.7825,23.5252],[77.7825,23.52455]]]}",569.26,23.52455,77.7825,EPSG:4326,Synthetic GIS survey,MATCH,SYNTHETIC DEMO DATA — NOT OFFICIAL GOVERNMENT RECORDS
GIS-1259,P1259,P1259,"{""type"":""Polygon"",""coordinates"":[[[77.7825,23.5257],[77.78315,23.5257],[77.78315,23.52635],[77.7825,23.52635],[77.7825,23.5257]]]}",616.1,23.5257,77.7825,EPSG:4326,Synthetic GIS survey,MATCH,SYNTHETIC DEMO DATA — NOT OFFICIAL GOVERNMENT RECORDS
GIS-1260,P1260,P1260,"{""type"":""Polygon"",""coordinates"":[[[77.7825,23.52685],[77.78315,23.52685],[77.78315,23.5275],[77.7825,23.5275],[77.7825,23.52685]]]}",663.14,23.52685,77.7825,EPSG:4326,Synthetic GIS survey,MATCH,SYNTHETIC DEMO DATA — NOT OFFICIAL GOVERNMENT RECORDS
GIS-1261,P1261,P1261,"{""type"":""Polygon"",""coordinates"":[[[77.7825,23.528],[77.78315,23.528],[77.78315,23.52865],[77.7825,23.52865],[77.7825,23.528]]]}",710.39,23.528,77.7825,EPSG:4326,Synthetic GIS survey,MATCH,SYNTHETIC DEMO DATA — NOT OFFICIAL GOVERNMENT RECORDS
GIS-1262,P1262,P1262,"{""type"":""Polygon"",""coordinates"":[[[77.7825,23.52915],[77.78315,23.52915],[77.78315,23.5298],[77.7825,23.5298],[77.7825,23.52915]]]}",757.51,23.52915,77.7825,EPSG:4326,Synthetic GIS survey,MATCH,SYNTHETIC DEMO DATA — NOT OFFICIAL GOVERNMENT RECORDS
GIS-1263,P1263,P1263,"{""type"":""Polygon"",""coordinates"":[[[77.7825,23.5303],[77.78315,23.5303],[77.78315,23.53095],[77.7825,23.53095],[77.7825,23.5303]]]}",804.12,23.5303,77.7825,EPSG:4326,Synthetic GIS survey,MATCH,SYNTHETIC DEMO DATA — NOT OFFICIAL GOVERNMENT RECORDS
GIS-1264,P1264,P1264,"{""type"":""Polygon"",""coordinates"":[[[77.7825,23.53145],[77.78315,23.53145],[77.78315,23.5321],[77.7825,23.5321],[77.7825,23.53145]]]}",851.54,23.53145,77.7825,EPSG:4326,Synthetic GIS survey,MATCH,SYNTHETIC DEMO DATA — NOT OFFICIAL GOVERNMENT RECORDS
GIS-1265,P1265,P1265,"{""type"":""Polygon"",""coordinates"":[[[77.7825,23.5326],[77.78315,23.5326],[77.78315,23.53325],[77.7825,23.53325],[77.7825,23.5326]]]}",898.46,23.5326,77.7825,EPSG:4326,Synthetic GIS survey,MATCH,SYNTHETIC DEMO DATA — NOT OFFICIAL GOVERNMENT RECORDS
GIS-1266,P1266,P1266,"{""type"":""Polygon"",""coordinates"":[[[77.7825,23.53375],[77.78315,23.53375],[77.78315,23.5344],[77.7825,23.5344],[77.7825,23.53375]]]}",945.99,23.53375,77.7825,EPSG:4326,Synthetic GIS survey,MATCH,SYNTHETIC DEMO DATA — NOT OFFICIAL GOVERNMENT RECORDS
GIS-1267,P1267,P1267,"{""type"":""Polygon"",""coordinates"":[[[77.7825,23.5349],[77.78315,23.5349],[77.78315,23.53555],[77.7825,23.53555],[77.7825,23.5349]]]}",992.07,23.5349,77.7825,EPSG:4326,Synthetic GIS survey,MATCH,SYNTHETIC DEMO DATA — NOT OFFICIAL GOVERNMENT RECORDS
GIS-1268,P1268,P1268,"{""type"":""Polygon"",""coordinates"":[[[77.7825,23.53605],[77.78315,23.53605],[77.78315,23.5367],[77.7825,23.5367],[77.7825,23.53605]]]}",1039.84,23.53605,77.7825,EPSG:4326,Synthetic GIS survey,MATCH,SYNTHETIC DEMO DATA — NOT OFFICIAL GOVERNMENT RECORDS
GIS-1269,P1269,P1269,"{""type"":""Polygon"",""coordinates"":[[[77.7825,23.5372],[77.78315,23.5372],[77.78315,23.53785],[77.7825,23.53785],[77.7825,23.5372]]]}",1086.48,23.5372,77.7825,EPSG:4326,Synthetic GIS survey,MATCH,SYNTHETIC DEMO DATA — NOT OFFICIAL GOVERNMENT RECORDS
GIS-1270,P1270,P1270,"{""type"":""Polygon"",""coordinates"":[[[77.7825,23.53835],[77.78315,23.53835],[77.78315,23.539],[77.7825,23.539],[77.7825,23.53835]]]}",1133.76,23.53835,77.7825,EPSG:4326,Synthetic GIS survey,MATCH,SYNTHETIC DEMO DATA — NOT OFFICIAL GOVERNMENT RECORDS
GIS-1271,P1271,P1271,"{""type"":""Polygon"",""coordinates"":[[[77.7825,23.5395],[77.78315,23.5395],[77.78315,23.54015],[77.7825,23.54015],[77.7825,23.5395]]]}",1180.99,23.5395,77.7825,EPSG:4326,Synthetic GIS survey,MATCH,SYNTHETIC DEMO DATA — NOT OFFICIAL GOVERNMENT RECORDS
GIS-1272,P1272,P1272,"{""type"":""Polygon"",""coordinates"":[[[77.7825,23.54065],[77.78315,23.54065],[77.78315,23.5413],[77.7825,23.5413],[77.7825,23.54065]]]}",1227.26,23.54065,77.7825,EPSG:4326,Synthetic GIS survey,MATCH,SYNTHETIC DEMO DATA — NOT OFFICIAL GOVERNMENT RECORDS
GIS-1273,P1273,P1273,"{""type"":""Polygon"",""coordinates"":[[[77.7825,23.5418],[77.78315,23.5418],[77.78315,23.54245],[77.7825,23.54245],[77.7825,23.5418]]]}",1274.6,23.5418,77.7825,EPSG:4326,Synthetic GIS survey,MATCH,SYNTHETIC DEMO DATA — NOT OFFICIAL GOVERNMENT RECORDS
GIS-1274,P1274,P1274,"{""type"":""Polygon"",""coordinates"":[[[77.7825,23.54295],[77.78315,23.54295],[77.78315,23.5436],[77.7825,23.5436],[77.7825,23.54295]]]}",1321.78,23.54295,77.7825,EPSG:4326,Synthetic GIS survey,MATCH,SYNTHETIC DEMO DATA — NOT OFFICIAL GOVERNMENT RECORDS
GIS-1275,P1275,P1275,"{""type"":""Polygon"",""coordinates"":[[[77.7825,23.5441],[77.78315,23.5441],[77.78315,23.54475],[77.7825,23.54475],[77.7825,23.5441]]]}",1368.64,23.5441,77.7825,EPSG:4326,Synthetic GIS survey,MATCH,SYNTHETIC DEMO DATA — NOT OFFICIAL GOVERNMENT RECORDS
GIS-1276,P1276,P1276,"{""type"":""Polygon"",""coordinates"":[[[77.7825,23.54525],[77.78315,23.54525],[77.78315,23.5459],[77.7825,23.5459],[77.7825,23.54525]]]}",1415.16,23.54525,77.7825,EPSG:4326,Synthetic GIS survey,MATCH,SYNTHETIC DEMO DATA — NOT OFFICIAL GOVERNMENT RECORDS
GIS-1277,P1277,P1277,"{""type"":""Polygon"",""coordinates"":[[[77.7825,23.5464],[77.78315,23.5464],[77.78315,23.54705],[77.7825,23.54705],[77.7825,23.5464]]]}",1462.89,23.5464,77.7825,EPSG:4326,Synthetic GIS survey,MATCH,SYNTHETIC DEMO DATA — NOT OFFICIAL GOVERNMENT RECORDS
GIS-1278,P1278,P1278,"{""type"":""Polygon"",""coordinates"":[[[77.7825,23.54755],[77.78315,23.54755],[77.78315,23.5482],[77.7825,23.5482],[77.7825,23.54755]]]}",1509.26,23.54755,77.7825,EPSG:4326,Synthetic GIS survey,MATCH,SYNTHETIC DEMO DATA — NOT OFFICIAL GOVERNMENT RECORDS
GIS-1279,P1279,P1279,"{""type"":""Polygon"",""coordinates"":[[[77.7825,23.5487],[77.78315,23.5487],[77.78315,23.54935],[77.7825,23.54935],[77.7825,23.5487]]]}",106.34,23.5487,77.7825,EPSG:4326,Synthetic GIS survey,MATCH,SYNTHETIC DEMO DATA — NOT OFFICIAL GOVERNMENT RECORDS
GIS-1280,P1280,P1280,"{""type"":""Polygon"",""coordinates"":[[[77.7825,23.54985],[77.78315,23.54985],[77.78315,23.5505],[77.7825,23.5505],[77.7825,23.54985]]]}",153.38,23.54985,77.7825,EPSG:4326,Synthetic GIS survey,MATCH,SYNTHETIC DEMO DATA — NOT OFFICIAL GOVERNMENT RECORDS
GIS-1281,P1281,P1281,"{""type"":""Polygon"",""coordinates"":[[[77.78375,23.505],[77.7844,23.505],[77.7844,23.50565],[77.78375,23.50565],[77.78375,23.505]]]}",200.16,23.505,77.78375,EPSG:4326,Synthetic GIS survey,MATCH,SYNTHETIC DEMO DATA — NOT OFFICIAL GOVERNMENT RECORDS
GIS-1282,P1282,P1282,"{""type"":""Polygon"",""coordinates"":[[[77.78375,23.50615],[77.7844,23.50615],[77.7844,23.5068],[77.78375,23.5068],[77.78375,23.50615]]]}",247.94,23.50615,77.78375,EPSG:4326,Synthetic GIS survey,MATCH,SYNTHETIC DEMO DATA — NOT OFFICIAL GOVERNMENT RECORDS
GIS-1283,P1283,P1283,"{""type"":""Polygon"",""coordinates"":[[[77.78375,23.5073],[77.7844,23.5073],[77.7844,23.50795],[77.78375,23.50795],[77.78375,23.5073]]]}",294.49,23.5073,77.78375,EPSG:4326,Synthetic GIS survey,MATCH,SYNTHETIC DEMO DATA — NOT OFFICIAL GOVERNMENT RECORDS
GIS-1284,P1284,P1284,"{""type"":""Polygon"",""coordinates"":[[[77.78375,23.50845],[77.7844,23.50845],[77.7844,23.5091],[77.78375,23.5091],[77.78375,23.50845]]]}",341.05,23.50845,77.78375,EPSG:4326,Synthetic GIS survey,MATCH,SYNTHETIC DEMO DATA — NOT OFFICIAL GOVERNMENT RECORDS
GIS-1285,P1285,P1285,"{""type"":""Polygon"",""coordinates"":[[[77.78375,23.5096],[77.7844,23.5096],[77.7844,23.51025],[77.78375,23.51025],[77.78375,23.5096]]]}",388.78,23.5096,77.78375,EPSG:4326,Synthetic GIS survey,MATCH,SYNTHETIC DEMO DATA — NOT OFFICIAL GOVERNMENT RECORDS
GIS-1286,P1286,P1286,"{""type"":""Polygon"",""coordinates"":[[[77.78375,23.51075],[77.7844,23.51075],[77.7844,23.5114],[77.78375,23.5114],[77.78375,23.51075]]]}",435.71,23.51075,77.78375,EPSG:4326,Synthetic GIS survey,MATCH,SYNTHETIC DEMO DATA — NOT OFFICIAL GOVERNMENT RECORDS
GIS-1287,P1287,P1287,"{""type"":""Polygon"",""coordinates"":[[[77.78375,23.5119],[77.7844,23.5119],[77.7844,23.51255],[77.78375,23.51255],[77.78375,23.5119]]]}",482.16,23.5119,77.78375,EPSG:4326,Synthetic GIS survey,MATCH,SYNTHETIC DEMO DATA — NOT OFFICIAL GOVERNMENT RECORDS
GIS-1288,P1288,P1288,"{""type"":""Polygon"",""coordinates"":[[[77.78375,23.51305],[77.7844,23.51305],[77.7844,23.5137],[77.78375,23.5137],[77.78375,23.51305]]]}",529.61,23.51305,77.78375,EPSG:4326,Synthetic GIS survey,MATCH,SYNTHETIC DEMO DATA — NOT OFFICIAL GOVERNMENT RECORDS
GIS-1289,P1289,P1289,"{""type"":""Polygon"",""coordinates"":[[[77.78375,23.5142],[77.7844,23.5142],[77.7844,23.51485],[77.78375,23.51485],[77.78375,23.5142]]]}",576.01,23.5142,77.78375,EPSG:4326,Synthetic GIS survey,MATCH,SYNTHETIC DEMO DATA — NOT OFFICIAL GOVERNMENT RECORDS
GIS-1290,P1290,P1290,"{""type"":""Polygon"",""coordinates"":[[[77.78375,23.51535],[77.7844,23.51535],[77.7844,23.516],[77.78375,23.516],[77.78375,23.51535]]]}",623.02,23.51535,77.78375,EPSG:4326,Synthetic GIS survey,MATCH,SYNTHETIC DEMO DATA — NOT OFFICIAL GOVERNMENT RECORDS
GIS-1291,P1291,P1291,"{""type"":""Polygon"",""coordinates"":[[[77.78375,23.5165],[77.7844,23.5165],[77.7844,23.51715],[77.78375,23.51715],[77.78375,23.5165]]]}",670.57,23.5165,77.78375,EPSG:4326,Synthetic GIS survey,MATCH,SYNTHETIC DEMO DATA — NOT OFFICIAL GOVERNMENT RECORDS
GIS-1292,P1292,P1292,"{""type"":""Polygon"",""coordinates"":[[[77.78375,23.51765],[77.7844,23.51765],[77.7844,23.5183],[77.78375,23.5183],[77.78375,23.51765]]]}",717.89,23.51765,77.78375,EPSG:4326,Synthetic GIS survey,MATCH,SYNTHETIC DEMO DATA — NOT OFFICIAL GOVERNMENT RECORDS
GIS-1293,P1293,P1293,"{""type"":""Polygon"",""coordinates"":[[[77.78375,23.5188],[77.7844,23.5188],[77.7844,23.51945],[77.78375,23.51945],[77.78375,23.5188]]]}",764.97,23.5188,77.78375,EPSG:4326,Synthetic GIS survey,MATCH,SYNTHETIC DEMO DATA — NOT OFFICIAL GOVERNMENT RECORDS
GIS-1294,P1294,P1294,"{""type"":""Polygon"",""coordinates"":[[[77.78375,23.51995],[77.7844,23.51995],[77.7844,23.5206],[77.78375,23.5206],[77.78375,23.51995]]]}",811.11,23.51995,77.78375,EPSG:4326,Synthetic GIS survey,MATCH,SYNTHETIC DEMO DATA — NOT OFFICIAL GOVERNMENT RECORDS
GIS-1295,P1295,P1295,"{""type"":""Polygon"",""coordinates"":[[[77.78375,23.5211],[77.7844,23.5211],[77.7844,23.52175],[77.78375,23.52175],[77.78375,23.5211]]]}",858.09,23.5211,77.78375,EPSG:4326,Synthetic GIS survey,MATCH,SYNTHETIC DEMO DATA — NOT OFFICIAL GOVERNMENT RECORDS
GIS-1296,P1296,P1296,"{""type"":""Polygon"",""coordinates"":[[[77.78375,23.52225],[77.7844,23.52225],[77.7844,23.5229],[77.78375,23.5229],[77.78375,23.52225]]]}",905.11,23.52225,77.78375,EPSG:4326,Synthetic GIS survey,MATCH,SYNTHETIC DEMO DATA — NOT OFFICIAL GOVERNMENT RECORDS
GIS-1297,P1297,P1297,"{""type"":""Polygon"",""coordinates"":[[[77.78375,23.5234],[77.7844,23.5234],[77.7844,23.52405],[77.78375,23.52405],[77.78375,23.5234]]]}",952.63,23.5234,77.78375,EPSG:4326,Synthetic GIS survey,MATCH,SYNTHETIC DEMO DATA — NOT OFFICIAL GOVERNMENT RECORDS
GIS-1298,P1298,P1298,"{""type"":""Polygon"",""coordinates"":[[[77.78375,23.52455],[77.7844,23.52455],[77.7844,23.5252],[77.78375,23.5252],[77.78375,23.52455]]]}",999.15,23.52455,77.78375,EPSG:4326,Synthetic GIS survey,MATCH,SYNTHETIC DEMO DATA — NOT OFFICIAL GOVERNMENT RECORDS
GIS-1299,P1299,P1299,"{""type"":""Polygon"",""coordinates"":[[[77.78375,23.5257],[77.7844,23.5257],[77.7844,23.52635],[77.78375,23.52635],[77.78375,23.5257]]]}",1046.36,23.5257,77.78375,EPSG:4326,Synthetic GIS survey,MATCH,SYNTHETIC DEMO DATA — NOT OFFICIAL GOVERNMENT RECORDS
GIS-1300,P1300,P1300,"{""type"":""Polygon"",""coordinates"":[[[77.78375,23.52685],[77.7844,23.52685],[77.7844,23.5275],[77.78375,23.5275],[77.78375,23.52685]]]}",1093.71,23.52685,77.78375,EPSG:4326,Synthetic GIS survey,MATCH,SYNTHETIC DEMO DATA — NOT OFFICIAL GOVERNMENT RECORDS
GIS-1301,P1301,P1301,"{""type"":""Polygon"",""coordinates"":[[[77.78375,23.528],[77.7844,23.528],[77.7844,23.52865],[77.78375,23.52865],[77.78375,23.528]]]}",1140.15,23.528,77.78375,EPSG:4326,Synthetic GIS survey,MATCH,SYNTHETIC DEMO DATA — NOT OFFICIAL GOVERNMENT RECORDS
GIS-1302,P1302,P1302,"{""type"":""Polygon"",""coordinates"":[[[77.78375,23.52915],[77.7844,23.52915],[77.7844,23.5298],[77.78375,23.5298],[77.78375,23.52915]]]}",1187.15,23.52915,77.78375,EPSG:4326,Synthetic GIS survey,MATCH,SYNTHETIC DEMO DATA — NOT OFFICIAL GOVERNMENT RECORDS
GIS-1303,P1303,P1303,"{""type"":""Polygon"",""coordinates"":[[[77.78375,23.5303],[77.7844,23.5303],[77.7844,23.53095],[77.78375,23.53095],[77.78375,23.5303]]]}",1234.25,23.5303,77.78375,EPSG:4326,Synthetic GIS survey,MATCH,SYNTHETIC DEMO DATA — NOT OFFICIAL GOVERNMENT RECORDS
GIS-1304,P1304,P1304,"{""type"":""Polygon"",""coordinates"":[[[77.78375,23.53145],[77.7844,23.53145],[77.7844,23.5321],[77.78375,23.5321],[77.78375,23.53145]]]}",1282.0,23.53145,77.78375,EPSG:4326,Synthetic GIS survey,MATCH,SYNTHETIC DEMO DATA — NOT OFFICIAL GOVERNMENT RECORDS
GIS-1305,P1305,P1305,"{""type"":""Polygon"",""coordinates"":[[[77.78375,23.5326],[77.7844,23.5326],[77.7844,23.53325],[77.78375,23.53325],[77.78375,23.5326]]]}",1328.1,23.5326,77.78375,EPSG:4326,Synthetic GIS survey,MATCH,SYNTHETIC DEMO DATA — NOT OFFICIAL GOVERNMENT RECORDS
GIS-1306,P1306,P1306,"{""type"":""Polygon"",""coordinates"":[[[77.78375,23.53375],[77.7844,23.53375],[77.7844,23.5344],[77.78375,23.5344],[77.78375,23.53375]]]}",1375.82,23.53375,77.78375,EPSG:4326,Synthetic GIS survey,MATCH,SYNTHETIC DEMO DATA — NOT OFFICIAL GOVERNMENT RECORDS
GIS-1307,P1307,P1307,"{""type"":""Polygon"",""coordinates"":[[[77.78375,23.5349],[77.7844,23.5349],[77.7844,23.53555],[77.78375,23.53555],[77.78375,23.5349]]]}",1422.43,23.5349,77.78375,EPSG:4326,Synthetic GIS survey,MATCH,SYNTHETIC DEMO DATA — NOT OFFICIAL GOVERNMENT RECORDS
GIS-1308,P1308,P1308,"{""type"":""Polygon"",""coordinates"":[[[77.78375,23.53605],[77.7844,23.53605],[77.7844,23.5367],[77.78375,23.5367],[77.78375,23.53605]]]}",1469.98,23.53605,77.78375,EPSG:4326,Synthetic GIS survey,MATCH,SYNTHETIC DEMO DATA — NOT OFFICIAL GOVERNMENT RECORDS
GIS-1309,P1309,P1309,"{""type"":""Polygon"",""coordinates"":[[[77.78375,23.5372],[77.7844,23.5372],[77.7844,23.53785],[77.78375,23.53785],[77.78375,23.5372]]]}",1516.85,23.5372,77.78375,EPSG:4326,Synthetic GIS survey,MATCH,SYNTHETIC DEMO DATA — NOT OFFICIAL GOVERNMENT RECORDS
GIS-1310,P1310,P1310,"{""type"":""Polygon"",""coordinates"":[[[77.78375,23.53835],[77.7844,23.53835],[77.7844,23.539],[77.78375,23.539],[77.78375,23.53835]]]}",114.0,23.53835,77.78375,EPSG:4326,Synthetic GIS survey,MATCH,SYNTHETIC DEMO DATA — NOT OFFICIAL GOVERNMENT RECORDS
GIS-1311,P1311,P1311,"{""type"":""Polygon"",""coordinates"":[[[77.78375,23.5395],[77.7844,23.5395],[77.7844,23.54015],[77.78375,23.54015],[77.78375,23.5395]]]}",160.32,23.5395,77.78375,EPSG:4326,Synthetic GIS survey,MATCH,SYNTHETIC DEMO DATA — NOT OFFICIAL GOVERNMENT RECORDS
GIS-1312,P1312,P1312,"{""type"":""Polygon"",""coordinates"":[[[77.78375,23.54065],[77.7844,23.54065],[77.7844,23.5413],[77.78375,23.5413],[77.78375,23.54065]]]}",207.85,23.54065,77.78375,EPSG:4326,Synthetic GIS survey,MATCH,SYNTHETIC DEMO DATA — NOT OFFICIAL GOVERNMENT RECORDS
GIS-1313,P1313,P1313,"{""type"":""Polygon"",""coordinates"":[[[77.78375,23.5418],[77.7844,23.5418],[77.7844,23.54245],[77.78375,23.54245],[77.78375,23.5418]]]}",254.48,23.5418,77.78375,EPSG:4326,Synthetic GIS survey,MATCH,SYNTHETIC DEMO DATA — NOT OFFICIAL GOVERNMENT RECORDS
GIS-1314,P1314,P1314,"{""type"":""Polygon"",""coordinates"":[[[77.78375,23.54295],[77.7844,23.54295],[77.7844,23.5436],[77.78375,23.5436],[77.78375,23.54295]]]}",301.25,23.54295,77.78375,EPSG:4326,Synthetic GIS survey,MATCH,SYNTHETIC DEMO DATA — NOT OFFICIAL GOVERNMENT RECORDS
GIS-1315,P1315,P1315,"{""type"":""Polygon"",""coordinates"":[[[77.78375,23.5441],[77.7844,23.5441],[77.7844,23.54475],[77.78375,23.54475],[77.78375,23.5441]]]}",348.88,23.5441,77.78375,EPSG:4326,Synthetic GIS survey,MATCH,SYNTHETIC DEMO DATA — NOT OFFICIAL GOVERNMENT RECORDS
GIS-1316,P1316,P1316,"{""type"":""Polygon"",""coordinates"":[[[77.78375,23.54525],[77.7844,23.54525],[77.7844,23.5459],[77.78375,23.5459],[77.78375,23.54525]]]}",395.55,23.54525,77.78375,EPSG:4326,Synthetic GIS survey,MATCH,SYNTHETIC DEMO DATA — NOT OFFICIAL GOVERNMENT RECORDS
GIS-1317,P1317,P1317,"{""type"":""Polygon"",""coordinates"":[[[77.78375,23.5464],[77.7844,23.5464],[77.7844,23.54705],[77.78375,23.54705],[77.78375,23.5464]]]}",442.67,23.5464,77.78375,EPSG:4326,Synthetic GIS survey,MATCH,SYNTHETIC DEMO DATA — NOT OFFICIAL GOVERNMENT RECORDS
GIS-1318,P1318,P1318,"{""type"":""Polygon"",""coordinates"":[[[77.78375,23.54755],[77.7844,23.54755],[77.7844,23.5482],[77.78375,23.5482],[77.78375,23.54755]]]}",489.2,23.54755,77.78375,EPSG:4326,Synthetic GIS survey,MATCH,SYNTHETIC DEMO DATA — NOT OFFICIAL GOVERNMENT RECORDS
GIS-1319,P1319,P1319,"{""type"":""Polygon"",""coordinates"":[[[77.78375,23.5487],[77.7844,23.5487],[77.7844,23.54935],[77.78375,23.54935],[77.78375,23.5487]]]}",536.63,23.5487,77.78375,EPSG:4326,Synthetic GIS survey,MATCH,SYNTHETIC DEMO DATA — NOT OFFICIAL GOVERNMENT RECORDS
GIS-1320,P1320,P1320,"{""type"":""Polygon"",""coordinates"":[[[77.78375,23.54985],[77.7844,23.54985],[77.7844,23.5505],[77.78375,23.5505],[77.78375,23.54985]]]}",583.02,23.54985,77.78375,EPSG:4326,Synthetic GIS survey,MATCH,SYNTHETIC DEMO DATA — NOT OFFICIAL GOVERNMENT RECORDS
GIS-1321,P1321,P1321,"{""type"":""Polygon"",""coordinates"":[[[77.785,23.505],[77.78565,23.505],[77.78565,23.50565],[77.785,23.50565],[77.785,23.505]]]}",630.62,23.505,77.785,EPSG:4326,Synthetic GIS survey,MATCH,SYNTHETIC DEMO DATA — NOT OFFICIAL GOVERNMENT RECORDS
GIS-1322,P1322,P1322,"{""type"":""Polygon"",""coordinates"":[[[77.785,23.50615],[77.78565,23.50615],[77.78565,23.5068],[77.785,23.5068],[77.785,23.50615]]]}",677.75,23.50615,77.785,EPSG:4326,Synthetic GIS survey,MATCH,SYNTHETIC DEMO DATA — NOT OFFICIAL GOVERNMENT RECORDS
GIS-1323,P1323,P1323,"{""type"":""Polygon"",""coordinates"":[[[77.785,23.5073],[77.78565,23.5073],[77.78565,23.50795],[77.785,23.50795],[77.785,23.5073]]]}",724.18,23.5073,77.785,EPSG:4326,Synthetic GIS survey,MATCH,SYNTHETIC DEMO DATA — NOT OFFICIAL GOVERNMENT RECORDS
GIS-1324,P1324,P1324,"{""type"":""Polygon"",""coordinates"":[[[77.785,23.50845],[77.78565,23.50845],[77.78565,23.5091],[77.785,23.5091],[77.785,23.50845]]]}",771.65,23.50845,77.785,EPSG:4326,Synthetic GIS survey,MATCH,SYNTHETIC DEMO DATA — NOT OFFICIAL GOVERNMENT RECORDS
GIS-1325,P1325,P1325,"{""type"":""Polygon"",""coordinates"":[[[77.785,23.5096],[77.78565,23.5096],[77.78565,23.51025],[77.785,23.51025],[77.785,23.5096]]]}",818.99,23.5096,77.785,EPSG:4326,Synthetic GIS survey,MATCH,SYNTHETIC DEMO DATA — NOT OFFICIAL GOVERNMENT RECORDS
GIS-1326,P1326,P1326,"{""type"":""Polygon"",""coordinates"":[[[77.785,23.51075],[77.78565,23.51075],[77.78565,23.5114],[77.785,23.5114],[77.785,23.51075]]]}",865.0,23.51075,77.785,EPSG:4326,Synthetic GIS survey,MATCH,SYNTHETIC DEMO DATA — NOT OFFICIAL GOVERNMENT RECORDS
GIS-1327,P1327,P1327,"{""type"":""Polygon"",""coordinates"":[[[77.785,23.5119],[77.78565,23.5119],[77.78565,23.51255],[77.785,23.51255],[77.785,23.5119]]]}",912.51,23.5119,77.785,EPSG:4326,Synthetic GIS survey,MATCH,SYNTHETIC DEMO DATA — NOT OFFICIAL GOVERNMENT RECORDS
GIS-1328,P1328,P1328,"{""type"":""Polygon"",""coordinates"":[[[77.785,23.51305],[77.78565,23.51305],[77.78565,23.5137],[77.785,23.5137],[77.785,23.51305]]]}",959.26,23.51305,77.785,EPSG:4326,Synthetic GIS survey,MATCH,SYNTHETIC DEMO DATA — NOT OFFICIAL GOVERNMENT RECORDS
GIS-1329,P1329,P1329,"{""type"":""Polygon"",""coordinates"":[[[77.785,23.5142],[77.78565,23.5142],[77.78565,23.51485],[77.785,23.51485],[77.785,23.5142]]]}",1006.59,23.5142,77.785,EPSG:4326,Synthetic GIS survey,MATCH,SYNTHETIC DEMO DATA — NOT OFFICIAL GOVERNMENT RECORDS
GIS-1330,P1330,P1330,"{""type"":""Polygon"",""coordinates"":[[[77.785,23.51535],[77.78565,23.51535],[77.78565,23.516],[77.785,23.516],[77.785,23.51535]]]}",1053.58,23.51535,77.785,EPSG:4326,Synthetic GIS survey,MATCH,SYNTHETIC DEMO DATA — NOT OFFICIAL GOVERNMENT RECORDS
GIS-1331,P1331,P1331,"{""type"":""Polygon"",""coordinates"":[[[77.785,23.5165],[77.78565,23.5165],[77.78565,23.51715],[77.785,23.51715],[77.785,23.5165]]]}",1100.12,23.5165,77.785,EPSG:4326,Synthetic GIS survey,MATCH,SYNTHETIC DEMO DATA — NOT OFFICIAL GOVERNMENT RECORDS
GIS-1332,P1332,P1332,"{""type"":""Polygon"",""coordinates"":[[[77.785,23.51765],[77.78565,23.51765],[77.78565,23.5183],[77.785,23.5183],[77.785,23.51765]]]}",1147.66,23.51765,77.785,EPSG:4326,Synthetic GIS survey,MATCH,SYNTHETIC DEMO DATA — NOT OFFICIAL GOVERNMENT RECORDS
GIS-1333,P1333,P1333,"{""type"":""Polygon"",""coordinates"":[[[77.785,23.5188],[77.78565,23.5188],[77.78565,23.51945],[77.785,23.51945],[77.785,23.5188]]]}",1194.06,23.5188,77.785,EPSG:4326,Synthetic GIS survey,MATCH,SYNTHETIC DEMO DATA — NOT OFFICIAL GOVERNMENT RECORDS
GIS-1334,P1334,P1334,"{""type"":""Polygon"",""coordinates"":[[[77.785,23.51995],[77.78565,23.51995],[77.78565,23.5206],[77.785,23.5206],[77.785,23.51995]]]}",1241.97,23.51995,77.785,EPSG:4326,Synthetic GIS survey,MATCH,SYNTHETIC DEMO DATA — NOT OFFICIAL GOVERNMENT RECORDS
GIS-1335,P1335,P1335,"{""type"":""Polygon"",""coordinates"":[[[77.785,23.5211],[77.78565,23.5211],[77.78565,23.52175],[77.785,23.52175],[77.785,23.5211]]]}",1288.32,23.5211,77.785,EPSG:4326,Synthetic GIS survey,MATCH,SYNTHETIC DEMO DATA — NOT OFFICIAL GOVERNMENT RECORDS
GIS-1336,P1336,P1336,"{""type"":""Polygon"",""coordinates"":[[[77.785,23.52225],[77.78565,23.52225],[77.78565,23.5229],[77.785,23.5229],[77.785,23.52225]]]}",1335.57,23.52225,77.785,EPSG:4326,Synthetic GIS survey,MATCH,SYNTHETIC DEMO DATA — NOT OFFICIAL GOVERNMENT RECORDS
GIS-1337,P1337,P1337,"{""type"":""Polygon"",""coordinates"":[[[77.785,23.5234],[77.78565,23.5234],[77.78565,23.52405],[77.785,23.52405],[77.785,23.5234]]]}",1382.71,23.5234,77.785,EPSG:4326,Synthetic GIS survey,MATCH,SYNTHETIC DEMO DATA — NOT OFFICIAL GOVERNMENT RECORDS
GIS-1338,P1338,P1338,"{""type"":""Polygon"",""coordinates"":[[[77.785,23.52455],[77.78565,23.52455],[77.78565,23.5252],[77.785,23.5252],[77.785,23.52455]]]}",1429.8,23.52455,77.785,EPSG:4326,Synthetic GIS survey,MATCH,SYNTHETIC DEMO DATA — NOT OFFICIAL GOVERNMENT RECORDS
GIS-1339,P1339,P1339,"{""type"":""Polygon"",""coordinates"":[[[77.785,23.5257],[77.78565,23.5257],[77.78565,23.52635],[77.785,23.52635],[77.785,23.5257]]]}",1476.92,23.5257,77.785,EPSG:4326,Synthetic GIS survey,MATCH,SYNTHETIC DEMO DATA — NOT OFFICIAL GOVERNMENT RECORDS
GIS-1340,P1340,P1340,"{""type"":""Polygon"",""coordinates"":[[[77.785,23.52685],[77.78565,23.52685],[77.78565,23.5275],[77.785,23.5275],[77.785,23.52685]]]}",1523.05,23.52685,77.785,EPSG:4326,Synthetic GIS survey,MATCH,SYNTHETIC DEMO DATA — NOT OFFICIAL GOVERNMENT RECORDS
GIS-1341,P1341,P1341,"{""type"":""Polygon"",""coordinates"":[[[77.785,23.528],[77.78565,23.528],[77.78565,23.52865],[77.785,23.52865],[77.785,23.528]]]}",120.43,23.528,77.785,EPSG:4326,Synthetic GIS survey,MATCH,SYNTHETIC DEMO DATA — NOT OFFICIAL GOVERNMENT RECORDS
GIS-1342,P1342,P1342,"{""type"":""Polygon"",""coordinates"":[[[77.785,23.52915],[77.78565,23.52915],[77.78565,23.5298],[77.785,23.5298],[77.785,23.52915]]]}",167.65,23.52915,77.785,EPSG:4326,Synthetic GIS survey,MATCH,SYNTHETIC DEMO DATA — NOT OFFICIAL GOVERNMENT RECORDS
GIS-1343,P1343,P1343,"{""type"":""Polygon"",""coordinates"":[[[77.785,23.5303],[77.78565,23.5303],[77.78565,23.53095],[77.785,23.53095],[77.785,23.5303]]]}",214.38,23.5303,77.785,EPSG:4326,Synthetic GIS survey,MATCH,SYNTHETIC DEMO DATA — NOT OFFICIAL GOVERNMENT RECORDS
GIS-1344,P1344,P1344,"{""type"":""Polygon"",""coordinates"":[[[77.785,23.53145],[77.78565,23.53145],[77.78565,23.5321],[77.785,23.5321],[77.785,23.53145]]]}",261.44,23.53145,77.785,EPSG:4326,Synthetic GIS survey,MATCH,SYNTHETIC DEMO DATA — NOT OFFICIAL GOVERNMENT RECORDS
GIS-1345,P1345,P1345,"{""type"":""Polygon"",""coordinates"":[[[77.785,23.5326],[77.78565,23.5326],[77.78565,23.53325],[77.785,23.53325],[77.785,23.5326]]]}",308.29,23.5326,77.785,EPSG:4326,Synthetic GIS survey,MATCH,SYNTHETIC DEMO DATA — NOT OFFICIAL GOVERNMENT RECORDS
GIS-1346,P1346,P1346,"{""type"":""Polygon"",""coordinates"":[[[77.785,23.53375],[77.78565,23.53375],[77.78565,23.5344],[77.785,23.5344],[77.785,23.53375]]]}",355.53,23.53375,77.785,EPSG:4326,Synthetic GIS survey,MATCH,SYNTHETIC DEMO DATA — NOT OFFICIAL GOVERNMENT RECORDS
GIS-1347,P1347,P1347,"{""type"":""Polygon"",""coordinates"":[[[77.785,23.5349],[77.78565,23.5349],[77.78565,23.53555],[77.785,23.53555],[77.785,23.5349]]]}",402.14,23.5349,77.785,EPSG:4326,Synthetic GIS survey,MATCH,SYNTHETIC DEMO DATA — NOT OFFICIAL GOVERNMENT RECORDS
GIS-1348,P1348,P1348,"{""type"":""Polygon"",""coordinates"":[[[77.785,23.53605],[77.78565,23.53605],[77.78565,23.5367],[77.785,23.5367],[77.785,23.53605]]]}",449.03,23.53605,77.785,EPSG:4326,Synthetic GIS survey,MATCH,SYNTHETIC DEMO DATA — NOT OFFICIAL GOVERNMENT RECORDS
GIS-1349,P1349,P1349,"{""type"":""Polygon"",""coordinates"":[[[77.785,23.5372],[77.78565,23.5372],[77.78565,23.53785],[77.785,23.53785],[77.785,23.5372]]]}",496.18,23.5372,77.785,EPSG:4326,Synthetic GIS survey,MATCH,SYNTHETIC DEMO DATA — NOT OFFICIAL GOVERNMENT RECORDS
GIS-1350,P1350,P1350,"{""type"":""Polygon"",""coordinates"":[[[77.785,23.53835],[77.78565,23.53835],[77.78565,23.539],[77.785,23.539],[77.785,23.53835]]]}",543.03,23.53835,77.785,EPSG:4326,Synthetic GIS survey,MATCH,SYNTHETIC DEMO DATA — NOT OFFICIAL GOVERNMENT RECORDS
GIS-1351,P1351,P1351,"{""type"":""Polygon"",""coordinates"":[[[77.785,23.5395],[77.78565,23.5395],[77.78565,23.54015],[77.785,23.54015],[77.785,23.5395]]]}",590.08,23.5395,77.785,EPSG:4326,Synthetic GIS survey,MATCH,SYNTHETIC DEMO DATA — NOT OFFICIAL GOVERNMENT RECORDS
GIS-1352,P1352,P1352,"{""type"":""Polygon"",""coordinates"":[[[77.785,23.54065],[77.78565,23.54065],[77.78565,23.5413],[77.785,23.5413],[77.785,23.54065]]]}",637.55,23.54065,77.785,EPSG:4326,Synthetic GIS survey,MATCH,SYNTHETIC DEMO DATA — NOT OFFICIAL GOVERNMENT RECORDS
GIS-1353,P1353,P1353,"{""type"":""Polygon"",""coordinates"":[[[77.785,23.5418],[77.78565,23.5418],[77.78565,23.54245],[77.785,23.54245],[77.785,23.5418]]]}",684.99,23.5418,77.785,EPSG:4326,Synthetic GIS survey,MATCH,SYNTHETIC DEMO DATA — NOT OFFICIAL GOVERNMENT RECORDS
GIS-1354,P1354,P1354,"{""type"":""Polygon"",""coordinates"":[[[77.785,23.54295],[77.78565,23.54295],[77.78565,23.5436],[77.785,23.5436],[77.785,23.54295]]]}",731.49,23.54295,77.785,EPSG:4326,Synthetic GIS survey,MATCH,SYNTHETIC DEMO DATA — NOT OFFICIAL GOVERNMENT RECORDS
GIS-1355,P1355,P1355,"{""type"":""Polygon"",""coordinates"":[[[77.785,23.5441],[77.78565,23.5441],[77.78565,23.54475],[77.785,23.54475],[77.785,23.5441]]]}",778.62,23.5441,77.785,EPSG:4326,Synthetic GIS survey,MATCH,SYNTHETIC DEMO DATA — NOT OFFICIAL GOVERNMENT RECORDS
GIS-1356,P1356,P1356,"{""type"":""Polygon"",""coordinates"":[[[77.785,23.54525],[77.78565,23.54525],[77.78565,23.5459],[77.785,23.5459],[77.785,23.54525]]]}",825.09,23.54525,77.785,EPSG:4326,Synthetic GIS survey,MATCH,SYNTHETIC DEMO DATA — NOT OFFICIAL GOVERNMENT RECORDS
GIS-1357,P1357,P1357,"{""type"":""Polygon"",""coordinates"":[[[77.785,23.5464],[77.78565,23.5464],[77.78565,23.54705],[77.785,23.54705],[77.785,23.5464]]]}",872.49,23.5464,77.785,EPSG:4326,Synthetic GIS survey,MATCH,SYNTHETIC DEMO DATA — NOT OFFICIAL GOVERNMENT RECORDS
GIS-1358,P1358,P1358,"{""type"":""Polygon"",""coordinates"":[[[77.785,23.54755],[77.78565,23.54755],[77.78565,23.5482],[77.785,23.5482],[77.785,23.54755]]]}",919.29,23.54755,77.785,EPSG:4326,Synthetic GIS survey,MATCH,SYNTHETIC DEMO DATA — NOT OFFICIAL GOVERNMENT RECORDS
GIS-1359,P1359,P1359,"{""type"":""Polygon"",""coordinates"":[[[77.785,23.5487],[77.78565,23.5487],[77.78565,23.54935],[77.785,23.54935],[77.785,23.5487]]]}",966.61,23.5487,77.785,EPSG:4326,Synthetic GIS survey,MATCH,SYNTHETIC DEMO DATA — NOT OFFICIAL GOVERNMENT RECORDS
GIS-1360,P1360,P1360,"{""type"":""Polygon"",""coordinates"":[[[77.785,23.54985],[77.78565,23.54985],[77.78565,23.5505],[77.785,23.5505],[77.785,23.54985]]]}",1013.44,23.54985,77.785,EPSG:4326,Synthetic GIS survey,MATCH,SYNTHETIC DEMO DATA — NOT OFFICIAL GOVERNMENT RECORDS
GIS-1361,P1361,P1361,"{""type"":""Polygon"",""coordinates"":[[[77.78625,23.505],[77.7869,23.505],[77.7869,23.50565],[77.78625,23.50565],[77.78625,23.505]]]}",1060.9,23.505,77.78625,EPSG:4326,Synthetic GIS survey,MATCH,SYNTHETIC DEMO DATA — NOT OFFICIAL GOVERNMENT RECORDS
GIS-1362,P1362,P1362,"{""type"":""Polygon"",""coordinates"":[[[77.78625,23.50615],[77.7869,23.50615],[77.7869,23.5068],[77.78625,23.5068],[77.78625,23.50615]]]}",1107.17,23.50615,77.78625,EPSG:4326,Synthetic GIS survey,MATCH,SYNTHETIC DEMO DATA — NOT OFFICIAL GOVERNMENT RECORDS
GIS-1363,P1363,P1363,"{""type"":""Polygon"",""coordinates"":[[[77.78625,23.5073],[77.7869,23.5073],[77.7869,23.50795],[77.78625,23.50795],[77.78625,23.5073]]]}",1154.79,23.5073,77.78625,EPSG:4326,Synthetic GIS survey,MATCH,SYNTHETIC DEMO DATA — NOT OFFICIAL GOVERNMENT RECORDS
GIS-1364,P1364,P1364,"{""type"":""Polygon"",""coordinates"":[[[77.78625,23.50845],[77.7869,23.50845],[77.7869,23.5091],[77.78625,23.5091],[77.78625,23.50845]]]}",1201.59,23.50845,77.78625,EPSG:4326,Synthetic GIS survey,MATCH,SYNTHETIC DEMO DATA — NOT OFFICIAL GOVERNMENT RECORDS
GIS-1365,P1365,P1365,"{""type"":""Polygon"",""coordinates"":[[[77.78625,23.5096],[77.7869,23.5096],[77.7869,23.51025],[77.78625,23.51025],[77.78625,23.5096]]]}",1248.84,23.5096,77.78625,EPSG:4326,Synthetic GIS survey,MATCH,SYNTHETIC DEMO DATA — NOT OFFICIAL GOVERNMENT RECORDS
GIS-1366,P1366,P1366,"{""type"":""Polygon"",""coordinates"":[[[77.78625,23.51075],[77.7869,23.51075],[77.7869,23.5114],[77.78625,23.5114],[77.78625,23.51075]]]}",1295.9,23.51075,77.78625,EPSG:4326,Synthetic GIS survey,MATCH,SYNTHETIC DEMO DATA — NOT OFFICIAL GOVERNMENT RECORDS
GIS-1367,P1367,P1367,"{""type"":""Polygon"",""coordinates"":[[[77.78625,23.5119],[77.7869,23.5119],[77.7869,23.51255],[77.78625,23.51255],[77.78625,23.5119]]]}",1342.59,23.5119,77.78625,EPSG:4326,Synthetic GIS survey,MATCH,SYNTHETIC DEMO DATA — NOT OFFICIAL GOVERNMENT RECORDS
GIS-1368,P1368,P1368,"{""type"":""Polygon"",""coordinates"":[[[77.78625,23.51305],[77.7869,23.51305],[77.7869,23.5137],[77.78625,23.5137],[77.78625,23.51305]]]}",1389.32,23.51305,77.78625,EPSG:4326,Synthetic GIS survey,MATCH,SYNTHETIC DEMO DATA — NOT OFFICIAL GOVERNMENT RECORDS
GIS-1369,P1369,P1369,"{""type"":""Polygon"",""coordinates"":[[[77.78625,23.5142],[77.7869,23.5142],[77.7869,23.51485],[77.78625,23.51485],[77.78625,23.5142]]]}",1436.56,23.5142,77.78625,EPSG:4326,Synthetic GIS survey,MATCH,SYNTHETIC DEMO DATA — NOT OFFICIAL GOVERNMENT RECORDS
GIS-1370,P1370,P1370,"{""type"":""Polygon"",""coordinates"":[[[77.78625,23.51535],[77.7869,23.51535],[77.7869,23.516],[77.78625,23.516],[77.78625,23.51535]]]}",1483.53,23.51535,77.78625,EPSG:4326,Synthetic GIS survey,MATCH,SYNTHETIC DEMO DATA — NOT OFFICIAL GOVERNMENT RECORDS
GIS-1371,P1371,P1371,"{""type"":""Polygon"",""coordinates"":[[[77.78625,23.5165],[77.7869,23.5165],[77.7869,23.51715],[77.78625,23.51715],[77.78625,23.5165]]]}",1530.45,23.5165,77.78625,EPSG:4326,Synthetic GIS survey,MATCH,SYNTHETIC DEMO DATA — NOT OFFICIAL GOVERNMENT RECORDS
GIS-1372,P1372,P1372,"{""type"":""Polygon"",""coordinates"":[[[77.78625,23.51765],[77.7869,23.51765],[77.7869,23.5183],[77.78625,23.5183],[77.78625,23.51765]]]}",127.05,23.51765,77.78625,EPSG:4326,Synthetic GIS survey,MATCH,SYNTHETIC DEMO DATA — NOT OFFICIAL GOVERNMENT RECORDS
GIS-1373,P1373,P1373,"{""type"":""Polygon"",""coordinates"":[[[77.78625,23.5188],[77.7869,23.5188],[77.7869,23.51945],[77.78625,23.51945],[77.78625,23.5188]]]}",174.25,23.5188,77.78625,EPSG:4326,Synthetic GIS survey,MATCH,SYNTHETIC DEMO DATA — NOT OFFICIAL GOVERNMENT RECORDS
GIS-1374,P1374,P1374,"{""type"":""Polygon"",""coordinates"":[[[77.78625,23.51995],[77.7869,23.51995],[77.7869,23.5206],[77.78625,23.5206],[77.78625,23.51995]]]}",221.26,23.51995,77.78625,EPSG:4326,Synthetic GIS survey,MATCH,SYNTHETIC DEMO DATA — NOT OFFICIAL GOVERNMENT RECORDS
GIS-1375,P1375,P1375,"{""type"":""Polygon"",""coordinates"":[[[77.78625,23.5211],[77.7869,23.5211],[77.7869,23.52175],[77.78625,23.52175],[77.78625,23.5211]]]}",268.48,23.5211,77.78625,EPSG:4326,Synthetic GIS survey,MATCH,SYNTHETIC DEMO DATA — NOT OFFICIAL GOVERNMENT RECORDS
GIS-1376,P1376,P1376,"{""type"":""Polygon"",""coordinates"":[[[77.78625,23.52225],[77.7869,23.52225],[77.7869,23.5229],[77.78625,23.5229],[77.78625,23.52225]]]}",315.46,23.52225,77.78625,EPSG:4326,Synthetic GIS survey,MATCH,SYNTHETIC DEMO DATA — NOT OFFICIAL GOVERNMENT RECORDS
GIS-1377,P1377,P1377,"{""type"":""Polygon"",""coordinates"":[[[77.78625,23.5234],[77.7869,23.5234],[77.7869,23.52405],[77.78625,23.52405],[77.78625,23.5234]]]}",362.85,23.5234,77.78625,EPSG:4326,Synthetic GIS survey,MATCH,SYNTHETIC DEMO DATA — NOT OFFICIAL GOVERNMENT RECORDS
GIS-1378,P1378,P1378,"{""type"":""Polygon"",""coordinates"":[[[77.78625,23.52455],[77.7869,23.52455],[77.7869,23.5252],[77.78625,23.5252],[77.78625,23.52455]]]}",409.62,23.52455,77.78625,EPSG:4326,Synthetic GIS survey,MATCH,SYNTHETIC DEMO DATA — NOT OFFICIAL GOVERNMENT RECORDS
GIS-1379,P1379,P1379,"{""type"":""Polygon"",""coordinates"":[[[77.78625,23.5257],[77.7869,23.5257],[77.7869,23.52635],[77.78625,23.52635],[77.78625,23.5257]]]}",456.22,23.5257,77.78625,EPSG:4326,Synthetic GIS survey,MATCH,SYNTHETIC DEMO DATA — NOT OFFICIAL GOVERNMENT RECORDS
GIS-1380,P1380,P1380,"{""type"":""Polygon"",""coordinates"":[[[77.78625,23.52685],[77.7869,23.52685],[77.7869,23.5275],[77.78625,23.5275],[77.78625,23.52685]]]}",503.87,23.52685,77.78625,EPSG:4326,Synthetic GIS survey,MATCH,SYNTHETIC DEMO DATA — NOT OFFICIAL GOVERNMENT RECORDS
GIS-1381,P1381,P1381,"{""type"":""Polygon"",""coordinates"":[[[77.78625,23.528],[77.7869,23.528],[77.7869,23.52865],[77.78625,23.52865],[77.78625,23.528]]]}",550.55,23.528,77.78625,EPSG:4326,Synthetic GIS survey,MATCH,SYNTHETIC DEMO DATA — NOT OFFICIAL GOVERNMENT RECORDS
GIS-1382,P1382,P1382,"{""type"":""Polygon"",""coordinates"":[[[77.78625,23.52915],[77.7869,23.52915],[77.7869,23.5298],[77.78625,23.5298],[77.78625,23.52915]]]}",597.66,23.52915,77.78625,EPSG:4326,Synthetic GIS survey,MATCH,SYNTHETIC DEMO DATA — NOT OFFICIAL GOVERNMENT RECORDS
GIS-1383,P1383,P1383,"{""type"":""Polygon"",""coordinates"":[[[77.78625,23.5303],[77.7869,23.5303],[77.7869,23.53095],[77.78625,23.53095],[77.78625,23.5303]]]}",644.3,23.5303,77.78625,EPSG:4326,Synthetic GIS survey,MATCH,SYNTHETIC DEMO DATA — NOT OFFICIAL GOVERNMENT RECORDS
GIS-1384,P1384,P1384,"{""type"":""Polygon"",""coordinates"":[[[77.78625,23.53145],[77.7869,23.53145],[77.7869,23.5321],[77.78625,23.5321],[77.78625,23.53145]]]}",691.9,23.53145,77.78625,EPSG:4326,Synthetic GIS survey,MATCH,SYNTHETIC DEMO DATA — NOT OFFICIAL GOVERNMENT RECORDS
GIS-1385,P1385,P1385,"{""type"":""Polygon"",""coordinates"":[[[77.78625,23.5326],[77.7869,23.5326],[77.7869,23.53325],[77.78625,23.53325],[77.78625,23.5326]]]}",738.44,23.5326,77.78625,EPSG:4326,Synthetic GIS survey,MATCH,SYNTHETIC DEMO DATA — NOT OFFICIAL GOVERNMENT RECORDS
GIS-1386,P1386,P1386,"{""type"":""Polygon"",""coordinates"":[[[77.78625,23.53375],[77.7869,23.53375],[77.7869,23.5344],[77.78625,23.5344],[77.78625,23.53375]]]}",785.59,23.53375,77.78625,EPSG:4326,Synthetic GIS survey,MATCH,SYNTHETIC DEMO DATA — NOT OFFICIAL GOVERNMENT RECORDS
GIS-1387,P1387,P1387,"{""type"":""Polygon"",""coordinates"":[[[77.78625,23.5349],[77.7869,23.5349],[77.7869,23.53555],[77.78625,23.53555],[77.78625,23.5349]]]}",832.37,23.5349,77.78625,EPSG:4326,Synthetic GIS survey,MATCH,SYNTHETIC DEMO DATA — NOT OFFICIAL GOVERNMENT RECORDS
GIS-1388,P1388,P1388,"{""type"":""Polygon"",""coordinates"":[[[77.78625,23.53605],[77.7869,23.53605],[77.7869,23.5367],[77.78625,23.5367],[77.78625,23.53605]]]}",879.52,23.53605,77.78625,EPSG:4326,Synthetic GIS survey,MATCH,SYNTHETIC DEMO DATA — NOT OFFICIAL GOVERNMENT RECORDS
GIS-1389,P1389,P1389,"{""type"":""Polygon"",""coordinates"":[[[77.78625,23.5372],[77.7869,23.5372],[77.7869,23.53785],[77.78625,23.53785],[77.78625,23.5372]]]}",926.25,23.5372,77.78625,EPSG:4326,Synthetic GIS survey,MATCH,SYNTHETIC DEMO DATA — NOT OFFICIAL GOVERNMENT RECORDS
GIS-1390,P1390,P1390,"{""type"":""Polygon"",""coordinates"":[[[77.78625,23.53835],[77.7869,23.53835],[77.7869,23.539],[77.78625,23.539],[77.78625,23.53835]]]}",973.6,23.53835,77.78625,EPSG:4326,Synthetic GIS survey,MATCH,SYNTHETIC DEMO DATA — NOT OFFICIAL GOVERNMENT RECORDS
GIS-1391,P1391,P1391,"{""type"":""Polygon"",""coordinates"":[[[77.78625,23.5395],[77.7869,23.5395],[77.7869,23.54015],[77.78625,23.54015],[77.78625,23.5395]]]}",1020.73,23.5395,77.78625,EPSG:4326,Synthetic GIS survey,MATCH,SYNTHETIC DEMO DATA — NOT OFFICIAL GOVERNMENT RECORDS
GIS-1392,P1392,P1392,"{""type"":""Polygon"",""coordinates"":[[[77.78625,23.54065],[77.7869,23.54065],[77.7869,23.5413],[77.78625,23.5413],[77.78625,23.54065]]]}",1067.12,23.54065,77.78625,EPSG:4326,Synthetic GIS survey,MATCH,SYNTHETIC DEMO DATA — NOT OFFICIAL GOVERNMENT RECORDS
GIS-1393,P1393,P1393,"{""type"":""Polygon"",""coordinates"":[[[77.78625,23.5418],[77.7869,23.5418],[77.7869,23.54245],[77.78625,23.54245],[77.78625,23.5418]]]}",1114.9,23.5418,77.78625,EPSG:4326,Synthetic GIS survey,MATCH,SYNTHETIC DEMO DATA — NOT OFFICIAL GOVERNMENT RECORDS
GIS-1394,P1394,P1394,"{""type"":""Polygon"",""coordinates"":[[[77.78625,23.54295],[77.7869,23.54295],[77.7869,23.5436],[77.78625,23.5436],[77.78625,23.54295]]]}",1161.11,23.54295,77.78625,EPSG:4326,Synthetic GIS survey,MATCH,SYNTHETIC DEMO DATA — NOT OFFICIAL GOVERNMENT RECORDS
GIS-1395,P1395,P1395,"{""type"":""Polygon"",""coordinates"":[[[77.78625,23.5441],[77.7869,23.5441],[77.7869,23.54475],[77.78625,23.54475],[77.78625,23.5441]]]}",1208.96,23.5441,77.78625,EPSG:4326,Synthetic GIS survey,MATCH,SYNTHETIC DEMO DATA — NOT OFFICIAL GOVERNMENT RECORDS
GIS-1396,P1396,P1396,"{""type"":""Polygon"",""coordinates"":[[[77.78625,23.54525],[77.7869,23.54525],[77.7869,23.5459],[77.78625,23.5459],[77.78625,23.54525]]]}",1255.22,23.54525,77.78625,EPSG:4326,Synthetic GIS survey,MATCH,SYNTHETIC DEMO DATA — NOT OFFICIAL GOVERNMENT RECORDS
GIS-1397,P1397,P1397,"{""type"":""Polygon"",""coordinates"":[[[77.78625,23.5464],[77.7869,23.5464],[77.7869,23.54705],[77.78625,23.54705],[77.78625,23.5464]]]}",1302.61,23.5464,77.78625,EPSG:4326,Synthetic GIS survey,MATCH,SYNTHETIC DEMO DATA — NOT OFFICIAL GOVERNMENT RECORDS
GIS-1398,P1398,P1398,"{""type"":""Polygon"",""coordinates"":[[[77.78625,23.54755],[77.7869,23.54755],[77.7869,23.5482],[77.78625,23.5482],[77.78625,23.54755]]]}",1349.54,23.54755,77.78625,EPSG:4326,Synthetic GIS survey,MATCH,SYNTHETIC DEMO DATA — NOT OFFICIAL GOVERNMENT RECORDS
GIS-1399,P1399,P1399,"{""type"":""Polygon"",""coordinates"":[[[77.78625,23.5487],[77.7869,23.5487],[77.7869,23.54935],[77.78625,23.54935],[77.78625,23.5487]]]}",1396.13,23.5487,77.78625,EPSG:4326,Synthetic GIS survey,MATCH,SYNTHETIC DEMO DATA — NOT OFFICIAL GOVERNMENT RECORDS
GIS-1400,P1400,P1400,"{""type"":""Polygon"",""coordinates"":[[[77.78625,23.54985],[77.7869,23.54985],[77.7869,23.5505],[77.78625,23.5505],[77.78625,23.54985]]]}",1443.08,23.54985,77.78625,EPSG:4326,Synthetic GIS survey,MATCH,SYNTHETIC DEMO DATA — NOT OFFICIAL GOVERNMENT RECORDS
GIS-1401,P1401,P1401,"{""type"":""Polygon"",""coordinates"":[[[77.7875,23.505],[77.78815,23.505],[77.78815,23.50565],[77.7875,23.50565],[77.7875,23.505]]]}",1490.99,23.505,77.7875,EPSG:4326,Synthetic GIS survey,MATCH,SYNTHETIC DEMO DATA — NOT OFFICIAL GOVERNMENT RECORDS
GIS-1402,P1402,P1402,"{""type"":""Polygon"",""coordinates"":[[[77.7875,23.50615],[77.78815,23.50615],[77.78815,23.5068],[77.7875,23.5068],[77.7875,23.50615]]]}",1537.55,23.50615,77.7875,EPSG:4326,Synthetic GIS survey,MATCH,SYNTHETIC DEMO DATA — NOT OFFICIAL GOVERNMENT RECORDS
GIS-1403,P1403,P1403,"{""type"":""Polygon"",""coordinates"":[[[77.7875,23.5073],[77.78815,23.5073],[77.78815,23.50795],[77.7875,23.50795],[77.7875,23.5073]]]}",134.09,23.5073,77.7875,EPSG:4326,Synthetic GIS survey,MATCH,SYNTHETIC DEMO DATA — NOT OFFICIAL GOVERNMENT RECORDS
GIS-1404,P1404,P1404,"{""type"":""Polygon"",""coordinates"":[[[77.7875,23.50845],[77.78815,23.50845],[77.78815,23.5091],[77.7875,23.5091],[77.7875,23.50845]]]}",181.54,23.50845,77.7875,EPSG:4326,Synthetic GIS survey,MATCH,SYNTHETIC DEMO DATA — NOT OFFICIAL GOVERNMENT RECORDS
GIS-1405,P1405,P1405,"{""type"":""Polygon"",""coordinates"":[[[77.7875,23.5096],[77.78815,23.5096],[77.78815,23.51025],[77.7875,23.51025],[77.7875,23.5096]]]}",228.62,23.5096,77.7875,EPSG:4326,Synthetic GIS survey,MATCH,SYNTHETIC DEMO DATA — NOT OFFICIAL GOVERNMENT RECORDS
GIS-1406,P1406,P1406,"{""type"":""Polygon"",""coordinates"":[[[77.7875,23.51075],[77.78815,23.51075],[77.78815,23.5114],[77.7875,23.5114],[77.7875,23.51075]]]}",275.39,23.51075,77.7875,EPSG:4326,Synthetic GIS survey,MATCH,SYNTHETIC DEMO DATA — NOT OFFICIAL GOVERNMENT RECORDS
GIS-1407,P1407,P1407,"{""type"":""Polygon"",""coordinates"":[[[77.7875,23.5119],[77.78815,23.5119],[77.78815,23.51255],[77.7875,23.51255],[77.7875,23.5119]]]}",322.28,23.5119,77.7875,EPSG:4326,Synthetic GIS survey,MATCH,SYNTHETIC DEMO DATA — NOT OFFICIAL GOVERNMENT RECORDS
GIS-1408,P1408,P1408,"{""type"":""Polygon"",""coordinates"":[[[77.7875,23.51305],[77.78815,23.51305],[77.78815,23.5137],[77.7875,23.5137],[77.7875,23.51305]]]}",369.73,23.51305,77.7875,EPSG:4326,Synthetic GIS survey,MATCH,SYNTHETIC DEMO DATA — NOT OFFICIAL GOVERNMENT RECORDS
GIS-1409,P1409,P1409,"{""type"":""Polygon"",""coordinates"":[[[77.7875,23.5142],[77.78815,23.5142],[77.78815,23.51485],[77.7875,23.51485],[77.7875,23.5142]]]}",416.77,23.5142,77.7875,EPSG:4326,Synthetic GIS survey,MATCH,SYNTHETIC DEMO DATA — NOT OFFICIAL GOVERNMENT RECORDS
GIS-1410,P1410,P1410,"{""type"":""Polygon"",""coordinates"":[[[77.7875,23.51535],[77.78815,23.51535],[77.78815,23.516],[77.7875,23.516],[77.7875,23.51535]]]}",463.27,23.51535,77.7875,EPSG:4326,Synthetic GIS survey,MATCH,SYNTHETIC DEMO DATA — NOT OFFICIAL GOVERNMENT RECORDS
GIS-1411,P1411,P1411,"{""type"":""Polygon"",""coordinates"":[[[77.7875,23.5165],[77.78815,23.5165],[77.78815,23.51715],[77.7875,23.51715],[77.7875,23.5165]]]}",510.76,23.5165,77.7875,EPSG:4326,Synthetic GIS survey,MATCH,SYNTHETIC DEMO DATA — NOT OFFICIAL GOVERNMENT RECORDS
GIS-1412,P1412,P1412,"{""type"":""Polygon"",""coordinates"":[[[77.7875,23.51765],[77.78815,23.51765],[77.78815,23.5183],[77.7875,23.5183],[77.7875,23.51765]]]}",557.61,23.51765,77.7875,EPSG:4326,Synthetic GIS survey,MATCH,SYNTHETIC DEMO DATA — NOT OFFICIAL GOVERNMENT RECORDS
GIS-1413,P1413,P1413,"{""type"":""Polygon"",""coordinates"":[[[77.7875,23.5188],[77.78815,23.5188],[77.78815,23.51945],[77.7875,23.51945],[77.7875,23.5188]]]}",604.71,23.5188,77.7875,EPSG:4326,Synthetic GIS survey,MATCH,SYNTHETIC DEMO DATA — NOT OFFICIAL GOVERNMENT RECORDS
GIS-1414,P1414,P1414,"{""type"":""Polygon"",""coordinates"":[[[77.7875,23.51995],[77.78815,23.51995],[77.78815,23.5206],[77.7875,23.5206],[77.7875,23.51995]]]}",651.93,23.51995,77.7875,EPSG:4326,Synthetic GIS survey,MATCH,SYNTHETIC DEMO DATA — NOT OFFICIAL GOVERNMENT RECORDS
GIS-1415,P1415,P1415,"{""type"":""Polygon"",""coordinates"":[[[77.7875,23.5211],[77.78815,23.5211],[77.78815,23.52175],[77.7875,23.52175],[77.7875,23.5211]]]}",698.73,23.5211,77.7875,EPSG:4326,Synthetic GIS survey,MATCH,SYNTHETIC DEMO DATA — NOT OFFICIAL GOVERNMENT RECORDS
GIS-1416,P1416,P1416,"{""type"":""Polygon"",""coordinates"":[[[77.7875,23.52225],[77.78815,23.52225],[77.78815,23.5229],[77.7875,23.5229],[77.7875,23.52225]]]}",745.32,23.52225,77.7875,EPSG:4326,Synthetic GIS survey,MATCH,SYNTHETIC DEMO DATA — NOT OFFICIAL GOVERNMENT RECORDS
GIS-1417,P1417,P1417,"{""type"":""Polygon"",""coordinates"":[[[77.7875,23.5234],[77.78815,23.5234],[77.78815,23.52405],[77.7875,23.52405],[77.7875,23.5234]]]}",792.62,23.5234,77.7875,EPSG:4326,Synthetic GIS survey,MATCH,SYNTHETIC DEMO DATA — NOT OFFICIAL GOVERNMENT RECORDS
GIS-1418,P1418,P1418,"{""type"":""Polygon"",""coordinates"":[[[77.7875,23.52455],[77.78815,23.52455],[77.78815,23.5252],[77.7875,23.5252],[77.7875,23.52455]]]}",839.3,23.52455,77.7875,EPSG:4326,Synthetic GIS survey,MATCH,SYNTHETIC DEMO DATA — NOT OFFICIAL GOVERNMENT RECORDS
GIS-1419,P1419,P1419,"{""type"":""Polygon"",""coordinates"":[[[77.7875,23.5257],[77.78815,23.5257],[77.78815,23.52635],[77.7875,23.52635],[77.7875,23.5257]]]}",886.42,23.5257,77.7875,EPSG:4326,Synthetic GIS survey,MATCH,SYNTHETIC DEMO DATA — NOT OFFICIAL GOVERNMENT RECORDS
GIS-1420,P1420,P1420,"{""type"":""Polygon"",""coordinates"":[[[77.7875,23.52685],[77.78815,23.52685],[77.78815,23.5275],[77.7875,23.5275],[77.7875,23.52685]]]}",933.0,23.52685,77.7875,EPSG:4326,Synthetic GIS survey,MATCH,SYNTHETIC DEMO DATA — NOT OFFICIAL GOVERNMENT RECORDS
GIS-1421,P1421,P1421,"{""type"":""Polygon"",""coordinates"":[[[77.7875,23.528],[77.78815,23.528],[77.78815,23.52865],[77.7875,23.52865],[77.7875,23.528]]]}",980.47,23.528,77.7875,EPSG:4326,Synthetic GIS survey,MATCH,SYNTHETIC DEMO DATA — NOT OFFICIAL GOVERNMENT RECORDS
GIS-1422,P1422,P1422,"{""type"":""Polygon"",""coordinates"":[[[77.7875,23.52915],[77.78815,23.52915],[77.78815,23.5298],[77.7875,23.5298],[77.7875,23.52915]]]}",1027.9,23.52915,77.7875,EPSG:4326,Synthetic GIS survey,MATCH,SYNTHETIC DEMO DATA — NOT OFFICIAL GOVERNMENT RECORDS
GIS-1423,P1423,P1423,"{""type"":""Polygon"",""coordinates"":[[[77.7875,23.5303],[77.78815,23.5303],[77.78815,23.53095],[77.7875,23.53095],[77.7875,23.5303]]]}",1074.78,23.5303,77.7875,EPSG:4326,Synthetic GIS survey,MATCH,SYNTHETIC DEMO DATA — NOT OFFICIAL GOVERNMENT RECORDS
GIS-1424,P1424,P1424,"{""type"":""Polygon"",""coordinates"":[[[77.7875,23.53145],[77.78815,23.53145],[77.78815,23.5321],[77.7875,23.5321],[77.7875,23.53145]]]}",1121.34,23.53145,77.7875,EPSG:4326,Synthetic GIS survey,MATCH,SYNTHETIC DEMO DATA — NOT OFFICIAL GOVERNMENT RECORDS
GIS-1425,P1425,P1425,"{""type"":""Polygon"",""coordinates"":[[[77.7875,23.5326],[77.78815,23.5326],[77.78815,23.53325],[77.7875,23.53325],[77.7875,23.5326]]]}",1168.84,23.5326,77.7875,EPSG:4326,Synthetic GIS survey,MATCH,SYNTHETIC DEMO DATA — NOT OFFICIAL GOVERNMENT RECORDS
GIS-1426,P1426,P1426,"{""type"":""Polygon"",""coordinates"":[[[77.7875,23.53375],[77.78815,23.53375],[77.78815,23.5344],[77.7875,23.5344],[77.7875,23.53375]]]}",1215.91,23.53375,77.7875,EPSG:4326,Synthetic GIS survey,MATCH,SYNTHETIC DEMO DATA — NOT OFFICIAL GOVERNMENT RECORDS
GIS-1427,P1427,P1427,"{""type"":""Polygon"",""coordinates"":[[[77.7875,23.5349],[77.78815,23.5349],[77.78815,23.53555],[77.7875,23.53555],[77.7875,23.5349]]]}",1262.52,23.5349,77.7875,EPSG:4326,Synthetic GIS survey,MATCH,SYNTHETIC DEMO DATA — NOT OFFICIAL GOVERNMENT RECORDS
GIS-1428,P1428,P1428,"{""type"":""Polygon"",""coordinates"":[[[77.7875,23.53605],[77.78815,23.53605],[77.78815,23.5367],[77.7875,23.5367],[77.7875,23.53605]]]}",1309.68,23.53605,77.7875,EPSG:4326,Synthetic GIS survey,MATCH,SYNTHETIC DEMO DATA — NOT OFFICIAL GOVERNMENT RECORDS
GIS-1429,P1429,P1429,"{""type"":""Polygon"",""coordinates"":[[[77.7875,23.5372],[77.78815,23.5372],[77.78815,23.53785],[77.7875,23.53785],[77.7875,23.5372]]]}",1356.38,23.5372,77.7875,EPSG:4326,Synthetic GIS survey,MATCH,SYNTHETIC DEMO DATA — NOT OFFICIAL GOVERNMENT RECORDS
GIS-1430,P1430,P1430,"{""type"":""Polygon"",""coordinates"":[[[77.7875,23.53835],[77.78815,23.53835],[77.78815,23.539],[77.7875,23.539],[77.7875,23.53835]]]}",1403.93,23.53835,77.7875,EPSG:4326,Synthetic GIS survey,MATCH,SYNTHETIC DEMO DATA — NOT OFFICIAL GOVERNMENT RECORDS
GIS-1431,P1431,P1431,"{""type"":""Polygon"",""coordinates"":[[[77.7875,23.5395],[77.78815,23.5395],[77.78815,23.54015],[77.7875,23.54015],[77.7875,23.5395]]]}",1450.35,23.5395,77.7875,EPSG:4326,Synthetic GIS survey,MATCH,SYNTHETIC DEMO DATA — NOT OFFICIAL GOVERNMENT RECORDS
GIS-1432,P1432,P1432,"{""type"":""Polygon"",""coordinates"":[[[77.7875,23.54065],[77.78815,23.54065],[77.78815,23.5413],[77.7875,23.5413],[77.7875,23.54065]]]}",1497.61,23.54065,77.7875,EPSG:4326,Synthetic GIS survey,MATCH,SYNTHETIC DEMO DATA — NOT OFFICIAL GOVERNMENT RECORDS
GIS-1433,P1433,P1433,"{""type"":""Polygon"",""coordinates"":[[[77.7875,23.5418],[77.78815,23.5418],[77.78815,23.54245],[77.7875,23.54245],[77.7875,23.5418]]]}",94.61,23.5418,77.7875,EPSG:4326,Synthetic GIS survey,MATCH,SYNTHETIC DEMO DATA — NOT OFFICIAL GOVERNMENT RECORDS
GIS-1434,P1434,P1434,"{""type"":""Polygon"",""coordinates"":[[[77.7875,23.54295],[77.78815,23.54295],[77.78815,23.5436],[77.7875,23.5436],[77.7875,23.54295]]]}",141.68,23.54295,77.7875,EPSG:4326,Synthetic GIS survey,MATCH,SYNTHETIC DEMO DATA — NOT OFFICIAL GOVERNMENT RECORDS
GIS-1435,P1435,P1435,"{""type"":""Polygon"",""coordinates"":[[[77.7875,23.5441],[77.78815,23.5441],[77.78815,23.54475],[77.7875,23.54475],[77.7875,23.5441]]]}",188.69,23.5441,77.7875,EPSG:4326,Synthetic GIS survey,MATCH,SYNTHETIC DEMO DATA — NOT OFFICIAL GOVERNMENT RECORDS
GIS-1436,P1436,P1436,"{""type"":""Polygon"",""coordinates"":[[[77.7875,23.54525],[77.78815,23.54525],[77.78815,23.5459],[77.7875,23.5459],[77.7875,23.54525]]]}",235.38,23.54525,77.7875,EPSG:4326,Synthetic GIS survey,MATCH,SYNTHETIC DEMO DATA — NOT OFFICIAL GOVERNMENT RECORDS
GIS-1437,P1437,P1437,"{""type"":""Polygon"",""coordinates"":[[[77.7875,23.5464],[77.78815,23.5464],[77.78815,23.54705],[77.7875,23.54705],[77.7875,23.5464]]]}",282.62,23.5464,77.7875,EPSG:4326,Synthetic GIS survey,MATCH,SYNTHETIC DEMO DATA — NOT OFFICIAL GOVERNMENT RECORDS
GIS-1438,P1438,P1438,"{""type"":""Polygon"",""coordinates"":[[[77.7875,23.54755],[77.78815,23.54755],[77.78815,23.5482],[77.7875,23.5482],[77.7875,23.54755]]]}",329.93,23.54755,77.7875,EPSG:4326,Synthetic GIS survey,MATCH,SYNTHETIC DEMO DATA — NOT OFFICIAL GOVERNMENT RECORDS
GIS-1439,P1439,P1439,"{""type"":""Polygon"",""coordinates"":[[[77.7875,23.5487],[77.78815,23.5487],[77.78815,23.54935],[77.7875,23.54935],[77.7875,23.5487]]]}",376.97,23.5487,77.7875,EPSG:4326,Synthetic GIS survey,MATCH,SYNTHETIC DEMO DATA — NOT OFFICIAL GOVERNMENT RECORDS
GIS-1440,P1440,P1440,"{""type"":""Polygon"",""coordinates"":[[[77.7875,23.54985],[77.78815,23.54985],[77.78815,23.5505],[77.7875,23.5505],[77.7875,23.54985]]]}",423.48,23.54985,77.7875,EPSG:4326,Synthetic GIS survey,MATCH,SYNTHETIC DEMO DATA — NOT OFFICIAL GOVERNMENT RECORDS
GIS-1441,P1441,P1441,"{""type"":""Polygon"",""coordinates"":[[[77.78875,23.505],[77.7894,23.505],[77.7894,23.50565],[77.78875,23.50565],[77.78875,23.505]]]}",470.13,23.505,77.78875,EPSG:4326,Synthetic GIS survey,MATCH,SYNTHETIC DEMO DATA — NOT OFFICIAL GOVERNMENT RECORDS
GIS-1442,P1442,P1442,"{""type"":""Polygon"",""coordinates"":[[[77.78875,23.50615],[77.7894,23.50615],[77.7894,23.5068],[77.78875,23.5068],[77.78875,23.50615]]]}",517.12,23.50615,77.78875,EPSG:4326,Synthetic GIS survey,MATCH,SYNTHETIC DEMO DATA — NOT OFFICIAL GOVERNMENT RECORDS
GIS-1443,P1443,P1443,"{""type"":""Polygon"",""coordinates"":[[[77.78875,23.5073],[77.7894,23.5073],[77.7894,23.50795],[77.78875,23.50795],[77.78875,23.5073]]]}",564.47,23.5073,77.78875,EPSG:4326,Synthetic GIS survey,MATCH,SYNTHETIC DEMO DATA — NOT OFFICIAL GOVERNMENT RECORDS
GIS-1444,P1444,P1444,"{""type"":""Polygon"",""coordinates"":[[[77.78875,23.50845],[77.7894,23.50845],[77.7894,23.5091],[77.78875,23.5091],[77.78875,23.50845]]]}",611.55,23.50845,77.78875,EPSG:4326,Synthetic GIS survey,MATCH,SYNTHETIC DEMO DATA — NOT OFFICIAL GOVERNMENT RECORDS
GIS-1445,P1445,P1445,"{""type"":""Polygon"",""coordinates"":[[[77.78875,23.5096],[77.7894,23.5096],[77.7894,23.51025],[77.78875,23.51025],[77.78875,23.5096]]]}",658.98,23.5096,77.78875,EPSG:4326,Synthetic GIS survey,MATCH,SYNTHETIC DEMO DATA — NOT OFFICIAL GOVERNMENT RECORDS
GIS-1446,P1446,P1446,"{""type"":""Polygon"",""coordinates"":[[[77.78875,23.51075],[77.7894,23.51075],[77.7894,23.5114],[77.78875,23.5114],[77.78875,23.51075]]]}",705.55,23.51075,77.78875,EPSG:4326,Synthetic GIS survey,MATCH,SYNTHETIC DEMO DATA — NOT OFFICIAL GOVERNMENT RECORDS
GIS-1447,P1447,P1447,"{""type"":""Polygon"",""coordinates"":[[[77.78875,23.5119],[77.7894,23.5119],[77.7894,23.51255],[77.78875,23.51255],[77.78875,23.5119]]]}",752.91,23.5119,77.78875,EPSG:4326,Synthetic GIS survey,MATCH,SYNTHETIC DEMO DATA — NOT OFFICIAL GOVERNMENT RECORDS
GIS-1448,P1448,P1448,"{""type"":""Polygon"",""coordinates"":[[[77.78875,23.51305],[77.7894,23.51305],[77.7894,23.5137],[77.78875,23.5137],[77.78875,23.51305]]]}",799.83,23.51305,77.78875,EPSG:4326,Synthetic GIS survey,MATCH,SYNTHETIC DEMO DATA — NOT OFFICIAL GOVERNMENT RECORDS
GIS-1449,P1449,P1449,"{""type"":""Polygon"",""coordinates"":[[[77.78875,23.5142],[77.7894,23.5142],[77.7894,23.51485],[77.78875,23.51485],[77.78875,23.5142]]]}",846.11,23.5142,77.78875,EPSG:4326,Synthetic GIS survey,MATCH,SYNTHETIC DEMO DATA — NOT OFFICIAL GOVERNMENT RECORDS
GIS-1450,P1450,P1450,"{""type"":""Polygon"",""coordinates"":[[[77.78875,23.51535],[77.7894,23.51535],[77.7894,23.516],[77.78875,23.516],[77.78875,23.51535]]]}",893.4,23.51535,77.78875,EPSG:4326,Synthetic GIS survey,MATCH,SYNTHETIC DEMO DATA — NOT OFFICIAL GOVERNMENT RECORDS
GIS-1451,P1451,P1451,"{""type"":""Polygon"",""coordinates"":[[[77.78875,23.5165],[77.7894,23.5165],[77.7894,23.51715],[77.78875,23.51715],[77.78875,23.5165]]]}",940.17,23.5165,77.78875,EPSG:4326,Synthetic GIS survey,MATCH,SYNTHETIC DEMO DATA — NOT OFFICIAL GOVERNMENT RECORDS
GIS-1452,P1452,P1452,"{""type"":""Polygon"",""coordinates"":[[[77.78875,23.51765],[77.7894,23.51765],[77.7894,23.5183],[77.78875,23.5183],[77.78875,23.51765]]]}",987.48,23.51765,77.78875,EPSG:4326,Synthetic GIS survey,MATCH,SYNTHETIC DEMO DATA — NOT OFFICIAL GOVERNMENT RECORDS
GIS-1453,P1453,P1453,"{""type"":""Polygon"",""coordinates"":[[[77.78875,23.5188],[77.7894,23.5188],[77.7894,23.51945],[77.78875,23.51945],[77.78875,23.5188]]]}",1034.68,23.5188,77.78875,EPSG:4326,Synthetic GIS survey,MATCH,SYNTHETIC DEMO DATA — NOT OFFICIAL GOVERNMENT RECORDS
GIS-1454,P1454,P1454,"{""type"":""Polygon"",""coordinates"":[[[77.78875,23.51995],[77.7894,23.51995],[77.7894,23.5206],[77.78875,23.5206],[77.78875,23.51995]]]}",1081.17,23.51995,77.78875,EPSG:4326,Synthetic GIS survey,MATCH,SYNTHETIC DEMO DATA — NOT OFFICIAL GOVERNMENT RECORDS
GIS-1455,P1455,P1455,"{""type"":""Polygon"",""coordinates"":[[[77.78875,23.5211],[77.7894,23.5211],[77.7894,23.52175],[77.78875,23.52175],[77.78875,23.5211]]]}",1128.88,23.5211,77.78875,EPSG:4326,Synthetic GIS survey,MATCH,SYNTHETIC DEMO DATA — NOT OFFICIAL GOVERNMENT RECORDS
GIS-1456,P1456,P1456,"{""type"":""Polygon"",""coordinates"":[[[77.78875,23.52225],[77.7894,23.52225],[77.7894,23.5229],[77.78875,23.5229],[77.78875,23.52225]]]}",1175.57,23.52225,77.78875,EPSG:4326,Synthetic GIS survey,MATCH,SYNTHETIC DEMO DATA — NOT OFFICIAL GOVERNMENT RECORDS
GIS-1457,P1457,P1457,"{""type"":""Polygon"",""coordinates"":[[[77.78875,23.5234],[77.7894,23.5234],[77.7894,23.52405],[77.78875,23.52405],[77.78875,23.5234]]]}",1222.61,23.5234,77.78875,EPSG:4326,Synthetic GIS survey,MATCH,SYNTHETIC DEMO DATA — NOT OFFICIAL GOVERNMENT RECORDS
GIS-1458,P1458,P1458,"{""type"":""Polygon"",""coordinates"":[[[77.78875,23.52455],[77.7894,23.52455],[77.7894,23.5252],[77.78875,23.5252],[77.78875,23.52455]]]}",1269.45,23.52455,77.78875,EPSG:4326,Synthetic GIS survey,MATCH,SYNTHETIC DEMO DATA — NOT OFFICIAL GOVERNMENT RECORDS
GIS-1459,P1459,P1459,"{""type"":""Polygon"",""coordinates"":[[[77.78875,23.5257],[77.7894,23.5257],[77.7894,23.52635],[77.78875,23.52635],[77.78875,23.5257]]]}",1316.1,23.5257,77.78875,EPSG:4326,Synthetic GIS survey,MATCH,SYNTHETIC DEMO DATA — NOT OFFICIAL GOVERNMENT RECORDS
GIS-1460,P1460,P1460,"{""type"":""Polygon"",""coordinates"":[[[77.78875,23.52685],[77.7894,23.52685],[77.7894,23.5275],[77.78875,23.5275],[77.78875,23.52685]]]}",1363.47,23.52685,77.78875,EPSG:4326,Synthetic GIS survey,MATCH,SYNTHETIC DEMO DATA — NOT OFFICIAL GOVERNMENT RECORDS
GIS-1461,P1461,P1461,"{""type"":""Polygon"",""coordinates"":[[[77.78875,23.528],[77.7894,23.528],[77.7894,23.52865],[77.78875,23.52865],[77.78875,23.528]]]}",1410.83,23.528,77.78875,EPSG:4326,Synthetic GIS survey,MATCH,SYNTHETIC DEMO DATA — NOT OFFICIAL GOVERNMENT RECORDS
GIS-1462,P1462,P1462,"{""type"":""Polygon"",""coordinates"":[[[77.78875,23.52915],[77.7894,23.52915],[77.7894,23.5298],[77.78875,23.5298],[77.78875,23.52915]]]}",1457.24,23.52915,77.78875,EPSG:4326,Synthetic GIS survey,MATCH,SYNTHETIC DEMO DATA — NOT OFFICIAL GOVERNMENT RECORDS
GIS-1463,P1463,P1463,"{""type"":""Polygon"",""coordinates"":[[[77.78875,23.5303],[77.7894,23.5303],[77.7894,23.53095],[77.78875,23.53095],[77.78875,23.5303]]]}",1504.58,23.5303,77.78875,EPSG:4326,Synthetic GIS survey,MATCH,SYNTHETIC DEMO DATA — NOT OFFICIAL GOVERNMENT RECORDS
GIS-1464,P1464,P1464,"{""type"":""Polygon"",""coordinates"":[[[77.78875,23.53145],[77.7894,23.53145],[77.7894,23.5321],[77.78875,23.5321],[77.78875,23.53145]]]}",101.15,23.53145,77.78875,EPSG:4326,Synthetic GIS survey,MATCH,SYNTHETIC DEMO DATA — NOT OFFICIAL GOVERNMENT RECORDS
GIS-1465,P1465,P1465,"{""type"":""Polygon"",""coordinates"":[[[77.78875,23.5326],[77.7894,23.5326],[77.7894,23.53325],[77.78875,23.53325],[77.78875,23.5326]]]}",148.83,23.5326,77.78875,EPSG:4326,Synthetic GIS survey,MATCH,SYNTHETIC DEMO DATA — NOT OFFICIAL GOVERNMENT RECORDS
GIS-1466,P1466,P1466,"{""type"":""Polygon"",""coordinates"":[[[77.78875,23.53375],[77.7894,23.53375],[77.7894,23.5344],[77.78875,23.5344],[77.78875,23.53375]]]}",195.53,23.53375,77.78875,EPSG:4326,Synthetic GIS survey,MATCH,SYNTHETIC DEMO DATA — NOT OFFICIAL GOVERNMENT RECORDS
GIS-1467,P1467,P1467,"{""type"":""Polygon"",""coordinates"":[[[77.78875,23.5349],[77.7894,23.5349],[77.7894,23.53555],[77.78875,23.53555],[77.78875,23.5349]]]}",242.16,23.5349,77.78875,EPSG:4326,Synthetic GIS survey,MATCH,SYNTHETIC DEMO DATA — NOT OFFICIAL GOVERNMENT RECORDS
GIS-1468,P1468,P1468,"{""type"":""Polygon"",""coordinates"":[[[77.78875,23.53605],[77.7894,23.53605],[77.7894,23.5367],[77.78875,23.5367],[77.78875,23.53605]]]}",289.56,23.53605,77.78875,EPSG:4326,Synthetic GIS survey,MATCH,SYNTHETIC DEMO DATA — NOT OFFICIAL GOVERNMENT RECORDS
GIS-1469,P1469,P1469,"{""type"":""Polygon"",""coordinates"":[[[77.78875,23.5372],[77.7894,23.5372],[77.7894,23.53785],[77.78875,23.53785],[77.78875,23.5372]]]}",336.62,23.5372,77.78875,EPSG:4326,Synthetic GIS survey,MATCH,SYNTHETIC DEMO DATA — NOT OFFICIAL GOVERNMENT RECORDS
GIS-1470,P1470,P1470,"{""type"":""Polygon"",""coordinates"":[[[77.78875,23.53835],[77.7894,23.53835],[77.7894,23.539],[77.78875,23.539],[77.78875,23.53835]]]}",383.83,23.53835,77.78875,EPSG:4326,Synthetic GIS survey,MATCH,SYNTHETIC DEMO DATA — NOT OFFICIAL GOVERNMENT RECORDS
GIS-1471,P1471,P1471,"{""type"":""Polygon"",""coordinates"":[[[77.78875,23.5395],[77.7894,23.5395],[77.7894,23.54015],[77.78875,23.54015],[77.78875,23.5395]]]}",430.36,23.5395,77.78875,EPSG:4326,Synthetic GIS survey,MATCH,SYNTHETIC DEMO DATA — NOT OFFICIAL GOVERNMENT RECORDS
GIS-1472,P1472,P1472,"{""type"":""Polygon"",""coordinates"":[[[77.78875,23.54065],[77.7894,23.54065],[77.7894,23.5413],[77.78875,23.5413],[77.78875,23.54065]]]}",477.48,23.54065,77.78875,EPSG:4326,Synthetic GIS survey,MATCH,SYNTHETIC DEMO DATA — NOT OFFICIAL GOVERNMENT RECORDS
GIS-1473,P1473,P1473,"{""type"":""Polygon"",""coordinates"":[[[77.78875,23.5418],[77.7894,23.5418],[77.7894,23.54245],[77.78875,23.54245],[77.78875,23.5418]]]}",524.14,23.5418,77.78875,EPSG:4326,Synthetic GIS survey,MATCH,SYNTHETIC DEMO DATA — NOT OFFICIAL GOVERNMENT RECORDS
GIS-1474,P1474,P1474,"{""type"":""Polygon"",""coordinates"":[[[77.78875,23.54295],[77.7894,23.54295],[77.7894,23.5436],[77.78875,23.5436],[77.78875,23.54295]]]}",571.68,23.54295,77.78875,EPSG:4326,Synthetic GIS survey,MATCH,SYNTHETIC DEMO DATA — NOT OFFICIAL GOVERNMENT RECORDS
GIS-1475,P1475,P1475,"{""type"":""Polygon"",""coordinates"":[[[77.78875,23.5441],[77.7894,23.5441],[77.7894,23.54475],[77.78875,23.54475],[77.78875,23.5441]]]}",618.16,23.5441,77.78875,EPSG:4326,Synthetic GIS survey,MATCH,SYNTHETIC DEMO DATA — NOT OFFICIAL GOVERNMENT RECORDS
GIS-1476,P1476,P1476,"{""type"":""Polygon"",""coordinates"":[[[77.78875,23.54525],[77.7894,23.54525],[77.7894,23.5459],[77.78875,23.5459],[77.78875,23.54525]]]}",665.0,23.54525,77.78875,EPSG:4326,Synthetic GIS survey,MATCH,SYNTHETIC DEMO DATA — NOT OFFICIAL GOVERNMENT RECORDS
GIS-1477,P1477,P1477,"{""type"":""Polygon"",""coordinates"":[[[77.78875,23.5464],[77.7894,23.5464],[77.7894,23.54705],[77.78875,23.54705],[77.78875,23.5464]]]}",712.42,23.5464,77.78875,EPSG:4326,Synthetic GIS survey,MATCH,SYNTHETIC DEMO DATA — NOT OFFICIAL GOVERNMENT RECORDS
GIS-1478,P1478,P1478,"{""type"":""Polygon"",""coordinates"":[[[77.78875,23.54755],[77.7894,23.54755],[77.7894,23.5482],[77.78875,23.5482],[77.78875,23.54755]]]}",759.7,23.54755,77.78875,EPSG:4326,Synthetic GIS survey,MATCH,SYNTHETIC DEMO DATA — NOT OFFICIAL GOVERNMENT RECORDS
GIS-1479,P1479,P1479,"{""type"":""Polygon"",""coordinates"":[[[77.78875,23.5487],[77.7894,23.5487],[77.7894,23.54935],[77.78875,23.54935],[77.78875,23.5487]]]}",806.85,23.5487,77.78875,EPSG:4326,Synthetic GIS survey,MATCH,SYNTHETIC DEMO DATA — NOT OFFICIAL GOVERNMENT RECORDS
GIS-1480,P1480,P1480,"{""type"":""Polygon"",""coordinates"":[[[77.78875,23.54985],[77.7894,23.54985],[77.7894,23.5505],[77.78875,23.5505],[77.78875,23.54985]]]}",853.76,23.54985,77.78875,EPSG:4326,Synthetic GIS survey,MATCH,SYNTHETIC DEMO DATA — NOT OFFICIAL GOVERNMENT RECORDS
GIS-1481,P1481,P1481,"{""type"":""Polygon"",""coordinates"":[[[77.79,23.505],[77.79065,23.505],[77.79065,23.50565],[77.79,23.50565],[77.79,23.505]]]}",900.29,23.505,77.79,EPSG:4326,Synthetic GIS survey,MATCH,SYNTHETIC DEMO DATA — NOT OFFICIAL GOVERNMENT RECORDS
GIS-1482,P1482,P1482,"{""type"":""Polygon"",""coordinates"":[[[77.79,23.50615],[77.79065,23.50615],[77.79065,23.5068],[77.79,23.5068],[77.79,23.50615]]]}",947.27,23.50615,77.79,EPSG:4326,Synthetic GIS survey,MATCH,SYNTHETIC DEMO DATA — NOT OFFICIAL GOVERNMENT RECORDS
GIS-1483,P1483,P1483,"{""type"":""Polygon"",""coordinates"":[[[77.79,23.5073],[77.79065,23.5073],[77.79065,23.50795],[77.79,23.50795],[77.79,23.5073]]]}",994.48,23.5073,77.79,EPSG:4326,Synthetic GIS survey,MATCH,SYNTHETIC DEMO DATA — NOT OFFICIAL GOVERNMENT RECORDS
GIS-1484,P1484,P1484,"{""type"":""Polygon"",""coordinates"":[[[77.79,23.50845],[77.79065,23.50845],[77.79065,23.5091],[77.79,23.5091],[77.79,23.50845]]]}",1041.65,23.50845,77.79,EPSG:4326,Synthetic GIS survey,MATCH,SYNTHETIC DEMO DATA — NOT OFFICIAL GOVERNMENT RECORDS
GIS-1485,P1485,P1485,"{""type"":""Polygon"",""coordinates"":[[[77.79,23.5096],[77.79065,23.5096],[77.79065,23.51025],[77.79,23.51025],[77.79,23.5096]]]}",1088.16,23.5096,77.79,EPSG:4326,Synthetic GIS survey,MATCH,SYNTHETIC DEMO DATA — NOT OFFICIAL GOVERNMENT RECORDS
GIS-1486,P1486,P1486,"{""type"":""Polygon"",""coordinates"":[[[77.79,23.51075],[77.79065,23.51075],[77.79065,23.5114],[77.79,23.5114],[77.79,23.51075]]]}",1135.79,23.51075,77.79,EPSG:4326,Synthetic GIS survey,MATCH,SYNTHETIC DEMO DATA — NOT OFFICIAL GOVERNMENT RECORDS
GIS-1487,P1487,P1487,"{""type"":""Polygon"",""coordinates"":[[[77.79,23.5119],[77.79065,23.5119],[77.79065,23.51255],[77.79,23.51255],[77.79,23.5119]]]}",1182.34,23.5119,77.79,EPSG:4326,Synthetic GIS survey,MATCH,SYNTHETIC DEMO DATA — NOT OFFICIAL GOVERNMENT RECORDS
GIS-1488,P1488,P1488,"{""type"":""Polygon"",""coordinates"":[[[77.79,23.51305],[77.79065,23.51305],[77.79065,23.5137],[77.79,23.5137],[77.79,23.51305]]]}",1229.34,23.51305,77.79,EPSG:4326,Synthetic GIS survey,MATCH,SYNTHETIC DEMO DATA — NOT OFFICIAL GOVERNMENT RECORDS
GIS-1489,P1489,P1489,"{""type"":""Polygon"",""coordinates"":[[[77.79,23.5142],[77.79065,23.5142],[77.79065,23.51485],[77.79,23.51485],[77.79,23.5142]]]}",1276.21,23.5142,77.79,EPSG:4326,Synthetic GIS survey,MATCH,SYNTHETIC DEMO DATA — NOT OFFICIAL GOVERNMENT RECORDS
GIS-1490,P1490,P1490,"{""type"":""Polygon"",""coordinates"":[[[77.79,23.51535],[77.79065,23.51535],[77.79065,23.516],[77.79,23.516],[77.79,23.51535]]]}",1323.15,23.51535,77.79,EPSG:4326,Synthetic GIS survey,MATCH,SYNTHETIC DEMO DATA — NOT OFFICIAL GOVERNMENT RECORDS
GIS-1491,P1491,P1491,"{""type"":""Polygon"",""coordinates"":[[[77.79,23.5165],[77.79065,23.5165],[77.79065,23.51715],[77.79,23.51715],[77.79,23.5165]]]}",1370.04,23.5165,77.79,EPSG:4326,Synthetic GIS survey,MATCH,SYNTHETIC DEMO DATA — NOT OFFICIAL GOVERNMENT RECORDS
GIS-1492,P1492,P1492,"{""type"":""Polygon"",""coordinates"":[[[77.79,23.51765],[77.79065,23.51765],[77.79065,23.5183],[77.79,23.5183],[77.79,23.51765]]]}",1417.77,23.51765,77.79,EPSG:4326,Synthetic GIS survey,MATCH,SYNTHETIC DEMO DATA — NOT OFFICIAL GOVERNMENT RECORDS
GIS-1493,P1493,P1493,"{""type"":""Polygon"",""coordinates"":[[[77.79,23.5188],[77.79065,23.5188],[77.79065,23.51945],[77.79,23.51945],[77.79,23.5188]]]}",1464.88,23.5188,77.79,EPSG:4326,Synthetic GIS survey,MATCH,SYNTHETIC DEMO DATA — NOT OFFICIAL GOVERNMENT RECORDS
GIS-1494,P1494,P1494,"{""type"":""Polygon"",""coordinates"":[[[77.79,23.51995],[77.79065,23.51995],[77.79065,23.5206],[77.79,23.5206],[77.79,23.51995]]]}",1511.32,23.51995,77.79,EPSG:4326,Synthetic GIS survey,MATCH,SYNTHETIC DEMO DATA — NOT OFFICIAL GOVERNMENT RECORDS
GIS-1495,P1495,P1495,"{""type"":""Polygon"",""coordinates"":[[[77.79,23.5211],[77.79065,23.5211],[77.79065,23.52175],[77.79,23.52175],[77.79,23.5211]]]}",108.67,23.5211,77.79,EPSG:4326,Synthetic GIS survey,MATCH,SYNTHETIC DEMO DATA — NOT OFFICIAL GOVERNMENT RECORDS
GIS-1496,P1496,P1496,"{""type"":""Polygon"",""coordinates"":[[[77.79,23.52225],[77.79065,23.52225],[77.79065,23.5229],[77.79,23.5229],[77.79,23.52225]]]}",155.15,23.52225,77.79,EPSG:4326,Synthetic GIS survey,MATCH,SYNTHETIC DEMO DATA — NOT OFFICIAL GOVERNMENT RECORDS
GIS-1497,P1497,P1497,"{""type"":""Polygon"",""coordinates"":[[[77.79,23.5234],[77.79065,23.5234],[77.79065,23.52405],[77.79,23.52405],[77.79,23.5234]]]}",202.99,23.5234,77.79,EPSG:4326,Synthetic GIS survey,MATCH,SYNTHETIC DEMO DATA — NOT OFFICIAL GOVERNMENT RECORDS
GIS-1498,P1498,P1498,"{""type"":""Polygon"",""coordinates"":[[[77.79,23.52455],[77.79065,23.52455],[77.79065,23.5252],[77.79,23.5252],[77.79,23.52455]]]}",249.92,23.52455,77.79,EPSG:4326,Synthetic GIS survey,MATCH,SYNTHETIC DEMO DATA — NOT OFFICIAL GOVERNMENT RECORDS
GIS-1499,P1499,P1499,"{""type"":""Polygon"",""coordinates"":[[[77.79,23.5257],[77.79065,23.5257],[77.79065,23.52635],[77.79,23.52635],[77.79,23.5257]]]}",297.0,23.5257,77.79,EPSG:4326,Synthetic GIS survey,MATCH,SYNTHETIC DEMO DATA — NOT OFFICIAL GOVERNMENT RECORDS
GIS-1500,P1500,P1500,"{""type"":""Polygon"",""coordinates"":[[[77.79,23.52685],[77.79065,23.52685],[77.79065,23.5275],[77.79,23.5275],[77.79,23.52685]]]}",343.21,23.52685,77.79,EPSG:4326,Synthetic GIS survey,MATCH,SYNTHETIC DEMO DATA — NOT OFFICIAL GOVERNMENT RECORDS
GIS-1501,P1501,P1501,"{""type"":""Polygon"",""coordinates"":[[[77.79,23.528],[77.79065,23.528],[77.79065,23.52865],[77.79,23.52865],[77.79,23.528]]]}",390.56,23.528,77.79,EPSG:4326,Synthetic GIS survey,MATCH,SYNTHETIC DEMO DATA — NOT OFFICIAL GOVERNMENT RECORDS
GIS-1502,P1502,P1502,"{""type"":""Polygon"",""coordinates"":[[[77.79,23.52915],[77.79065,23.52915],[77.79065,23.5298],[77.79,23.5298],[77.79,23.52915]]]}",437.74,23.52915,77.79,EPSG:4326,Synthetic GIS survey,MATCH,SYNTHETIC DEMO DATA — NOT OFFICIAL GOVERNMENT RECORDS
GIS-1503,P1503,P1503,"{""type"":""Polygon"",""coordinates"":[[[77.79,23.5303],[77.79065,23.5303],[77.79065,23.53095],[77.79,23.53095],[77.79,23.5303]]]}",484.5,23.5303,77.79,EPSG:4326,Synthetic GIS survey,MATCH,SYNTHETIC DEMO DATA — NOT OFFICIAL GOVERNMENT RECORDS
GIS-1504,P1504,P1504,"{""type"":""Polygon"",""coordinates"":[[[77.79,23.53145],[77.79065,23.53145],[77.79065,23.5321],[77.79,23.5321],[77.79,23.53145]]]}",531.82,23.53145,77.79,EPSG:4326,Synthetic GIS survey,MATCH,SYNTHETIC DEMO DATA — NOT OFFICIAL GOVERNMENT RECORDS
GIS-1505,P1505,P1505,"{""type"":""Polygon"",""coordinates"":[[[77.79,23.5326],[77.79065,23.5326],[77.79065,23.53325],[77.79,23.53325],[77.79,23.5326]]]}",578.59,23.5326,77.79,EPSG:4326,Synthetic GIS survey,MATCH,SYNTHETIC DEMO DATA — NOT OFFICIAL GOVERNMENT RECORDS
GIS-1506,P1506,P1506,"{""type"":""Polygon"",""coordinates"":[[[77.79,23.53375],[77.79065,23.53375],[77.79065,23.5344],[77.79,23.5344],[77.79,23.53375]]]}",625.41,23.53375,77.79,EPSG:4326,Synthetic GIS survey,MATCH,SYNTHETIC DEMO DATA — NOT OFFICIAL GOVERNMENT RECORDS
GIS-1507,P1507,P1507,"{""type"":""Polygon"",""coordinates"":[[[77.79,23.5349],[77.79065,23.5349],[77.79065,23.53555],[77.79,23.53555],[77.79,23.5349]]]}",672.5,23.5349,77.79,EPSG:4326,Synthetic GIS survey,MATCH,SYNTHETIC DEMO DATA — NOT OFFICIAL GOVERNMENT RECORDS
GIS-1508,P1508,P1508,"{""type"":""Polygon"",""coordinates"":[[[77.79,23.53605],[77.79065,23.53605],[77.79065,23.5367],[77.79,23.5367],[77.79,23.53605]]]}",719.73,23.53605,77.79,EPSG:4326,Synthetic GIS survey,MATCH,SYNTHETIC DEMO DATA — NOT OFFICIAL GOVERNMENT RECORDS
GIS-1509,P1509,P1509,"{""type"":""Polygon"",""coordinates"":[[[77.79,23.5372],[77.79065,23.5372],[77.79065,23.53785],[77.79,23.53785],[77.79,23.5372]]]}",766.53,23.5372,77.79,EPSG:4326,Synthetic GIS survey,MATCH,SYNTHETIC DEMO DATA — NOT OFFICIAL GOVERNMENT RECORDS
GIS-1510,P1510,P1510,"{""type"":""Polygon"",""coordinates"":[[[77.79,23.53835],[77.79065,23.53835],[77.79065,23.539],[77.79,23.539],[77.79,23.53835]]]}",813.22,23.53835,77.79,EPSG:4326,Synthetic GIS survey,MATCH,SYNTHETIC DEMO DATA — NOT OFFICIAL GOVERNMENT RECORDS
GIS-1511,P1511,P1511,"{""type"":""Polygon"",""coordinates"":[[[77.79,23.5395],[77.79065,23.5395],[77.79065,23.54015],[77.79,23.54015],[77.79,23.5395]]]}",860.37,23.5395,77.79,EPSG:4326,Synthetic GIS survey,MATCH,SYNTHETIC DEMO DATA — NOT OFFICIAL GOVERNMENT RECORDS
GIS-1512,P1512,P1512,"{""type"":""Polygon"",""coordinates"":[[[77.79,23.54065],[77.79065,23.54065],[77.79065,23.5413],[77.79,23.5413],[77.79,23.54065]]]}",907.89,23.54065,77.79,EPSG:4326,Synthetic GIS survey,MATCH,SYNTHETIC DEMO DATA — NOT OFFICIAL GOVERNMENT RECORDS
GIS-1513,P1513,P1513,"{""type"":""Polygon"",""coordinates"":[[[77.79,23.5418],[77.79065,23.5418],[77.79065,23.54245],[77.79,23.54245],[77.79,23.5418]]]}",954.36,23.5418,77.79,EPSG:4326,Synthetic GIS survey,MATCH,SYNTHETIC DEMO DATA — NOT OFFICIAL GOVERNMENT RECORDS
GIS-1514,P1514,P1514,"{""type"":""Polygon"",""coordinates"":[[[77.79,23.54295],[77.79065,23.54295],[77.79065,23.5436],[77.79,23.5436],[77.79,23.54295]]]}",1001.13,23.54295,77.79,EPSG:4326,Synthetic GIS survey,MATCH,SYNTHETIC DEMO DATA — NOT OFFICIAL GOVERNMENT RECORDS
GIS-1515,P1515,P1515,"{""type"":""Polygon"",""coordinates"":[[[77.79,23.5441],[77.79065,23.5441],[77.79065,23.54475],[77.79,23.54475],[77.79,23.5441]]]}",1048.7,23.5441,77.79,EPSG:4326,Synthetic GIS survey,MATCH,SYNTHETIC DEMO DATA — NOT OFFICIAL GOVERNMENT RECORDS
GIS-1516,P1516,P1516,"{""type"":""Polygon"",""coordinates"":[[[77.79,23.54525],[77.79065,23.54525],[77.79065,23.5459],[77.79,23.5459],[77.79,23.54525]]]}",1095.73,23.54525,77.79,EPSG:4326,Synthetic GIS survey,MATCH,SYNTHETIC DEMO DATA — NOT OFFICIAL GOVERNMENT RECORDS
GIS-1517,P1517,P1517,"{""type"":""Polygon"",""coordinates"":[[[77.79,23.5464],[77.79065,23.5464],[77.79065,23.54705],[77.79,23.54705],[77.79,23.5464]]]}",1142.3,23.5464,77.79,EPSG:4326,Synthetic GIS survey,MATCH,SYNTHETIC DEMO DATA — NOT OFFICIAL GOVERNMENT RECORDS
GIS-1518,P1518,P1518,"{""type"":""Polygon"",""coordinates"":[[[77.79,23.54755],[77.79065,23.54755],[77.79065,23.5482],[77.79,23.5482],[77.79,23.54755]]]}",1189.07,23.54755,77.79,EPSG:4326,Synthetic GIS survey,MATCH,SYNTHETIC DEMO DATA — NOT OFFICIAL GOVERNMENT RECORDS
GIS-1519,P1519,P1519,"{""type"":""Polygon"",""coordinates"":[[[77.79,23.5487],[77.79065,23.5487],[77.79065,23.54935],[77.79,23.54935],[77.79,23.5487]]]}",1236.86,23.5487,77.79,EPSG:4326,Synthetic GIS survey,MATCH,SYNTHETIC DEMO DATA — NOT OFFICIAL GOVERNMENT RECORDS
GIS-1520,P1520,P1520,"{""type"":""Polygon"",""coordinates"":[[[77.79,23.54985],[77.79065,23.54985],[77.79065,23.5505],[77.79,23.5505],[77.79,23.54985]]]}",1283.83,23.54985,77.79,EPSG:4326,Synthetic GIS survey,MATCH,SYNTHETIC DEMO DATA — NOT OFFICIAL GOVERNMENT RECORDS
GIS-1521,P1521,P1521,"{""type"":""Polygon"",""coordinates"":[[[77.79125,23.505],[77.7919,23.505],[77.7919,23.50565],[77.79125,23.50565],[77.79125,23.505]]]}",1330.9,23.505,77.79125,EPSG:4326,Synthetic GIS survey,MATCH,SYNTHETIC DEMO DATA — NOT OFFICIAL GOVERNMENT RECORDS
GIS-1522,P1522,P1522,"{""type"":""Polygon"",""coordinates"":[[[77.79125,23.50615],[77.7919,23.50615],[77.7919,23.5068],[77.79125,23.5068],[77.79125,23.50615]]]}",1377.14,23.50615,77.79125,EPSG:4326,Synthetic GIS survey,MATCH,SYNTHETIC DEMO DATA — NOT OFFICIAL GOVERNMENT RECORDS
GIS-1523,P1523,P1523,"{""type"":""Polygon"",""coordinates"":[[[77.79125,23.5073],[77.7919,23.5073],[77.7919,23.50795],[77.79125,23.50795],[77.79125,23.5073]]]}",1424.92,23.5073,77.79125,EPSG:4326,Synthetic GIS survey,MATCH,SYNTHETIC DEMO DATA — NOT OFFICIAL GOVERNMENT RECORDS
GIS-1524,P1524,P1524,"{""type"":""Polygon"",""coordinates"":[[[77.79125,23.50845],[77.7919,23.50845],[77.7919,23.5091],[77.79125,23.5091],[77.79125,23.50845]]]}",1471.35,23.50845,77.79125,EPSG:4326,Synthetic GIS survey,MATCH,SYNTHETIC DEMO DATA — NOT OFFICIAL GOVERNMENT RECORDS
GIS-1525,P1525,P1525,"{""type"":""Polygon"",""coordinates"":[[[77.79125,23.5096],[77.7919,23.5096],[77.7919,23.51025],[77.79125,23.51025],[77.79125,23.5096]]]}",1518.11,23.5096,77.79125,EPSG:4326,Synthetic GIS survey,MATCH,SYNTHETIC DEMO DATA — NOT OFFICIAL GOVERNMENT RECORDS
GIS-1526,P1526,P1526,"{""type"":""Polygon"",""coordinates"":[[[77.79125,23.51075],[77.7919,23.51075],[77.7919,23.5114],[77.79125,23.5114],[77.79125,23.51075]]]}",115.7,23.51075,77.79125,EPSG:4326,Synthetic GIS survey,MATCH,SYNTHETIC DEMO DATA — NOT OFFICIAL GOVERNMENT RECORDS
GIS-1527,P1527,P1527,"{""type"":""Polygon"",""coordinates"":[[[77.79125,23.5119],[77.7919,23.5119],[77.7919,23.51255],[77.79125,23.51255],[77.79125,23.5119]]]}",162.54,23.5119,77.79125,EPSG:4326,Synthetic GIS survey,MATCH,SYNTHETIC DEMO DATA — NOT OFFICIAL GOVERNMENT RECORDS
GIS-1528,P1528,P1528,"{""type"":""Polygon"",""coordinates"":[[[77.79125,23.51305],[77.7919,23.51305],[77.7919,23.5137],[77.79125,23.5137],[77.79125,23.51305]]]}",209.08,23.51305,77.79125,EPSG:4326,Synthetic GIS survey,MATCH,SYNTHETIC DEMO DATA — NOT OFFICIAL GOVERNMENT RECORDS
GIS-1529,P1529,P1529,"{""type"":""Polygon"",""coordinates"":[[[77.79125,23.5142],[77.7919,23.5142],[77.7919,23.51485],[77.79125,23.51485],[77.79125,23.5142]]]}",256.49,23.5142,77.79125,EPSG:4326,Synthetic GIS survey,MATCH,SYNTHETIC DEMO DATA — NOT OFFICIAL GOVERNMENT RECORDS
GIS-1530,P1530,P1530,"{""type"":""Polygon"",""coordinates"":[[[77.79125,23.51535],[77.7919,23.51535],[77.7919,23.516],[77.79125,23.516],[77.79125,23.51535]]]}",303.35,23.51535,77.79125,EPSG:4326,Synthetic GIS survey,MATCH,SYNTHETIC DEMO DATA — NOT OFFICIAL GOVERNMENT RECORDS
GIS-1531,P1531,P1531,"{""type"":""Polygon"",""coordinates"":[[[77.79125,23.5165],[77.7919,23.5165],[77.7919,23.51715],[77.79125,23.51715],[77.79125,23.5165]]]}",350.53,23.5165,77.79125,EPSG:4326,Synthetic GIS survey,MATCH,SYNTHETIC DEMO DATA — NOT OFFICIAL GOVERNMENT RECORDS
GIS-1532,P1532,P1532,"{""type"":""Polygon"",""coordinates"":[[[77.79125,23.51765],[77.7919,23.51765],[77.7919,23.5183],[77.79125,23.5183],[77.79125,23.51765]]]}",397.17,23.51765,77.79125,EPSG:4326,Synthetic GIS survey,MATCH,SYNTHETIC DEMO DATA — NOT OFFICIAL GOVERNMENT RECORDS
GIS-1533,P1533,P1533,"{""type"":""Polygon"",""coordinates"":[[[77.79125,23.5188],[77.7919,23.5188],[77.7919,23.51945],[77.79125,23.51945],[77.79125,23.5188]]]}",444.14,23.5188,77.79125,EPSG:4326,Synthetic GIS survey,MATCH,SYNTHETIC DEMO DATA — NOT OFFICIAL GOVERNMENT RECORDS
GIS-1534,P1534,P1534,"{""type"":""Polygon"",""coordinates"":[[[77.79125,23.51995],[77.7919,23.51995],[77.7919,23.5206],[77.79125,23.5206],[77.79125,23.51995]]]}",491.43,23.51995,77.79125,EPSG:4326,Synthetic GIS survey,MATCH,SYNTHETIC DEMO DATA — NOT OFFICIAL GOVERNMENT RECORDS
GIS-1535,P1535,P1535,"{""type"":""Polygon"",""coordinates"":[[[77.79125,23.5211],[77.7919,23.5211],[77.7919,23.52175],[77.79125,23.52175],[77.79125,23.5211]]]}",538.07,23.5211,77.79125,EPSG:4326,Synthetic GIS survey,MATCH,SYNTHETIC DEMO DATA — NOT OFFICIAL GOVERNMENT RECORDS
GIS-1536,P1536,P1536,"{""type"":""Polygon"",""coordinates"":[[[77.79125,23.52225],[77.7919,23.52225],[77.7919,23.5229],[77.79125,23.5229],[77.79125,23.52225]]]}",585.06,23.52225,77.79125,EPSG:4326,Synthetic GIS survey,MATCH,SYNTHETIC DEMO DATA — NOT OFFICIAL GOVERNMENT RECORDS
GIS-1537,P1537,P1537,"{""type"":""Polygon"",""coordinates"":[[[77.79125,23.5234],[77.7919,23.5234],[77.7919,23.52405],[77.79125,23.52405],[77.79125,23.5234]]]}",632.43,23.5234,77.79125,EPSG:4326,Synthetic GIS survey,MATCH,SYNTHETIC DEMO DATA — NOT OFFICIAL GOVERNMENT RECORDS
GIS-1538,P1538,P1538,"{""type"":""Polygon"",""coordinates"":[[[77.79125,23.52455],[77.7919,23.52455],[77.7919,23.5252],[77.79125,23.5252],[77.79125,23.52455]]]}",679.64,23.52455,77.79125,EPSG:4326,Synthetic GIS survey,MATCH,SYNTHETIC DEMO DATA — NOT OFFICIAL GOVERNMENT RECORDS
GIS-1539,P1539,P1539,"{""type"":""Polygon"",""coordinates"":[[[77.79125,23.5257],[77.7919,23.5257],[77.7919,23.52635],[77.79125,23.52635],[77.79125,23.5257]]]}",726.51,23.5257,77.79125,EPSG:4326,Synthetic GIS survey,MATCH,SYNTHETIC DEMO DATA — NOT OFFICIAL GOVERNMENT RECORDS
GIS-1540,P1540,P1540,"{""type"":""Polygon"",""coordinates"":[[[77.79125,23.52685],[77.7919,23.52685],[77.7919,23.5275],[77.79125,23.5275],[77.79125,23.52685]]]}",773.71,23.52685,77.79125,EPSG:4326,Synthetic GIS survey,MATCH,SYNTHETIC DEMO DATA — NOT OFFICIAL GOVERNMENT RECORDS
GIS-1541,P1541,P1541,"{""type"":""Polygon"",""coordinates"":[[[77.79125,23.528],[77.7919,23.528],[77.7919,23.52865],[77.79125,23.52865],[77.79125,23.528]]]}",820.28,23.528,77.79125,EPSG:4326,Synthetic GIS survey,MATCH,SYNTHETIC DEMO DATA — NOT OFFICIAL GOVERNMENT RECORDS
GIS-1542,P1542,P1542,"{""type"":""Polygon"",""coordinates"":[[[77.79125,23.52915],[77.7919,23.52915],[77.7919,23.5298],[77.79125,23.5298],[77.79125,23.52915]]]}",867.66,23.52915,77.79125,EPSG:4326,Synthetic GIS survey,MATCH,SYNTHETIC DEMO DATA — NOT OFFICIAL GOVERNMENT RECORDS
GIS-1543,P1543,P1543,"{""type"":""Polygon"",""coordinates"":[[[77.79125,23.5303],[77.7919,23.5303],[77.7919,23.53095],[77.79125,23.53095],[77.79125,23.5303]]]}",914.45,23.5303,77.79125,EPSG:4326,Synthetic GIS survey,MATCH,SYNTHETIC DEMO DATA — NOT OFFICIAL GOVERNMENT RECORDS
GIS-1544,P1544,P1544,"{""type"":""Polygon"",""coordinates"":[[[77.79125,23.53145],[77.7919,23.53145],[77.7919,23.5321],[77.79125,23.5321],[77.79125,23.53145]]]}",961.49,23.53145,77.79125,EPSG:4326,Synthetic GIS survey,MATCH,SYNTHETIC DEMO DATA — NOT OFFICIAL GOVERNMENT RECORDS
GIS-1545,P1545,P1545,"{""type"":""Polygon"",""coordinates"":[[[77.79125,23.5326],[77.7919,23.5326],[77.7919,23.53325],[77.79125,23.53325],[77.79125,23.5326]]]}",1008.57,23.5326,77.79125,EPSG:4326,Synthetic GIS survey,MATCH,SYNTHETIC DEMO DATA — NOT OFFICIAL GOVERNMENT RECORDS
GIS-1546,P1546,P1546,"{""type"":""Polygon"",""coordinates"":[[[77.79125,23.53375],[77.7919,23.53375],[77.7919,23.5344],[77.79125,23.5344],[77.79125,23.53375]]]}",1055.61,23.53375,77.79125,EPSG:4326,Synthetic GIS survey,MATCH,SYNTHETIC DEMO DATA — NOT OFFICIAL GOVERNMENT RECORDS
GIS-1547,P1547,P1547,"{""type"":""Polygon"",""coordinates"":[[[77.79125,23.5349],[77.7919,23.5349],[77.7919,23.53555],[77.79125,23.53555],[77.79125,23.5349]]]}",1102.66,23.5349,77.79125,EPSG:4326,Synthetic GIS survey,MATCH,SYNTHETIC DEMO DATA — NOT OFFICIAL GOVERNMENT RECORDS
GIS-1548,P1548,P1548,"{""type"":""Polygon"",""coordinates"":[[[77.79125,23.53605],[77.7919,23.53605],[77.7919,23.5367],[77.79125,23.5367],[77.79125,23.53605]]]}",1149.42,23.53605,77.79125,EPSG:4326,Synthetic GIS survey,MATCH,SYNTHETIC DEMO DATA — NOT OFFICIAL GOVERNMENT RECORDS
GIS-1549,P1549,P1549,"{""type"":""Polygon"",""coordinates"":[[[77.79125,23.5372],[77.7919,23.5372],[77.7919,23.53785],[77.79125,23.53785],[77.79125,23.5372]]]}",1196.2,23.5372,77.79125,EPSG:4326,Synthetic GIS survey,MATCH,SYNTHETIC DEMO DATA — NOT OFFICIAL GOVERNMENT RECORDS
GIS-1550,P1550,P1550,"{""type"":""Polygon"",""coordinates"":[[[77.79125,23.53835],[77.7919,23.53835],[77.7919,23.539],[77.79125,23.539],[77.79125,23.53835]]]}",1243.31,23.53835,77.79125,EPSG:4326,Synthetic GIS survey,MATCH,SYNTHETIC DEMO DATA — NOT OFFICIAL GOVERNMENT RECORDS
GIS-1551,P1551,P1551,"{""type"":""Polygon"",""coordinates"":[[[77.79125,23.5395],[77.7919,23.5395],[77.7919,23.54015],[77.79125,23.54015],[77.79125,23.5395]]]}",1290.6,23.5395,77.79125,EPSG:4326,Synthetic GIS survey,MATCH,SYNTHETIC DEMO DATA — NOT OFFICIAL GOVERNMENT RECORDS
GIS-1552,P1552,P1552,"{""type"":""Polygon"",""coordinates"":[[[77.79125,23.54065],[77.7919,23.54065],[77.7919,23.5413],[77.79125,23.5413],[77.79125,23.54065]]]}",1337.6,23.54065,77.79125,EPSG:4326,Synthetic GIS survey,MATCH,SYNTHETIC DEMO DATA — NOT OFFICIAL GOVERNMENT RECORDS
GIS-1553,P1553,P1553,"{""type"":""Polygon"",""coordinates"":[[[77.79125,23.5418],[77.7919,23.5418],[77.7919,23.54245],[77.79125,23.54245],[77.79125,23.5418]]]}",1384.65,23.5418,77.79125,EPSG:4326,Synthetic GIS survey,MATCH,SYNTHETIC DEMO DATA — NOT OFFICIAL GOVERNMENT RECORDS
GIS-1554,P1554,P1554,"{""type"":""Polygon"",""coordinates"":[[[77.79125,23.54295],[77.7919,23.54295],[77.7919,23.5436],[77.79125,23.5436],[77.79125,23.54295]]]}",1431.93,23.54295,77.79125,EPSG:4326,Synthetic GIS survey,MATCH,SYNTHETIC DEMO DATA — NOT OFFICIAL GOVERNMENT RECORDS
GIS-1555,P1555,P1555,"{""type"":""Polygon"",""coordinates"":[[[77.79125,23.5441],[77.7919,23.5441],[77.7919,23.54475],[77.79125,23.54475],[77.79125,23.5441]]]}",1478.99,23.5441,77.79125,EPSG:4326,Synthetic GIS survey,MATCH,SYNTHETIC DEMO DATA — NOT OFFICIAL GOVERNMENT RECORDS
GIS-1556,P1556,P1556,"{""type"":""Polygon"",""coordinates"":[[[77.79125,23.54525],[77.7919,23.54525],[77.7919,23.5459],[77.79125,23.5459],[77.79125,23.54525]]]}",1525.51,23.54525,77.79125,EPSG:4326,Synthetic GIS survey,MATCH,SYNTHETIC DEMO DATA — NOT OFFICIAL GOVERNMENT RECORDS
GIS-1557,P1557,P1557,"{""type"":""Polygon"",""coordinates"":[[[77.79125,23.5464],[77.7919,23.5464],[77.7919,23.54705],[77.79125,23.54705],[77.79125,23.5464]]]}",122.57,23.5464,77.79125,EPSG:4326,Synthetic GIS survey,MATCH,SYNTHETIC DEMO DATA — NOT OFFICIAL GOVERNMENT RECORDS
GIS-1558,P1558,P1558,"{""type"":""Polygon"",""coordinates"":[[[77.79125,23.54755],[77.7919,23.54755],[77.7919,23.5482],[77.79125,23.5482],[77.79125,23.54755]]]}",169.77,23.54755,77.79125,EPSG:4326,Synthetic GIS survey,MATCH,SYNTHETIC DEMO DATA — NOT OFFICIAL GOVERNMENT RECORDS
GIS-1559,P1559,P1559,"{""type"":""Polygon"",""coordinates"":[[[77.79125,23.5487],[77.7919,23.5487],[77.7919,23.54935],[77.79125,23.54935],[77.79125,23.5487]]]}",216.69,23.5487,77.79125,EPSG:4326,Synthetic GIS survey,MATCH,SYNTHETIC DEMO DATA — NOT OFFICIAL GOVERNMENT RECORDS
GIS-1560,P1560,P1560,"{""type"":""Polygon"",""coordinates"":[[[77.79125,23.54985],[77.7919,23.54985],[77.7919,23.5505],[77.79125,23.5505],[77.79125,23.54985]]]}",263.05,23.54985,77.79125,EPSG:4326,Synthetic GIS survey,MATCH,SYNTHETIC DEMO DATA — NOT OFFICIAL GOVERNMENT RECORDS
GIS-1561,P1561,P1561,"{""type"":""Polygon"",""coordinates"":[[[77.7925,23.505],[77.79315,23.505],[77.79315,23.50565],[77.7925,23.50565],[77.7925,23.505]]]}",310.14,23.505,77.7925,EPSG:4326,Synthetic GIS survey,MATCH,SYNTHETIC DEMO DATA — NOT OFFICIAL GOVERNMENT RECORDS
GIS-1562,P1562,P1562,"{""type"":""Polygon"",""coordinates"":[[[77.7925,23.50615],[77.79315,23.50615],[77.79315,23.5068],[77.7925,23.5068],[77.7925,23.50615]]]}",357.39,23.50615,77.7925,EPSG:4326,Synthetic GIS survey,MATCH,SYNTHETIC DEMO DATA — NOT OFFICIAL GOVERNMENT RECORDS
GIS-1563,P1563,P1563,"{""type"":""Polygon"",""coordinates"":[[[77.7925,23.5073],[77.79315,23.5073],[77.79315,23.50795],[77.7925,23.50795],[77.7925,23.5073]]]}",404.35,23.5073,77.7925,EPSG:4326,Synthetic GIS survey,MATCH,SYNTHETIC DEMO DATA — NOT OFFICIAL GOVERNMENT RECORDS
GIS-1564,P1564,P1564,"{""type"":""Polygon"",""coordinates"":[[[77.7925,23.50845],[77.79315,23.50845],[77.79315,23.5091],[77.7925,23.5091],[77.7925,23.50845]]]}",451.48,23.50845,77.7925,EPSG:4326,Synthetic GIS survey,MATCH,SYNTHETIC DEMO DATA — NOT OFFICIAL GOVERNMENT RECORDS
GIS-1565,P1565,P1565,"{""type"":""Polygon"",""coordinates"":[[[77.7925,23.5096],[77.79315,23.5096],[77.79315,23.51025],[77.7925,23.51025],[77.7925,23.5096]]]}",498.76,23.5096,77.7925,EPSG:4326,Synthetic GIS survey,MATCH,SYNTHETIC DEMO DATA — NOT OFFICIAL GOVERNMENT RECORDS
GIS-1566,P1566,P1566,"{""type"":""Polygon"",""coordinates"":[[[77.7925,23.51075],[77.79315,23.51075],[77.79315,23.5114],[77.7925,23.5114],[77.7925,23.51075]]]}",545.04,23.51075,77.7925,EPSG:4326,Synthetic GIS survey,MATCH,SYNTHETIC DEMO DATA — NOT OFFICIAL GOVERNMENT RECORDS
GIS-1567,P1567,P1567,"{""type"":""Polygon"",""coordinates"":[[[77.7925,23.5119],[77.79315,23.5119],[77.79315,23.51255],[77.7925,23.51255],[77.7925,23.5119]]]}",592.3,23.5119,77.7925,EPSG:4326,Synthetic GIS survey,MATCH,SYNTHETIC DEMO DATA — NOT OFFICIAL GOVERNMENT RECORDS
GIS-1568,P1568,P1568,"{""type"":""Polygon"",""coordinates"":[[[77.7925,23.51305],[77.79315,23.51305],[77.79315,23.5137],[77.7925,23.5137],[77.7925,23.51305]]]}",639.95,23.51305,77.7925,EPSG:4326,Synthetic GIS survey,MATCH,SYNTHETIC DEMO DATA — NOT OFFICIAL GOVERNMENT RECORDS
GIS-1569,P1569,P1569,"{""type"":""Polygon"",""coordinates"":[[[77.7925,23.5142],[77.79315,23.5142],[77.79315,23.51485],[77.7925,23.51485],[77.7925,23.5142]]]}",686.77,23.5142,77.7925,EPSG:4326,Synthetic GIS survey,MATCH,SYNTHETIC DEMO DATA — NOT OFFICIAL GOVERNMENT RECORDS
GIS-1570,P1570,P1570,"{""type"":""Polygon"",""coordinates"":[[[77.7925,23.51535],[77.79315,23.51535],[77.79315,23.516],[77.7925,23.516],[77.7925,23.51535]]]}",733.68,23.51535,77.7925,EPSG:4326,Synthetic GIS survey,MATCH,SYNTHETIC DEMO DATA — NOT OFFICIAL GOVERNMENT RECORDS
GIS-1571,P1571,P1571,"{""type"":""Polygon"",""coordinates"":[[[77.7925,23.5165],[77.79315,23.5165],[77.79315,23.51715],[77.7925,23.51715],[77.7925,23.5165]]]}",780.71,23.5165,77.7925,EPSG:4326,Synthetic GIS survey,MATCH,SYNTHETIC DEMO DATA — NOT OFFICIAL GOVERNMENT RECORDS
GIS-1572,P1572,P1572,"{""type"":""Polygon"",""coordinates"":[[[77.7925,23.51765],[77.79315,23.51765],[77.79315,23.5183],[77.7925,23.5183],[77.7925,23.51765]]]}",827.24,23.51765,77.7925,EPSG:4326,Synthetic GIS survey,MATCH,SYNTHETIC DEMO DATA — NOT OFFICIAL GOVERNMENT RECORDS
GIS-1573,P1573,P1573,"{""type"":""Polygon"",""coordinates"":[[[77.7925,23.5188],[77.79315,23.5188],[77.79315,23.51945],[77.7925,23.51945],[77.7925,23.5188]]]}",874.48,23.5188,77.7925,EPSG:4326,Synthetic GIS survey,MATCH,SYNTHETIC DEMO DATA — NOT OFFICIAL GOVERNMENT RECORDS
GIS-1574,P1574,P1574,"{""type"":""Polygon"",""coordinates"":[[[77.7925,23.51995],[77.79315,23.51995],[77.79315,23.5206],[77.7925,23.5206],[77.7925,23.51995]]]}",921.21,23.51995,77.7925,EPSG:4326,Synthetic GIS survey,MATCH,SYNTHETIC DEMO DATA — NOT OFFICIAL GOVERNMENT RECORDS
GIS-1575,P1575,P1575,"{""type"":""Polygon"",""coordinates"":[[[77.7925,23.5211],[77.79315,23.5211],[77.79315,23.52175],[77.7925,23.52175],[77.7925,23.5211]]]}",968.41,23.5211,77.7925,EPSG:4326,Synthetic GIS survey,MATCH,SYNTHETIC DEMO DATA — NOT OFFICIAL GOVERNMENT RECORDS
GIS-1576,P1576,P1576,"{""type"":""Polygon"",""coordinates"":[[[77.7925,23.52225],[77.79315,23.52225],[77.79315,23.5229],[77.7925,23.5229],[77.7925,23.52225]]]}",1015.61,23.52225,77.7925,EPSG:4326,Synthetic GIS survey,MATCH,SYNTHETIC DEMO DATA — NOT OFFICIAL GOVERNMENT RECORDS
GIS-1577,P1577,P1577,"{""type"":""Polygon"",""coordinates"":[[[77.7925,23.5234],[77.79315,23.5234],[77.79315,23.52405],[77.7925,23.52405],[77.7925,23.5234]]]}",1062.84,23.5234,77.7925,EPSG:4326,Synthetic GIS survey,MATCH,SYNTHETIC DEMO DATA — NOT OFFICIAL GOVERNMENT RECORDS
GIS-1578,P1578,P1578,"{""type"":""Polygon"",""coordinates"":[[[77.7925,23.52455],[77.79315,23.52455],[77.79315,23.5252],[77.7925,23.5252],[77.7925,23.52455]]]}",1109.08,23.52455,77.7925,EPSG:4326,Synthetic GIS survey,MATCH,SYNTHETIC DEMO DATA — NOT OFFICIAL GOVERNMENT RECORDS
GIS-1579,P1579,P1579,"{""type"":""Polygon"",""coordinates"":[[[77.7925,23.5257],[77.79315,23.5257],[77.79315,23.52635],[77.7925,23.52635],[77.7925,23.5257]]]}",1156.44,23.5257,77.7925,EPSG:4326,Synthetic GIS survey,MATCH,SYNTHETIC DEMO DATA — NOT OFFICIAL GOVERNMENT RECORDS
GIS-1580,P1580,P1580,"{""type"":""Polygon"",""coordinates"":[[[77.7925,23.52685],[77.79315,23.52685],[77.79315,23.5275],[77.7925,23.5275],[77.7925,23.52685]]]}",1203.64,23.52685,77.7925,EPSG:4326,Synthetic GIS survey,MATCH,SYNTHETIC DEMO DATA — NOT OFFICIAL GOVERNMENT RECORDS
GIS-1581,P1581,P1581,"{""type"":""Polygon"",""coordinates"":[[[77.7925,23.528],[77.79315,23.528],[77.79315,23.52865],[77.7925,23.52865],[77.7925,23.528]]]}",1250.36,23.528,77.7925,EPSG:4326,Synthetic GIS survey,MATCH,SYNTHETIC DEMO DATA — NOT OFFICIAL GOVERNMENT RECORDS
GIS-1582,P1582,P1582,"{""type"":""Polygon"",""coordinates"":[[[77.7925,23.52915],[77.79315,23.52915],[77.79315,23.5298],[77.7925,23.5298],[77.7925,23.52915]]]}",1297.68,23.52915,77.7925,EPSG:4326,Synthetic GIS survey,MATCH,SYNTHETIC DEMO DATA — NOT OFFICIAL GOVERNMENT RECORDS
GIS-1583,P1583,P1583,"{""type"":""Polygon"",""coordinates"":[[[77.7925,23.5303],[77.79315,23.5303],[77.79315,23.53095],[77.7925,23.53095],[77.7925,23.5303]]]}",1344.96,23.5303,77.7925,EPSG:4326,Synthetic GIS survey,MATCH,SYNTHETIC DEMO DATA — NOT OFFICIAL GOVERNMENT RECORDS
GIS-1584,P1584,P1584,"{""type"":""Polygon"",""coordinates"":[[[77.7925,23.53145],[77.79315,23.53145],[77.79315,23.5321],[77.7925,23.5321],[77.7925,23.53145]]]}",1391.47,23.53145,77.7925,EPSG:4326,Synthetic GIS survey,MATCH,SYNTHETIC DEMO DATA — NOT OFFICIAL GOVERNMENT RECORDS
GIS-1585,P1585,P1585,"{""type"":""Polygon"",""coordinates"":[[[77.7925,23.5326],[77.79315,23.5326],[77.79315,23.53325],[77.7925,23.53325],[77.7925,23.5326]]]}",1438.46,23.5326,77.7925,EPSG:4326,Synthetic GIS survey,MATCH,SYNTHETIC DEMO DATA — NOT OFFICIAL GOVERNMENT RECORDS
GIS-1586,P1586,P1586,"{""type"":""Polygon"",""coordinates"":[[[77.7925,23.53375],[77.79315,23.53375],[77.79315,23.5344],[77.7925,23.5344],[77.7925,23.53375]]]}",1485.08,23.53375,77.7925,EPSG:4326,Synthetic GIS survey,MATCH,SYNTHETIC DEMO DATA — NOT OFFICIAL GOVERNMENT RECORDS
GIS-1587,P1587,P1587,"{""type"":""Polygon"",""coordinates"":[[[77.7925,23.5349],[77.79315,23.5349],[77.79315,23.53555],[77.7925,23.53555],[77.7925,23.5349]]]}",1532.15,23.5349,77.7925,EPSG:4326,Synthetic GIS survey,MATCH,SYNTHETIC DEMO DATA — NOT OFFICIAL GOVERNMENT RECORDS
GIS-1588,P1588,P1588,"{""type"":""Polygon"",""coordinates"":[[[77.7925,23.53605],[77.79315,23.53605],[77.79315,23.5367],[77.7925,23.5367],[77.7925,23.53605]]]}",129.89,23.53605,77.7925,EPSG:4326,Synthetic GIS survey,MATCH,SYNTHETIC DEMO DATA — NOT OFFICIAL GOVERNMENT RECORDS
GIS-1589,P1589,P1589,"{""type"":""Polygon"",""coordinates"":[[[77.7925,23.5372],[77.79315,23.5372],[77.79315,23.53785],[77.7925,23.53785],[77.7925,23.5372]]]}",176.93,23.5372,77.7925,EPSG:4326,Synthetic GIS survey,MATCH,SYNTHETIC DEMO DATA — NOT OFFICIAL GOVERNMENT RECORDS
GIS-1590,P1590,P1590,"{""type"":""Polygon"",""coordinates"":[[[77.7925,23.53835],[77.79315,23.53835],[77.79315,23.539],[77.7925,23.539],[77.7925,23.53835]]]}",223.62,23.53835,77.7925,EPSG:4326,Synthetic GIS survey,MATCH,SYNTHETIC DEMO DATA — NOT OFFICIAL GOVERNMENT RECORDS
GIS-1591,P1591,P1591,"{""type"":""Polygon"",""coordinates"":[[[77.7925,23.5395],[77.79315,23.5395],[77.79315,23.54015],[77.7925,23.54015],[77.7925,23.5395]]]}",270.19,23.5395,77.7925,EPSG:4326,Synthetic GIS survey,MATCH,SYNTHETIC DEMO DATA — NOT OFFICIAL GOVERNMENT RECORDS
GIS-1592,P1592,P1592,"{""type"":""Polygon"",""coordinates"":[[[77.7925,23.54065],[77.79315,23.54065],[77.79315,23.5413],[77.7925,23.5413],[77.7925,23.54065]]]}",317.22,23.54065,77.7925,EPSG:4326,Synthetic GIS survey,MATCH,SYNTHETIC DEMO DATA — NOT OFFICIAL GOVERNMENT RECORDS
GIS-1593,P1593,P1593,"{""type"":""Polygon"",""coordinates"":[[[77.7925,23.5418],[77.79315,23.5418],[77.79315,23.54245],[77.7925,23.54245],[77.7925,23.5418]]]}",364.09,23.5418,77.7925,EPSG:4326,Synthetic GIS survey,MATCH,SYNTHETIC DEMO DATA — NOT OFFICIAL GOVERNMENT RECORDS
GIS-1594,P1594,P1594,"{""type"":""Polygon"",""coordinates"":[[[77.7925,23.54295],[77.79315,23.54295],[77.79315,23.5436],[77.7925,23.5436],[77.7925,23.54295]]]}",411.37,23.54295,77.7925,EPSG:4326,Synthetic GIS survey,MATCH,SYNTHETIC DEMO DATA — NOT OFFICIAL GOVERNMENT RECORDS
GIS-1595,P1595,P1595,"{""type"":""Polygon"",""coordinates"":[[[77.7925,23.5441],[77.79315,23.5441],[77.79315,23.54475],[77.7925,23.54475],[77.7925,23.5441]]]}",458.82,23.5441,77.7925,EPSG:4326,Synthetic GIS survey,MATCH,SYNTHETIC DEMO DATA — NOT OFFICIAL GOVERNMENT RECORDS
GIS-1596,P1596,P1596,"{""type"":""Polygon"",""coordinates"":[[[77.7925,23.54525],[77.79315,23.54525],[77.79315,23.5459],[77.7925,23.5459],[77.7925,23.54525]]]}",505.45,23.54525,77.7925,EPSG:4326,Synthetic GIS survey,MATCH,SYNTHETIC DEMO DATA — NOT OFFICIAL GOVERNMENT RECORDS
GIS-1597,P1597,P1597,"{""type"":""Polygon"",""coordinates"":[[[77.7925,23.5464],[77.79315,23.5464],[77.79315,23.54705],[77.7925,23.54705],[77.7925,23.5464]]]}",552.2,23.5464,77.7925,EPSG:4326,Synthetic GIS survey,MATCH,SYNTHETIC DEMO DATA — NOT OFFICIAL GOVERNMENT RECORDS
GIS-1598,P1598,P1598,"{""type"":""Polygon"",""coordinates"":[[[77.7925,23.54755],[77.79315,23.54755],[77.79315,23.5482],[77.7925,23.5482],[77.7925,23.54755]]]}",599.03,23.54755,77.7925,EPSG:4326,Synthetic GIS survey,MATCH,SYNTHETIC DEMO DATA — NOT OFFICIAL GOVERNMENT RECORDS
GIS-1599,P1599,P1599,"{""type"":""Polygon"",""coordinates"":[[[77.7925,23.5487],[77.79315,23.5487],[77.79315,23.54935],[77.7925,23.54935],[77.7925,23.5487]]]}",646.02,23.5487,77.7925,EPSG:4326,Synthetic GIS survey,MATCH,SYNTHETIC DEMO DATA — NOT OFFICIAL GOVERNMENT RECORDS
GIS-1600,P1600,P1600,"{""type"":""Polygon"",""coordinates"":[[[77.7925,23.54985],[77.79315,23.54985],[77.79315,23.5505],[77.7925,23.5505],[77.7925,23.54985]]]}",693.7,23.54985,77.7925,EPSG:4326,Synthetic GIS survey,MATCH,SYNTHETIC DEMO DATA — NOT OFFICIAL GOVERNMENT RECORDS
GIS-1601,P1601,P1601,"{""type"":""Polygon"",""coordinates"":[[[77.79375,23.505],[77.7944,23.505],[77.7944,23.50565],[77.79375,23.50565],[77.79375,23.505]]]}",740.82,23.505,77.79375,EPSG:4326,Synthetic GIS survey,MATCH,SYNTHETIC DEMO DATA — NOT OFFICIAL GOVERNMENT RECORDS
GIS-1602,P1602,P1602,"{""type"":""Polygon"",""coordinates"":[[[77.79375,23.50615],[77.7944,23.50615],[77.7944,23.5068],[77.79375,23.5068],[77.79375,23.50615]]]}",787.43,23.50615,77.79375,EPSG:4326,Synthetic GIS survey,MATCH,SYNTHETIC DEMO DATA — NOT OFFICIAL GOVERNMENT RECORDS
GIS-1603,P1603,P1603,"{""type"":""Polygon"",""coordinates"":[[[77.79375,23.5073],[77.7944,23.5073],[77.7944,23.50795],[77.79375,23.50795],[77.79375,23.5073]]]}",834.07,23.5073,77.79375,EPSG:4326,Synthetic GIS survey,MATCH,SYNTHETIC DEMO DATA — NOT OFFICIAL GOVERNMENT RECORDS
GIS-1604,P1604,P1604,"{""type"":""Polygon"",""coordinates"":[[[77.79375,23.50845],[77.7944,23.50845],[77.7944,23.5091],[77.79375,23.5091],[77.79375,23.50845]]]}",881.67,23.50845,77.79375,EPSG:4326,Synthetic GIS survey,MATCH,SYNTHETIC DEMO DATA — NOT OFFICIAL GOVERNMENT RECORDS
GIS-1605,P1605,P1605,"{""type"":""Polygon"",""coordinates"":[[[77.79375,23.5096],[77.7944,23.5096],[77.7944,23.51025],[77.79375,23.51025],[77.79375,23.5096]]]}",928.05,23.5096,77.79375,EPSG:4326,Synthetic GIS survey,MATCH,SYNTHETIC DEMO DATA — NOT OFFICIAL GOVERNMENT RECORDS
GIS-1606,P1606,P1606,"{""type"":""Polygon"",""coordinates"":[[[77.79375,23.51075],[77.7944,23.51075],[77.7944,23.5114],[77.79375,23.5114],[77.79375,23.51075]]]}",975.25,23.51075,77.79375,EPSG:4326,Synthetic GIS survey,MATCH,SYNTHETIC DEMO DATA — NOT OFFICIAL GOVERNMENT RECORDS
GIS-1607,P1607,P1607,"{""type"":""Polygon"",""coordinates"":[[[77.79375,23.5119],[77.7944,23.5119],[77.7944,23.51255],[77.79375,23.51255],[77.79375,23.5119]]]}",1022.05,23.5119,77.79375,EPSG:4326,Synthetic GIS survey,MATCH,SYNTHETIC DEMO DATA — NOT OFFICIAL GOVERNMENT RECORDS
GIS-1608,P1608,P1608,"{""type"":""Polygon"",""coordinates"":[[[77.79375,23.51305],[77.7944,23.51305],[77.7944,23.5137],[77.79375,23.5137],[77.79375,23.51305]]]}",1069.5,23.51305,77.79375,EPSG:4326,Synthetic GIS survey,MATCH,SYNTHETIC DEMO DATA — NOT OFFICIAL GOVERNMENT RECORDS
GIS-1609,P1609,P1609,"{""type"":""Polygon"",""coordinates"":[[[77.79375,23.5142],[77.7944,23.5142],[77.7944,23.51485],[77.79375,23.51485],[77.79375,23.5142]]]}",1116.4,23.5142,77.79375,EPSG:4326,Synthetic GIS survey,MATCH,SYNTHETIC DEMO DATA — NOT OFFICIAL GOVERNMENT RECORDS
GIS-1610,P1610,P1610,"{""type"":""Polygon"",""coordinates"":[[[77.79375,23.51535],[77.7944,23.51535],[77.7944,23.516],[77.79375,23.516],[77.79375,23.51535]]]}",1163.67,23.51535,77.79375,EPSG:4326,Synthetic GIS survey,MATCH,SYNTHETIC DEMO DATA — NOT OFFICIAL GOVERNMENT RECORDS
GIS-1611,P1611,P1611,"{""type"":""Polygon"",""coordinates"":[[[77.79375,23.5165],[77.7944,23.5165],[77.7944,23.51715],[77.79375,23.51715],[77.79375,23.5165]]]}",1210.51,23.5165,77.79375,EPSG:4326,Synthetic GIS survey,MATCH,SYNTHETIC DEMO DATA — NOT OFFICIAL GOVERNMENT RECORDS
GIS-1612,P1612,P1612,"{""type"":""Polygon"",""coordinates"":[[[77.79375,23.51765],[77.7944,23.51765],[77.7944,23.5183],[77.79375,23.5183],[77.79375,23.51765]]]}",1257.95,23.51765,77.79375,EPSG:4326,Synthetic GIS survey,MATCH,SYNTHETIC DEMO DATA — NOT OFFICIAL GOVERNMENT RECORDS
GIS-1613,P1613,P1613,"{""type"":""Polygon"",""coordinates"":[[[77.79375,23.5188],[77.7944,23.5188],[77.7944,23.51945],[77.79375,23.51945],[77.79375,23.5188]]]}",1304.37,23.5188,77.79375,EPSG:4326,Synthetic GIS survey,MATCH,SYNTHETIC DEMO DATA — NOT OFFICIAL GOVERNMENT RECORDS
GIS-1614,P1614,P1614,"{""type"":""Polygon"",""coordinates"":[[[77.79375,23.51995],[77.7944,23.51995],[77.7944,23.5206],[77.79375,23.5206],[77.79375,23.51995]]]}",1351.74,23.51995,77.79375,EPSG:4326,Synthetic GIS survey,MATCH,SYNTHETIC DEMO DATA — NOT OFFICIAL GOVERNMENT RECORDS
GIS-1615,P1615,P1615,"{""type"":""Polygon"",""coordinates"":[[[77.79375,23.5211],[77.7944,23.5211],[77.7944,23.52175],[77.79375,23.52175],[77.79375,23.5211]]]}",1398.43,23.5211,77.79375,EPSG:4326,Synthetic GIS survey,MATCH,SYNTHETIC DEMO DATA — NOT OFFICIAL GOVERNMENT RECORDS
GIS-1616,P1616,P1616,"{""type"":""Polygon"",""coordinates"":[[[77.79375,23.52225],[77.7944,23.52225],[77.7944,23.5229],[77.79375,23.5229],[77.79375,23.52225]]]}",1445.27,23.52225,77.79375,EPSG:4326,Synthetic GIS survey,MATCH,SYNTHETIC DEMO DATA — NOT OFFICIAL GOVERNMENT RECORDS
GIS-1617,P1617,P1617,"{""type"":""Polygon"",""coordinates"":[[[77.79375,23.5234],[77.7944,23.5234],[77.7944,23.52405],[77.79375,23.52405],[77.79375,23.5234]]]}",1492.37,23.5234,77.79375,EPSG:4326,Synthetic GIS survey,MATCH,SYNTHETIC DEMO DATA — NOT OFFICIAL GOVERNMENT RECORDS
GIS-1618,P1618,P1618,"{""type"":""Polygon"",""coordinates"":[[[77.79375,23.52455],[77.7944,23.52455],[77.7944,23.5252],[77.79375,23.5252],[77.79375,23.52455]]]}",1539.07,23.52455,77.79375,EPSG:4326,Synthetic GIS survey,MATCH,SYNTHETIC DEMO DATA — NOT OFFICIAL GOVERNMENT RECORDS
GIS-1619,P1619,P1619,"{""type"":""Polygon"",""coordinates"":[[[77.79375,23.5257],[77.7944,23.5257],[77.7944,23.52635],[77.79375,23.52635],[77.79375,23.5257]]]}",136.98,23.5257,77.79375,EPSG:4326,Synthetic GIS survey,MATCH,SYNTHETIC DEMO DATA — NOT OFFICIAL GOVERNMENT RECORDS
GIS-1620,P1620,P1620,"{""type"":""Polygon"",""coordinates"":[[[77.79375,23.52685],[77.7944,23.52685],[77.7944,23.5275],[77.79375,23.5275],[77.79375,23.52685]]]}",183.73,23.52685,77.79375,EPSG:4326,Synthetic GIS survey,MATCH,SYNTHETIC DEMO DATA — NOT OFFICIAL GOVERNMENT RECORDS
GIS-1621,P1621,P1621,"{""type"":""Polygon"",""coordinates"":[[[77.79375,23.528],[77.7944,23.528],[77.7944,23.52865],[77.79375,23.52865],[77.79375,23.528]]]}",230.93,23.528,77.79375,EPSG:4326,Synthetic GIS survey,MATCH,SYNTHETIC DEMO DATA — NOT OFFICIAL GOVERNMENT RECORDS
GIS-1622,P1622,P1622,"{""type"":""Polygon"",""coordinates"":[[[77.79375,23.52915],[77.7944,23.52915],[77.7944,23.5298],[77.79375,23.5298],[77.79375,23.52915]]]}",277.42,23.52915,77.79375,EPSG:4326,Synthetic GIS survey,MATCH,SYNTHETIC DEMO DATA — NOT OFFICIAL GOVERNMENT RECORDS
GIS-1623,P1623,P1623,"{""type"":""Polygon"",""coordinates"":[[[77.79375,23.5303],[77.7944,23.5303],[77.7944,23.53095],[77.79375,23.53095],[77.79375,23.5303]]]}",324.61,23.5303,77.79375,EPSG:4326,Synthetic GIS survey,MATCH,SYNTHETIC DEMO DATA — NOT OFFICIAL GOVERNMENT RECORDS
GIS-1624,P1624,P1624,"{""type"":""Polygon"",""coordinates"":[[[77.79375,23.53145],[77.7944,23.53145],[77.7944,23.5321],[77.79375,23.5321],[77.79375,23.53145]]]}",371.08,23.53145,77.79375,EPSG:4326,Synthetic GIS survey,MATCH,SYNTHETIC DEMO DATA — NOT OFFICIAL GOVERNMENT RECORDS
GIS-1625,P1625,P1625,"{""type"":""Polygon"",""coordinates"":[[[77.79375,23.5326],[77.7944,23.5326],[77.7944,23.53325],[77.79375,23.53325],[77.79375,23.5326]]]}",418.67,23.5326,77.79375,EPSG:4326,Synthetic GIS survey,MATCH,SYNTHETIC DEMO DATA — NOT OFFICIAL GOVERNMENT RECORDS
GIS-1626,P1626,P1626,"{""type"":""Polygon"",""coordinates"":[[[77.79375,23.53375],[77.7944,23.53375],[77.7944,23.5344],[77.79375,23.5344],[77.79375,23.53375]]]}",465.5,23.53375,77.79375,EPSG:4326,Synthetic GIS survey,MATCH,SYNTHETIC DEMO DATA — NOT OFFICIAL GOVERNMENT RECORDS
GIS-1627,P1627,P1627,"{""type"":""Polygon"",""coordinates"":[[[77.79375,23.5349],[77.7944,23.5349],[77.7944,23.53555],[77.79375,23.53555],[77.79375,23.5349]]]}",512.14,23.5349,77.79375,EPSG:4326,Synthetic GIS survey,MATCH,SYNTHETIC DEMO DATA — NOT OFFICIAL GOVERNMENT RECORDS
GIS-1628,P1628,P1628,"{""type"":""Polygon"",""coordinates"":[[[77.79375,23.53605],[77.7944,23.53605],[77.7944,23.5367],[77.79375,23.5367],[77.79375,23.53605]]]}",559.56,23.53605,77.79375,EPSG:4326,Synthetic GIS survey,MATCH,SYNTHETIC DEMO DATA — NOT OFFICIAL GOVERNMENT RECORDS
GIS-1629,P1629,P1629,"{""type"":""Polygon"",""coordinates"":[[[77.79375,23.5372],[77.7944,23.5372],[77.7944,23.53785],[77.79375,23.53785],[77.79375,23.5372]]]}",606.62,23.5372,77.79375,EPSG:4326,Synthetic GIS survey,MATCH,SYNTHETIC DEMO DATA — NOT OFFICIAL GOVERNMENT RECORDS
GIS-1630,P1630,P1630,"{""type"":""Polygon"",""coordinates"":[[[77.79375,23.53835],[77.7944,23.53835],[77.7944,23.539],[77.79375,23.539],[77.79375,23.53835]]]}",653.39,23.53835,77.79375,EPSG:4326,Synthetic GIS survey,MATCH,SYNTHETIC DEMO DATA — NOT OFFICIAL GOVERNMENT RECORDS
GIS-1631,P1631,P1631,"{""type"":""Polygon"",""coordinates"":[[[77.79375,23.5395],[77.7944,23.5395],[77.7944,23.54015],[77.79375,23.54015],[77.79375,23.5395]]]}",700.05,23.5395,77.79375,EPSG:4326,Synthetic GIS survey,MATCH,SYNTHETIC DEMO DATA — NOT OFFICIAL GOVERNMENT RECORDS
GIS-1632,P1632,P1632,"{""type"":""Polygon"",""coordinates"":[[[77.79375,23.54065],[77.7944,23.54065],[77.7944,23.5413],[77.79375,23.5413],[77.79375,23.54065]]]}",747.57,23.54065,77.79375,EPSG:4326,Synthetic GIS survey,MATCH,SYNTHETIC DEMO DATA — NOT OFFICIAL GOVERNMENT RECORDS
GIS-1633,P1633,P1633,"{""type"":""Polygon"",""coordinates"":[[[77.79375,23.5418],[77.7944,23.5418],[77.7944,23.54245],[77.79375,23.54245],[77.79375,23.5418]]]}",794.1,23.5418,77.79375,EPSG:4326,Synthetic GIS survey,MATCH,SYNTHETIC DEMO DATA — NOT OFFICIAL GOVERNMENT RECORDS
GIS-1634,P1634,P1634,"{""type"":""Polygon"",""coordinates"":[[[77.79375,23.54295],[77.7944,23.54295],[77.7944,23.5436],[77.79375,23.5436],[77.79375,23.54295]]]}",841.73,23.54295,77.79375,EPSG:4326,Synthetic GIS survey,MATCH,SYNTHETIC DEMO DATA — NOT OFFICIAL GOVERNMENT RECORDS
GIS-1635,P1635,P1635,"{""type"":""Polygon"",""coordinates"":[[[77.79375,23.5441],[77.7944,23.5441],[77.7944,23.54475],[77.79375,23.54475],[77.79375,23.5441]]]}",888.12,23.5441,77.79375,EPSG:4326,Synthetic GIS survey,MATCH,SYNTHETIC DEMO DATA — NOT OFFICIAL GOVERNMENT RECORDS
GIS-1636,P1636,P1636,"{""type"":""Polygon"",""coordinates"":[[[77.79375,23.54525],[77.7944,23.54525],[77.7944,23.5459],[77.79375,23.5459],[77.79375,23.54525]]]}",935.79,23.54525,77.79375,EPSG:4326,Synthetic GIS survey,MATCH,SYNTHETIC DEMO DATA — NOT OFFICIAL GOVERNMENT RECORDS
GIS-1637,P1637,P1637,"{""type"":""Polygon"",""coordinates"":[[[77.79375,23.5464],[77.7944,23.5464],[77.7944,23.54705],[77.79375,23.54705],[77.79375,23.5464]]]}",982.78,23.5464,77.79375,EPSG:4326,Synthetic GIS survey,MATCH,SYNTHETIC DEMO DATA — NOT OFFICIAL GOVERNMENT RECORDS
GIS-1638,P1638,P1638,"{""type"":""Polygon"",""coordinates"":[[[77.79375,23.54755],[77.7944,23.54755],[77.7944,23.5482],[77.79375,23.5482],[77.79375,23.54755]]]}",1029.17,23.54755,77.79375,EPSG:4326,Synthetic GIS survey,MATCH,SYNTHETIC DEMO DATA — NOT OFFICIAL GOVERNMENT RECORDS
GIS-1639,P1639,P1639,"{""type"":""Polygon"",""coordinates"":[[[77.79375,23.5487],[77.7944,23.5487],[77.7944,23.54935],[77.79375,23.54935],[77.79375,23.5487]]]}",1076.58,23.5487,77.79375,EPSG:4326,Synthetic GIS survey,MATCH,SYNTHETIC DEMO DATA — NOT OFFICIAL GOVERNMENT RECORDS
GIS-1640,P1640,P1640,"{""type"":""Polygon"",""coordinates"":[[[77.79375,23.54985],[77.7944,23.54985],[77.7944,23.5505],[77.79375,23.5505],[77.79375,23.54985]]]}",1123.58,23.54985,77.79375,EPSG:4326,Synthetic GIS survey,MATCH,SYNTHETIC DEMO DATA — NOT OFFICIAL GOVERNMENT RECORDS
GIS-1641,P1641,P1641,"{""type"":""Polygon"",""coordinates"":[[[77.795,23.505],[77.79565,23.505],[77.79565,23.50565],[77.795,23.50565],[77.795,23.505]]]}",1170.21,23.505,77.795,EPSG:4326,Synthetic GIS survey,MATCH,SYNTHETIC DEMO DATA — NOT OFFICIAL GOVERNMENT RECORDS
GIS-1642,P1642,P1642,"{""type"":""Polygon"",""coordinates"":[[[77.795,23.50615],[77.79565,23.50615],[77.79565,23.5068],[77.795,23.5068],[77.795,23.50615]]]}",1217.44,23.50615,77.795,EPSG:4326,Synthetic GIS survey,MATCH,SYNTHETIC DEMO DATA — NOT OFFICIAL GOVERNMENT RECORDS
GIS-1643,P1643,P1643,"{""type"":""Polygon"",""coordinates"":[[[77.795,23.5073],[77.79565,23.5073],[77.79565,23.50795],[77.795,23.50795],[77.795,23.5073]]]}",1264.47,23.5073,77.795,EPSG:4326,Synthetic GIS survey,MATCH,SYNTHETIC DEMO DATA — NOT OFFICIAL GOVERNMENT RECORDS
GIS-1644,P1644,P1644,"{""type"":""Polygon"",""coordinates"":[[[77.795,23.50845],[77.79565,23.50845],[77.79565,23.5091],[77.795,23.5091],[77.795,23.50845]]]}",1311.33,23.50845,77.795,EPSG:4326,Synthetic GIS survey,MATCH,SYNTHETIC DEMO DATA — NOT OFFICIAL GOVERNMENT RECORDS
GIS-1645,P1645,P1645,"{""type"":""Polygon"",""coordinates"":[[[77.795,23.5096],[77.79565,23.5096],[77.79565,23.51025],[77.795,23.51025],[77.795,23.5096]]]}",1358.02,23.5096,77.795,EPSG:4326,Synthetic GIS survey,MATCH,SYNTHETIC DEMO DATA — NOT OFFICIAL GOVERNMENT RECORDS
GIS-1646,P1646,P1646,"{""type"":""Polygon"",""coordinates"":[[[77.795,23.51075],[77.79565,23.51075],[77.79565,23.5114],[77.795,23.5114],[77.795,23.51075]]]}",1405.51,23.51075,77.795,EPSG:4326,Synthetic GIS survey,MATCH,SYNTHETIC DEMO DATA — NOT OFFICIAL GOVERNMENT RECORDS
GIS-1647,P1647,P1647,"{""type"":""Polygon"",""coordinates"":[[[77.795,23.5119],[77.79565,23.5119],[77.79565,23.51255],[77.795,23.51255],[77.795,23.5119]]]}",1452.65,23.5119,77.795,EPSG:4326,Synthetic GIS survey,MATCH,SYNTHETIC DEMO DATA — NOT OFFICIAL GOVERNMENT RECORDS
GIS-1648,P1648,P1648,"{""type"":""Polygon"",""coordinates"":[[[77.795,23.51305],[77.79565,23.51305],[77.79565,23.5137],[77.795,23.5137],[77.795,23.51305]]]}",1499.59,23.51305,77.795,EPSG:4326,Synthetic GIS survey,MATCH,SYNTHETIC DEMO DATA — NOT OFFICIAL GOVERNMENT RECORDS
GIS-1649,P1649,P1649,"{""type"":""Polygon"",""coordinates"":[[[77.795,23.5142],[77.79565,23.5142],[77.79565,23.51485],[77.795,23.51485],[77.795,23.5142]]]}",96.15,23.5142,77.795,EPSG:4326,Synthetic GIS survey,MATCH,SYNTHETIC DEMO DATA — NOT OFFICIAL GOVERNMENT RECORDS
GIS-1650,P1650,P1650,"{""type"":""Polygon"",""coordinates"":[[[77.795,23.51535],[77.79565,23.51535],[77.79565,23.516],[77.795,23.516],[77.795,23.51535]]]}",143.73,23.51535,77.795,EPSG:4326,Synthetic GIS survey,MATCH,SYNTHETIC DEMO DATA — NOT OFFICIAL GOVERNMENT RECORDS
GIS-1651,P1651,P1651,"{""type"":""Polygon"",""coordinates"":[[[77.795,23.5165],[77.79565,23.5165],[77.79565,23.51715],[77.795,23.51715],[77.795,23.5165]]]}",190.65,23.5165,77.795,EPSG:4326,Synthetic GIS survey,MATCH,SYNTHETIC DEMO DATA — NOT OFFICIAL GOVERNMENT RECORDS
GIS-1652,P1652,P1652,"{""type"":""Polygon"",""coordinates"":[[[77.795,23.51765],[77.79565,23.51765],[77.79565,23.5183],[77.795,23.5183],[77.795,23.51765]]]}",237.42,23.51765,77.795,EPSG:4326,Synthetic GIS survey,MATCH,SYNTHETIC DEMO DATA — NOT OFFICIAL GOVERNMENT RECORDS
GIS-1653,P1653,P1653,"{""type"":""Polygon"",""coordinates"":[[[77.795,23.5188],[77.79565,23.5188],[77.79565,23.51945],[77.795,23.51945],[77.795,23.5188]]]}",284.2,23.5188,77.795,EPSG:4326,Synthetic GIS survey,MATCH,SYNTHETIC DEMO DATA — NOT OFFICIAL GOVERNMENT RECORDS
GIS-1654,P1654,P1654,"{""type"":""Polygon"",""coordinates"":[[[77.795,23.51995],[77.79565,23.51995],[77.79565,23.5206],[77.795,23.5206],[77.795,23.51995]]]}",331.05,23.51995,77.795,EPSG:4326,Synthetic GIS survey,MATCH,SYNTHETIC DEMO DATA — NOT OFFICIAL GOVERNMENT RECORDS
GIS-1655,P1655,P1655,"{""type"":""Polygon"",""coordinates"":[[[77.795,23.5211],[77.79565,23.5211],[77.79565,23.52175],[77.795,23.52175],[77.795,23.5211]]]}",378.67,23.5211,77.795,EPSG:4326,Synthetic GIS survey,MATCH,SYNTHETIC DEMO DATA — NOT OFFICIAL GOVERNMENT RECORDS
GIS-1656,P1656,P1656,"{""type"":""Polygon"",""coordinates"":[[[77.795,23.52225],[77.79565,23.52225],[77.79565,23.5229],[77.795,23.5229],[77.795,23.52225]]]}",425.92,23.52225,77.795,EPSG:4326,Synthetic GIS survey,MATCH,SYNTHETIC DEMO DATA — NOT OFFICIAL GOVERNMENT RECORDS
GIS-1657,P1657,P1657,"{""type"":""Polygon"",""coordinates"":[[[77.795,23.5234],[77.79565,23.5234],[77.79565,23.52405],[77.795,23.52405],[77.795,23.5234]]]}",472.4,23.5234,77.795,EPSG:4326,Synthetic GIS survey,MATCH,SYNTHETIC DEMO DATA — NOT OFFICIAL GOVERNMENT RECORDS
GIS-1658,P1658,P1658,"{""type"":""Polygon"",""coordinates"":[[[77.795,23.52455],[77.79565,23.52455],[77.79565,23.5252],[77.795,23.5252],[77.795,23.52455]]]}",519.4,23.52455,77.795,EPSG:4326,Synthetic GIS survey,MATCH,SYNTHETIC DEMO DATA — NOT OFFICIAL GOVERNMENT RECORDS
GIS-1659,P1659,P1659,"{""type"":""Polygon"",""coordinates"":[[[77.795,23.5257],[77.79565,23.5257],[77.79565,23.52635],[77.795,23.52635],[77.795,23.5257]]]}",566.57,23.5257,77.795,EPSG:4326,Synthetic GIS survey,MATCH,SYNTHETIC DEMO DATA — NOT OFFICIAL GOVERNMENT RECORDS
GIS-1660,P1660,P1660,"{""type"":""Polygon"",""coordinates"":[[[77.795,23.52685],[77.79565,23.52685],[77.79565,23.5275],[77.795,23.5275],[77.795,23.52685]]]}",613.74,23.52685,77.795,EPSG:4326,Synthetic GIS survey,MATCH,SYNTHETIC DEMO DATA — NOT OFFICIAL GOVERNMENT RECORDS
GIS-1661,P1661,P1661,"{""type"":""Polygon"",""coordinates"":[[[77.795,23.528],[77.79565,23.528],[77.79565,23.52865],[77.795,23.52865],[77.795,23.528]]]}",660.53,23.528,77.795,EPSG:4326,Synthetic GIS survey,MATCH,SYNTHETIC DEMO DATA — NOT OFFICIAL GOVERNMENT RECORDS
GIS-1662,P1662,P1662,"{""type"":""Polygon"",""coordinates"":[[[77.795,23.52915],[77.79565,23.52915],[77.79565,23.5298],[77.795,23.5298],[77.795,23.52915]]]}",707.6,23.52915,77.795,EPSG:4326,Synthetic GIS survey,MATCH,SYNTHETIC DEMO DATA — NOT OFFICIAL GOVERNMENT RECORDS
GIS-1663,P1663,P1663,"{""type"":""Polygon"",""coordinates"":[[[77.795,23.5303],[77.79565,23.5303],[77.79565,23.53095],[77.795,23.53095],[77.795,23.5303]]]}",754.66,23.5303,77.795,EPSG:4326,Synthetic GIS survey,MATCH,SYNTHETIC DEMO DATA — NOT OFFICIAL GOVERNMENT RECORDS
GIS-1664,P1664,P1664,"{""type"":""Polygon"",""coordinates"":[[[77.795,23.53145],[77.79565,23.53145],[77.79565,23.5321],[77.795,23.5321],[77.795,23.53145]]]}",801.7,23.53145,77.795,EPSG:4326,Synthetic GIS survey,MATCH,SYNTHETIC DEMO DATA — NOT OFFICIAL GOVERNMENT RECORDS
GIS-1665,P1665,P1665,"{""type"":""Polygon"",""coordinates"":[[[77.795,23.5326],[77.79565,23.5326],[77.79565,23.53325],[77.795,23.53325],[77.795,23.5326]]]}",848.59,23.5326,77.795,EPSG:4326,Synthetic GIS survey,MATCH,SYNTHETIC DEMO DATA — NOT OFFICIAL GOVERNMENT RECORDS
GIS-1666,P1666,P1666,"{""type"":""Polygon"",""coordinates"":[[[77.795,23.53375],[77.79565,23.53375],[77.79565,23.5344],[77.795,23.5344],[77.795,23.53375]]]}",895.75,23.53375,77.795,EPSG:4326,Synthetic GIS survey,MATCH,SYNTHETIC DEMO DATA — NOT OFFICIAL GOVERNMENT RECORDS
GIS-1667,P1667,P1667,"{""type"":""Polygon"",""coordinates"":[[[77.795,23.5349],[77.79565,23.5349],[77.79565,23.53555],[77.795,23.53555],[77.795,23.5349]]]}",942.16,23.5349,77.795,EPSG:4326,Synthetic GIS survey,MATCH,SYNTHETIC DEMO DATA — NOT OFFICIAL GOVERNMENT RECORDS
GIS-1668,P1668,P1668,"{""type"":""Polygon"",""coordinates"":[[[77.795,23.53605],[77.79565,23.53605],[77.79565,23.5367],[77.795,23.5367],[77.795,23.53605]]]}",989.25,23.53605,77.795,EPSG:4326,Synthetic GIS survey,MATCH,SYNTHETIC DEMO DATA — NOT OFFICIAL GOVERNMENT RECORDS
GIS-1669,P1669,P1669,"{""type"":""Polygon"",""coordinates"":[[[77.795,23.5372],[77.79565,23.5372],[77.79565,23.53785],[77.795,23.53785],[77.795,23.5372]]]}",1036.99,23.5372,77.795,EPSG:4326,Synthetic GIS survey,MATCH,SYNTHETIC DEMO DATA — NOT OFFICIAL GOVERNMENT RECORDS
GIS-1670,P1670,P1670,"{""type"":""Polygon"",""coordinates"":[[[77.795,23.53835],[77.79565,23.53835],[77.79565,23.539],[77.795,23.539],[77.795,23.53835]]]}",1083.28,23.53835,77.795,EPSG:4326,Synthetic GIS survey,MATCH,SYNTHETIC DEMO DATA — NOT OFFICIAL GOVERNMENT RECORDS
GIS-1671,P1671,P1671,"{""type"":""Polygon"",""coordinates"":[[[77.795,23.5395],[77.79565,23.5395],[77.79565,23.54015],[77.795,23.54015],[77.795,23.5395]]]}",1130.73,23.5395,77.795,EPSG:4326,Synthetic GIS survey,MATCH,SYNTHETIC DEMO DATA — NOT OFFICIAL GOVERNMENT RECORDS
GIS-1672,P1672,P1672,"{""type"":""Polygon"",""coordinates"":[[[77.795,23.54065],[77.79565,23.54065],[77.79565,23.5413],[77.795,23.5413],[77.795,23.54065]]]}",1177.15,23.54065,77.795,EPSG:4326,Synthetic GIS survey,MATCH,SYNTHETIC DEMO DATA — NOT OFFICIAL GOVERNMENT RECORDS
GIS-1673,P1673,P1673,"{""type"":""Polygon"",""coordinates"":[[[77.795,23.5418],[77.79565,23.5418],[77.79565,23.54245],[77.795,23.54245],[77.795,23.5418]]]}",1224.05,23.5418,77.795,EPSG:4326,Synthetic GIS survey,MATCH,SYNTHETIC DEMO DATA — NOT OFFICIAL GOVERNMENT RECORDS
GIS-1674,P1674,P1674,"{""type"":""Polygon"",""coordinates"":[[[77.795,23.54295],[77.79565,23.54295],[77.79565,23.5436],[77.795,23.5436],[77.795,23.54295]]]}",1271.84,23.54295,77.795,EPSG:4326,Synthetic GIS survey,MATCH,SYNTHETIC DEMO DATA — NOT OFFICIAL GOVERNMENT RECORDS
GIS-1675,P1675,P1675,"{""type"":""Polygon"",""coordinates"":[[[77.795,23.5441],[77.79565,23.5441],[77.79565,23.54475],[77.795,23.54475],[77.795,23.5441]]]}",1318.97,23.5441,77.795,EPSG:4326,Synthetic GIS survey,MATCH,SYNTHETIC DEMO DATA — NOT OFFICIAL GOVERNMENT RECORDS
GIS-1676,P1676,P1676,"{""type"":""Polygon"",""coordinates"":[[[77.795,23.54525],[77.79565,23.54525],[77.79565,23.5459],[77.795,23.5459],[77.795,23.54525]]]}",1365.24,23.54525,77.795,EPSG:4326,Synthetic GIS survey,MATCH,SYNTHETIC DEMO DATA — NOT OFFICIAL GOVERNMENT RECORDS
GIS-1677,P1677,P1677,"{""type"":""Polygon"",""coordinates"":[[[77.795,23.5464],[77.79565,23.5464],[77.79565,23.54705],[77.795,23.54705],[77.795,23.5464]]]}",1412.33,23.5464,77.795,EPSG:4326,Synthetic GIS survey,MATCH,SYNTHETIC DEMO DATA — NOT OFFICIAL GOVERNMENT RECORDS
GIS-1678,P1678,P1678,"{""type"":""Polygon"",""coordinates"":[[[77.795,23.54755],[77.79565,23.54755],[77.79565,23.5482],[77.795,23.5482],[77.795,23.54755]]]}",1459.44,23.54755,77.795,EPSG:4326,Synthetic GIS survey,MATCH,SYNTHETIC DEMO DATA — NOT OFFICIAL GOVERNMENT RECORDS
GIS-1679,P1679,P1679,"{""type"":""Polygon"",""coordinates"":[[[77.795,23.5487],[77.79565,23.5487],[77.79565,23.54935],[77.795,23.54935],[77.795,23.5487]]]}",1506.87,23.5487,77.795,EPSG:4326,Synthetic GIS survey,MATCH,SYNTHETIC DEMO DATA — NOT OFFICIAL GOVERNMENT RECORDS
GIS-1680,P1680,P1680,"{""type"":""Polygon"",""coordinates"":[[[77.795,23.54985],[77.79565,23.54985],[77.79565,23.5505],[77.795,23.5505],[77.795,23.54985]]]}",103.14,23.54985,77.795,EPSG:4326,Synthetic GIS survey,MATCH,SYNTHETIC DEMO DATA — NOT OFFICIAL GOVERNMENT RECORDS
GIS-1681,P1681,P1681,"{""type"":""Polygon"",""coordinates"":[[[77.79625,23.505],[77.7969,23.505],[77.7969,23.50565],[77.79625,23.50565],[77.79625,23.505]]]}",150.08,23.505,77.79625,EPSG:4326,Synthetic GIS survey,MATCH,SYNTHETIC DEMO DATA — NOT OFFICIAL GOVERNMENT RECORDS
GIS-1682,P1682,P1682,"{""type"":""Polygon"",""coordinates"":[[[77.79625,23.50615],[77.7969,23.50615],[77.7969,23.5068],[77.79625,23.5068],[77.79625,23.50615]]]}",197.49,23.50615,77.79625,EPSG:4326,Synthetic GIS survey,MATCH,SYNTHETIC DEMO DATA — NOT OFFICIAL GOVERNMENT RECORDS
GIS-1683,P1683,P1683,"{""type"":""Polygon"",""coordinates"":[[[77.79625,23.5073],[77.7969,23.5073],[77.7969,23.50795],[77.79625,23.50795],[77.79625,23.5073]]]}",244.73,23.5073,77.79625,EPSG:4326,Synthetic GIS survey,MATCH,SYNTHETIC DEMO DATA — NOT OFFICIAL GOVERNMENT RECORDS
GIS-1684,P1684,P1684,"{""type"":""Polygon"",""coordinates"":[[[77.79625,23.50845],[77.7969,23.50845],[77.7969,23.5091],[77.79625,23.5091],[77.79625,23.50845]]]}",291.28,23.50845,77.79625,EPSG:4326,Synthetic GIS survey,MATCH,SYNTHETIC DEMO DATA — NOT OFFICIAL GOVERNMENT RECORDS
GIS-1685,P1685,P1685,"{""type"":""Polygon"",""coordinates"":[[[77.79625,23.5096],[77.7969,23.5096],[77.7969,23.51025],[77.79625,23.51025],[77.79625,23.5096]]]}",338.97,23.5096,77.79625,EPSG:4326,Synthetic GIS survey,MATCH,SYNTHETIC DEMO DATA — NOT OFFICIAL GOVERNMENT RECORDS
GIS-1686,P1686,P1686,"{""type"":""Polygon"",""coordinates"":[[[77.79625,23.51075],[77.7969,23.51075],[77.7969,23.5114],[77.79625,23.5114],[77.79625,23.51075]]]}",385.88,23.51075,77.79625,EPSG:4326,Synthetic GIS survey,MATCH,SYNTHETIC DEMO DATA — NOT OFFICIAL GOVERNMENT RECORDS
GIS-1687,P1687,P1687,"{""type"":""Polygon"",""coordinates"":[[[77.79625,23.5119],[77.7969,23.5119],[77.7969,23.51255],[77.79625,23.51255],[77.79625,23.5119]]]}",432.83,23.5119,77.79625,EPSG:4326,Synthetic GIS survey,MATCH,SYNTHETIC DEMO DATA — NOT OFFICIAL GOVERNMENT RECORDS
GIS-1688,P1688,P1688,"{""type"":""Polygon"",""coordinates"":[[[77.79625,23.51305],[77.7969,23.51305],[77.7969,23.5137],[77.79625,23.5137],[77.79625,23.51305]]]}",479.65,23.51305,77.79625,EPSG:4326,Synthetic GIS survey,MATCH,SYNTHETIC DEMO DATA — NOT OFFICIAL GOVERNMENT RECORDS
GIS-1689,P1689,P1689,"{""type"":""Polygon"",""coordinates"":[[[77.79625,23.5142],[77.7969,23.5142],[77.7969,23.51485],[77.79625,23.51485],[77.79625,23.5142]]]}",526.46,23.5142,77.79625,EPSG:4326,Synthetic GIS survey,MATCH,SYNTHETIC DEMO DATA — NOT OFFICIAL GOVERNMENT RECORDS
GIS-1690,P1690,P1690,"{""type"":""Polygon"",""coordinates"":[[[77.79625,23.51535],[77.7969,23.51535],[77.7969,23.516],[77.79625,23.516],[77.79625,23.51535]]]}",573.29,23.51535,77.79625,EPSG:4326,Synthetic GIS survey,MATCH,SYNTHETIC DEMO DATA — NOT OFFICIAL GOVERNMENT RECORDS
GIS-1691,P1691,P1691,"{""type"":""Polygon"",""coordinates"":[[[77.79625,23.5165],[77.7969,23.5165],[77.7969,23.51715],[77.79625,23.51715],[77.79625,23.5165]]]}",620.64,23.5165,77.79625,EPSG:4326,Synthetic GIS survey,MATCH,SYNTHETIC DEMO DATA — NOT OFFICIAL GOVERNMENT RECORDS
GIS-1692,P1692,P1692,"{""type"":""Polygon"",""coordinates"":[[[77.79625,23.51765],[77.7969,23.51765],[77.7969,23.5183],[77.79625,23.5183],[77.79625,23.51765]]]}",667.45,23.51765,77.79625,EPSG:4326,Synthetic GIS survey,MATCH,SYNTHETIC DEMO DATA — NOT OFFICIAL GOVERNMENT RECORDS
GIS-1693,P1693,P1693,"{""type"":""Polygon"",""coordinates"":[[[77.79625,23.5188],[77.7969,23.5188],[77.7969,23.51945],[77.79625,23.51945],[77.79625,23.5188]]]}",714.01,23.5188,77.79625,EPSG:4326,Synthetic GIS survey,MATCH,SYNTHETIC DEMO DATA — NOT OFFICIAL GOVERNMENT RECORDS
GIS-1694,P1694,P1694,"{""type"":""Polygon"",""coordinates"":[[[77.79625,23.51995],[77.7969,23.51995],[77.7969,23.5206],[77.79625,23.5206],[77.79625,23.51995]]]}",761.56,23.51995,77.79625,EPSG:4326,Synthetic GIS survey,MATCH,SYNTHETIC DEMO DATA — NOT OFFICIAL GOVERNMENT RECORDS
GIS-1695,P1695,P1695,"{""type"":""Polygon"",""coordinates"":[[[77.79625,23.5211],[77.7969,23.5211],[77.7969,23.52175],[77.79625,23.52175],[77.79625,23.5211]]]}",808.49,23.5211,77.79625,EPSG:4326,Synthetic GIS survey,MATCH,SYNTHETIC DEMO DATA — NOT OFFICIAL GOVERNMENT RECORDS
GIS-1696,P1696,P1696,"{""type"":""Polygon"",""coordinates"":[[[77.79625,23.52225],[77.7969,23.52225],[77.7969,23.5229],[77.79625,23.5229],[77.79625,23.52225]]]}",855.32,23.52225,77.79625,EPSG:4326,Synthetic GIS survey,MATCH,SYNTHETIC DEMO DATA — NOT OFFICIAL GOVERNMENT RECORDS
GIS-1697,P1697,P1697,"{""type"":""Polygon"",""coordinates"":[[[77.79625,23.5234],[77.7969,23.5234],[77.7969,23.52405],[77.79625,23.52405],[77.79625,23.5234]]]}",902.13,23.5234,77.79625,EPSG:4326,Synthetic GIS survey,MATCH,SYNTHETIC DEMO DATA — NOT OFFICIAL GOVERNMENT RECORDS
GIS-1698,P1698,P1698,"{""type"":""Polygon"",""coordinates"":[[[77.79625,23.52455],[77.7969,23.52455],[77.7969,23.5252],[77.79625,23.5252],[77.79625,23.52455]]]}",949.74,23.52455,77.79625,EPSG:4326,Synthetic GIS survey,MATCH,SYNTHETIC DEMO DATA — NOT OFFICIAL GOVERNMENT RECORDS
GIS-1699,P1699,P1699,"{""type"":""Polygon"",""coordinates"":[[[77.79625,23.5257],[77.7969,23.5257],[77.7969,23.52635],[77.79625,23.52635],[77.79625,23.5257]]]}",996.65,23.5257,77.79625,EPSG:4326,Synthetic GIS survey,MATCH,SYNTHETIC DEMO DATA — NOT OFFICIAL GOVERNMENT RECORDS
GIS-1700,P1700,P1700,"{""type"":""Polygon"",""coordinates"":[[[77.79625,23.52685],[77.7969,23.52685],[77.7969,23.5275],[77.79625,23.5275],[77.79625,23.52685]]]}",1043.06,23.52685,77.79625,EPSG:4326,Synthetic GIS survey,MATCH,SYNTHETIC DEMO DATA — NOT OFFICIAL GOVERNMENT RECORDS
GIS-1701,P1701,P1701,"{""type"":""Polygon"",""coordinates"":[[[77.79633,23.528],[77.79698,23.528],[77.79698,23.52865],[77.79633,23.52865],[77.79633,23.528]]]}",1112.54,23.528,77.79625,EPSG:4326,Synthetic GIS survey,MINOR_VARIANCE,SYNTHETIC DEMO DATA — NOT OFFICIAL GOVERNMENT RECORDS
GIS-1702,P1702,P1702,"{""type"":""Polygon"",""coordinates"":[[[77.79633,23.52915],[77.79698,23.52915],[77.79698,23.5298],[77.79633,23.5298],[77.79633,23.52915]]]}",1160.11,23.52915,77.79625,EPSG:4326,Synthetic GIS survey,MINOR_VARIANCE,SYNTHETIC DEMO DATA — NOT OFFICIAL GOVERNMENT RECORDS
GIS-1703,P1703,P1703,"{""type"":""Polygon"",""coordinates"":[[[77.79633,23.5303],[77.79698,23.5303],[77.79698,23.53095],[77.79633,23.53095],[77.79633,23.5303]]]}",1207.77,23.5303,77.79625,EPSG:4326,Synthetic GIS survey,MINOR_VARIANCE,SYNTHETIC DEMO DATA — NOT OFFICIAL GOVERNMENT RECORDS
GIS-1704,P1704,P1704,"{""type"":""Polygon"",""coordinates"":[[[77.79633,23.53145],[77.79698,23.53145],[77.79698,23.5321],[77.79633,23.5321],[77.79633,23.53145]]]}",1256.45,23.53145,77.79625,EPSG:4326,Synthetic GIS survey,MINOR_VARIANCE,SYNTHETIC DEMO DATA — NOT OFFICIAL GOVERNMENT RECORDS
GIS-1705,P1705,P1705,"{""type"":""Polygon"",""coordinates"":[[[77.79633,23.5326],[77.79698,23.5326],[77.79698,23.53325],[77.79633,23.53325],[77.79633,23.5326]]]}",1304.09,23.5326,77.79625,EPSG:4326,Synthetic GIS survey,MINOR_VARIANCE,SYNTHETIC DEMO DATA — NOT OFFICIAL GOVERNMENT RECORDS
GIS-1706,P1706,P1706,"{""type"":""Polygon"",""coordinates"":[[[77.79633,23.53375],[77.79698,23.53375],[77.79698,23.5344],[77.79633,23.5344],[77.79633,23.53375]]]}",1351.54,23.53375,77.79625,EPSG:4326,Synthetic GIS survey,MINOR_VARIANCE,SYNTHETIC DEMO DATA — NOT OFFICIAL GOVERNMENT RECORDS
GIS-1707,P1707,P1707,"{""type"":""Polygon"",""coordinates"":[[[77.79633,23.5349],[77.79698,23.5349],[77.79698,23.53555],[77.79633,23.53555],[77.79633,23.5349]]]}",1400.09,23.5349,77.79625,EPSG:4326,Synthetic GIS survey,MINOR_VARIANCE,SYNTHETIC DEMO DATA — NOT OFFICIAL GOVERNMENT RECORDS
GIS-1708,P1708,P1708,"{""type"":""Polygon"",""coordinates"":[[[77.79633,23.53605],[77.79698,23.53605],[77.79698,23.5367],[77.79633,23.5367],[77.79633,23.53605]]]}",1447.67,23.53605,77.79625,EPSG:4326,Synthetic GIS survey,MINOR_VARIANCE,SYNTHETIC DEMO DATA — NOT OFFICIAL GOVERNMENT RECORDS
GIS-1709,P1709,P1709,"{""type"":""Polygon"",""coordinates"":[[[77.79633,23.5372],[77.79698,23.5372],[77.79698,23.53785],[77.79633,23.53785],[77.79633,23.5372]]]}",1496.31,23.5372,77.79625,EPSG:4326,Synthetic GIS survey,MINOR_VARIANCE,SYNTHETIC DEMO DATA — NOT OFFICIAL GOVERNMENT RECORDS
GIS-1710,P1710,P1710,"{""type"":""Polygon"",""coordinates"":[[[77.79633,23.53835],[77.79698,23.53835],[77.79698,23.539],[77.79633,23.539],[77.79633,23.53835]]]}",1543.4,23.53835,77.79625,EPSG:4326,Synthetic GIS survey,MINOR_VARIANCE,SYNTHETIC DEMO DATA — NOT OFFICIAL GOVERNMENT RECORDS
GIS-1711,P1711,P1711,"{""type"":""Polygon"",""coordinates"":[[[77.79633,23.5395],[77.79698,23.5395],[77.79698,23.54015],[77.79633,23.54015],[77.79633,23.5395]]]}",113.13,23.5395,77.79625,EPSG:4326,Synthetic GIS survey,MINOR_VARIANCE,SYNTHETIC DEMO DATA — NOT OFFICIAL GOVERNMENT RECORDS
GIS-1712,P1712,P1712,"{""type"":""Polygon"",""coordinates"":[[[77.79633,23.54065],[77.79698,23.54065],[77.79698,23.5413],[77.79633,23.5413],[77.79633,23.54065]]]}",160.72,23.54065,77.79625,EPSG:4326,Synthetic GIS survey,MINOR_VARIANCE,SYNTHETIC DEMO DATA — NOT OFFICIAL GOVERNMENT RECORDS
GIS-1713,P1713,P1713,"{""type"":""Polygon"",""coordinates"":[[[77.79633,23.5418],[77.79698,23.5418],[77.79698,23.54245],[77.79633,23.54245],[77.79633,23.5418]]]}",208.13,23.5418,77.79625,EPSG:4326,Synthetic GIS survey,MINOR_VARIANCE,SYNTHETIC DEMO DATA — NOT OFFICIAL GOVERNMENT RECORDS
GIS-1714,P1714,P1714,"{""type"":""Polygon"",""coordinates"":[[[77.79633,23.54295],[77.79698,23.54295],[77.79698,23.5436],[77.79633,23.5436],[77.79633,23.54295]]]}",256.72,23.54295,77.79625,EPSG:4326,Synthetic GIS survey,MINOR_VARIANCE,SYNTHETIC DEMO DATA — NOT OFFICIAL GOVERNMENT RECORDS
GIS-1715,P1715,P1715,"{""type"":""Polygon"",""coordinates"":[[[77.79633,23.5441],[77.79698,23.5441],[77.79698,23.54475],[77.79633,23.54475],[77.79633,23.5441]]]}",304.26,23.5441,77.79625,EPSG:4326,Synthetic GIS survey,MINOR_VARIANCE,SYNTHETIC DEMO DATA — NOT OFFICIAL GOVERNMENT RECORDS
GIS-1716,P1716,P1716,"{""type"":""Polygon"",""coordinates"":[[[77.79633,23.54525],[77.79698,23.54525],[77.79698,23.5459],[77.79633,23.5459],[77.79633,23.54525]]]}",351.93,23.54525,77.79625,EPSG:4326,Synthetic GIS survey,MINOR_VARIANCE,SYNTHETIC DEMO DATA — NOT OFFICIAL GOVERNMENT RECORDS
GIS-1717,P1717,P1717,"{""type"":""Polygon"",""coordinates"":[[[77.79633,23.5464],[77.79698,23.5464],[77.79698,23.54705],[77.79633,23.54705],[77.79633,23.5464]]]}",400.03,23.5464,77.79625,EPSG:4326,Synthetic GIS survey,MINOR_VARIANCE,SYNTHETIC DEMO DATA — NOT OFFICIAL GOVERNMENT RECORDS
GIS-1718,P1718,P1718,"{""type"":""Polygon"",""coordinates"":[[[77.79633,23.54755],[77.79698,23.54755],[77.79698,23.5482],[77.79633,23.5482],[77.79633,23.54755]]]}",448.73,23.54755,77.79625,EPSG:4326,Synthetic GIS survey,MINOR_VARIANCE,SYNTHETIC DEMO DATA — NOT OFFICIAL GOVERNMENT RECORDS
GIS-1719,P1719,P1719,"{""type"":""Polygon"",""coordinates"":[[[77.79633,23.5487],[77.79698,23.5487],[77.79698,23.54935],[77.79633,23.54935],[77.79633,23.5487]]]}",496.69,23.5487,77.79625,EPSG:4326,Synthetic GIS survey,MINOR_VARIANCE,SYNTHETIC DEMO DATA — NOT OFFICIAL GOVERNMENT RECORDS
GIS-1720,P1720,P1720,"{""type"":""Polygon"",""coordinates"":[[[77.79633,23.54985],[77.79698,23.54985],[77.79698,23.5505],[77.79633,23.5505],[77.79633,23.54985]]]}",543.85,23.54985,77.79625,EPSG:4326,Synthetic GIS survey,MINOR_VARIANCE,SYNTHETIC DEMO DATA — NOT OFFICIAL GOVERNMENT RECORDS
GIS-1721,P1721,P1721,"{""type"":""Polygon"",""coordinates"":[[[77.79758,23.505],[77.79823,23.505],[77.79823,23.50565],[77.79758,23.50565],[77.79758,23.505]]]}",592.46,23.505,77.7975,EPSG:4326,Synthetic GIS survey,MINOR_VARIANCE,SYNTHETIC DEMO DATA — NOT OFFICIAL GOVERNMENT RECORDS
GIS-1722,P1722,P1722,"{""type"":""Polygon"",""coordinates"":[[[77.79758,23.50615],[77.79823,23.50615],[77.79823,23.5068],[77.79758,23.5068],[77.79758,23.50615]]]}",639.54,23.50615,77.7975,EPSG:4326,Synthetic GIS survey,MINOR_VARIANCE,SYNTHETIC DEMO DATA — NOT OFFICIAL GOVERNMENT RECORDS
GIS-1723,P1723,P1723,"{""type"":""Polygon"",""coordinates"":[[[77.79758,23.5073],[77.79823,23.5073],[77.79823,23.50795],[77.79758,23.50795],[77.79758,23.5073]]]}",688.31,23.5073,77.7975,EPSG:4326,Synthetic GIS survey,MINOR_VARIANCE,SYNTHETIC DEMO DATA — NOT OFFICIAL GOVERNMENT RECORDS
GIS-1724,P1724,P1724,"{""type"":""Polygon"",""coordinates"":[[[77.79758,23.50845],[77.79823,23.50845],[77.79823,23.5091],[77.79758,23.5091],[77.79758,23.50845]]]}",736.22,23.50845,77.7975,EPSG:4326,Synthetic GIS survey,MINOR_VARIANCE,SYNTHETIC DEMO DATA — NOT OFFICIAL GOVERNMENT RECORDS
GIS-1725,P1725,P1725,"{""type"":""Polygon"",""coordinates"":[[[77.79758,23.5096],[77.79823,23.5096],[77.79823,23.51025],[77.79758,23.51025],[77.79758,23.5096]]]}",783.56,23.5096,77.7975,EPSG:4326,Synthetic GIS survey,MINOR_VARIANCE,SYNTHETIC DEMO DATA — NOT OFFICIAL GOVERNMENT RECORDS
GIS-1726,P1726,P1726,"{""type"":""Polygon"",""coordinates"":[[[77.79758,23.51075],[77.79823,23.51075],[77.79823,23.5114],[77.79758,23.5114],[77.79758,23.51075]]]}",831.44,23.51075,77.7975,EPSG:4326,Synthetic GIS survey,MINOR_VARIANCE,SYNTHETIC DEMO DATA — NOT OFFICIAL GOVERNMENT RECORDS
GIS-1727,P1727,P1727,"{""type"":""Polygon"",""coordinates"":[[[77.79758,23.5119],[77.79823,23.5119],[77.79823,23.51255],[77.79758,23.51255],[77.79758,23.5119]]]}",879.79,23.5119,77.7975,EPSG:4326,Synthetic GIS survey,MINOR_VARIANCE,SYNTHETIC DEMO DATA — NOT OFFICIAL GOVERNMENT RECORDS
GIS-1728,P1728,P1728,"{""type"":""Polygon"",""coordinates"":[[[77.79758,23.51305],[77.79823,23.51305],[77.79823,23.5137],[77.79758,23.5137],[77.79758,23.51305]]]}",928.06,23.51305,77.7975,EPSG:4326,Synthetic GIS survey,MINOR_VARIANCE,SYNTHETIC DEMO DATA — NOT OFFICIAL GOVERNMENT RECORDS
GIS-1729,P1729,P1729,"{""type"":""Polygon"",""coordinates"":[[[77.79758,23.5142],[77.79823,23.5142],[77.79823,23.51485],[77.79758,23.51485],[77.79758,23.5142]]]}",975.86,23.5142,77.7975,EPSG:4326,Synthetic GIS survey,MINOR_VARIANCE,SYNTHETIC DEMO DATA — NOT OFFICIAL GOVERNMENT RECORDS
GIS-1730,P1730,P1730,"{""type"":""Polygon"",""coordinates"":[[[77.79758,23.51535],[77.79823,23.51535],[77.79823,23.516],[77.79758,23.516],[77.79758,23.51535]]]}",1023.85,23.51535,77.7975,EPSG:4326,Synthetic GIS survey,MINOR_VARIANCE,SYNTHETIC DEMO DATA — NOT OFFICIAL GOVERNMENT RECORDS
GIS-1731,P1731,P1731,"{""type"":""Polygon"",""coordinates"":[[[77.79758,23.5165],[77.79823,23.5165],[77.79823,23.51715],[77.79758,23.51715],[77.79758,23.5165]]]}",1071.97,23.5165,77.7975,EPSG:4326,Synthetic GIS survey,MINOR_VARIANCE,SYNTHETIC DEMO DATA — NOT OFFICIAL GOVERNMENT RECORDS
GIS-1732,P1732,P1732,"{""type"":""Polygon"",""coordinates"":[[[77.79758,23.51765],[77.79823,23.51765],[77.79823,23.5183],[77.79758,23.5183],[77.79758,23.51765]]]}",1119.08,23.51765,77.7975,EPSG:4326,Synthetic GIS survey,MINOR_VARIANCE,SYNTHETIC DEMO DATA — NOT OFFICIAL GOVERNMENT RECORDS
GIS-1733,P1733,P1733,"{""type"":""Polygon"",""coordinates"":[[[77.79758,23.5188],[77.79823,23.5188],[77.79823,23.51945],[77.79758,23.51945],[77.79758,23.5188]]]}",1167.78,23.5188,77.7975,EPSG:4326,Synthetic GIS survey,MINOR_VARIANCE,SYNTHETIC DEMO DATA — NOT OFFICIAL GOVERNMENT RECORDS
GIS-1734,P1734,P1734,"{""type"":""Polygon"",""coordinates"":[[[77.79758,23.51995],[77.79823,23.51995],[77.79823,23.5206],[77.79758,23.5206],[77.79758,23.51995]]]}",1215.17,23.51995,77.7975,EPSG:4326,Synthetic GIS survey,MINOR_VARIANCE,SYNTHETIC DEMO DATA — NOT OFFICIAL GOVERNMENT RECORDS
GIS-1735,P1735,P1735,"{""type"":""Polygon"",""coordinates"":[[[77.79758,23.5211],[77.79823,23.5211],[77.79823,23.52175],[77.79758,23.52175],[77.79758,23.5211]]]}",1263.12,23.5211,77.7975,EPSG:4326,Synthetic GIS survey,MINOR_VARIANCE,SYNTHETIC DEMO DATA — NOT OFFICIAL GOVERNMENT RECORDS
GIS-1736,P1736,P1736,"{""type"":""Polygon"",""coordinates"":[[[77.79758,23.52225],[77.79823,23.52225],[77.79823,23.5229],[77.79758,23.5229],[77.79758,23.52225]]]}",1310.99,23.52225,77.7975,EPSG:4326,Synthetic GIS survey,MINOR_VARIANCE,SYNTHETIC DEMO DATA — NOT OFFICIAL GOVERNMENT RECORDS
GIS-1737,P1737,P1737,"{""type"":""Polygon"",""coordinates"":[[[77.79758,23.5234],[77.79823,23.5234],[77.79823,23.52405],[77.79758,23.52405],[77.79758,23.5234]]]}",1359.42,23.5234,77.7975,EPSG:4326,Synthetic GIS survey,MINOR_VARIANCE,SYNTHETIC DEMO DATA — NOT OFFICIAL GOVERNMENT RECORDS
GIS-1738,P1738,P1738,"{""type"":""Polygon"",""coordinates"":[[[77.79758,23.52455],[77.79823,23.52455],[77.79823,23.5252],[77.79758,23.5252],[77.79758,23.52455]]]}",1406.65,23.52455,77.7975,EPSG:4326,Synthetic GIS survey,MINOR_VARIANCE,SYNTHETIC DEMO DATA — NOT OFFICIAL GOVERNMENT RECORDS
GIS-1739,P1739,P1739,"{""type"":""Polygon"",""coordinates"":[[[77.79758,23.5257],[77.79823,23.5257],[77.79823,23.52635],[77.79758,23.52635],[77.79758,23.5257]]]}",1454.76,23.5257,77.7975,EPSG:4326,Synthetic GIS survey,MINOR_VARIANCE,SYNTHETIC DEMO DATA — NOT OFFICIAL GOVERNMENT RECORDS
GIS-1740,P1740,P1740,"{""type"":""Polygon"",""coordinates"":[[[77.79758,23.52685],[77.79823,23.52685],[77.79823,23.5275],[77.79758,23.5275],[77.79758,23.52685]]]}",1502.64,23.52685,77.7975,EPSG:4326,Synthetic GIS survey,MINOR_VARIANCE,SYNTHETIC DEMO DATA — NOT OFFICIAL GOVERNMENT RECORDS
GIS-1741,P1741,P1741,"{""type"":""Polygon"",""coordinates"":[[[77.79758,23.528],[77.79823,23.528],[77.79823,23.52865],[77.79758,23.52865],[77.79758,23.528]]]}",1550.74,23.528,77.7975,EPSG:4326,Synthetic GIS survey,MINOR_VARIANCE,SYNTHETIC DEMO DATA — NOT OFFICIAL GOVERNMENT RECORDS
GIS-1742,P1742,P1742,"{""type"":""Polygon"",""coordinates"":[[[77.79758,23.52915],[77.79823,23.52915],[77.79823,23.5298],[77.79758,23.5298],[77.79758,23.52915]]]}",119.79,23.52915,77.7975,EPSG:4326,Synthetic GIS survey,MINOR_VARIANCE,SYNTHETIC DEMO DATA — NOT OFFICIAL GOVERNMENT RECORDS
GIS-1743,P1743,P1743,"{""type"":""Polygon"",""coordinates"":[[[77.79758,23.5303],[77.79823,23.5303],[77.79823,23.53095],[77.79758,23.53095],[77.79758,23.5303]]]}",168.23,23.5303,77.7975,EPSG:4326,Synthetic GIS survey,MINOR_VARIANCE,SYNTHETIC DEMO DATA — NOT OFFICIAL GOVERNMENT RECORDS
GIS-1744,P1744,P1744,"{""type"":""Polygon"",""coordinates"":[[[77.79758,23.53145],[77.79823,23.53145],[77.79823,23.5321],[77.79758,23.5321],[77.79758,23.53145]]]}",215.26,23.53145,77.7975,EPSG:4326,Synthetic GIS survey,MINOR_VARIANCE,SYNTHETIC DEMO DATA — NOT OFFICIAL GOVERNMENT RECORDS
GIS-1745,P1745,P1745,"{""type"":""Polygon"",""coordinates"":[[[77.79758,23.5326],[77.79823,23.5326],[77.79823,23.53325],[77.79758,23.53325],[77.79758,23.5326]]]}",264.1,23.5326,77.7975,EPSG:4326,Synthetic GIS survey,MINOR_VARIANCE,SYNTHETIC DEMO DATA — NOT OFFICIAL GOVERNMENT RECORDS
GIS-1746,P1746,P1746,"{""type"":""Polygon"",""coordinates"":[[[77.79758,23.53375],[77.79823,23.53375],[77.79823,23.5344],[77.79758,23.5344],[77.79758,23.53375]]]}",311.39,23.53375,77.7975,EPSG:4326,Synthetic GIS survey,MINOR_VARIANCE,SYNTHETIC DEMO DATA — NOT OFFICIAL GOVERNMENT RECORDS
GIS-1747,P1747,P1747,"{""type"":""Polygon"",""coordinates"":[[[77.79758,23.5349],[77.79823,23.5349],[77.79823,23.53555],[77.79758,23.53555],[77.79758,23.5349]]]}",359.26,23.5349,77.7975,EPSG:4326,Synthetic GIS survey,MINOR_VARIANCE,SYNTHETIC DEMO DATA — NOT OFFICIAL GOVERNMENT RECORDS
GIS-1748,P1748,P1748,"{""type"":""Polygon"",""coordinates"":[[[77.79758,23.53605],[77.79823,23.53605],[77.79823,23.5367],[77.79758,23.5367],[77.79758,23.53605]]]}",407.93,23.53605,77.7975,EPSG:4326,Synthetic GIS survey,MINOR_VARIANCE,SYNTHETIC DEMO DATA — NOT OFFICIAL GOVERNMENT RECORDS
GIS-1749,P1749,P1749,"{""type"":""Polygon"",""coordinates"":[[[77.79758,23.5372],[77.79823,23.5372],[77.79823,23.53785],[77.79758,23.53785],[77.79758,23.5372]]]}",455.87,23.5372,77.7975,EPSG:4326,Synthetic GIS survey,MINOR_VARIANCE,SYNTHETIC DEMO DATA — NOT OFFICIAL GOVERNMENT RECORDS
GIS-1750,P1750,P1750,"{""type"":""Polygon"",""coordinates"":[[[77.79758,23.53835],[77.79823,23.53835],[77.79823,23.539],[77.79758,23.539],[77.79758,23.53835]]]}",503.14,23.53835,77.7975,EPSG:4326,Synthetic GIS survey,MINOR_VARIANCE,SYNTHETIC DEMO DATA — NOT OFFICIAL GOVERNMENT RECORDS
GIS-1751,P1751,P1751,"{""type"":""Polygon"",""coordinates"":[[[77.79758,23.5395],[77.79823,23.5395],[77.79823,23.54015],[77.79758,23.54015],[77.79758,23.5395]]]}",551.26,23.5395,77.7975,EPSG:4326,Synthetic GIS survey,MINOR_VARIANCE,SYNTHETIC DEMO DATA — NOT OFFICIAL GOVERNMENT RECORDS
GIS-1752,P1752,P1752,"{""type"":""Polygon"",""coordinates"":[[[77.79758,23.54065],[77.79823,23.54065],[77.79823,23.5413],[77.79758,23.5413],[77.79758,23.54065]]]}",599.32,23.54065,77.7975,EPSG:4326,Synthetic GIS survey,MINOR_VARIANCE,SYNTHETIC DEMO DATA — NOT OFFICIAL GOVERNMENT RECORDS
GIS-1753,P1753,P1753,"{""type"":""Polygon"",""coordinates"":[[[77.79758,23.5418],[77.79823,23.5418],[77.79823,23.54245],[77.79758,23.54245],[77.79758,23.5418]]]}",647.2,23.5418,77.7975,EPSG:4326,Synthetic GIS survey,MINOR_VARIANCE,SYNTHETIC DEMO DATA — NOT OFFICIAL GOVERNMENT RECORDS
GIS-1754,P1754,P1754,"{""type"":""Polygon"",""coordinates"":[[[77.79758,23.54295],[77.79823,23.54295],[77.79823,23.5436],[77.79758,23.5436],[77.79758,23.54295]]]}",694.74,23.54295,77.7975,EPSG:4326,Synthetic GIS survey,MINOR_VARIANCE,SYNTHETIC DEMO DATA — NOT OFFICIAL GOVERNMENT RECORDS
GIS-1755,P1755,P1755,"{""type"":""Polygon"",""coordinates"":[[[77.79758,23.5441],[77.79823,23.5441],[77.79823,23.54475],[77.79758,23.54475],[77.79758,23.5441]]]}",742.72,23.5441,77.7975,EPSG:4326,Synthetic GIS survey,MINOR_VARIANCE,SYNTHETIC DEMO DATA — NOT OFFICIAL GOVERNMENT RECORDS
GIS-1756,P1756,P1756,"{""type"":""Polygon"",""coordinates"":[[[77.79758,23.54525],[77.79823,23.54525],[77.79823,23.5459],[77.79758,23.5459],[77.79758,23.54525]]]}",791.37,23.54525,77.7975,EPSG:4326,Synthetic GIS survey,MINOR_VARIANCE,SYNTHETIC DEMO DATA — NOT OFFICIAL GOVERNMENT RECORDS
GIS-1757,P1757,P1757,"{""type"":""Polygon"",""coordinates"":[[[77.79758,23.5464],[77.79823,23.5464],[77.79823,23.54705],[77.79758,23.54705],[77.79758,23.5464]]]}",838.84,23.5464,77.7975,EPSG:4326,Synthetic GIS survey,MINOR_VARIANCE,SYNTHETIC DEMO DATA — NOT OFFICIAL GOVERNMENT RECORDS
GIS-1758,P1758,P1758,"{""type"":""Polygon"",""coordinates"":[[[77.79758,23.54755],[77.79823,23.54755],[77.79823,23.5482],[77.79758,23.5482],[77.79758,23.54755]]]}",886.74,23.54755,77.7975,EPSG:4326,Synthetic GIS survey,MINOR_VARIANCE,SYNTHETIC DEMO DATA — NOT OFFICIAL GOVERNMENT RECORDS
GIS-1759,P1759,P1759,"{""type"":""Polygon"",""coordinates"":[[[77.79758,23.5487],[77.79823,23.5487],[77.79823,23.54935],[77.79758,23.54935],[77.79758,23.5487]]]}",935.28,23.5487,77.7975,EPSG:4326,Synthetic GIS survey,MINOR_VARIANCE,SYNTHETIC DEMO DATA — NOT OFFICIAL GOVERNMENT RECORDS
GIS-1760,P1760,P1760,"{""type"":""Polygon"",""coordinates"":[[[77.79758,23.54985],[77.79823,23.54985],[77.79823,23.5505],[77.79758,23.5505],[77.79758,23.54985]]]}",982.3,23.54985,77.7975,EPSG:4326,Synthetic GIS survey,MINOR_VARIANCE,SYNTHETIC DEMO DATA — NOT OFFICIAL GOVERNMENT RECORDS
GIS-1761,P1761,P1761,"{""type"":""Polygon"",""coordinates"":[[[77.79883,23.505],[77.79948,23.505],[77.79948,23.50565],[77.79883,23.50565],[77.79883,23.505]]]}",1030.25,23.505,77.79875,EPSG:4326,Synthetic GIS survey,MINOR_VARIANCE,SYNTHETIC DEMO DATA — NOT OFFICIAL GOVERNMENT RECORDS
GIS-1762,P1762,P1762,"{""type"":""Polygon"",""coordinates"":[[[77.79883,23.50615],[77.79948,23.50615],[77.79948,23.5068],[77.79883,23.5068],[77.79883,23.50615]]]}",1079.04,23.50615,77.79875,EPSG:4326,Synthetic GIS survey,MINOR_VARIANCE,SYNTHETIC DEMO DATA — NOT OFFICIAL GOVERNMENT RECORDS
GIS-1763,P1763,P1763,"{""type"":""Polygon"",""coordinates"":[[[77.79883,23.5073],[77.79948,23.5073],[77.79948,23.50795],[77.79883,23.50795],[77.79883,23.5073]]]}",1127.01,23.5073,77.79875,EPSG:4326,Synthetic GIS survey,MINOR_VARIANCE,SYNTHETIC DEMO DATA — NOT OFFICIAL GOVERNMENT RECORDS
GIS-1764,P1764,P1764,"{""type"":""Polygon"",""coordinates"":[[[77.79883,23.50845],[77.79948,23.50845],[77.79948,23.5091],[77.79883,23.5091],[77.79883,23.50845]]]}",1174.16,23.50845,77.79875,EPSG:4326,Synthetic GIS survey,MINOR_VARIANCE,SYNTHETIC DEMO DATA — NOT OFFICIAL GOVERNMENT RECORDS
GIS-1765,P1765,P1765,"{""type"":""Polygon"",""coordinates"":[[[77.79883,23.5096],[77.79948,23.5096],[77.79948,23.51025],[77.79883,23.51025],[77.79883,23.5096]]]}",1222.59,23.5096,77.79875,EPSG:4326,Synthetic GIS survey,MINOR_VARIANCE,SYNTHETIC DEMO DATA — NOT OFFICIAL GOVERNMENT RECORDS
GIS-1766,P1766,P1766,"{""type"":""Polygon"",""coordinates"":[[[77.79883,23.51075],[77.79948,23.51075],[77.79948,23.5114],[77.79883,23.5114],[77.79883,23.51075]]]}",1270.17,23.51075,77.79875,EPSG:4326,Synthetic GIS survey,MINOR_VARIANCE,SYNTHETIC DEMO DATA — NOT OFFICIAL GOVERNMENT RECORDS
GIS-1767,P1767,P1767,"{""type"":""Polygon"",""coordinates"":[[[77.79883,23.5119],[77.79948,23.5119],[77.79948,23.51255],[77.79883,23.51255],[77.79883,23.5119]]]}",1317.96,23.5119,77.79875,EPSG:4326,Synthetic GIS survey,MINOR_VARIANCE,SYNTHETIC DEMO DATA — NOT OFFICIAL GOVERNMENT RECORDS
GIS-1768,P1768,P1768,"{""type"":""Polygon"",""coordinates"":[[[77.79883,23.51305],[77.79948,23.51305],[77.79948,23.5137],[77.79883,23.5137],[77.79883,23.51305]]]}",1366.1,23.51305,77.79875,EPSG:4326,Synthetic GIS survey,MINOR_VARIANCE,SYNTHETIC DEMO DATA — NOT OFFICIAL GOVERNMENT RECORDS
GIS-1769,P1769,P1769,"{""type"":""Polygon"",""coordinates"":[[[77.79883,23.5142],[77.79948,23.5142],[77.79948,23.51485],[77.79883,23.51485],[77.79883,23.5142]]]}",1414.38,23.5142,77.79875,EPSG:4326,Synthetic GIS survey,MINOR_VARIANCE,SYNTHETIC DEMO DATA — NOT OFFICIAL GOVERNMENT RECORDS
GIS-1770,P1770,P1770,"{""type"":""Polygon"",""coordinates"":[[[77.79883,23.51535],[77.79948,23.51535],[77.79948,23.516],[77.79883,23.516],[77.79883,23.51535]]]}",1461.82,23.51535,77.79875,EPSG:4326,Synthetic GIS survey,MINOR_VARIANCE,SYNTHETIC DEMO DATA — NOT OFFICIAL GOVERNMENT RECORDS
GIS-1771,P1771,P1771,"{""type"":""Polygon"",""coordinates"":[[[77.79883,23.5165],[77.79948,23.5165],[77.79948,23.51715],[77.79883,23.51715],[77.79883,23.5165]]]}",1510.42,23.5165,77.79875,EPSG:4326,Synthetic GIS survey,MINOR_VARIANCE,SYNTHETIC DEMO DATA — NOT OFFICIAL GOVERNMENT RECORDS
GIS-1772,P1772,P1772,"{""type"":""Polygon"",""coordinates"":[[[77.79883,23.51765],[77.79948,23.51765],[77.79948,23.5183],[77.79883,23.5183],[77.79883,23.51765]]]}",1558.37,23.51765,77.79875,EPSG:4326,Synthetic GIS survey,MINOR_VARIANCE,SYNTHETIC DEMO DATA — NOT OFFICIAL GOVERNMENT RECORDS
GIS-1773,P1773,P1773,"{""type"":""Polygon"",""coordinates"":[[[77.79883,23.5188],[77.79948,23.5188],[77.79948,23.51945],[77.79883,23.51945],[77.79883,23.5188]]]}",127.46,23.5188,77.79875,EPSG:4326,Synthetic GIS survey,MINOR_VARIANCE,SYNTHETIC DEMO DATA — NOT OFFICIAL GOVERNMENT RECORDS
GIS-1774,P1774,P1774,"{""type"":""Polygon"",""coordinates"":[[[77.79883,23.51995],[77.79948,23.51995],[77.79948,23.5206],[77.79883,23.5206],[77.79883,23.51995]]]}",175.42,23.51995,77.79875,EPSG:4326,Synthetic GIS survey,MINOR_VARIANCE,SYNTHETIC DEMO DATA — NOT OFFICIAL GOVERNMENT RECORDS
GIS-1775,P1775,P1775,"{""type"":""Polygon"",""coordinates"":[[[77.79883,23.5211],[77.79948,23.5211],[77.79948,23.52175],[77.79883,23.52175],[77.79883,23.5211]]]}",222.93,23.5211,77.79875,EPSG:4326,Synthetic GIS survey,MINOR_VARIANCE,SYNTHETIC DEMO DATA — NOT OFFICIAL GOVERNMENT RECORDS
GIS-1776,P1776,P1776,"{""type"":""Polygon"",""coordinates"":[[[77.79883,23.52225],[77.79948,23.52225],[77.79948,23.5229],[77.79883,23.5229],[77.79883,23.52225]]]}",271.3,23.52225,77.79875,EPSG:4326,Synthetic GIS survey,MINOR_VARIANCE,SYNTHETIC DEMO DATA — NOT OFFICIAL GOVERNMENT RECORDS
GIS-1777,P1777,P1777,"{""type"":""Polygon"",""coordinates"":[[[77.79883,23.5234],[77.79948,23.5234],[77.79948,23.52405],[77.79883,23.52405],[77.79883,23.5234]]]}",319.05,23.5234,77.79875,EPSG:4326,Synthetic GIS survey,MINOR_VARIANCE,SYNTHETIC DEMO DATA — NOT OFFICIAL GOVERNMENT RECORDS
GIS-1778,P1778,P1778,"{""type"":""Polygon"",""coordinates"":[[[77.79883,23.52455],[77.79948,23.52455],[77.79948,23.5252],[77.79883,23.5252],[77.79883,23.52455]]]}",366.99,23.52455,77.79875,EPSG:4326,Synthetic GIS survey,MINOR_VARIANCE,SYNTHETIC DEMO DATA — NOT OFFICIAL GOVERNMENT RECORDS
GIS-1779,P1779,P1779,"{""type"":""Polygon"",""coordinates"":[[[77.79883,23.5257],[77.79948,23.5257],[77.79948,23.52635],[77.79883,23.52635],[77.79883,23.5257]]]}",415.06,23.5257,77.79875,EPSG:4326,Synthetic GIS survey,MINOR_VARIANCE,SYNTHETIC DEMO DATA — NOT OFFICIAL GOVERNMENT RECORDS
GIS-1780,P1780,P1780,"{""type"":""Polygon"",""coordinates"":[[[77.79883,23.52685],[77.79948,23.52685],[77.79948,23.5275],[77.79883,23.5275],[77.79883,23.52685]]]}",463.04,23.52685,77.79875,EPSG:4326,Synthetic GIS survey,MINOR_VARIANCE,SYNTHETIC DEMO DATA — NOT OFFICIAL GOVERNMENT RECORDS
GIS-1781,P1781,P1781,"{""type"":""Polygon"",""coordinates"":[[[77.79883,23.528],[77.79948,23.528],[77.79948,23.52865],[77.79883,23.52865],[77.79883,23.528]]]}",510.71,23.528,77.79875,EPSG:4326,Synthetic GIS survey,MINOR_VARIANCE,SYNTHETIC DEMO DATA — NOT OFFICIAL GOVERNMENT RECORDS
GIS-1782,P1782,P1782,"{""type"":""Polygon"",""coordinates"":[[[77.79883,23.52915],[77.79948,23.52915],[77.79948,23.5298],[77.79883,23.5298],[77.79883,23.52915]]]}",558.42,23.52915,77.79875,EPSG:4326,Synthetic GIS survey,MINOR_VARIANCE,SYNTHETIC DEMO DATA — NOT OFFICIAL GOVERNMENT RECORDS
GIS-1783,P1783,P1783,"{""type"":""Polygon"",""coordinates"":[[[77.79883,23.5303],[77.79948,23.5303],[77.79948,23.53095],[77.79883,23.53095],[77.79883,23.5303]]]}",606.72,23.5303,77.79875,EPSG:4326,Synthetic GIS survey,MINOR_VARIANCE,SYNTHETIC DEMO DATA — NOT OFFICIAL GOVERNMENT RECORDS
GIS-1784,P1784,P1784,"{""type"":""Polygon"",""coordinates"":[[[77.79883,23.53145],[77.79948,23.53145],[77.79948,23.5321],[77.79883,23.5321],[77.79883,23.53145]]]}",653.87,23.53145,77.79875,EPSG:4326,Synthetic GIS survey,MINOR_VARIANCE,SYNTHETIC DEMO DATA — NOT OFFICIAL GOVERNMENT RECORDS
GIS-1785,P1785,P1785,"{""type"":""Polygon"",""coordinates"":[[[77.79883,23.5326],[77.79948,23.5326],[77.79948,23.53325],[77.79883,23.53325],[77.79883,23.5326]]]}",702.46,23.5326,77.79875,EPSG:4326,Synthetic GIS survey,MINOR_VARIANCE,SYNTHETIC DEMO DATA — NOT OFFICIAL GOVERNMENT RECORDS
GIS-1786,P1786,P1786,"{""type"":""Polygon"",""coordinates"":[[[77.79883,23.53375],[77.79948,23.53375],[77.79948,23.5344],[77.79883,23.5344],[77.79883,23.53375]]]}",750.08,23.53375,77.79875,EPSG:4326,Synthetic GIS survey,MINOR_VARIANCE,SYNTHETIC DEMO DATA — NOT OFFICIAL GOVERNMENT RECORDS
GIS-1787,P1787,P1787,"{""type"":""Polygon"",""coordinates"":[[[77.79883,23.5349],[77.79948,23.5349],[77.79948,23.53555],[77.79883,23.53555],[77.79883,23.5349]]]}",798.52,23.5349,77.79875,EPSG:4326,Synthetic GIS survey,MINOR_VARIANCE,SYNTHETIC DEMO DATA — NOT OFFICIAL GOVERNMENT RECORDS
GIS-1788,P1788,P1788,"{""type"":""Polygon"",""coordinates"":[[[77.79883,23.53605],[77.79948,23.53605],[77.79948,23.5367],[77.79883,23.5367],[77.79883,23.53605]]]}",845.67,23.53605,77.79875,EPSG:4326,Synthetic GIS survey,MINOR_VARIANCE,SYNTHETIC DEMO DATA — NOT OFFICIAL GOVERNMENT RECORDS
GIS-1789,P1789,P1789,"{""type"":""Polygon"",""coordinates"":[[[77.79883,23.5372],[77.79948,23.5372],[77.79948,23.53785],[77.79883,23.53785],[77.79883,23.5372]]]}",894.43,23.5372,77.79875,EPSG:4326,Synthetic GIS survey,MINOR_VARIANCE,SYNTHETIC DEMO DATA — NOT OFFICIAL GOVERNMENT RECORDS
GIS-1790,P1790,P1790,"{""type"":""Polygon"",""coordinates"":[[[77.79883,23.53835],[77.79948,23.53835],[77.79948,23.539],[77.79883,23.539],[77.79883,23.53835]]]}",942.03,23.53835,77.79875,EPSG:4326,Synthetic GIS survey,MINOR_VARIANCE,SYNTHETIC DEMO DATA — NOT OFFICIAL GOVERNMENT RECORDS
GIS-1791,P1791,P1791,"{""type"":""Polygon"",""coordinates"":[[[77.79883,23.5395],[77.79948,23.5395],[77.79948,23.54015],[77.79883,23.54015],[77.79883,23.5395]]]}",989.54,23.5395,77.79875,EPSG:4326,Synthetic GIS survey,MINOR_VARIANCE,SYNTHETIC DEMO DATA — NOT OFFICIAL GOVERNMENT RECORDS
GIS-1792,P1792,P1792,"{""type"":""Polygon"",""coordinates"":[[[77.79883,23.54065],[77.79948,23.54065],[77.79948,23.5413],[77.79883,23.5413],[77.79883,23.54065]]]}",1038.27,23.54065,77.79875,EPSG:4326,Synthetic GIS survey,MINOR_VARIANCE,SYNTHETIC DEMO DATA — NOT OFFICIAL GOVERNMENT RECORDS
GIS-1793,P1793,P1793,"{""type"":""Polygon"",""coordinates"":[[[77.79883,23.5418],[77.79948,23.5418],[77.79948,23.54245],[77.79883,23.54245],[77.79883,23.5418]]]}",1085.41,23.5418,77.79875,EPSG:4326,Synthetic GIS survey,MINOR_VARIANCE,SYNTHETIC DEMO DATA — NOT OFFICIAL GOVERNMENT RECORDS
GIS-1794,P1794,P1794,"{""type"":""Polygon"",""coordinates"":[[[77.79883,23.54295],[77.79948,23.54295],[77.79948,23.5436],[77.79883,23.5436],[77.79883,23.54295]]]}",1134.06,23.54295,77.79875,EPSG:4326,Synthetic GIS survey,MINOR_VARIANCE,SYNTHETIC DEMO DATA — NOT OFFICIAL GOVERNMENT RECORDS
GIS-1795,P1795,P1795,"{""type"":""Polygon"",""coordinates"":[[[77.79883,23.5441],[77.79948,23.5441],[77.79948,23.54475],[77.79883,23.54475],[77.79883,23.5441]]]}",1181.57,23.5441,77.79875,EPSG:4326,Synthetic GIS survey,MINOR_VARIANCE,SYNTHETIC DEMO DATA — NOT OFFICIAL GOVERNMENT RECORDS
GIS-1796,P1796,P1796,"{""type"":""Polygon"",""coordinates"":[[[77.79883,23.54525],[77.79948,23.54525],[77.79948,23.5459],[77.79883,23.5459],[77.79883,23.54525]]]}",1229.17,23.54525,77.79875,EPSG:4326,Synthetic GIS survey,MINOR_VARIANCE,SYNTHETIC DEMO DATA — NOT OFFICIAL GOVERNMENT RECORDS
GIS-1797,P1797,P1797,"{""type"":""Polygon"",""coordinates"":[[[77.79883,23.5464],[77.79948,23.5464],[77.79948,23.54705],[77.79883,23.54705],[77.79883,23.5464]]]}",1277.09,23.5464,77.79875,EPSG:4326,Synthetic GIS survey,MINOR_VARIANCE,SYNTHETIC DEMO DATA — NOT OFFICIAL GOVERNMENT RECORDS
GIS-1798,P1798,P1798,"{""type"":""Polygon"",""coordinates"":[[[77.79883,23.54755],[77.79948,23.54755],[77.79948,23.5482],[77.79883,23.5482],[77.79883,23.54755]]]}",1325.44,23.54755,77.79875,EPSG:4326,Synthetic GIS survey,MINOR_VARIANCE,SYNTHETIC DEMO DATA — NOT OFFICIAL GOVERNMENT RECORDS
GIS-1799,P1799,P1799,"{""type"":""Polygon"",""coordinates"":[[[77.79883,23.5487],[77.79948,23.5487],[77.79948,23.54935],[77.79883,23.54935],[77.79883,23.5487]]]}",1373.54,23.5487,77.79875,EPSG:4326,Synthetic GIS survey,MINOR_VARIANCE,SYNTHETIC DEMO DATA — NOT OFFICIAL GOVERNMENT RECORDS
GIS-1800,P1800,P1800,"{""type"":""Polygon"",""coordinates"":[[[77.79883,23.54985],[77.79948,23.54985],[77.79948,23.5505],[77.79883,23.5505],[77.79883,23.54985]]]}",1421.22,23.54985,77.79875,EPSG:4326,Synthetic GIS survey,MINOR_VARIANCE,SYNTHETIC DEMO DATA — NOT OFFICIAL GOVERNMENT RECORDS
GIS-1801,P1801,P1801,"{""type"":""Polygon"",""coordinates"":[[[77.80008,23.505],[77.80073,23.505],[77.80073,23.50565],[77.80008,23.50565],[77.80008,23.505]]]}",1469.8,23.505,77.8,EPSG:4326,Synthetic GIS survey,MINOR_VARIANCE,SYNTHETIC DEMO DATA — NOT OFFICIAL GOVERNMENT RECORDS
GIS-1802,P1802,P1802,"{""type"":""Polygon"",""coordinates"":[[[77.80008,23.50615],[77.80073,23.50615],[77.80073,23.5068],[77.80008,23.5068],[77.80008,23.50615]]]}",1517.07,23.50615,77.8,EPSG:4326,Synthetic GIS survey,MINOR_VARIANCE,SYNTHETIC DEMO DATA — NOT OFFICIAL GOVERNMENT RECORDS
GIS-1803,P1803,P1803,"{""type"":""Polygon"",""coordinates"":[[[77.80008,23.5073],[77.80073,23.5073],[77.80073,23.50795],[77.80008,23.50795],[77.80008,23.5073]]]}",1565.36,23.5073,77.8,EPSG:4326,Synthetic GIS survey,MINOR_VARIANCE,SYNTHETIC DEMO DATA — NOT OFFICIAL GOVERNMENT RECORDS
GIS-1804,P1804,P1804,"{""type"":""Polygon"",""coordinates"":[[[77.80008,23.50845],[77.80073,23.50845],[77.80073,23.5091],[77.80008,23.5091],[77.80008,23.50845]]]}",133.92,23.50845,77.8,EPSG:4326,Synthetic GIS survey,MINOR_VARIANCE,SYNTHETIC DEMO DATA — NOT OFFICIAL GOVERNMENT RECORDS
GIS-1805,P1805,P1805,"{""type"":""Polygon"",""coordinates"":[[[77.80008,23.5096],[77.80073,23.5096],[77.80073,23.51025],[77.80008,23.51025],[77.80008,23.5096]]]}",182.47,23.5096,77.8,EPSG:4326,Synthetic GIS survey,MINOR_VARIANCE,SYNTHETIC DEMO DATA — NOT OFFICIAL GOVERNMENT RECORDS
GIS-1806,P1806,P1806,"{""type"":""Polygon"",""coordinates"":[[[77.80008,23.51075],[77.80073,23.51075],[77.80073,23.5114],[77.80008,23.5114],[77.80008,23.51075]]]}",229.99,23.51075,77.8,EPSG:4326,Synthetic GIS survey,MINOR_VARIANCE,SYNTHETIC DEMO DATA — NOT OFFICIAL GOVERNMENT RECORDS
GIS-1807,P1807,P1807,"{""type"":""Polygon"",""coordinates"":[[[77.80008,23.5119],[77.80073,23.5119],[77.80073,23.51255],[77.80008,23.51255],[77.80008,23.5119]]]}",277.64,23.5119,77.8,EPSG:4326,Synthetic GIS survey,MINOR_VARIANCE,SYNTHETIC DEMO DATA — NOT OFFICIAL GOVERNMENT RECORDS
GIS-1808,P1808,P1808,"{""type"":""Polygon"",""coordinates"":[[[77.80008,23.51305],[77.80073,23.51305],[77.80073,23.5137],[77.80008,23.5137],[77.80008,23.51305]]]}",325.43,23.51305,77.8,EPSG:4326,Synthetic GIS survey,MINOR_VARIANCE,SYNTHETIC DEMO DATA — NOT OFFICIAL GOVERNMENT RECORDS
GIS-1809,P1809,P1809,"{""type"":""Polygon"",""coordinates"":[[[77.80008,23.5142],[77.80073,23.5142],[77.80073,23.51485],[77.80008,23.51485],[77.80008,23.5142]]]}",373.72,23.5142,77.8,EPSG:4326,Synthetic GIS survey,MINOR_VARIANCE,SYNTHETIC DEMO DATA — NOT OFFICIAL GOVERNMENT RECORDS
GIS-1810,P1810,P1810,"{""type"":""Polygon"",""coordinates"":[[[77.80008,23.51535],[77.80073,23.51535],[77.80073,23.516],[77.80008,23.516],[77.80008,23.51535]]]}",421.69,23.51535,77.8,EPSG:4326,Synthetic GIS survey,MINOR_VARIANCE,SYNTHETIC DEMO DATA — NOT OFFICIAL GOVERNMENT RECORDS
GIS-1811,P1811,P1811,"{""type"":""Polygon"",""coordinates"":[[[77.80008,23.5165],[77.80073,23.5165],[77.80073,23.51715],[77.80008,23.51715],[77.80008,23.5165]]]}",469.22,23.5165,77.8,EPSG:4326,Synthetic GIS survey,MINOR_VARIANCE,SYNTHETIC DEMO DATA — NOT OFFICIAL GOVERNMENT RECORDS
GIS-1812,P1812,P1812,"{""type"":""Polygon"",""coordinates"":[[[77.80008,23.51765],[77.80073,23.51765],[77.80073,23.5183],[77.80008,23.5183],[77.80008,23.51765]]]}",517.49,23.51765,77.8,EPSG:4326,Synthetic GIS survey,MINOR_VARIANCE,SYNTHETIC DEMO DATA — NOT OFFICIAL GOVERNMENT RECORDS
GIS-1813,P1813,P1813,"{""type"":""Polygon"",""coordinates"":[[[77.80008,23.5188],[77.80073,23.5188],[77.80073,23.51945],[77.80008,23.51945],[77.80008,23.5188]]]}",565.34,23.5188,77.8,EPSG:4326,Synthetic GIS survey,MINOR_VARIANCE,SYNTHETIC DEMO DATA — NOT OFFICIAL GOVERNMENT RECORDS
GIS-1814,P1814,P1814,"{""type"":""Polygon"",""coordinates"":[[[77.80008,23.51995],[77.80073,23.51995],[77.80073,23.5206],[77.80008,23.5206],[77.80008,23.51995]]]}",613.86,23.51995,77.8,EPSG:4326,Synthetic GIS survey,MINOR_VARIANCE,SYNTHETIC DEMO DATA — NOT OFFICIAL GOVERNMENT RECORDS
GIS-1815,P1815,P1815,"{""type"":""Polygon"",""coordinates"":[[[77.80008,23.5211],[77.80073,23.5211],[77.80073,23.52175],[77.80008,23.52175],[77.80008,23.5211]]]}",661.38,23.5211,77.8,EPSG:4326,Synthetic GIS survey,MINOR_VARIANCE,SYNTHETIC DEMO DATA — NOT OFFICIAL GOVERNMENT RECORDS
GIS-1816,P1816,P1816,"{""type"":""Polygon"",""coordinates"":[[[77.80008,23.52225],[77.80073,23.52225],[77.80073,23.5229],[77.80008,23.5229],[77.80008,23.52225]]]}",708.97,23.52225,77.8,EPSG:4326,Synthetic GIS survey,MINOR_VARIANCE,SYNTHETIC DEMO DATA — NOT OFFICIAL GOVERNMENT RECORDS
GIS-1817,P1817,P1817,"{""type"":""Polygon"",""coordinates"":[[[77.80008,23.5234],[77.80073,23.5234],[77.80073,23.52405],[77.80008,23.52405],[77.80008,23.5234]]]}",757.04,23.5234,77.8,EPSG:4326,Synthetic GIS survey,MINOR_VARIANCE,SYNTHETIC DEMO DATA — NOT OFFICIAL GOVERNMENT RECORDS
GIS-1818,P1818,P1818,"{""type"":""Polygon"",""coordinates"":[[[77.80008,23.52455],[77.80073,23.52455],[77.80073,23.5252],[77.80008,23.5252],[77.80008,23.52455]]]}",804.86,23.52455,77.8,EPSG:4326,Synthetic GIS survey,MINOR_VARIANCE,SYNTHETIC DEMO DATA — NOT OFFICIAL GOVERNMENT RECORDS
GIS-1819,P1819,P1819,"{""type"":""Polygon"",""coordinates"":[[[77.80008,23.5257],[77.80073,23.5257],[77.80073,23.52635],[77.80008,23.52635],[77.80008,23.5257]]]}",852.87,23.5257,77.8,EPSG:4326,Synthetic GIS survey,MINOR_VARIANCE,SYNTHETIC DEMO DATA — NOT OFFICIAL GOVERNMENT RECORDS
GIS-1820,P1820,P1820,"{""type"":""Polygon"",""coordinates"":[[[77.80008,23.52685],[77.80073,23.52685],[77.80073,23.5275],[77.80008,23.5275],[77.80008,23.52685]]]}",901.38,23.52685,77.8,EPSG:4326,Synthetic GIS survey,MINOR_VARIANCE,SYNTHETIC DEMO DATA — NOT OFFICIAL GOVERNMENT RECORDS
GIS-1821,P1821,P1821,"{""type"":""Polygon"",""coordinates"":[[[77.80008,23.528],[77.80073,23.528],[77.80073,23.52865],[77.80008,23.52865],[77.80008,23.528]]]}",948.73,23.528,77.8,EPSG:4326,Synthetic GIS survey,MINOR_VARIANCE,SYNTHETIC DEMO DATA — NOT OFFICIAL GOVERNMENT RECORDS
GIS-1822,P1822,P1822,"{""type"":""Polygon"",""coordinates"":[[[77.80008,23.52915],[77.80073,23.52915],[77.80073,23.5298],[77.80008,23.5298],[77.80008,23.52915]]]}",996.76,23.52915,77.8,EPSG:4326,Synthetic GIS survey,MINOR_VARIANCE,SYNTHETIC DEMO DATA — NOT OFFICIAL GOVERNMENT RECORDS
GIS-1823,P1823,P1823,"{""type"":""Polygon"",""coordinates"":[[[77.80008,23.5303],[77.80073,23.5303],[77.80073,23.53095],[77.80008,23.53095],[77.80008,23.5303]]]}",1045.45,23.5303,77.8,EPSG:4326,Synthetic GIS survey,MINOR_VARIANCE,SYNTHETIC DEMO DATA — NOT OFFICIAL GOVERNMENT RECORDS
GIS-1824,P1824,P1824,"{""type"":""Polygon"",""coordinates"":[[[77.80008,23.53145],[77.80073,23.53145],[77.80073,23.5321],[77.80008,23.5321],[77.80008,23.53145]]]}",1092.62,23.53145,77.8,EPSG:4326,Synthetic GIS survey,MINOR_VARIANCE,SYNTHETIC DEMO DATA — NOT OFFICIAL GOVERNMENT RECORDS
GIS-1825,P1825,P1825,"{""type"":""Polygon"",""coordinates"":[[[77.80008,23.5326],[77.80073,23.5326],[77.80073,23.53325],[77.80008,23.53325],[77.80008,23.5326]]]}",1141.16,23.5326,77.8,EPSG:4326,Synthetic GIS survey,MINOR_VARIANCE,SYNTHETIC DEMO DATA — NOT OFFICIAL GOVERNMENT RECORDS
GIS-1826,P1826,P1826,"{""type"":""Polygon"",""coordinates"":[[[77.80008,23.53375],[77.80073,23.53375],[77.80073,23.5344],[77.80008,23.5344],[77.80008,23.53375]]]}",1188.5,23.53375,77.8,EPSG:4326,Synthetic GIS survey,MINOR_VARIANCE,SYNTHETIC DEMO DATA — NOT OFFICIAL GOVERNMENT RECORDS
GIS-1827,P1827,P1827,"{""type"":""Polygon"",""coordinates"":[[[77.80008,23.5349],[77.80073,23.5349],[77.80073,23.53555],[77.80008,23.53555],[77.80008,23.5349]]]}",1236.7,23.5349,77.8,EPSG:4326,Synthetic GIS survey,MINOR_VARIANCE,SYNTHETIC DEMO DATA — NOT OFFICIAL GOVERNMENT RECORDS
GIS-1828,P1828,P1828,"{""type"":""Polygon"",""coordinates"":[[[77.80008,23.53605],[77.80073,23.53605],[77.80073,23.5367],[77.80008,23.5367],[77.80008,23.53605]]]}",1284.63,23.53605,77.8,EPSG:4326,Synthetic GIS survey,MINOR_VARIANCE,SYNTHETIC DEMO DATA — NOT OFFICIAL GOVERNMENT RECORDS
GIS-1829,P1829,P1829,"{""type"":""Polygon"",""coordinates"":[[[77.80008,23.5372],[77.80073,23.5372],[77.80073,23.53785],[77.80008,23.53785],[77.80008,23.5372]]]}",1332.79,23.5372,77.8,EPSG:4326,Synthetic GIS survey,MINOR_VARIANCE,SYNTHETIC DEMO DATA — NOT OFFICIAL GOVERNMENT RECORDS
GIS-1830,P1830,P1830,"{""type"":""Polygon"",""coordinates"":[[[77.80008,23.53835],[77.80073,23.53835],[77.80073,23.539],[77.80008,23.539],[77.80008,23.53835]]]}",1381.03,23.53835,77.8,EPSG:4326,Synthetic GIS survey,MINOR_VARIANCE,SYNTHETIC DEMO DATA — NOT OFFICIAL GOVERNMENT RECORDS
GIS-1831,P1831,P1831,"{""type"":""Polygon"",""coordinates"":[[[77.80008,23.5395],[77.80073,23.5395],[77.80073,23.54015],[77.80008,23.54015],[77.80008,23.5395]]]}",1428.91,23.5395,77.8,EPSG:4326,Synthetic GIS survey,MINOR_VARIANCE,SYNTHETIC DEMO DATA — NOT OFFICIAL GOVERNMENT RECORDS
GIS-1832,P1832,P1832,"{""type"":""Polygon"",""coordinates"":[[[77.80008,23.54065],[77.80073,23.54065],[77.80073,23.5413],[77.80008,23.5413],[77.80008,23.54065]]]}",1476.48,23.54065,77.8,EPSG:4326,Synthetic GIS survey,MINOR_VARIANCE,SYNTHETIC DEMO DATA — NOT OFFICIAL GOVERNMENT RECORDS
GIS-1833,P1833,P1833,"{""type"":""Polygon"",""coordinates"":[[[77.80008,23.5418],[77.80073,23.5418],[77.80073,23.54245],[77.80008,23.54245],[77.80008,23.5418]]]}",1524.68,23.5418,77.8,EPSG:4326,Synthetic GIS survey,MINOR_VARIANCE,SYNTHETIC DEMO DATA — NOT OFFICIAL GOVERNMENT RECORDS
GIS-1834,P1834,P1834,"{""type"":""Polygon"",""coordinates"":[[[77.80008,23.54295],[77.80073,23.54295],[77.80073,23.5436],[77.80008,23.5436],[77.80008,23.54295]]]}",92.85,23.54295,77.8,EPSG:4326,Synthetic GIS survey,MINOR_VARIANCE,SYNTHETIC DEMO DATA — NOT OFFICIAL GOVERNMENT RECORDS
GIS-1835,P1835,P1835,"{""type"":""Polygon"",""coordinates"":[[[77.80008,23.5441],[77.80073,23.5441],[77.80073,23.54475],[77.80008,23.54475],[77.80008,23.5441]]]}",141.03,23.5441,77.8,EPSG:4326,Synthetic GIS survey,MINOR_VARIANCE,SYNTHETIC DEMO DATA — NOT OFFICIAL GOVERNMENT RECORDS
GIS-1836,P1836,P1836,"{""type"":""Polygon"",""coordinates"":[[[77.80008,23.54525],[77.80073,23.54525],[77.80073,23.5459],[77.80008,23.5459],[77.80008,23.54525]]]}",189.15,23.54525,77.8,EPSG:4326,Synthetic GIS survey,MINOR_VARIANCE,SYNTHETIC DEMO DATA — NOT OFFICIAL GOVERNMENT RECORDS
GIS-1837,P1837,P1837,"{""type"":""Polygon"",""coordinates"":[[[77.80008,23.5464],[77.80073,23.5464],[77.80073,23.54705],[77.80008,23.54705],[77.80008,23.5464]]]}",237.42,23.5464,77.8,EPSG:4326,Synthetic GIS survey,MINOR_VARIANCE,SYNTHETIC DEMO DATA — NOT OFFICIAL GOVERNMENT RECORDS
GIS-1838,P1838,P1838,"{""type"":""Polygon"",""coordinates"":[[[77.80008,23.54755],[77.80073,23.54755],[77.80073,23.5482],[77.80008,23.5482],[77.80008,23.54755]]]}",285.02,23.54755,77.8,EPSG:4326,Synthetic GIS survey,MINOR_VARIANCE,SYNTHETIC DEMO DATA — NOT OFFICIAL GOVERNMENT RECORDS
GIS-1839,P1839,P1839,"{""type"":""Polygon"",""coordinates"":[[[77.80008,23.5487],[77.80073,23.5487],[77.80073,23.54935],[77.80008,23.54935],[77.80008,23.5487]]]}",332.61,23.5487,77.8,EPSG:4326,Synthetic GIS survey,MINOR_VARIANCE,SYNTHETIC DEMO DATA — NOT OFFICIAL GOVERNMENT RECORDS
GIS-1840,P1840,P1840,"{""type"":""Polygon"",""coordinates"":[[[77.80008,23.54985],[77.80073,23.54985],[77.80073,23.5505],[77.80008,23.5505],[77.80008,23.54985]]]}",380.59,23.54985,77.8,EPSG:4326,Synthetic GIS survey,MINOR_VARIANCE,SYNTHETIC DEMO DATA — NOT OFFICIAL GOVERNMENT RECORDS
GIS-1841,P1841,P1841,"{""type"":""Polygon"",""coordinates"":[[[77.80133,23.505],[77.80198,23.505],[77.80198,23.50565],[77.80133,23.50565],[77.80133,23.505]]]}",428.81,23.505,77.80125,EPSG:4326,Synthetic GIS survey,MINOR_VARIANCE,SYNTHETIC DEMO DATA — NOT OFFICIAL GOVERNMENT RECORDS
GIS-1842,P1842,P1842,"{""type"":""Polygon"",""coordinates"":[[[77.80133,23.50615],[77.80198,23.50615],[77.80198,23.5068],[77.80133,23.5068],[77.80133,23.50615]]]}",477.29,23.50615,77.80125,EPSG:4326,Synthetic GIS survey,MINOR_VARIANCE,SYNTHETIC DEMO DATA — NOT OFFICIAL GOVERNMENT RECORDS
GIS-1843,P1843,P1843,"{""type"":""Polygon"",""coordinates"":[[[77.80133,23.5073],[77.80198,23.5073],[77.80198,23.50795],[77.80133,23.50795],[77.80133,23.5073]]]}",524.32,23.5073,77.80125,EPSG:4326,Synthetic GIS survey,MINOR_VARIANCE,SYNTHETIC DEMO DATA — NOT OFFICIAL GOVERNMENT RECORDS
GIS-1844,P1844,P1844,"{""type"":""Polygon"",""coordinates"":[[[77.80133,23.50845],[77.80198,23.50845],[77.80198,23.5091],[77.80133,23.5091],[77.80133,23.50845]]]}",573.13,23.50845,77.80125,EPSG:4326,Synthetic GIS survey,MINOR_VARIANCE,SYNTHETIC DEMO DATA — NOT OFFICIAL GOVERNMENT RECORDS
GIS-1845,P1845,P1845,"{""type"":""Polygon"",""coordinates"":[[[77.80133,23.5096],[77.80198,23.5096],[77.80198,23.51025],[77.80133,23.51025],[77.80133,23.5096]]]}",621.02,23.5096,77.80125,EPSG:4326,Synthetic GIS survey,MINOR_VARIANCE,SYNTHETIC DEMO DATA — NOT OFFICIAL GOVERNMENT RECORDS
GIS-1846,P1846,P1846,"{""type"":""Polygon"",""coordinates"":[[[77.80133,23.51075],[77.80198,23.51075],[77.80198,23.5114],[77.80133,23.5114],[77.80133,23.51075]]]}",668.19,23.51075,77.80125,EPSG:4326,Synthetic GIS survey,MINOR_VARIANCE,SYNTHETIC DEMO DATA — NOT OFFICIAL GOVERNMENT RECORDS
GIS-1847,P1847,P1847,"{""type"":""Polygon"",""coordinates"":[[[77.80133,23.5119],[77.80198,23.5119],[77.80198,23.51255],[77.80133,23.51255],[77.80133,23.5119]]]}",716.97,23.5119,77.80125,EPSG:4326,Synthetic GIS survey,MINOR_VARIANCE,SYNTHETIC DEMO DATA — NOT OFFICIAL GOVERNMENT RECORDS
GIS-1848,P1848,P1848,"{""type"":""Polygon"",""coordinates"":[[[77.80133,23.51305],[77.80198,23.51305],[77.80198,23.5137],[77.80133,23.5137],[77.80133,23.51305]]]}",764.27,23.51305,77.80125,EPSG:4326,Synthetic GIS survey,MINOR_VARIANCE,SYNTHETIC DEMO DATA — NOT OFFICIAL GOVERNMENT RECORDS
GIS-1849,P1849,P1849,"{""type"":""Polygon"",""coordinates"":[[[77.80133,23.5142],[77.80198,23.5142],[77.80198,23.51485],[77.80133,23.51485],[77.80133,23.5142]]]}",812.08,23.5142,77.80125,EPSG:4326,Synthetic GIS survey,MINOR_VARIANCE,SYNTHETIC DEMO DATA — NOT OFFICIAL GOVERNMENT RECORDS
GIS-1850,P1850,P1850,"{""type"":""Polygon"",""coordinates"":[[[77.80133,23.51535],[77.80198,23.51535],[77.80198,23.516],[77.80133,23.516],[77.80133,23.51535]]]}",860.02,23.51535,77.80125,EPSG:4326,Synthetic GIS survey,MINOR_VARIANCE,SYNTHETIC DEMO DATA — NOT OFFICIAL GOVERNMENT RECORDS
GIS-1851,P1851,P1851,"{""type"":""Polygon"",""coordinates"":[[[77.80133,23.5165],[77.80198,23.5165],[77.80198,23.51715],[77.80133,23.51715],[77.80133,23.5165]]]}",908.77,23.5165,77.80125,EPSG:4326,Synthetic GIS survey,MINOR_VARIANCE,SYNTHETIC DEMO DATA — NOT OFFICIAL GOVERNMENT RECORDS
GIS-1852,P1852,P1852,"{""type"":""Polygon"",""coordinates"":[[[77.80133,23.51765],[77.80198,23.51765],[77.80198,23.5183],[77.80133,23.5183],[77.80133,23.51765]]]}",956.41,23.51765,77.80125,EPSG:4326,Synthetic GIS survey,MINOR_VARIANCE,SYNTHETIC DEMO DATA — NOT OFFICIAL GOVERNMENT RECORDS
GIS-1853,P1853,P1853,"{""type"":""Polygon"",""coordinates"":[[[77.80133,23.5188],[77.80198,23.5188],[77.80198,23.51945],[77.80133,23.51945],[77.80133,23.5188]]]}",1004.22,23.5188,77.80125,EPSG:4326,Synthetic GIS survey,MINOR_VARIANCE,SYNTHETIC DEMO DATA — NOT OFFICIAL GOVERNMENT RECORDS
GIS-1854,P1854,P1854,"{""type"":""Polygon"",""coordinates"":[[[77.80133,23.51995],[77.80198,23.51995],[77.80198,23.5206],[77.80133,23.5206],[77.80133,23.51995]]]}",1051.78,23.51995,77.80125,EPSG:4326,Synthetic GIS survey,MINOR_VARIANCE,SYNTHETIC DEMO DATA — NOT OFFICIAL GOVERNMENT RECORDS
GIS-1855,P1855,P1855,"{""type"":""Polygon"",""coordinates"":[[[77.80133,23.5211],[77.80198,23.5211],[77.80198,23.52175],[77.80133,23.52175],[77.80133,23.5211]]]}",1099.56,23.5211,77.80125,EPSG:4326,Synthetic GIS survey,MINOR_VARIANCE,SYNTHETIC DEMO DATA — NOT OFFICIAL GOVERNMENT RECORDS
GIS-1856,P1856,P1856,"{""type"":""Polygon"",""coordinates"":[[[77.80133,23.52225],[77.80198,23.52225],[77.80198,23.5229],[77.80133,23.5229],[77.80133,23.52225]]]}",1147.82,23.52225,77.80125,EPSG:4326,Synthetic GIS survey,MINOR_VARIANCE,SYNTHETIC DEMO DATA — NOT OFFICIAL GOVERNMENT RECORDS
GIS-1857,P1857,P1857,"{""type"":""Polygon"",""coordinates"":[[[77.80133,23.5234],[77.80198,23.5234],[77.80198,23.52405],[77.80133,23.52405],[77.80133,23.5234]]]}",1195.94,23.5234,77.80125,EPSG:4326,Synthetic GIS survey,MINOR_VARIANCE,SYNTHETIC DEMO DATA — NOT OFFICIAL GOVERNMENT RECORDS
GIS-1858,P1858,P1858,"{""type"":""Polygon"",""coordinates"":[[[77.80133,23.52455],[77.80198,23.52455],[77.80198,23.5252],[77.80133,23.5252],[77.80133,23.52455]]]}",1243.91,23.52455,77.80125,EPSG:4326,Synthetic GIS survey,MINOR_VARIANCE,SYNTHETIC DEMO DATA — NOT OFFICIAL GOVERNMENT RECORDS
GIS-1859,P1859,P1859,"{""type"":""Polygon"",""coordinates"":[[[77.80133,23.5257],[77.80198,23.5257],[77.80198,23.52635],[77.80133,23.52635],[77.80133,23.5257]]]}",1292.12,23.5257,77.80125,EPSG:4326,Synthetic GIS survey,MINOR_VARIANCE,SYNTHETIC DEMO DATA — NOT OFFICIAL GOVERNMENT RECORDS
GIS-1860,P1860,P1860,"{""type"":""Polygon"",""coordinates"":[[[77.80133,23.52685],[77.80198,23.52685],[77.80198,23.5275],[77.80133,23.5275],[77.80133,23.52685]]]}",1339.59,23.52685,77.80125,EPSG:4326,Synthetic GIS survey,MINOR_VARIANCE,SYNTHETIC DEMO DATA — NOT OFFICIAL GOVERNMENT RECORDS
GIS-1861,P1861,P1861,"{""type"":""Polygon"",""coordinates"":[[[77.80133,23.528],[77.80198,23.528],[77.80198,23.52865],[77.80133,23.52865],[77.80133,23.528]]]}",1388.14,23.528,77.80125,EPSG:4326,Synthetic GIS survey,MINOR_VARIANCE,SYNTHETIC DEMO DATA — NOT OFFICIAL GOVERNMENT RECORDS
GIS-1862,P1862,P1862,"{""type"":""Polygon"",""coordinates"":[[[77.80133,23.52915],[77.80198,23.52915],[77.80198,23.5298],[77.80133,23.5298],[77.80133,23.52915]]]}",1435.58,23.52915,77.80125,EPSG:4326,Synthetic GIS survey,MINOR_VARIANCE,SYNTHETIC DEMO DATA — NOT OFFICIAL GOVERNMENT RECORDS
GIS-1863,P1863,P1863,"{""type"":""Polygon"",""coordinates"":[[[77.80133,23.5303],[77.80198,23.5303],[77.80198,23.53095],[77.80133,23.53095],[77.80133,23.5303]]]}",1483.56,23.5303,77.80125,EPSG:4326,Synthetic GIS survey,MINOR_VARIANCE,SYNTHETIC DEMO DATA — NOT OFFICIAL GOVERNMENT RECORDS
GIS-1864,P1864,P1864,"{""type"":""Polygon"",""coordinates"":[[[77.80133,23.53145],[77.80198,23.53145],[77.80198,23.5321],[77.80133,23.5321],[77.80133,23.53145]]]}",1531.68,23.53145,77.80125,EPSG:4326,Synthetic GIS survey,MINOR_VARIANCE,SYNTHETIC DEMO DATA — NOT OFFICIAL GOVERNMENT RECORDS
GIS-1865,P1865,P1865,"{""type"":""Polygon"",""coordinates"":[[[77.80133,23.5326],[77.80198,23.5326],[77.80198,23.53325],[77.80133,23.53325],[77.80133,23.5326]]]}",100.91,23.5326,77.80125,EPSG:4326,Synthetic GIS survey,MINOR_VARIANCE,SYNTHETIC DEMO DATA — NOT OFFICIAL GOVERNMENT RECORDS
GIS-1866,P1866,P1866,"{""type"":""Polygon"",""coordinates"":[[[77.80133,23.53375],[77.80198,23.53375],[77.80198,23.5344],[77.80133,23.5344],[77.80133,23.53375]]]}",148.36,23.53375,77.80125,EPSG:4326,Synthetic GIS survey,MINOR_VARIANCE,SYNTHETIC DEMO DATA — NOT OFFICIAL GOVERNMENT RECORDS
GIS-1867,P1867,P1867,"{""type"":""Polygon"",""coordinates"":[[[77.80133,23.5349],[77.80198,23.5349],[77.80198,23.53555],[77.80133,23.53555],[77.80133,23.5349]]]}",196.52,23.5349,77.80125,EPSG:4326,Synthetic GIS survey,MINOR_VARIANCE,SYNTHETIC DEMO DATA — NOT OFFICIAL GOVERNMENT RECORDS
GIS-1868,P1868,P1868,"{""type"":""Polygon"",""coordinates"":[[[77.80133,23.53605],[77.80198,23.53605],[77.80198,23.5367],[77.80133,23.5367],[77.80133,23.53605]]]}",244.31,23.53605,77.80125,EPSG:4326,Synthetic GIS survey,MINOR_VARIANCE,SYNTHETIC DEMO DATA — NOT OFFICIAL GOVERNMENT RECORDS
GIS-1869,P1869,P1869,"{""type"":""Polygon"",""coordinates"":[[[77.80133,23.5372],[77.80198,23.5372],[77.80198,23.53785],[77.80133,23.53785],[77.80133,23.5372]]]}",291.87,23.5372,77.80125,EPSG:4326,Synthetic GIS survey,MINOR_VARIANCE,SYNTHETIC DEMO DATA — NOT OFFICIAL GOVERNMENT RECORDS
GIS-1870,P1870,P1870,"{""type"":""Polygon"",""coordinates"":[[[77.80133,23.53835],[77.80198,23.53835],[77.80198,23.539],[77.80133,23.539],[77.80133,23.53835]]]}",339.75,23.53835,77.80125,EPSG:4326,Synthetic GIS survey,MINOR_VARIANCE,SYNTHETIC DEMO DATA — NOT OFFICIAL GOVERNMENT RECORDS
GIS-1871,P1871,P1871,"{""type"":""Polygon"",""coordinates"":[[[77.80133,23.5395],[77.80198,23.5395],[77.80198,23.54015],[77.80133,23.54015],[77.80133,23.5395]]]}",388.23,23.5395,77.80125,EPSG:4326,Synthetic GIS survey,MINOR_VARIANCE,SYNTHETIC DEMO DATA — NOT OFFICIAL GOVERNMENT RECORDS
GIS-1872,P1872,P1872,"{""type"":""Polygon"",""coordinates"":[[[77.80133,23.54065],[77.80198,23.54065],[77.80198,23.5413],[77.80133,23.5413],[77.80133,23.54065]]]}",436.14,23.54065,77.80125,EPSG:4326,Synthetic GIS survey,MINOR_VARIANCE,SYNTHETIC DEMO DATA — NOT OFFICIAL GOVERNMENT RECORDS
GIS-1873,P1873,P1873,"{""type"":""Polygon"",""coordinates"":[[[77.80133,23.5418],[77.80198,23.5418],[77.80198,23.54245],[77.80133,23.54245],[77.80133,23.5418]]]}",483.79,23.5418,77.80125,EPSG:4326,Synthetic GIS survey,MINOR_VARIANCE,SYNTHETIC DEMO DATA — NOT OFFICIAL GOVERNMENT RECORDS
GIS-1874,P1874,P1874,"{""type"":""Polygon"",""coordinates"":[[[77.80133,23.54295],[77.80198,23.54295],[77.80198,23.5436],[77.80133,23.5436],[77.80133,23.54295]]]}",531.62,23.54295,77.80125,EPSG:4326,Synthetic GIS survey,MINOR_VARIANCE,SYNTHETIC DEMO DATA — NOT OFFICIAL GOVERNMENT RECORDS
GIS-1875,P1875,P1875,"{""type"":""Polygon"",""coordinates"":[[[77.80133,23.5441],[77.80198,23.5441],[77.80198,23.54475],[77.80133,23.54475],[77.80133,23.5441]]]}",579.97,23.5441,77.80125,EPSG:4326,Synthetic GIS survey,MINOR_VARIANCE,SYNTHETIC DEMO DATA — NOT OFFICIAL GOVERNMENT RECORDS
GIS-1876,P1876,P1876,"{""type"":""Polygon"",""coordinates"":[[[77.80133,23.54525],[77.80198,23.54525],[77.80198,23.5459],[77.80133,23.5459],[77.80133,23.54525]]]}",627.63,23.54525,77.80125,EPSG:4326,Synthetic GIS survey,MINOR_VARIANCE,SYNTHETIC DEMO DATA — NOT OFFICIAL GOVERNMENT RECORDS
GIS-1877,P1877,P1877,"{""type"":""Polygon"",""coordinates"":[[[77.80133,23.5464],[77.80198,23.5464],[77.80198,23.54705],[77.80133,23.54705],[77.80133,23.5464]]]}",675.92,23.5464,77.80125,EPSG:4326,Synthetic GIS survey,MINOR_VARIANCE,SYNTHETIC DEMO DATA — NOT OFFICIAL GOVERNMENT RECORDS
GIS-1878,P1878,P1878,"{""type"":""Polygon"",""coordinates"":[[[77.80133,23.54755],[77.80198,23.54755],[77.80198,23.5482],[77.80133,23.5482],[77.80133,23.54755]]]}",723.45,23.54755,77.80125,EPSG:4326,Synthetic GIS survey,MINOR_VARIANCE,SYNTHETIC DEMO DATA — NOT OFFICIAL GOVERNMENT RECORDS
GIS-1879,P1879,P1879,"{""type"":""Polygon"",""coordinates"":[[[77.80133,23.5487],[77.80198,23.5487],[77.80198,23.54935],[77.80133,23.54935],[77.80133,23.5487]]]}",771.94,23.5487,77.80125,EPSG:4326,Synthetic GIS survey,MINOR_VARIANCE,SYNTHETIC DEMO DATA — NOT OFFICIAL GOVERNMENT RECORDS
GIS-1880,P1880,P1880,"{""type"":""Polygon"",""coordinates"":[[[77.80133,23.54985],[77.80198,23.54985],[77.80198,23.5505],[77.80133,23.5505],[77.80133,23.54985]]]}",819.13,23.54985,77.80125,EPSG:4326,Synthetic GIS survey,MINOR_VARIANCE,SYNTHETIC DEMO DATA — NOT OFFICIAL GOVERNMENT RECORDS
GIS-1881,P1881,P1881,"{""type"":""Polygon"",""coordinates"":[[[77.80258,23.505],[77.80323,23.505],[77.80323,23.50565],[77.80258,23.50565],[77.80258,23.505]]]}",867.45,23.505,77.8025,EPSG:4326,Synthetic GIS survey,MINOR_VARIANCE,SYNTHETIC DEMO DATA — NOT OFFICIAL GOVERNMENT RECORDS
GIS-1882,P1882,P1882,"{""type"":""Polygon"",""coordinates"":[[[77.80258,23.50615],[77.80323,23.50615],[77.80323,23.5068],[77.80258,23.5068],[77.80258,23.50615]]]}",915.9,23.50615,77.8025,EPSG:4326,Synthetic GIS survey,MINOR_VARIANCE,SYNTHETIC DEMO DATA — NOT OFFICIAL GOVERNMENT RECORDS
GIS-1883,P1883,P1883,"{""type"":""Polygon"",""coordinates"":[[[77.80258,23.5073],[77.80323,23.5073],[77.80323,23.50795],[77.80258,23.50795],[77.80258,23.5073]]]}",962.93,23.5073,77.8025,EPSG:4326,Synthetic GIS survey,MINOR_VARIANCE,SYNTHETIC DEMO DATA — NOT OFFICIAL GOVERNMENT RECORDS
GIS-1884,P1884,P1884,"{""type"":""Polygon"",""coordinates"":[[[77.80258,23.50845],[77.80323,23.50845],[77.80323,23.5091],[77.80258,23.5091],[77.80258,23.50845]]]}",1011.66,23.50845,77.8025,EPSG:4326,Synthetic GIS survey,MINOR_VARIANCE,SYNTHETIC DEMO DATA — NOT OFFICIAL GOVERNMENT RECORDS
GIS-1885,P1885,P1885,"{""type"":""Polygon"",""coordinates"":[[[77.80258,23.5096],[77.80323,23.5096],[77.80323,23.51025],[77.80258,23.51025],[77.80258,23.5096]]]}",1059.39,23.5096,77.8025,EPSG:4326,Synthetic GIS survey,MINOR_VARIANCE,SYNTHETIC DEMO DATA — NOT OFFICIAL GOVERNMENT RECORDS
GIS-1886,P1886,P1886,"{""type"":""Polygon"",""coordinates"":[[[77.80258,23.51075],[77.80323,23.51075],[77.80323,23.5114],[77.80258,23.5114],[77.80258,23.51075]]]}",1107.04,23.51075,77.8025,EPSG:4326,Synthetic GIS survey,MINOR_VARIANCE,SYNTHETIC DEMO DATA — NOT OFFICIAL GOVERNMENT RECORDS
GIS-1887,P1887,P1887,"{""type"":""Polygon"",""coordinates"":[[[77.80258,23.5119],[77.80323,23.5119],[77.80323,23.51255],[77.80258,23.51255],[77.80258,23.5119]]]}",1155.01,23.5119,77.8025,EPSG:4326,Synthetic GIS survey,MINOR_VARIANCE,SYNTHETIC DEMO DATA — NOT OFFICIAL GOVERNMENT RECORDS
GIS-1888,P1888,P1888,"{""type"":""Polygon"",""coordinates"":[[[77.80258,23.51305],[77.80323,23.51305],[77.80323,23.5137],[77.80258,23.5137],[77.80258,23.51305]]]}",1202.8,23.51305,77.8025,EPSG:4326,Synthetic GIS survey,MINOR_VARIANCE,SYNTHETIC DEMO DATA — NOT OFFICIAL GOVERNMENT RECORDS
GIS-1889,P1889,P1889,"{""type"":""Polygon"",""coordinates"":[[[77.80258,23.5142],[77.80323,23.5142],[77.80323,23.51485],[77.80258,23.51485],[77.80258,23.5142]]]}",1251.17,23.5142,77.8025,EPSG:4326,Synthetic GIS survey,MINOR_VARIANCE,SYNTHETIC DEMO DATA — NOT OFFICIAL GOVERNMENT RECORDS
GIS-1890,P1890,P1890,"{""type"":""Polygon"",""coordinates"":[[[77.80258,23.51535],[77.80323,23.51535],[77.80323,23.516],[77.80258,23.516],[77.80258,23.51535]]]}",1298.67,23.51535,77.8025,EPSG:4326,Synthetic GIS survey,MINOR_VARIANCE,SYNTHETIC DEMO DATA — NOT OFFICIAL GOVERNMENT RECORDS
GIS-1891,P1891,P1891,"{""type"":""Polygon"",""coordinates"":[[[77.80258,23.5165],[77.80323,23.5165],[77.80323,23.51715],[77.80258,23.51715],[77.80258,23.5165]]]}",1347.39,23.5165,77.8025,EPSG:4326,Synthetic GIS survey,MINOR_VARIANCE,SYNTHETIC DEMO DATA — NOT OFFICIAL GOVERNMENT RECORDS
GIS-1892,P1892,P1892,"{""type"":""Polygon"",""coordinates"":[[[77.80258,23.51765],[77.80323,23.51765],[77.80323,23.5183],[77.80258,23.5183],[77.80258,23.51765]]]}",1395.11,23.51765,77.8025,EPSG:4326,Synthetic GIS survey,MINOR_VARIANCE,SYNTHETIC DEMO DATA — NOT OFFICIAL GOVERNMENT RECORDS
GIS-1893,P1893,P1893,"{""type"":""Polygon"",""coordinates"":[[[77.80258,23.5188],[77.80323,23.5188],[77.80323,23.51945],[77.80258,23.51945],[77.80258,23.5188]]]}",1442.65,23.5188,77.8025,EPSG:4326,Synthetic GIS survey,MINOR_VARIANCE,SYNTHETIC DEMO DATA — NOT OFFICIAL GOVERNMENT RECORDS
GIS-1894,P1894,P1894,"{""type"":""Polygon"",""coordinates"":[[[77.80258,23.51995],[77.80323,23.51995],[77.80323,23.5206],[77.80258,23.5206],[77.80258,23.51995]]]}",1490.88,23.51995,77.8025,EPSG:4326,Synthetic GIS survey,MINOR_VARIANCE,SYNTHETIC DEMO DATA — NOT OFFICIAL GOVERNMENT RECORDS
GIS-1895,P1895,P1895,"{""type"":""Polygon"",""coordinates"":[[[77.80258,23.5211],[77.80323,23.5211],[77.80323,23.52175],[77.80258,23.52175],[77.80258,23.5211]]]}",1538.55,23.5211,77.8025,EPSG:4326,Synthetic GIS survey,MINOR_VARIANCE,SYNTHETIC DEMO DATA — NOT OFFICIAL GOVERNMENT RECORDS
GIS-1896,P1896,P1896,"{""type"":""Polygon"",""coordinates"":[[[77.80258,23.52225],[77.80323,23.52225],[77.80323,23.5229],[77.80258,23.5229],[77.80258,23.52225]]]}",107.25,23.52225,77.8025,EPSG:4326,Synthetic GIS survey,MINOR_VARIANCE,SYNTHETIC DEMO DATA — NOT OFFICIAL GOVERNMENT RECORDS
GIS-1897,P1897,P1897,"{""type"":""Polygon"",""coordinates"":[[[77.80258,23.5234],[77.80323,23.5234],[77.80323,23.52405],[77.80258,23.52405],[77.80258,23.5234]]]}",155.55,23.5234,77.8025,EPSG:4326,Synthetic GIS survey,MINOR_VARIANCE,SYNTHETIC DEMO DATA — NOT OFFICIAL GOVERNMENT RECORDS
GIS-1898,P1898,P1898,"{""type"":""Polygon"",""coordinates"":[[[77.80258,23.52455],[77.80323,23.52455],[77.80323,23.5252],[77.80258,23.5252],[77.80258,23.52455]]]}",203.03,23.52455,77.8025,EPSG:4326,Synthetic GIS survey,MINOR_VARIANCE,SYNTHETIC DEMO DATA — NOT OFFICIAL GOVERNMENT RECORDS
GIS-1899,P1899,P1899,"{""type"":""Polygon"",""coordinates"":[[[77.80258,23.5257],[77.80323,23.5257],[77.80323,23.52635],[77.80258,23.52635],[77.80258,23.5257]]]}",251.3,23.5257,77.8025,EPSG:4326,Synthetic GIS survey,MINOR_VARIANCE,SYNTHETIC DEMO DATA — NOT OFFICIAL GOVERNMENT RECORDS
GIS-1900,P1900,P1900,"{""type"":""Polygon"",""coordinates"":[[[77.80258,23.52685],[77.80323,23.52685],[77.80323,23.5275],[77.80258,23.5275],[77.80258,23.52685]]]}",299.61,23.52685,77.8025,EPSG:4326,Synthetic GIS survey,MINOR_VARIANCE,SYNTHETIC DEMO DATA — NOT OFFICIAL GOVERNMENT RECORDS
GIS-1901,P1901,P1901,"{""type"":""Polygon"",""coordinates"":[[[77.80258,23.528],[77.80323,23.528],[77.80323,23.52865],[77.80258,23.52865],[77.80258,23.528]]]}",381.61,23.528,77.8025,EPSG:4326,Synthetic GIS survey,MAJOR_VARIANCE,SYNTHETIC DEMO DATA — NOT OFFICIAL GOVERNMENT RECORDS
GIS-1902,P1902,P1902,"{""type"":""Polygon"",""coordinates"":[[[77.80258,23.52915],[77.80323,23.52915],[77.80323,23.5298],[77.80258,23.5298],[77.80258,23.52915]]]}",434.09,23.52915,77.8025,EPSG:4326,Synthetic GIS survey,MAJOR_VARIANCE,SYNTHETIC DEMO DATA — NOT OFFICIAL GOVERNMENT RECORDS
GIS-1903,P1903,P1903,"{""type"":""Polygon"",""coordinates"":[[[77.80258,23.5303],[77.80323,23.5303],[77.80323,23.53095],[77.80258,23.53095],[77.80258,23.5303]]]}",486.79,23.5303,77.8025,EPSG:4326,Synthetic GIS survey,MAJOR_VARIANCE,SYNTHETIC DEMO DATA — NOT OFFICIAL GOVERNMENT RECORDS
GIS-1904,P1904,P1904,"{""type"":""Polygon"",""coordinates"":[[[77.80258,23.53145],[77.80323,23.53145],[77.80323,23.5321],[77.80258,23.5321],[77.80258,23.53145]]]}",538.76,23.53145,77.8025,EPSG:4326,Synthetic GIS survey,MAJOR_VARIANCE,SYNTHETIC DEMO DATA — NOT OFFICIAL GOVERNMENT RECORDS
GIS-1905,P1905,P1905,"{""type"":""Polygon"",""coordinates"":[[[77.80258,23.5326],[77.80323,23.5326],[77.80323,23.53325],[77.80258,23.53325],[77.80258,23.5326]]]}",591.98,23.5326,77.8025,EPSG:4326,Synthetic GIS survey,MAJOR_VARIANCE,SYNTHETIC DEMO DATA — NOT OFFICIAL GOVERNMENT RECORDS
GIS-1906,P1906,P1906,"{""type"":""Polygon"",""coordinates"":[[[77.80258,23.53375],[77.80323,23.53375],[77.80323,23.5344],[77.80258,23.5344],[77.80258,23.53375]]]}",644.19,23.53375,77.8025,EPSG:4326,Synthetic GIS survey,MAJOR_VARIANCE,SYNTHETIC DEMO DATA — NOT OFFICIAL GOVERNMENT RECORDS
GIS-1907,P1907,P1907,"{""type"":""Polygon"",""coordinates"":[[[77.80258,23.5349],[77.80323,23.5349],[77.80323,23.53555],[77.80258,23.53555],[77.80258,23.5349]]]}",697.68,23.5349,77.8025,EPSG:4326,Synthetic GIS survey,MAJOR_VARIANCE,SYNTHETIC DEMO DATA — NOT OFFICIAL GOVERNMENT RECORDS
GIS-1908,P1908,P1908,"{""type"":""Polygon"",""coordinates"":[[[77.80258,23.53605],[77.80323,23.53605],[77.80323,23.5367],[77.80258,23.5367],[77.80258,23.53605]]]}",750.0,23.53605,77.8025,EPSG:4326,Synthetic GIS survey,MAJOR_VARIANCE,SYNTHETIC DEMO DATA — NOT OFFICIAL GOVERNMENT RECORDS
GIS-1909,P1909,P1909,"{""type"":""Polygon"",""coordinates"":[[[77.80258,23.5372],[77.80323,23.5372],[77.80323,23.53785],[77.80258,23.53785],[77.80258,23.5372]]]}",802.32,23.5372,77.8025,EPSG:4326,Synthetic GIS survey,MAJOR_VARIANCE,SYNTHETIC DEMO DATA — NOT OFFICIAL GOVERNMENT RECORDS
GIS-1910,P1910,P1910,"{""type"":""Polygon"",""coordinates"":[[[77.80258,23.53835],[77.80323,23.53835],[77.80323,23.539],[77.80258,23.539],[77.80258,23.53835]]]}",854.86,23.53835,77.8025,EPSG:4326,Synthetic GIS survey,MAJOR_VARIANCE,SYNTHETIC DEMO DATA — NOT OFFICIAL GOVERNMENT RECORDS
GIS-1911,P1911,P1911,"{""type"":""Polygon"",""coordinates"":[[[77.80258,23.5395],[77.80323,23.5395],[77.80323,23.54015],[77.80258,23.54015],[77.80258,23.5395]]]}",907.5,23.5395,77.8025,EPSG:4326,Synthetic GIS survey,MAJOR_VARIANCE,SYNTHETIC DEMO DATA — NOT OFFICIAL GOVERNMENT RECORDS
GIS-1912,P1912,P1912,"{""type"":""Polygon"",""coordinates"":[[[77.80258,23.54065],[77.80323,23.54065],[77.80323,23.5413],[77.80258,23.5413],[77.80258,23.54065]]]}",960.76,23.54065,77.8025,EPSG:4326,Synthetic GIS survey,MAJOR_VARIANCE,SYNTHETIC DEMO DATA — NOT OFFICIAL GOVERNMENT RECORDS
GIS-1913,P1913,P1913,"{""type"":""Polygon"",""coordinates"":[[[77.80258,23.5418],[77.80323,23.5418],[77.80323,23.54245],[77.80258,23.54245],[77.80258,23.5418]]]}",1013.49,23.5418,77.8025,EPSG:4326,Synthetic GIS survey,MAJOR_VARIANCE,SYNTHETIC DEMO DATA — NOT OFFICIAL GOVERNMENT RECORDS
GIS-1914,P1914,P1914,"{""type"":""Polygon"",""coordinates"":[[[77.80258,23.54295],[77.80323,23.54295],[77.80323,23.5436],[77.80258,23.5436],[77.80258,23.54295]]]}",1065.86,23.54295,77.8025,EPSG:4326,Synthetic GIS survey,MAJOR_VARIANCE,SYNTHETIC DEMO DATA — NOT OFFICIAL GOVERNMENT RECORDS
GIS-1915,P1915,P1915,"{""type"":""Polygon"",""coordinates"":[[[77.80258,23.5441],[77.80323,23.5441],[77.80323,23.54475],[77.80258,23.54475],[77.80258,23.5441]]]}",1118.66,23.5441,77.8025,EPSG:4326,Synthetic GIS survey,MAJOR_VARIANCE,SYNTHETIC DEMO DATA — NOT OFFICIAL GOVERNMENT RECORDS
GIS-1916,P1916,P1916,"{""type"":""Polygon"",""coordinates"":[[[77.80258,23.54525],[77.80323,23.54525],[77.80323,23.5459],[77.80258,23.5459],[77.80258,23.54525]]]}",1171.3,23.54525,77.8025,EPSG:4326,Synthetic GIS survey,MAJOR_VARIANCE,SYNTHETIC DEMO DATA — NOT OFFICIAL GOVERNMENT RECORDS
GIS-1917,P1917,P1917,"{""type"":""Polygon"",""coordinates"":[[[77.80258,23.5464],[77.80323,23.5464],[77.80323,23.54705],[77.80258,23.54705],[77.80258,23.5464]]]}",1224.12,23.5464,77.8025,EPSG:4326,Synthetic GIS survey,MAJOR_VARIANCE,SYNTHETIC DEMO DATA — NOT OFFICIAL GOVERNMENT RECORDS
GIS-1918,P1918,P1918,"{""type"":""Polygon"",""coordinates"":[[[77.80258,23.54755],[77.80323,23.54755],[77.80323,23.5482],[77.80258,23.5482],[77.80258,23.54755]]]}",1276.18,23.54755,77.8025,EPSG:4326,Synthetic GIS survey,MAJOR_VARIANCE,SYNTHETIC DEMO DATA — NOT OFFICIAL GOVERNMENT RECORDS
GIS-1919,P1919,P1919,"{""type"":""Polygon"",""coordinates"":[[[77.80258,23.5487],[77.80323,23.5487],[77.80323,23.54935],[77.80258,23.54935],[77.80258,23.5487]]]}",1328.62,23.5487,77.8025,EPSG:4326,Synthetic GIS survey,MAJOR_VARIANCE,SYNTHETIC DEMO DATA — NOT OFFICIAL GOVERNMENT RECORDS
GIS-1920,P1920,P1920,"{""type"":""Polygon"",""coordinates"":[[[77.80258,23.54985],[77.80323,23.54985],[77.80323,23.5505],[77.80258,23.5505],[77.80258,23.54985]]]}",1381.02,23.54985,77.8025,EPSG:4326,Synthetic GIS survey,MAJOR_VARIANCE,SYNTHETIC DEMO DATA — NOT OFFICIAL GOVERNMENT RECORDS
GIS-1921,P1921,P1921,"{""type"":""Polygon"",""coordinates"":[[[77.80383,23.505],[77.80448,23.505],[77.80448,23.50565],[77.80383,23.50565],[77.80383,23.505]]]}",1433.81,23.505,77.80375,EPSG:4326,Synthetic GIS survey,MAJOR_VARIANCE,SYNTHETIC DEMO DATA — NOT OFFICIAL GOVERNMENT RECORDS
GIS-1922,P1922,P1922,"{""type"":""Polygon"",""coordinates"":[[[77.80383,23.50615],[77.80448,23.50615],[77.80448,23.5068],[77.80383,23.5068],[77.80383,23.50615]]]}",1486.97,23.50615,77.80375,EPSG:4326,Synthetic GIS survey,MAJOR_VARIANCE,SYNTHETIC DEMO DATA — NOT OFFICIAL GOVERNMENT RECORDS
GIS-1923,P1923,P1923,"{""type"":""Polygon"",""coordinates"":[[[77.80383,23.5073],[77.80448,23.5073],[77.80448,23.50795],[77.80383,23.50795],[77.80383,23.5073]]]}",1538.97,23.5073,77.80375,EPSG:4326,Synthetic GIS survey,MAJOR_VARIANCE,SYNTHETIC DEMO DATA — NOT OFFICIAL GOVERNMENT RECORDS
GIS-1924,P1924,P1924,"{""type"":""Polygon"",""coordinates"":[[[77.80383,23.50845],[77.80448,23.50845],[77.80448,23.5091],[77.80383,23.5091],[77.80383,23.50845]]]}",1591.83,23.50845,77.80375,EPSG:4326,Synthetic GIS survey,MAJOR_VARIANCE,SYNTHETIC DEMO DATA — NOT OFFICIAL GOVERNMENT RECORDS
GIS-1925,P1925,P1925,"{""type"":""Polygon"",""coordinates"":[[[77.80383,23.5096],[77.80448,23.5096],[77.80448,23.51025],[77.80383,23.51025],[77.80383,23.5096]]]}",1644.4,23.5096,77.80375,EPSG:4326,Synthetic GIS survey,MAJOR_VARIANCE,SYNTHETIC DEMO DATA — NOT OFFICIAL GOVERNMENT RECORDS
GIS-1926,P1926,P1926,"{""type"":""Polygon"",""coordinates"":[[[77.80383,23.51075],[77.80448,23.51075],[77.80448,23.5114],[77.80383,23.5114],[77.80383,23.51075]]]}",1697.33,23.51075,77.80375,EPSG:4326,Synthetic GIS survey,MAJOR_VARIANCE,SYNTHETIC DEMO DATA — NOT OFFICIAL GOVERNMENT RECORDS
GIS-1927,P1927,P1927,"{""type"":""Polygon"",""coordinates"":[[[77.80383,23.5119],[77.80448,23.5119],[77.80448,23.51255],[77.80383,23.51255],[77.80383,23.5119]]]}",125.7,23.5119,77.80375,EPSG:4326,Synthetic GIS survey,MAJOR_VARIANCE,SYNTHETIC DEMO DATA — NOT OFFICIAL GOVERNMENT RECORDS
GIS-1928,P1928,P1928,"{""type"":""Polygon"",""coordinates"":[[[77.80383,23.51305],[77.80448,23.51305],[77.80448,23.5137],[77.80383,23.5137],[77.80383,23.51305]]]}",179.1,23.51305,77.80375,EPSG:4326,Synthetic GIS survey,MAJOR_VARIANCE,SYNTHETIC DEMO DATA — NOT OFFICIAL GOVERNMENT RECORDS
GIS-1929,P1929,P1929,"{""type"":""Polygon"",""coordinates"":[[[77.80383,23.5142],[77.80448,23.5142],[77.80448,23.51485],[77.80383,23.51485],[77.80383,23.5142]]]}",231.62,23.5142,77.80375,EPSG:4326,Synthetic GIS survey,MAJOR_VARIANCE,SYNTHETIC DEMO DATA — NOT OFFICIAL GOVERNMENT RECORDS
GIS-1930,P1930,P1930,"{""type"":""Polygon"",""coordinates"":[[[77.80383,23.51535],[77.80448,23.51535],[77.80448,23.516],[77.80383,23.516],[77.80383,23.51535]]]}",283.37,23.51535,77.80375,EPSG:4326,Synthetic GIS survey,MAJOR_VARIANCE,SYNTHETIC DEMO DATA — NOT OFFICIAL GOVERNMENT RECORDS
GIS-1931,P1931,P1931,"{""type"":""Polygon"",""coordinates"":[[[77.80383,23.5165],[77.80448,23.5165],[77.80448,23.51715],[77.80383,23.51715],[77.80383,23.5165]]]}",336.1,23.5165,77.80375,EPSG:4326,Synthetic GIS survey,MAJOR_VARIANCE,SYNTHETIC DEMO DATA — NOT OFFICIAL GOVERNMENT RECORDS
GIS-1932,P1932,P1932,"{""type"":""Polygon"",""coordinates"":[[[77.80383,23.51765],[77.80448,23.51765],[77.80448,23.5183],[77.80383,23.5183],[77.80383,23.51765]]]}",389.61,23.51765,77.80375,EPSG:4326,Synthetic GIS survey,MAJOR_VARIANCE,SYNTHETIC DEMO DATA — NOT OFFICIAL GOVERNMENT RECORDS
GIS-1933,P1933,P1933,"{""type"":""Polygon"",""coordinates"":[[[77.80383,23.5188],[77.80448,23.5188],[77.80448,23.51945],[77.80383,23.51945],[77.80383,23.5188]]]}",442.01,23.5188,77.80375,EPSG:4326,Synthetic GIS survey,MAJOR_VARIANCE,SYNTHETIC DEMO DATA — NOT OFFICIAL GOVERNMENT RECORDS
GIS-1934,P1934,P1934,"{""type"":""Polygon"",""coordinates"":[[[77.80383,23.51995],[77.80448,23.51995],[77.80448,23.5206],[77.80383,23.5206],[77.80383,23.51995]]]}",494.69,23.51995,77.80375,EPSG:4326,Synthetic GIS survey,MAJOR_VARIANCE,SYNTHETIC DEMO DATA — NOT OFFICIAL GOVERNMENT RECORDS
GIS-1935,P1935,P1935,"{""type"":""Polygon"",""coordinates"":[[[77.80383,23.5211],[77.80448,23.5211],[77.80448,23.52175],[77.80383,23.52175],[77.80383,23.5211]]]}",547.41,23.5211,77.80375,EPSG:4326,Synthetic GIS survey,MAJOR_VARIANCE,SYNTHETIC DEMO DATA — NOT OFFICIAL GOVERNMENT RECORDS
GIS-1936,P1936,P1936,"{""type"":""Polygon"",""coordinates"":[[[77.80383,23.52225],[77.80448,23.52225],[77.80448,23.5229],[77.80383,23.5229],[77.80383,23.52225]]]}",599.63,23.52225,77.80375,EPSG:4326,Synthetic GIS survey,MAJOR_VARIANCE,SYNTHETIC DEMO DATA — NOT OFFICIAL GOVERNMENT RECORDS
GIS-1937,P1937,P1937,"{""type"":""Polygon"",""coordinates"":[[[77.80383,23.5234],[77.80448,23.5234],[77.80448,23.52405],[77.80383,23.52405],[77.80383,23.5234]]]}",652.4,23.5234,77.80375,EPSG:4326,Synthetic GIS survey,MAJOR_VARIANCE,SYNTHETIC DEMO DATA — NOT OFFICIAL GOVERNMENT RECORDS
GIS-1938,P1938,P1938,"{""type"":""Polygon"",""coordinates"":[[[77.80383,23.52455],[77.80448,23.52455],[77.80448,23.5252],[77.80383,23.5252],[77.80383,23.52455]]]}",705.2,23.52455,77.80375,EPSG:4326,Synthetic GIS survey,MAJOR_VARIANCE,SYNTHETIC DEMO DATA — NOT OFFICIAL GOVERNMENT RECORDS
GIS-1939,P1939,P1939,"{""type"":""Polygon"",""coordinates"":[[[77.80383,23.5257],[77.80448,23.5257],[77.80448,23.52635],[77.80383,23.52635],[77.80383,23.5257]]]}",757.13,23.5257,77.80375,EPSG:4326,Synthetic GIS survey,MAJOR_VARIANCE,SYNTHETIC DEMO DATA — NOT OFFICIAL GOVERNMENT RECORDS
GIS-1940,P1940,P1940,"{""type"":""Polygon"",""coordinates"":[[[77.80383,23.52685],[77.80448,23.52685],[77.80448,23.5275],[77.80383,23.5275],[77.80383,23.52685]]]}",810.2,23.52685,77.80375,EPSG:4326,Synthetic GIS survey,MAJOR_VARIANCE,SYNTHETIC DEMO DATA — NOT OFFICIAL GOVERNMENT RECORDS
GIS-1941,P1941,P1941,"{""type"":""Polygon"",""coordinates"":[[[77.80383,23.528],[77.80448,23.528],[77.80448,23.52865],[77.80383,23.52865],[77.80383,23.528]]]}",862.95,23.528,77.80375,EPSG:4326,Synthetic GIS survey,MAJOR_VARIANCE,SYNTHETIC DEMO DATA — NOT OFFICIAL GOVERNMENT RECORDS
GIS-1942,P1942,P1942,"{""type"":""Polygon"",""coordinates"":[[[77.80383,23.52915],[77.80448,23.52915],[77.80448,23.5298],[77.80383,23.5298],[77.80383,23.52915]]]}",915.96,23.52915,77.80375,EPSG:4326,Synthetic GIS survey,MAJOR_VARIANCE,SYNTHETIC DEMO DATA — NOT OFFICIAL GOVERNMENT RECORDS
GIS-1943,P1943,P1943,"{""type"":""Polygon"",""coordinates"":[[[77.80383,23.5303],[77.80448,23.5303],[77.80448,23.53095],[77.80383,23.53095],[77.80383,23.5303]]]}",968.59,23.5303,77.80375,EPSG:4326,Synthetic GIS survey,MAJOR_VARIANCE,SYNTHETIC DEMO DATA — NOT OFFICIAL GOVERNMENT RECORDS
GIS-1944,P1944,P1944,"{""type"":""Polygon"",""coordinates"":[[[77.80383,23.53145],[77.80448,23.53145],[77.80448,23.5321],[77.80383,23.5321],[77.80383,23.53145]]]}",1020.39,23.53145,77.80375,EPSG:4326,Synthetic GIS survey,MAJOR_VARIANCE,SYNTHETIC DEMO DATA — NOT OFFICIAL GOVERNMENT RECORDS
GIS-1945,P1945,P1945,"{""type"":""Polygon"",""coordinates"":[[[77.80383,23.5326],[77.80448,23.5326],[77.80448,23.53325],[77.80383,23.53325],[77.80383,23.5326]]]}",1073.86,23.5326,77.80375,EPSG:4326,Synthetic GIS survey,MAJOR_VARIANCE,SYNTHETIC DEMO DATA — NOT OFFICIAL GOVERNMENT RECORDS
GIS-1946,P1946,P1946,"{""type"":""Polygon"",""coordinates"":[[[77.80383,23.53375],[77.80448,23.53375],[77.80448,23.5344],[77.80383,23.5344],[77.80383,23.53375]]]}",1126.37,23.53375,77.80375,EPSG:4326,Synthetic GIS survey,MAJOR_VARIANCE,SYNTHETIC DEMO DATA — NOT OFFICIAL GOVERNMENT RECORDS
GIS-1947,P1947,P1947,"{""type"":""Polygon"",""coordinates"":[[[77.80383,23.5349],[77.80448,23.5349],[77.80448,23.53555],[77.80383,23.53555],[77.80383,23.5349]]]}",1178.59,23.5349,77.80375,EPSG:4326,Synthetic GIS survey,MAJOR_VARIANCE,SYNTHETIC DEMO DATA — NOT OFFICIAL GOVERNMENT RECORDS
GIS-1948,P1948,P1948,"{""type"":""Polygon"",""coordinates"":[[[77.80383,23.53605],[77.80448,23.53605],[77.80448,23.5367],[77.80383,23.5367],[77.80383,23.53605]]]}",1231.32,23.53605,77.80375,EPSG:4326,Synthetic GIS survey,MAJOR_VARIANCE,SYNTHETIC DEMO DATA — NOT OFFICIAL GOVERNMENT RECORDS
GIS-1949,P1949,P1949,"{""type"":""Polygon"",""coordinates"":[[[77.80383,23.5372],[77.80448,23.5372],[77.80448,23.53785],[77.80383,23.53785],[77.80383,23.5372]]]}",1283.98,23.5372,77.80375,EPSG:4326,Synthetic GIS survey,MAJOR_VARIANCE,SYNTHETIC DEMO DATA — NOT OFFICIAL GOVERNMENT RECORDS
GIS-1950,P1950,P1950,"{""type"":""Polygon"",""coordinates"":[[[77.80383,23.53835],[77.80448,23.53835],[77.80448,23.539],[77.80383,23.539],[77.80383,23.53835]]]}",1337.16,23.53835,77.80375,EPSG:4326,Synthetic GIS survey,MAJOR_VARIANCE,SYNTHETIC DEMO DATA — NOT OFFICIAL GOVERNMENT RECORDS
GIS-1951,P1951,P1951,"{""type"":""Polygon"",""coordinates"":[[[77.80383,23.5395],[77.80448,23.5395],[77.80448,23.54015],[77.80383,23.54015],[77.80383,23.5395]]]}",1389.4,23.5395,77.80375,EPSG:4326,Synthetic GIS survey,MAJOR_VARIANCE,SYNTHETIC DEMO DATA — NOT OFFICIAL GOVERNMENT RECORDS
GIS-1952,P1952,P1952,"{""type"":""Polygon"",""coordinates"":[[[77.80383,23.54065],[77.80448,23.54065],[77.80448,23.5413],[77.80383,23.5413],[77.80383,23.54065]]]}",1442.24,23.54065,77.80375,EPSG:4326,Synthetic GIS survey,MAJOR_VARIANCE,SYNTHETIC DEMO DATA — NOT OFFICIAL GOVERNMENT RECORDS
GIS-1953,P1953,P1953,"{""type"":""Polygon"",""coordinates"":[[[77.80383,23.5418],[77.80448,23.5418],[77.80448,23.54245],[77.80383,23.54245],[77.80383,23.5418]]]}",1494.88,23.5418,77.80375,EPSG:4326,Synthetic GIS survey,MAJOR_VARIANCE,SYNTHETIC DEMO DATA — NOT OFFICIAL GOVERNMENT RECORDS
GIS-1954,P1954,P1954,"{""type"":""Polygon"",""coordinates"":[[[77.80383,23.54295],[77.80448,23.54295],[77.80448,23.5436],[77.80383,23.5436],[77.80383,23.54295]]]}",1547.8,23.54295,77.80375,EPSG:4326,Synthetic GIS survey,MAJOR_VARIANCE,SYNTHETIC DEMO DATA — NOT OFFICIAL GOVERNMENT RECORDS
GIS-1955,P1955,P1955,"{""type"":""Polygon"",""coordinates"":[[[77.80383,23.5441],[77.80448,23.5441],[77.80448,23.54475],[77.80383,23.54475],[77.80383,23.5441]]]}",1599.37,23.5441,77.80375,EPSG:4326,Synthetic GIS survey,MAJOR_VARIANCE,SYNTHETIC DEMO DATA — NOT OFFICIAL GOVERNMENT RECORDS
GIS-1956,P1956,P1956,"{""type"":""Polygon"",""coordinates"":[[[77.80383,23.54525],[77.80448,23.54525],[77.80448,23.5459],[77.80383,23.5459],[77.80383,23.54525]]]}",1652.5,23.54525,77.80375,EPSG:4326,Synthetic GIS survey,MAJOR_VARIANCE,SYNTHETIC DEMO DATA — NOT OFFICIAL GOVERNMENT RECORDS
GIS-1957,P1957,P1957,"{""type"":""Polygon"",""coordinates"":[[[77.80383,23.5464],[77.80448,23.5464],[77.80448,23.54705],[77.80383,23.54705],[77.80383,23.5464]]]}",1704.88,23.5464,77.80375,EPSG:4326,Synthetic GIS survey,MAJOR_VARIANCE,SYNTHETIC DEMO DATA — NOT OFFICIAL GOVERNMENT RECORDS
GIS-1958,P1958,P1958,"{""type"":""Polygon"",""coordinates"":[[[77.80383,23.54755],[77.80448,23.54755],[77.80448,23.5482],[77.80383,23.5482],[77.80383,23.54755]]]}",133.8,23.54755,77.80375,EPSG:4326,Synthetic GIS survey,MAJOR_VARIANCE,SYNTHETIC DEMO DATA — NOT OFFICIAL GOVERNMENT RECORDS
GIS-1959,P1959,P1959,"{""type"":""Polygon"",""coordinates"":[[[77.80383,23.5487],[77.80448,23.5487],[77.80448,23.54935],[77.80383,23.54935],[77.80383,23.5487]]]}",186.3,23.5487,77.80375,EPSG:4326,Synthetic GIS survey,MAJOR_VARIANCE,SYNTHETIC DEMO DATA — NOT OFFICIAL GOVERNMENT RECORDS
GIS-1960,P1960,P1960,"{""type"":""Polygon"",""coordinates"":[[[77.80383,23.54985],[77.80448,23.54985],[77.80448,23.5505],[77.80383,23.5505],[77.80383,23.54985]]]}",239.32,23.54985,77.80375,EPSG:4326,Synthetic GIS survey,MAJOR_VARIANCE,SYNTHETIC DEMO DATA — NOT OFFICIAL GOVERNMENT RECORDS
GIS-1961,P1961,P1961,"{""type"":""Polygon"",""coordinates"":[[[77.80508,23.505],[77.80573,23.505],[77.80573,23.50565],[77.80508,23.50565],[77.80508,23.505]]]}",292.2,23.505,77.805,EPSG:4326,Synthetic GIS survey,MAJOR_VARIANCE,SYNTHETIC DEMO DATA — NOT OFFICIAL GOVERNMENT RECORDS
GIS-1962,P1962,P1962,"{""type"":""Polygon"",""coordinates"":[[[77.80508,23.50615],[77.80573,23.50615],[77.80573,23.5068],[77.80508,23.5068],[77.80508,23.50615]]]}",344.37,23.50615,77.805,EPSG:4326,Synthetic GIS survey,MAJOR_VARIANCE,SYNTHETIC DEMO DATA — NOT OFFICIAL GOVERNMENT RECORDS
GIS-1963,P1963,P1963,"{""type"":""Polygon"",""coordinates"":[[[77.80508,23.5073],[77.80573,23.5073],[77.80573,23.50795],[77.80508,23.50795],[77.80508,23.5073]]]}",396.82,23.5073,77.805,EPSG:4326,Synthetic GIS survey,MAJOR_VARIANCE,SYNTHETIC DEMO DATA — NOT OFFICIAL GOVERNMENT RECORDS
GIS-1964,P1964,P1964,"{""type"":""Polygon"",""coordinates"":[[[77.80508,23.50845],[77.80573,23.50845],[77.80573,23.5091],[77.80508,23.5091],[77.80508,23.50845]]]}",449.34,23.50845,77.805,EPSG:4326,Synthetic GIS survey,MAJOR_VARIANCE,SYNTHETIC DEMO DATA — NOT OFFICIAL GOVERNMENT RECORDS
GIS-1965,P1965,P1965,"{""type"":""Polygon"",""coordinates"":[[[77.80508,23.5096],[77.80573,23.5096],[77.80573,23.51025],[77.80508,23.51025],[77.80508,23.5096]]]}",502.54,23.5096,77.805,EPSG:4326,Synthetic GIS survey,MAJOR_VARIANCE,SYNTHETIC DEMO DATA — NOT OFFICIAL GOVERNMENT RECORDS
GIS-1966,P1966,P1966,"{""type"":""Polygon"",""coordinates"":[[[77.80508,23.51075],[77.80573,23.51075],[77.80573,23.5114],[77.80508,23.5114],[77.80508,23.51075]]]}",555.25,23.51075,77.805,EPSG:4326,Synthetic GIS survey,MAJOR_VARIANCE,SYNTHETIC DEMO DATA — NOT OFFICIAL GOVERNMENT RECORDS
GIS-1967,P1967,P1967,"{""type"":""Polygon"",""coordinates"":[[[77.80508,23.5119],[77.80573,23.5119],[77.80573,23.51255],[77.80508,23.51255],[77.80508,23.5119]]]}",607.31,23.5119,77.805,EPSG:4326,Synthetic GIS survey,MAJOR_VARIANCE,SYNTHETIC DEMO DATA — NOT OFFICIAL GOVERNMENT RECORDS
GIS-1968,P1968,P1968,"{""type"":""Polygon"",""coordinates"":[[[77.80508,23.51305],[77.80573,23.51305],[77.80573,23.5137],[77.80508,23.5137],[77.80508,23.51305]]]}",660.07,23.51305,77.805,EPSG:4326,Synthetic GIS survey,MAJOR_VARIANCE,SYNTHETIC DEMO DATA — NOT OFFICIAL GOVERNMENT RECORDS
GIS-1969,P1969,P1969,"{""type"":""Polygon"",""coordinates"":[[[77.80508,23.5142],[77.80573,23.5142],[77.80573,23.51485],[77.80508,23.51485],[77.80508,23.5142]]]}",712.78,23.5142,77.805,EPSG:4326,Synthetic GIS survey,MAJOR_VARIANCE,SYNTHETIC DEMO DATA — NOT OFFICIAL GOVERNMENT RECORDS
GIS-1970,P1970,P1970,"{""type"":""Polygon"",""coordinates"":[[[77.80508,23.51535],[77.80573,23.51535],[77.80573,23.516],[77.80508,23.516],[77.80508,23.51535]]]}",765.23,23.51535,77.805,EPSG:4326,Synthetic GIS survey,MAJOR_VARIANCE,SYNTHETIC DEMO DATA — NOT OFFICIAL GOVERNMENT RECORDS
GIS-1971,P1971,P1971,"{""type"":""Polygon"",""coordinates"":[[[77.80508,23.5165],[77.80573,23.5165],[77.80573,23.51715],[77.80508,23.51715],[77.80508,23.5165]]]}",818.15,23.5165,77.805,EPSG:4326,Synthetic GIS survey,MAJOR_VARIANCE,SYNTHETIC DEMO DATA — NOT OFFICIAL GOVERNMENT RECORDS
GIS-1972,P1972,P1972,"{""type"":""Polygon"",""coordinates"":[[[77.80508,23.51765],[77.80573,23.51765],[77.80573,23.5183],[77.80508,23.5183],[77.80508,23.51765]]]}",870.32,23.51765,77.805,EPSG:4326,Synthetic GIS survey,MAJOR_VARIANCE,SYNTHETIC DEMO DATA — NOT OFFICIAL GOVERNMENT RECORDS
GIS-1973,P1973,P1973,"{""type"":""Polygon"",""coordinates"":[[[77.80508,23.5188],[77.80573,23.5188],[77.80573,23.51945],[77.80508,23.51945],[77.80508,23.5188]]]}",923.23,23.5188,77.805,EPSG:4326,Synthetic GIS survey,MAJOR_VARIANCE,SYNTHETIC DEMO DATA — NOT OFFICIAL GOVERNMENT RECORDS
GIS-1974,P1974,P1974,"{""type"":""Polygon"",""coordinates"":[[[77.80508,23.51995],[77.80573,23.51995],[77.80573,23.5206],[77.80508,23.5206],[77.80508,23.51995]]]}",976.12,23.51995,77.805,EPSG:4326,Synthetic GIS survey,MAJOR_VARIANCE,SYNTHETIC DEMO DATA — NOT OFFICIAL GOVERNMENT RECORDS
GIS-1975,P1975,P1975,"{""type"":""Polygon"",""coordinates"":[[[77.80508,23.5211],[77.80573,23.5211],[77.80573,23.52175],[77.80508,23.52175],[77.80508,23.5211]]]}",1028.2,23.5211,77.805,EPSG:4326,Synthetic GIS survey,MAJOR_VARIANCE,SYNTHETIC DEMO DATA — NOT OFFICIAL GOVERNMENT RECORDS
GIS-1976,P1976,P1976,"{""type"":""Polygon"",""coordinates"":[[[77.80508,23.52225],[77.80573,23.52225],[77.80573,23.5229],[77.80508,23.5229],[77.80508,23.52225]]]}",1081.71,23.52225,77.805,EPSG:4326,Synthetic GIS survey,MAJOR_VARIANCE,SYNTHETIC DEMO DATA — NOT OFFICIAL GOVERNMENT RECORDS
GIS-1977,P1977,P1977,"{""type"":""Polygon"",""coordinates"":[[[77.80508,23.5234],[77.80573,23.5234],[77.80573,23.52405],[77.80508,23.52405],[77.80508,23.5234]]]}",1134.54,23.5234,77.805,EPSG:4326,Synthetic GIS survey,MAJOR_VARIANCE,SYNTHETIC DEMO DATA — NOT OFFICIAL GOVERNMENT RECORDS
GIS-1978,P1978,P1978,"{""type"":""Polygon"",""coordinates"":[[[77.80508,23.52455],[77.80573,23.52455],[77.80573,23.5252],[77.80508,23.5252],[77.80508,23.52455]]]}",1186.25,23.52455,77.805,EPSG:4326,Synthetic GIS survey,MAJOR_VARIANCE,SYNTHETIC DEMO DATA — NOT OFFICIAL GOVERNMENT RECORDS
GIS-1979,P1979,P1979,"{""type"":""Polygon"",""coordinates"":[[[77.80508,23.5257],[77.80573,23.5257],[77.80573,23.52635],[77.80508,23.52635],[77.80508,23.5257]]]}",1238.89,23.5257,77.805,EPSG:4326,Synthetic GIS survey,MAJOR_VARIANCE,SYNTHETIC DEMO DATA — NOT OFFICIAL GOVERNMENT RECORDS
GIS-1980,P1980,P1980,"{""type"":""Polygon"",""coordinates"":[[[77.80508,23.52685],[77.80573,23.52685],[77.80573,23.5275],[77.80508,23.5275],[77.80508,23.52685]]]}",1291.53,23.52685,77.805,EPSG:4326,Synthetic GIS survey,MAJOR_VARIANCE,SYNTHETIC DEMO DATA — NOT OFFICIAL GOVERNMENT RECORDS
GIS-1981,P1981,P1981,"{""type"":""Polygon"",""coordinates"":[[[77.80508,23.528],[77.80573,23.528],[77.80573,23.52865],[77.80508,23.52865],[77.80508,23.528]]]}",1344.71,23.528,77.805,EPSG:4326,Synthetic GIS survey,MAJOR_VARIANCE,SYNTHETIC DEMO DATA — NOT OFFICIAL GOVERNMENT RECORDS
GIS-1982,P1982,P1982,"{""type"":""Polygon"",""coordinates"":[[[77.80508,23.52915],[77.80573,23.52915],[77.80573,23.5298],[77.80508,23.5298],[77.80508,23.52915]]]}",1397.28,23.52915,77.805,EPSG:4326,Synthetic GIS survey,MAJOR_VARIANCE,SYNTHETIC DEMO DATA — NOT OFFICIAL GOVERNMENT RECORDS
GIS-1983,P1983,P1983,"{""type"":""Polygon"",""coordinates"":[[[77.80508,23.5303],[77.80573,23.5303],[77.80573,23.53095],[77.80508,23.53095],[77.80508,23.5303]]]}",1450.03,23.5303,77.805,EPSG:4326,Synthetic GIS survey,MAJOR_VARIANCE,SYNTHETIC DEMO DATA — NOT OFFICIAL GOVERNMENT RECORDS
GIS-1984,P1984,P1984,"{""type"":""Polygon"",""coordinates"":[[[77.80508,23.53145],[77.80573,23.53145],[77.80573,23.5321],[77.80508,23.5321],[77.80508,23.53145]]]}",1502.6,23.53145,77.805,EPSG:4326,Synthetic GIS survey,MAJOR_VARIANCE,SYNTHETIC DEMO DATA — NOT OFFICIAL GOVERNMENT RECORDS
GIS-1985,P1985,P1985,"{""type"":""Polygon"",""coordinates"":[[[77.80508,23.5326],[77.80573,23.5326],[77.80573,23.53325],[77.80508,23.53325],[77.80508,23.5326]]]}",1555.0,23.5326,77.805,EPSG:4326,Synthetic GIS survey,MAJOR_VARIANCE,SYNTHETIC DEMO DATA — NOT OFFICIAL GOVERNMENT RECORDS
GIS-1986,P1986,P1986,"{""type"":""Polygon"",""coordinates"":[[[77.80508,23.53375],[77.80573,23.53375],[77.80573,23.5344],[77.80508,23.5344],[77.80508,23.53375]]]}",1608.01,23.53375,77.805,EPSG:4326,Synthetic GIS survey,MAJOR_VARIANCE,SYNTHETIC DEMO DATA — NOT OFFICIAL GOVERNMENT RECORDS
GIS-1987,P1987,P1987,"{""type"":""Polygon"",""coordinates"":[[[77.80508,23.5349],[77.80573,23.5349],[77.80573,23.53555],[77.80508,23.53555],[77.80508,23.5349]]]}",1660.08,23.5349,77.805,EPSG:4326,Synthetic GIS survey,MAJOR_VARIANCE,SYNTHETIC DEMO DATA — NOT OFFICIAL GOVERNMENT RECORDS
GIS-1988,P1988,P1988,"{""type"":""Polygon"",""coordinates"":[[[77.80508,23.53605],[77.80573,23.53605],[77.80573,23.5367],[77.80508,23.5367],[77.80508,23.53605]]]}",1713.21,23.53605,77.805,EPSG:4326,Synthetic GIS survey,MAJOR_VARIANCE,SYNTHETIC DEMO DATA — NOT OFFICIAL GOVERNMENT RECORDS
GIS-1989,P1989,P1989,"{""type"":""Polygon"",""coordinates"":[[[77.80508,23.5372],[77.80573,23.5372],[77.80573,23.53785],[77.80508,23.53785],[77.80508,23.5372]]]}",141.95,23.5372,77.805,EPSG:4326,Synthetic GIS survey,MAJOR_VARIANCE,SYNTHETIC DEMO DATA — NOT OFFICIAL GOVERNMENT RECORDS
GIS-1990,P1990,P1990,"{""type"":""Polygon"",""coordinates"":[[[77.80508,23.53835],[77.80573,23.53835],[77.80573,23.539],[77.80508,23.539],[77.80508,23.53835]]]}",193.85,23.53835,77.805,EPSG:4326,Synthetic GIS survey,MAJOR_VARIANCE,SYNTHETIC DEMO DATA — NOT OFFICIAL GOVERNMENT RECORDS
GIS-1991,P1991,P1991,"{""type"":""Polygon"",""coordinates"":[[[77.80508,23.5395],[77.80573,23.5395],[77.80573,23.54015],[77.80508,23.54015],[77.80508,23.5395]]]}",246.79,23.5395,77.805,EPSG:4326,Synthetic GIS survey,MAJOR_VARIANCE,SYNTHETIC DEMO DATA — NOT OFFICIAL GOVERNMENT RECORDS
GIS-1992,P1992,P1992,"{""type"":""Polygon"",""coordinates"":[[[77.80508,23.54065],[77.80573,23.54065],[77.80573,23.5413],[77.80508,23.5413],[77.80508,23.54065]]]}",299.39,23.54065,77.805,EPSG:4326,Synthetic GIS survey,MAJOR_VARIANCE,SYNTHETIC DEMO DATA — NOT OFFICIAL GOVERNMENT RECORDS
GIS-1993,P1993,P1993,"{""type"":""Polygon"",""coordinates"":[[[77.80508,23.5418],[77.80573,23.5418],[77.80573,23.54245],[77.80508,23.54245],[77.80508,23.5418]]]}",352.55,23.5418,77.805,EPSG:4326,Synthetic GIS survey,MAJOR_VARIANCE,SYNTHETIC DEMO DATA — NOT OFFICIAL GOVERNMENT RECORDS
GIS-1994,P1994,P1994,"{""type"":""Polygon"",""coordinates"":[[[77.80508,23.54295],[77.80573,23.54295],[77.80573,23.5436],[77.80508,23.5436],[77.80508,23.54295]]]}",405.2,23.54295,77.805,EPSG:4326,Synthetic GIS survey,MAJOR_VARIANCE,SYNTHETIC DEMO DATA — NOT OFFICIAL GOVERNMENT RECORDS
GIS-1995,P1995,P1995,"{""type"":""Polygon"",""coordinates"":[[[77.80508,23.5441],[77.80573,23.5441],[77.80573,23.54475],[77.80508,23.54475],[77.80508,23.5441]]]}",457.27,23.5441,77.805,EPSG:4326,Synthetic GIS survey,MAJOR_VARIANCE,SYNTHETIC DEMO DATA — NOT OFFICIAL GOVERNMENT RECORDS
GIS-1996,P1996,P1996,"{""type"":""Polygon"",""coordinates"":[[[77.80508,23.54525],[77.80573,23.54525],[77.80573,23.5459],[77.80508,23.5459],[77.80508,23.54525]]]}",509.81,23.54525,77.805,EPSG:4326,Synthetic GIS survey,MAJOR_VARIANCE,SYNTHETIC DEMO DATA — NOT OFFICIAL GOVERNMENT RECORDS
GIS-1997,P1997,P1997,"{""type"":""Polygon"",""coordinates"":[[[77.80508,23.5464],[77.80573,23.5464],[77.80573,23.54705],[77.80508,23.54705],[77.80508,23.5464]]]}",562.28,23.5464,77.805,EPSG:4326,Synthetic GIS survey,MAJOR_VARIANCE,SYNTHETIC DEMO DATA — NOT OFFICIAL GOVERNMENT RECORDS
GIS-1998,P1998,P1998,"{""type"":""Polygon"",""coordinates"":[[[77.80508,23.54755],[77.80573,23.54755],[77.80573,23.5482],[77.80508,23.5482],[77.80508,23.54755]]]}",614.96,23.54755,77.805,EPSG:4326,Synthetic GIS survey,MAJOR_VARIANCE,SYNTHETIC DEMO DATA — NOT OFFICIAL GOVERNMENT RECORDS
GIS-1999,P1999,P1999,"{""type"":""Polygon"",""coordinates"":[[[77.80508,23.5487],[77.80573,23.5487],[77.80573,23.54935],[77.80508,23.54935],[77.80508,23.5487]]]}",667.71,23.5487,77.805,EPSG:4326,Synthetic GIS survey,MAJOR_VARIANCE,SYNTHETIC DEMO DATA — NOT OFFICIAL GOVERNMENT RECORDS
GIS-2000,P2000,P2000,"{""type"":""Polygon"",""coordinates"":[[[77.80508,23.54985],[77.80573,23.54985],[77.80573,23.5505],[77.80508,23.5505],[77.80508,23.54985]]]}",721.06,23.54985,77.805,EPSG:4326,Synthetic GIS survey,MAJOR_VARIANCE,SYNTHETIC DEMO DATA — NOT OFFICIAL GOVERNMENT RECORDS
