municipal_record_id,property_id,property_number,owner_name,ward,address,property_type,land_use,built_up_area_sq_m,plot_area_sq_m,property_status,tax_zone,data_type
MUN-1001,P1001,MUNPROP-1001,Rahul Kumar Sharma,1,"Sector 1, Sanchi Road, Vidisha",Urban Parcel,Commercial,56.35,90.88,ACTIVE,ZONE-1,SYNTHETIC DEMO DATA — NOT OFFICIAL GOVERNMENT RECORDS
MUN-1002,P1002,MUNPROP-1002,Amit Verma,2,"Sector 2, Betwa Nagar, Vidisha",Urban Parcel,Commercial,85.09,137.25,ACTIVE,ZONE-2,SYNTHETIC DEMO DATA — NOT OFFICIAL GOVERNMENT RECORDS
MUN-1003,P1003,MUNPROP-1003,Neha Patel,3,"Sector 3, Ganj Basoda Road, Vidisha",Urban Parcel,Industrial,114.18,184.16,ACTIVE,ZONE-3,SYNTHETIC DEMO DATA — NOT OFFICIAL GOVERNMENT RECORDS
MUN-1004,P1004,MUNPROP-1004,Priya Singh,4,"Sector 4, Civil Lines Extension, Vidisha",Urban Parcel,Agricultural,143.64,231.68,ACTIVE,ZONE-4,SYNTHETIC DEMO DATA — NOT OFFICIAL GOVERNMENT RECORDS
MUN-1005,P1005,MUNPROP-1005,Suresh Yadav,5,"Sector 5, Kachhi Khedi, Vidisha",Urban Parcel,Institutional,172.81,278.72,ACTIVE,ZONE-5,SYNTHETIC DEMO DATA — NOT OFFICIAL GOVERNMENT RECORDS
MUN-1006,P1006,MUNPROP-1006,Anjali Jain,6,"Sector 6, Madhav Nagar, Vidisha",Urban Parcel,Mixed Use,201.85,325.57,ACTIVE,ZONE-1,SYNTHETIC DEMO DATA — NOT OFFICIAL GOVERNMENT RECORDS
MUN-1007,P1007,MUNPROP-1007,Vikram Mehta,7,"Sector 7, Raisen Link, Vidisha",Urban Parcel,Vacant Land,231.15,372.83,ACTIVE,ZONE-2,SYNTHETIC DEMO DATA — NOT OFFICIAL GOVERNMENT RECORDS
MUN-1008,P1008,MUNPROP-1008,Kavita Joshi,8,"Sector 8, Vidisha Urban, Vidisha",Urban Parcel,Public/Semi-Public,259.84,419.09,ACTIVE,ZONE-3,SYNTHETIC DEMO DATA — NOT OFFICIAL GOVERNMENT RECORDS
MUN-1009,P1009,MUNPROP-1009,Manoj Gupta,9,"Sector 9, Sanchi Road, Vidisha",Urban Parcel,Residential,289.04,466.19,ACTIVE,ZONE-4,SYNTHETIC DEMO DATA — NOT OFFICIAL GOVERNMENT RECORDS
MUN-1010,P1010,MUNPROP-1010,Ritu Mishra,10,"Sector 10, Betwa Nagar, Vidisha",Urban Parcel,Commercial,318.14,513.13,ACTIVE,ZONE-5,SYNTHETIC DEMO DATA — NOT OFFICIAL GOVERNMENT RECORDS
MUN-1011,P1011,MUNPROP-1011,Arjun Malviya,11,"Sector 11, Ganj Basoda Road, Vidisha",Urban Parcel,Industrial,347.63,560.69,ACTIVE,ZONE-1,SYNTHETIC DEMO DATA — NOT OFFICIAL GOVERNMENT RECORDS
MUN-1012,P1012,MUNPROP-1012,Pooja Kumar Thakur,12,"Sector 12, Civil Lines Extension, Vidisha",Urban Parcel,Agricultural,376.83,607.79,ACTIVE,ZONE-2,SYNTHETIC DEMO DATA — NOT OFFICIAL GOVERNMENT RECORDS
MUN-1013,P1013,MUNPROP-1013,Nitin Saxena,1,"Sector 13, Kachhi Khedi, Vidisha",Urban Parcel,Institutional,405.7,654.36,ACTIVE,ZONE-3,SYNTHETIC DEMO DATA — NOT OFFICIAL GOVERNMENT RECORDS
MUN-1014,P1014,MUNPROP-1014,Meera Chouhan,2,"Sector 14, Madhav Nagar, Vidisha",Urban Parcel,Mixed Use,434.68,701.09,ACTIVE,ZONE-4,SYNTHETIC DEMO DATA — NOT OFFICIAL GOVERNMENT RECORDS
MUN-1015,P1015,MUNPROP-1015,Deepak Tiwari,3,"Sector 15, Raisen Link, Vidisha",Urban Parcel,Vacant Land,464.22,748.74,ACTIVE,ZONE-5,SYNTHETIC DEMO DATA — NOT OFFICIAL GOVERNMENT RECORDS
MUN-1016,P1016,MUNPROP-1016,Sunita Rathore,4,"Sector 16, Vidisha Urban, Vidisha",Urban Parcel,Public/Semi-Public,493.06,795.25,ACTIVE,ZONE-1,SYNTHETIC DEMO DATA — NOT OFFICIAL GOVERNMENT RECORDS
MUN-1017,P1017,MUNPROP-1017,Karan Dubey,5,"Sector 17, Sanchi Road, Vidisha",Urban Parcel,Residential,522.13,842.14,ACTIVE,ZONE-2,SYNTHETIC DEMO DATA — NOT OFFICIAL GOVERNMENT RECORDS
MUN-1018,P1018,MUNPROP-1018,Isha Kulkarni,6,"Sector 18, Betwa Nagar, Vidisha",Urban Parcel,Commercial,551.35,889.28,ACTIVE,ZONE-3,SYNTHETIC DEMO DATA — NOT OFFICIAL GOVERNMENT RECORDS
MUN-1019,P1019,MUNPROP-1019,Mohan Solanki,7,"Sector 19, Ganj Basoda Road, Vidisha",Urban Parcel,Industrial,580.46,936.22,ACTIVE,ZONE-4,SYNTHETIC DEMO DATA — NOT OFFICIAL GOVERNMENT RECORDS
MUN-1020,P1020,MUNPROP-1020,Rekha Bansal,8,"Sector 20, Civil Lines Extension, Vidisha",Urban Parcel,Agricultural,609.73,983.44,ACTIVE,ZONE-5,SYNTHETIC DEMO DATA — NOT OFFICIAL GOVERNMENT RECORDS
MUN-1021,P1021,MUNPROP-1021,Rahul Sharma 2,9,"Sector 21, Kachhi Khedi, Vidisha",Urban Parcel,Institutional,639.09,1030.79,ACTIVE,ZONE-1,SYNTHETIC DEMO DATA — NOT OFFICIAL GOVERNMENT RECORDS
MUN-1022,P1022,MUNPROP-1022,Amit Verma 2,10,"Sector 22, Madhav Nagar, Vidisha",Urban Parcel,Mixed Use,668.16,1077.67,ACTIVE,ZONE-2,SYNTHETIC DEMO DATA — NOT OFFICIAL GOVERNMENT RECORDS
MUN-1023,P1023,MUNPROP-1023,Neha Kumar Patel 2,11,"Sector 23, Raisen Link, Vidisha",Urban Parcel,Vacant Land,697.45,1124.92,ACTIVE,ZONE-3,SYNTHETIC DEMO DATA — NOT OFFICIAL GOVERNMENT RECORDS
MUN-1024,P1024,MUNPROP-1024,Priya Singh 2,12,"Sector 24, Vidisha Urban, Vidisha",Urban Parcel,Public/Semi-Public,726.4,1171.61,ACTIVE,ZONE-4,SYNTHETIC DEMO DATA — NOT OFFICIAL GOVERNMENT RECORDS
MUN-1025,P1025,MUNPROP-1025,Suresh Yadav 2,1,"Sector 25, Sanchi Road, Vidisha",Urban Parcel,Residential,755.51,1218.57,ACTIVE,ZONE-5,SYNTHETIC DEMO DATA — NOT OFFICIAL GOVERNMENT RECORDS
MUN-1026,P1026,MUNPROP-1026,Anjali Jain 2,2,"Sector 1, Betwa Nagar, Vidisha",Urban Parcel,Commercial,784.41,1265.17,ACTIVE,ZONE-1,SYNTHETIC DEMO DATA — NOT OFFICIAL GOVERNMENT RECORDS
MUN-1027,P1027,MUNPROP-1027,Vikram Mehta 2,3,"Sector 2, Ganj Basoda Road, Vidisha",Urban Parcel,Industrial,813.84,1312.64,ACTIVE,ZONE-2,SYNTHETIC DEMO DATA — NOT OFFICIAL GOVERNMENT RECORDS
MUN-1028,P1028,MUNPROP-1028,Kavita Joshi 2,4,"Sector 3, Civil Lines Extension, Vidisha",Urban Parcel,Agricultural,842.95,1359.6,ACTIVE,ZONE-3,SYNTHETIC DEMO DATA — NOT OFFICIAL GOVERNMENT RECORDS
MUN-1029,P1029,MUNPROP-1029,Manoj Gupta 2,5,"Sector 4, Kachhi Khedi, Vidisha",Urban Parcel,Institutional,872.33,1406.98,ACTIVE,ZONE-4,SYNTHETIC DEMO DATA — NOT OFFICIAL GOVERNMENT RECORDS
MUN-1030,P1030,MUNPROP-1030,Ritu Mishra 2,6,"Sector 5, Madhav Nagar, Vidisha",Urban Parcel,Mixed Use,900.87,1453.01,ACTIVE,ZONE-5,SYNTHETIC DEMO DATA — NOT OFFICIAL GOVERNMENT RECORDS
MUN-1031,P1031,MUNPROP-1031,Arjun Malviya 2,7,"Sector 6, Raisen Link, Vidisha",Urban Parcel,Vacant Land,930.24,1500.38,ACTIVE,ZONE-1,SYNTHETIC DEMO DATA — NOT OFFICIAL GOVERNMENT RECORDS
MUN-1032,P1032,MUNPROP-1032,Pooja Thakur 2,8,"Sector 7, Vidisha Urban, Vidisha",Urban Parcel,Public/Semi-Public,60.56,97.67,ACTIVE,ZONE-2,SYNTHETIC DEMO DATA — NOT OFFICIAL GOVERNMENT RECORDS
MUN-1033,P1033,MUNPROP-1033,Nitin Saxena 2,9,"Sector 8, Sanchi Road, Vidisha",Urban Parcel,Residential,89.44,144.26,ACTIVE,ZONE-3,SYNTHETIC DEMO DATA — NOT OFFICIAL GOVERNMENT RECORDS
MUN-1034,P1034,MUNPROP-1034,Meera Kumar Chouhan 2,10,"Sector 9, Betwa Nagar, Vidisha",Urban Parcel,Commercial,119.03,191.99,ACTIVE,ZONE-4,SYNTHETIC DEMO DATA — NOT OFFICIAL GOVERNMENT RECORDS
MUN-1035,P1035,MUNPROP-1035,Deepak Tiwari 2,11,"Sector 10, Ganj Basoda Road, Vidisha",Urban Parcel,Commercial,147.7,238.22,ACTIVE,ZONE-5,SYNTHETIC DEMO DATA — NOT OFFICIAL GOVERNMENT RECORDS
MUN-1036,P1036,MUNPROP-1036,Sunita Rathore 2,12,"Sector 11, Civil Lines Extension, Vidisha",Urban Parcel,Agricultural,176.99,285.46,ACTIVE,ZONE-1,SYNTHETIC DEMO DATA — NOT OFFICIAL GOVERNMENT RECORDS
MUN-1037,P1037,MUNPROP-1037,Karan Dubey 2,1,"Sector 12, Kachhi Khedi, Vidisha",Urban Parcel,Institutional,206.15,332.5,ACTIVE,ZONE-2,SYNTHETIC DEMO DATA — NOT OFFICIAL GOVERNMENT RECORDS
MUN-1038,P1038,MUNPROP-1038,Isha Kulkarni 2,2,"Sector 13, Madhav Nagar, Vidisha",Urban Parcel,Mixed Use,235.18,379.33,ACTIVE,ZONE-3,SYNTHETIC DEMO DATA — NOT OFFICIAL GOVERNMENT RECORDS
MUN-1039,P1039,MUNPROP-1039,Mohan Solanki 2,3,"Sector 14, Raisen Link, Vidisha",Urban Parcel,Vacant Land,264.7,426.94,ACTIVE,ZONE-4,SYNTHETIC DEMO DATA — NOT OFFICIAL GOVERNMENT RECORDS
MUN-1040,P1040,MUNPROP-1040,Rekha Bansal 2,4,"Sector 15, Vidisha Urban, Vidisha",Urban Parcel,Public/Semi-Public,293.56,473.48,ACTIVE,ZONE-5,SYNTHETIC DEMO DATA — NOT OFFICIAL GOVERNMENT RECORDS
MUN-1041,P1041,MUNPROP-1041,Rahul Sharma 3,5,"Sector 16, Sanchi Road, Vidisha",Urban Parcel,Residential,322.82,520.68,ACTIVE,ZONE-1,SYNTHETIC DEMO DATA — NOT OFFICIAL GOVERNMENT RECORDS
MUN-1042,P1042,MUNPROP-1042,Amit Verma 3,6,"Sector 17, Betwa Nagar, Vidisha",Urban Parcel,Commercial,351.92,567.61,ACTIVE,ZONE-2,SYNTHETIC DEMO DATA — NOT OFFICIAL GOVERNMENT RECORDS
MUN-1043,P1043,MUNPROP-1043,Neha Patel 3,7,"Sector 18, Ganj Basoda Road, Vidisha",Urban Parcel,Industrial,381.23,614.88,ACTIVE,ZONE-3,SYNTHETIC DEMO DATA — NOT OFFICIAL GOVERNMENT RECORDS
MUN-1044,P1044,MUNPROP-1044,Priya Singh 3,8,"Sector 19, Civil Lines Extension, Vidisha",Urban Parcel,Agricultural,410.37,661.88,ACTIVE,ZONE-4,SYNTHETIC DEMO DATA — NOT OFFICIAL GOVERNMENT RECORDS
MUN-1045,P1045,MUNPROP-1045,Suresh Kumar Yadav 3,9,"Sector 20, Kachhi Khedi, Vidisha",Urban Parcel,Institutional,439.46,708.81,ACTIVE,ZONE-5,SYNTHETIC DEMO DATA — NOT OFFICIAL GOVERNMENT RECORDS
MUN-1046,P1046,MUNPROP-1046,Anjali Jain 3,10,"Sector 21, Madhav Nagar, Vidisha",Urban Parcel,Mixed Use,468.52,755.67,ACTIVE,ZONE-1,SYNTHETIC DEMO DATA — NOT OFFICIAL GOVERNMENT RECORDS
MUN-1047,P1047,MUNPROP-1047,Vikram Mehta 3,11,"Sector 22, Raisen Link, Vidisha",Urban Parcel,Vacant Land,497.26,802.03,ACTIVE,ZONE-2,SYNTHETIC DEMO DATA — NOT OFFICIAL GOVERNMENT RECORDS
MUN-1048,P1048,MUNPROP-1048,Kavita Joshi 3,12,"Sector 23, Vidisha Urban, Vidisha",Urban Parcel,Public/Semi-Public,526.89,849.82,ACTIVE,ZONE-3,SYNTHETIC DEMO DATA — NOT OFFICIAL GOVERNMENT RECORDS
MUN-1049,P1049,MUNPROP-1049,Manoj Gupta 3,1,"Sector 24, Sanchi Road, Vidisha",Urban Parcel,Residential,556.0,896.78,ACTIVE,ZONE-4,SYNTHETIC DEMO DATA — NOT OFFICIAL GOVERNMENT RECORDS
MUN-1050,P1050,MUNPROP-1050,Ritu Mishra 3,2,"Sector 25, Betwa Nagar, Vidisha",Urban Parcel,Commercial,585.13,943.76,ACTIVE,ZONE-5,SYNTHETIC DEMO DATA — NOT OFFICIAL GOVERNMENT RECORDS
MUN-1051,P1051,MUNPROP-1051,Arjun Malviya 3,3,"Sector 1, Ganj Basoda Road, Vidisha",Urban Parcel,Industrial,614.12,990.52,ACTIVE,ZONE-1,SYNTHETIC DEMO DATA — NOT OFFICIAL GOVERNMENT RECORDS
MUN-1052,P1052,MUNPROP-1052,Pooja Thakur 3,4,"Sector 2, Civil Lines Extension, Vidisha",Urban Parcel,Commercial,643.29,1037.57,ACTIVE,ZONE-2,SYNTHETIC DEMO DATA — NOT OFFICIAL GOVERNMENT RECORDS
MUN-1053,P1053,MUNPROP-1053,Nitin Saxena 3,5,"Sector 3, Kachhi Khedi, Vidisha",Urban Parcel,Institutional,672.22,1084.23,ACTIVE,ZONE-3,SYNTHETIC DEMO DATA — NOT OFFICIAL GOVERNMENT RECORDS
MUN-1054,P1054,MUNPROP-1054,Meera Chouhan 3,6,"Sector 4, Madhav Nagar, Vidisha",Urban Parcel,Mixed Use,701.73,1131.82,ACTIVE,ZONE-4,SYNTHETIC DEMO DATA — NOT OFFICIAL GOVERNMENT RECORDS
MUN-1055,P1055,MUNPROP-1055,Deepak Tiwari 3,7,"Sector 5, Raisen Link, Vidisha",Urban Parcel,Vacant Land,730.51,1178.24,ACTIVE,ZONE-5,SYNTHETIC DEMO DATA — NOT OFFICIAL GOVERNMENT RECORDS
MUN-1056,P1056,MUNPROP-1056,Sunita Kumar Rathore 3,8,"Sector 6, Vidisha Urban, Vidisha",Urban Parcel,Public/Semi-Public,760.05,1225.89,ACTIVE,ZONE-1,SYNTHETIC DEMO DATA — NOT OFFICIAL GOVERNMENT RECORDS
MUN-1057,P1057,MUNPROP-1057,Karan Dubey 3,9,"Sector 7, Sanchi Road, Vidisha",Urban Parcel,Residential,789.07,1272.69,ACTIVE,ZONE-2,SYNTHETIC DEMO DATA — NOT OFFICIAL GOVERNMENT RECORDS
MUN-1058,P1058,MUNPROP-1058,Isha Kulkarni 3,10,"Sector 8, Betwa Nagar, Vidisha",Urban Parcel,Commercial,818.06,1319.45,ACTIVE,ZONE-3,SYNTHETIC DEMO DATA — NOT OFFICIAL GOVERNMENT RECORDS
MUN-1059,P1059,MUNPROP-1059,Mohan Solanki 3,11,"Sector 9, Ganj Basoda Road, Vidisha",Urban Parcel,Industrial,847.45,1366.86,ACTIVE,ZONE-4,SYNTHETIC DEMO DATA — NOT OFFICIAL GOVERNMENT RECORDS
MUN-1060,P1060,MUNPROP-1060,Rekha Bansal 3,12,"Sector 10, Civil Lines Extension, Vidisha",Urban Parcel,Agricultural,876.67,1413.98,ACTIVE,ZONE-5,SYNTHETIC DEMO DATA — NOT OFFICIAL GOVERNMENT RECORDS
MUN-1061,P1061,MUNPROP-1061,Rahul Sharma 4,1,"Sector 11, Kachhi Khedi, Vidisha",Urban Parcel,Institutional,905.4,1460.33,ACTIVE,ZONE-1,SYNTHETIC DEMO DATA — NOT OFFICIAL GOVERNMENT RECORDS
MUN-1062,P1062,MUNPROP-1062,Amit Verma 4,2,"Sector 12, Madhav Nagar, Vidisha",Urban Parcel,Mixed Use,934.48,1507.23,ACTIVE,ZONE-2,SYNTHETIC DEMO DATA — NOT OFFICIAL GOVERNMENT RECORDS
MUN-1063,P1063,MUNPROP-1063,Neha Patel 4,3,"Sector 13, Raisen Link, Vidisha",Urban Parcel,Vacant Land,64.57,104.14,ACTIVE,ZONE-3,SYNTHETIC DEMO DATA — NOT OFFICIAL GOVERNMENT RECORDS
MUN-1064,P1064,MUNPROP-1064,Priya Singh 4,4,"Sector 14, Vidisha Urban, Vidisha",Urban Parcel,Public/Semi-Public,94.08,151.74,ACTIVE,ZONE-4,SYNTHETIC DEMO DATA — NOT OFFICIAL GOVERNMENT RECORDS
MUN-1065,P1065,MUNPROP-1065,Suresh Yadav 4,5,"Sector 15, Sanchi Road, Vidisha",Urban Parcel,Residential,123.19,198.7,ACTIVE,ZONE-5,SYNTHETIC DEMO DATA — NOT OFFICIAL GOVERNMENT RECORDS
MUN-1066,P1066,MUNPROP-1066,Anjali Jain 4,6,"Sector 16, Betwa Nagar, Vidisha",Urban Parcel,Commercial,152.07,245.28,ACTIVE,ZONE-1,SYNTHETIC DEMO DATA — NOT OFFICIAL GOVERNMENT RECORDS
MUN-1067,P1067,MUNPROP-1067,Vikram Kumar Mehta 4,7,"Sector 17, Ganj Basoda Road, Vidisha",Urban Parcel,Industrial,181.06,292.04,ACTIVE,ZONE-2,SYNTHETIC DEMO DATA — NOT OFFICIAL GOVERNMENT RECORDS
MUN-1068,P1068,MUNPROP-1068,Kavita Joshi 4,8,"Sector 18, Civil Lines Extension, Vidisha",Urban Parcel,Agricultural,210.34,339.25,ACTIVE,ZONE-3,SYNTHETIC DEMO DATA — NOT OFFICIAL GOVERNMENT RECORDS
MUN-1069,P1069,MUNPROP-1069,Manoj Gupta 4,9,"Sector 19, Kachhi Khedi, Vidisha",Urban Parcel,Commercial,239.52,386.33,ACTIVE,ZONE-4,SYNTHETIC DEMO DATA — NOT OFFICIAL GOVERNMENT RECORDS
MUN-1070,P1070,MUNPROP-1070,Ritu Mishra 4,10,"Sector 20, Madhav Nagar, Vidisha",Urban Parcel,Mixed Use,268.85,433.63,ACTIVE,ZONE-5,SYNTHETIC DEMO DATA — NOT OFFICIAL GOVERNMENT RECORDS
MUN-1071,P1071,MUNPROP-1071,Arjun Malviya 4,11,"Sector 21, Raisen Link, Vidisha",Urban Parcel,Vacant Land,297.94,480.55,ACTIVE,ZONE-1,SYNTHETIC DEMO DATA — NOT OFFICIAL GOVERNMENT RECORDS
MUN-1072,P1072,MUNPROP-1072,Pooja Thakur 4,12,"Sector 22, Vidisha Urban, Vidisha",Urban Parcel,Public/Semi-Public,327.25,527.82,ACTIVE,ZONE-2,SYNTHETIC DEMO DATA — NOT OFFICIAL GOVERNMENT RECORDS
MUN-1073,P1073,MUNPROP-1073,Nitin Saxena 4,1,"Sector 23, Sanchi Road, Vidisha",Urban Parcel,Residential,356.17,574.46,ACTIVE,ZONE-3,SYNTHETIC DEMO DATA — NOT OFFICIAL GOVERNMENT RECORDS
MUN-1074,P1074,MUNPROP-1074,Meera Chouhan 4,2,"Sector 24, Betwa Nagar, Vidisha",Urban Parcel,Commercial,385.57,621.89,ACTIVE,ZONE-4,SYNTHETIC DEMO DATA — NOT OFFICIAL GOVERNMENT RECORDS
MUN-1075,P1075,MUNPROP-1075,Deepak Tiwari 4,3,"Sector 25, Ganj Basoda Road, Vidisha",Urban Parcel,Industrial,414.74,668.94,ACTIVE,ZONE-5,SYNTHETIC DEMO DATA — NOT OFFICIAL GOVERNMENT RECORDS
MUN-1076,P1076,MUNPROP-1076,Sunita Rathore 4,4,"Sector 1, Civil Lines Extension, Vidisha",Urban Parcel,Agricultural,443.4,715.16,ACTIVE,ZONE-1,SYNTHETIC DEMO DATA — NOT OFFICIAL GOVERNMENT RECORDS
MUN-1077,P1077,MUNPROP-1077,Karan Dubey 4,5,"Sector 2, Kachhi Khedi, Vidisha",Urban Parcel,Institutional,472.48,762.06,ACTIVE,ZONE-2,SYNTHETIC DEMO DATA — NOT OFFICIAL GOVERNMENT RECORDS
MUN-1078,P1078,MUNPROP-1078,Isha Kumar Kulkarni 4,6,"Sector 3, Madhav Nagar, Vidisha",Urban Parcel,Mixed Use,501.9,809.51,ACTIVE,ZONE-3,SYNTHETIC DEMO DATA — NOT OFFICIAL GOVERNMENT RECORDS
MUN-1079,P1079,MUNPROP-1079,Mohan Solanki 4,7,"Sector 4, Raisen Link, Vidisha",Urban Parcel,Vacant Land,531.04,856.52,ACTIVE,ZONE-4,SYNTHETIC DEMO DATA — NOT OFFICIAL GOVERNMENT RECORDS
MUN-1080,P1080,MUNPROP-1080,Rekha Bansal 4,8,"Sector 5, Vidisha Urban, Vidisha",Urban Parcel,Public/Semi-Public,560.44,903.94,ACTIVE,ZONE-5,SYNTHETIC DEMO DATA — NOT OFFICIAL GOVERNMENT RECORDS
MUN-1081,P1081,MUNPROP-1081,Rahul Sharma 5,9,"Sector 6, Sanchi Road, Vidisha",Urban Parcel,Residential,589.33,950.53,ACTIVE,ZONE-1,SYNTHETIC DEMO DATA — NOT OFFICIAL GOVERNMENT RECORDS
MUN-1082,P1082,MUNPROP-1082,Amit Verma 5,10,"Sector 7, Betwa Nagar, Vidisha",Urban Parcel,Commercial,618.69,997.89,ACTIVE,ZONE-2,SYNTHETIC DEMO DATA — NOT OFFICIAL GOVERNMENT RECORDS
MUN-1083,P1083,MUNPROP-1083,Neha Patel 5,11,"Sector 8, Ganj Basoda Road, Vidisha",Urban Parcel,Industrial,647.3,1044.03,ACTIVE,ZONE-3,SYNTHETIC DEMO DATA — NOT OFFICIAL GOVERNMENT RECORDS
MUN-1084,P1084,MUNPROP-1084,Priya Singh 5,12,"Sector 9, Civil Lines Extension, Vidisha",Urban Parcel,Agricultural,676.65,1091.37,ACTIVE,ZONE-4,SYNTHETIC DEMO DATA — NOT OFFICIAL GOVERNMENT RECORDS
MUN-1085,P1085,MUNPROP-1085,Suresh Yadav 5,1,"Sector 10, Kachhi Khedi, Vidisha",Urban Parcel,Institutional,706.01,1138.72,ACTIVE,ZONE-5,SYNTHETIC DEMO DATA — NOT OFFICIAL GOVERNMENT RECORDS
MUN-1086,P1086,MUNPROP-1086,Anjali Jain 5,2,"Sector 11, Madhav Nagar, Vidisha",Urban Parcel,Commercial,734.93,1185.37,ACTIVE,ZONE-1,SYNTHETIC DEMO DATA — NOT OFFICIAL GOVERNMENT RECORDS
MUN-1087,P1087,MUNPROP-1087,Vikram Mehta 5,3,"Sector 12, Raisen Link, Vidisha",Urban Parcel,Vacant Land,763.98,1232.22,ACTIVE,ZONE-2,SYNTHETIC DEMO DATA — NOT OFFICIAL GOVERNMENT RECORDS
MUN-1088,P1088,MUNPROP-1088,Kavita Joshi 5,4,"Sector 13, Vidisha Urban, Vidisha",Urban Parcel,Public/Semi-Public,793.54,1279.91,ACTIVE,ZONE-3,SYNTHETIC DEMO DATA — NOT OFFICIAL GOVERNMENT RECORDS
MUN-1089,P1089,MUNPROP-1089,Manoj Kumar Gupta 5,5,"Sector 14, Sanchi Road, Vidisha",Urban Parcel,Residential,822.42,1326.48,ACTIVE,ZONE-4,SYNTHETIC DEMO DATA — NOT OFFICIAL GOVERNMENT RECORDS
MUN-1090,P1090,MUNPROP-1090,Ritu Mishra 5,6,"Sector 15, Betwa Nagar, Vidisha",Urban Parcel,Commercial,851.33,1373.11,ACTIVE,ZONE-5,SYNTHETIC DEMO DATA — NOT OFFICIAL GOVERNMENT RECORDS
MUN-1091,P1091,MUNPROP-1091,Arjun Malviya 5,7,"Sector 16, Ganj Basoda Road, Vidisha",Urban Parcel,Industrial,880.55,1420.24,ACTIVE,ZONE-1,SYNTHETIC DEMO DATA — NOT OFFICIAL GOVERNMENT RECORDS
MUN-1092,P1092,MUNPROP-1092,Pooja Thakur 5,8,"Sector 17, Civil Lines Extension, Vidisha",Urban Parcel,Agricultural,909.91,1467.59,ACTIVE,ZONE-2,SYNTHETIC DEMO DATA — NOT OFFICIAL GOVERNMENT RECORDS
MUN-1093,P1093,MUNPROP-1093,Nitin Saxena 5,9,"Sector 18, Kachhi Khedi, Vidisha",Urban Parcel,Institutional,938.9,1514.35,ACTIVE,ZONE-3,SYNTHETIC DEMO DATA — NOT OFFICIAL GOVERNMENT RECORDS
MUN-1094,P1094,MUNPROP-1094,Meera Chouhan 5,10,"Sector 19, Madhav Nagar, Vidisha",Urban Parcel,Mixed Use,69.35,111.85,ACTIVE,ZONE-4,SYNTHETIC DEMO DATA — NOT OFFICIAL GOVERNMENT RECORDS
MUN-1095,P1095,MUNPROP-1095,Deepak Tiwari 5,11,"Sector 20, Raisen Link, Vidisha",Urban Parcel,Vacant Land,98.04,158.13,ACTIVE,ZONE-5,SYNTHETIC DEMO DATA — NOT OFFICIAL GOVERNMENT RECORDS
MUN-1096,P1096,MUNPROP-1096,Sunita Rathore 5,12,"Sector 21, Vidisha Urban, Vidisha",Urban Parcel,Public/Semi-Public,127.48,205.62,ACTIVE,ZONE-1,SYNTHETIC DEMO DATA — NOT OFFICIAL GOVERNMENT RECORDS
MUN-1097,P1097,MUNPROP-1097,Karan Dubey 5,1,"Sector 22, Sanchi Road, Vidisha",Urban Parcel,Residential,156.65,252.66,ACTIVE,ZONE-2,SYNTHETIC DEMO DATA — NOT OFFICIAL GOVERNMENT RECORDS
MUN-1098,P1098,MUNPROP-1098,Isha Kulkarni 5,2,"Sector 23, Betwa Nagar, Vidisha",Urban Parcel,Commercial,185.89,299.83,ACTIVE,ZONE-3,SYNTHETIC DEMO DATA — NOT OFFICIAL GOVERNMENT RECORDS
MUN-1099,P1099,MUNPROP-1099,Mohan Solanki 5,3,"Sector 24, Ganj Basoda Road, Vidisha",Urban Parcel,Industrial,214.78,346.42,ACTIVE,ZONE-4,SYNTHETIC DEMO DATA — NOT OFFICIAL GOVERNMENT RECORDS
MUN-1100,P1100,MUNPROP-1100,Rekha Kumar Bansal 5,4,"Sector 25, Civil Lines Extension, Vidisha",Urban Parcel,Agricultural,244.12,393.74,ACTIVE,ZONE-5,SYNTHETIC DEMO DATA — NOT OFFICIAL GOVERNMENT RECORDS
MUN-1101,P1101,MUNPROP-1101,Rahul Sharma 6,5,"Sector 1, Kachhi Khedi, Vidisha",Urban Parcel,Institutional,273.04,440.38,ACTIVE,ZONE-1,SYNTHETIC DEMO DATA — NOT OFFICIAL GOVERNMENT RECORDS
MUN-1102,P1102,MUNPROP-1102,Amit Verma 6,6,"Sector 2, Madhav Nagar, Vidisha",Urban Parcel,Mixed Use,302.05,487.18,ACTIVE,ZONE-2,SYNTHETIC DEMO DATA — NOT OFFICIAL GOVERNMENT RECORDS
MUN-1103,P1103,MUNPROP-1103,Neha Patel 6,7,"Sector 3, Raisen Link, Vidisha",Urban Parcel,Commercial,331.11,534.05,ACTIVE,ZONE-3,SYNTHETIC DEMO DATA — NOT OFFICIAL GOVERNMENT RECORDS
MUN-1104,P1104,MUNPROP-1104,Priya Singh 6,8,"Sector 4, Vidisha Urban, Vidisha",Urban Parcel,Public/Semi-Public,360.23,581.01,ACTIVE,ZONE-4,SYNTHETIC DEMO DATA — NOT OFFICIAL GOVERNMENT RECORDS
MUN-1105,P1105,MUNPROP-1105,Suresh Yadav 6,9,"Sector 5, Sanchi Road, Vidisha",Urban Parcel,Residential,389.62,628.42,ACTIVE,ZONE-5,SYNTHETIC DEMO DATA — NOT OFFICIAL GOVERNMENT RECORDS
MUN-1106,P1106,MUNPROP-1106,Anjali Jain 6,10,"Sector 6, Betwa Nagar, Vidisha",Urban Parcel,Commercial,418.56,675.09,ACTIVE,ZONE-1,SYNTHETIC DEMO DATA — NOT OFFICIAL GOVERNMENT RECORDS
MUN-1107,P1107,MUNPROP-1107,Vikram Mehta 6,11,"Sector 7, Ganj Basoda Road, Vidisha",Urban Parcel,Industrial,447.83,722.3,ACTIVE,ZONE-2,SYNTHETIC DEMO DATA — NOT OFFICIAL GOVERNMENT RECORDS
MUN-1108,P1108,MUNPROP-1108,Kavita Joshi 6,12,"Sector 8, Civil Lines Extension, Vidisha",Urban Parcel,Agricultural,477.28,769.8,ACTIVE,ZONE-3,SYNTHETIC DEMO DATA — NOT OFFICIAL GOVERNMENT RECORDS
MUN-1109,P1109,MUNPROP-1109,Manoj Gupta 6,1,"Sector 9, Kachhi Khedi, Vidisha",Urban Parcel,Institutional,506.02,816.16,ACTIVE,ZONE-4,SYNTHETIC DEMO DATA — NOT OFFICIAL GOVERNMENT RECORDS
MUN-1110,P1110,MUNPROP-1110,Ritu Mishra 6,2,"Sector 10, Madhav Nagar, Vidisha",Urban Parcel,Mixed Use,535.27,863.34,ACTIVE,ZONE-5,SYNTHETIC DEMO DATA — NOT OFFICIAL GOVERNMENT RECORDS
MUN-1111,P1111,MUNPROP-1111,Arjun Kumar Malviya 6,3,"Sector 11, Raisen Link, Vidisha",Urban Parcel,Vacant Land,564.75,910.88,ACTIVE,ZONE-1,SYNTHETIC DEMO DATA — NOT OFFICIAL GOVERNMENT RECORDS
MUN-1112,P1112,MUNPROP-1112,Pooja Thakur 6,4,"Sector 12, Vidisha Urban, Vidisha",Urban Parcel,Public/Semi-Public,593.44,957.16,ACTIVE,ZONE-2,SYNTHETIC DEMO DATA — NOT OFFICIAL GOVERNMENT RECORDS
MUN-1113,P1113,MUNPROP-1113,Nitin Saxena 6,5,"Sector 13, Sanchi Road, Vidisha",Urban Parcel,Residential,622.55,1004.11,ACTIVE,ZONE-3,SYNTHETIC DEMO DATA — NOT OFFICIAL GOVERNMENT RECORDS
MUN-1114,P1114,MUNPROP-1114,Meera Chouhan 6,6,"Sector 14, Betwa Nagar, Vidisha",Urban Parcel,Commercial,651.79,1051.28,ACTIVE,ZONE-4,SYNTHETIC DEMO DATA — NOT OFFICIAL GOVERNMENT RECORDS
MUN-1115,P1115,MUNPROP-1115,Deepak Tiwari 6,7,"Sector 15, Ganj Basoda Road, Vidisha",Urban Parcel,Industrial,680.99,1098.37,ACTIVE,ZONE-5,SYNTHETIC DEMO DATA — NOT OFFICIAL GOVERNMENT RECORDS
MUN-1116,P1116,MUNPROP-1116,Sunita Rathore 6,8,"Sector 16, Civil Lines Extension, Vidisha",Urban Parcel,Agricultural,710.43,1145.85,ACTIVE,ZONE-1,SYNTHETIC DEMO DATA — NOT OFFICIAL GOVERNMENT RECORDS
MUN-1117,P1117,MUNPROP-1117,Karan Dubey 6,9,"Sector 17, Kachhi Khedi, Vidisha",Urban Parcel,Institutional,739.55,1192.83,ACTIVE,ZONE-2,SYNTHETIC DEMO DATA — NOT OFFICIAL GOVERNMENT RECORDS
MUN-1118,P1118,MUNPROP-1118,Isha Kulkarni 6,10,"Sector 18, Madhav Nagar, Vidisha",Urban Parcel,Mixed Use,768.78,1239.97,ACTIVE,ZONE-3,SYNTHETIC DEMO DATA — NOT OFFICIAL GOVERNMENT RECORDS
MUN-1119,P1119,MUNPROP-1119,Mohan Solanki 6,11,"Sector 19, Raisen Link, Vidisha",Urban Parcel,Vacant Land,797.37,1286.08,ACTIVE,ZONE-4,SYNTHETIC DEMO DATA — NOT OFFICIAL GOVERNMENT RECORDS
MUN-1120,P1120,MUNPROP-1120,Rekha Bansal 6,12,"Sector 20, Vidisha Urban, Vidisha",Urban Parcel,Commercial,827.01,1333.88,ACTIVE,ZONE-5,SYNTHETIC DEMO DATA — NOT OFFICIAL GOVERNMENT RECORDS
MUN-1121,P1121,MUNPROP-1121,Rahul Sharma 7,1,"Sector 21, Sanchi Road, Vidisha",Urban Parcel,Residential,856.11,1380.83,ACTIVE,ZONE-1,SYNTHETIC DEMO DATA — NOT OFFICIAL GOVERNMENT RECORDS
MUN-1122,P1122,MUNPROP-1122,Amit Kumar Verma 7,2,"Sector 22, Betwa Nagar, Vidisha",Urban Parcel,Commercial,884.93,1427.3,ACTIVE,ZONE-2,SYNTHETIC DEMO DATA — NOT OFFICIAL GOVERNMENT RECORDS
MUN-1123,P1123,MUNPROP-1123,Neha Patel 7,3,"Sector 23, Ganj Basoda Road, Vidisha",Urban Parcel,Industrial,914.48,1474.97,ACTIVE,ZONE-3,SYNTHETIC DEMO DATA — NOT OFFICIAL GOVERNMENT RECORDS
MUN-1124,P1124,MUNPROP-1124,Priya Singh 7,4,"Sector 24, Civil Lines Extension, Vidisha",Urban Parcel,Agricultural,943.09,1521.12,ACTIVE,ZONE-4,SYNTHETIC DEMO DATA — NOT OFFICIAL GOVERNMENT RECORDS
MUN-1125,P1125,MUNPROP-1125,Suresh Yadav 7,5,"Sector 25, Kachhi Khedi, Vidisha",Urban Parcel,Institutional,73.71,118.88,ACTIVE,ZONE-5,SYNTHETIC DEMO DATA — NOT OFFICIAL GOVERNMENT RECORDS
MUN-1126,P1126,MUNPROP-1126,Anjali Jain 7,6,"Sector 1, Madhav Nagar, Vidisha",Urban Parcel,Mixed Use,102.3,165.0,ACTIVE,ZONE-1,SYNTHETIC DEMO DATA — NOT OFFICIAL GOVERNMENT RECORDS
MUN-1127,P1127,MUNPROP-1127,Vikram Mehta 7,7,"Sector 2, Raisen Link, Vidisha",Urban Parcel,Vacant Land,131.58,212.23,ACTIVE,ZONE-2,SYNTHETIC DEMO DATA — NOT OFFICIAL GOVERNMENT RECORDS
MUN-1128,P1128,MUNPROP-1128,Kavita Joshi 7,8,"Sector 3, Vidisha Urban, Vidisha",Urban Parcel,Public/Semi-Public,161.09,259.82,ACTIVE,ZONE-3,SYNTHETIC DEMO DATA — NOT OFFICIAL GOVERNMENT RECORDS
MUN-1129,P1129,MUNPROP-1129,Manoj Gupta 7,9,"Sector 4, Sanchi Road, Vidisha",Urban Parcel,Residential,190.2,306.78,ACTIVE,ZONE-4,SYNTHETIC DEMO DATA — NOT OFFICIAL GOVERNMENT RECORDS
MUN-1130,P1130,MUNPROP-1130,Ritu Mishra 7,10,"Sector 5, Betwa Nagar, Vidisha",Urban Parcel,Commercial,219.12,353.42,ACTIVE,ZONE-5,SYNTHETIC DEMO DATA — NOT OFFICIAL GOVERNMENT RECORDS
MUN-1131,P1131,MUNPROP-1131,Arjun Malviya 7,11,"Sector 6, Ganj Basoda Road, Vidisha",Urban Parcel,Industrial,248.51,400.82,ACTIVE,ZONE-1,SYNTHETIC DEMO DATA — NOT OFFICIAL GOVERNMENT RECORDS
MUN-1132,P1132,MUNPROP-1132,Pooja Thakur 7,12,"Sector 7, Civil Lines Extension, Vidisha",Urban Parcel,Agricultural,277.48,447.55,ACTIVE,ZONE-2,SYNTHETIC DEMO DATA — NOT OFFICIAL GOVERNMENT RECORDS
MUN-1133,P1133,MUNPROP-1133,Nitin Kumar Saxena 7,1,"Sector 8, Kachhi Khedi, Vidisha",Urban Parcel,Institutional,306.29,494.01,ACTIVE,ZONE-3,SYNTHETIC DEMO DATA — NOT OFFICIAL GOVERNMENT RECORDS
MUN-1134,P1134,MUNPROP-1134,Meera Chouhan 7,2,"Sector 9, Madhav Nagar, Vidisha",Urban Parcel,Mixed Use,335.86,541.71,ACTIVE,ZONE-4,SYNTHETIC DEMO DATA — NOT OFFICIAL GOVERNMENT RECORDS
MUN-1135,P1135,MUNPROP-1135,Deepak Tiwari 7,3,"Sector 10, Raisen Link, Vidisha",Urban Parcel,Vacant Land,364.81,588.41,ACTIVE,ZONE-5,SYNTHETIC DEMO DATA — NOT OFFICIAL GOVERNMENT RECORDS
MUN-1136,P1136,MUNPROP-1136,Sunita Rathore 7,4,"Sector 11, Vidisha Urban, Vidisha",Urban Parcel,Public/Semi-Public,393.96,635.42,ACTIVE,ZONE-1,SYNTHETIC DEMO DATA — NOT OFFICIAL GOVERNMENT RECORDS
MUN-1137,P1137,MUNPROP-1137,Karan Dubey 7,5,"Sector 12, Sanchi Road, Vidisha",Urban Parcel,Commercial,423.25,682.66,ACTIVE,ZONE-2,SYNTHETIC DEMO DATA — NOT OFFICIAL GOVERNMENT RECORDS
MUN-1138,P1138,MUNPROP-1138,Isha Kulkarni 7,6,"Sector 13, Betwa Nagar, Vidisha",Urban Parcel,Commercial,452.54,729.9,ACTIVE,ZONE-3,SYNTHETIC DEMO DATA — NOT OFFICIAL GOVERNMENT RECORDS
MUN-1139,P1139,MUNPROP-1139,Mohan Solanki 7,7,"Sector 14, Ganj Basoda Road, Vidisha",Urban Parcel,Industrial,481.52,776.65,ACTIVE,ZONE-4,SYNTHETIC DEMO DATA — NOT OFFICIAL GOVERNMENT RECORDS
MUN-1140,P1140,MUNPROP-1140,Rekha Bansal 7,8,"Sector 15, Civil Lines Extension, Vidisha",Urban Parcel,Agricultural,510.42,823.25,ACTIVE,ZONE-5,SYNTHETIC DEMO DATA — NOT OFFICIAL GOVERNMENT RECORDS
MUN-1141,P1141,MUNPROP-1141,Rahul Sharma 8,9,"Sector 16, Kachhi Khedi, Vidisha",Urban Parcel,Institutional,539.49,870.14,ACTIVE,ZONE-1,SYNTHETIC DEMO DATA — NOT OFFICIAL GOVERNMENT RECORDS
MUN-1142,P1142,MUNPROP-1142,Amit Verma 8,10,"Sector 17, Madhav Nagar, Vidisha",Urban Parcel,Mixed Use,569.14,917.96,ACTIVE,ZONE-2,SYNTHETIC DEMO DATA — NOT OFFICIAL GOVERNMENT RECORDS
MUN-1143,P1143,MUNPROP-1143,Neha Patel 8,11,"Sector 18, Raisen Link, Vidisha",Urban Parcel,Vacant Land,598.29,964.98,ACTIVE,ZONE-3,SYNTHETIC DEMO DATA — NOT OFFICIAL GOVERNMENT RECORDS
MUN-1144,P1144,MUNPROP-1144,Priya Kumar Singh 8,12,"Sector 19, Vidisha Urban, Vidisha",Urban Parcel,Public/Semi-Public,627.03,1011.34,ACTIVE,ZONE-4,SYNTHETIC DEMO DATA — NOT OFFICIAL GOVERNMENT RECORDS
MUN-1145,P1145,MUNPROP-1145,Suresh Yadav 8,1,"Sector 20, Sanchi Road, Vidisha",Urban Parcel,Residential,656.52,1058.91,ACTIVE,ZONE-5,SYNTHETIC DEMO DATA — NOT OFFICIAL GOVERNMENT RECORDS
MUN-1146,P1146,MUNPROP-1146,Anjali Jain 8,2,"Sector 21, Betwa Nagar, Vidisha",Urban Parcel,Commercial,685.6,1105.81,ACTIVE,ZONE-1,SYNTHETIC DEMO DATA — NOT OFFICIAL GOVERNMENT RECORDS
MUN-1147,P1147,MUNPROP-1147,Vikram Mehta 8,3,"Sector 22, Ganj Basoda Road, Vidisha",Urban Parcel,Industrial,714.29,1152.08,ACTIVE,ZONE-2,SYNTHETIC DEMO DATA — NOT OFFICIAL GOVERNMENT RECORDS
MUN-1148,P1148,MUNPROP-1148,Kavita Joshi 8,4,"Sector 23, Civil Lines Extension, Vidisha",Urban Parcel,Agricultural,743.88,1199.8,ACTIVE,ZONE-3,SYNTHETIC DEMO DATA — NOT OFFICIAL GOVERNMENT RECORDS
MUN-1149,P1149,MUNPROP-1149,Manoj Gupta 8,5,"Sector 24, Kachhi Khedi, Vidisha",Urban Parcel,Institutional,772.87,1246.56,ACTIVE,ZONE-4,SYNTHETIC DEMO DATA — NOT OFFICIAL GOVERNMENT RECORDS
MUN-1150,P1150,MUNPROP-1150,Ritu Mishra 8,6,"Sector 25, Madhav Nagar, Vidisha",Urban Parcel,Mixed Use,802.12,1293.75,ACTIVE,ZONE-5,SYNTHETIC DEMO DATA — NOT OFFICIAL GOVERNMENT RECORDS
MUN-1151,P1151,MUNPROP-1151,Arjun Malviya 8,7,"Sector 1, Raisen Link, Vidisha",Urban Parcel,Vacant Land,831.26,1340.75,ACTIVE,ZONE-1,SYNTHETIC DEMO DATA — NOT OFFICIAL GOVERNMENT RECORDS
MUN-1152,P1152,MUNPROP-1152,Pooja Thakur 8,8,"Sector 2, Vidisha Urban, Vidisha",Urban Parcel,Public/Semi-Public,860.55,1387.99,ACTIVE,ZONE-2,SYNTHETIC DEMO DATA — NOT OFFICIAL GOVERNMENT RECORDS
MUN-1153,P1153,MUNPROP-1153,Nitin Saxena 8,9,"Sector 3, Sanchi Road, Vidisha",Urban Parcel,Residential,889.17,1434.15,ACTIVE,ZONE-3,SYNTHETIC DEMO DATA — NOT OFFICIAL GOVERNMENT RECORDS
MUN-1154,P1154,MUNPROP-1154,Meera Chouhan 8,10,"Sector 4, Betwa Nagar, Vidisha",Urban Parcel,Commercial,918.31,1481.15,ACTIVE,ZONE-4,SYNTHETIC DEMO DATA — NOT OFFICIAL GOVERNMENT RECORDS
MUN-1155,P1155,MUNPROP-1155,Deepak Kumar Tiwari 8,11,"Sector 5, Ganj Basoda Road, Vidisha",Urban Parcel,Industrial,947.65,1528.46,ACTIVE,ZONE-5,SYNTHETIC DEMO DATA — NOT OFFICIAL GOVERNMENT RECORDS
MUN-1156,P1156,MUNPROP-1156,Sunita Rathore 8,12,"Sector 6, Civil Lines Extension, Vidisha",Urban Parcel,Agricultural,77.95,125.73,ACTIVE,ZONE-1,SYNTHETIC DEMO DATA — NOT OFFICIAL GOVERNMENT RECORDS
MUN-1157,P1157,MUNPROP-1157,Karan Dubey 8,1,"Sector 7, Kachhi Khedi, Vidisha",Urban Parcel,Institutional,106.89,172.41,ACTIVE,ZONE-2,SYNTHETIC DEMO DATA — NOT OFFICIAL GOVERNMENT RECORDS
MUN-1158,P1158,MUNPROP-1158,Isha Kulkarni 8,2,"Sector 8, Madhav Nagar, Vidisha",Urban Parcel,Mixed Use,136.11,219.54,ACTIVE,ZONE-3,SYNTHETIC DEMO DATA — NOT OFFICIAL GOVERNMENT RECORDS
MUN-1159,P1159,MUNPROP-1159,Mohan Solanki 8,3,"Sector 9, Raisen Link, Vidisha",Urban Parcel,Vacant Land,165.34,266.67,ACTIVE,ZONE-4,SYNTHETIC DEMO DATA — NOT OFFICIAL GOVERNMENT RECORDS
MUN-1160,P1160,MUNPROP-1160,Rekha Bansal 8,4,"Sector 10, Vidisha Urban, Vidisha",Urban Parcel,Public/Semi-Public,194.08,313.04,ACTIVE,ZONE-5,SYNTHETIC DEMO DATA — NOT OFFICIAL GOVERNMENT RECORDS
MUN-1161,P1161,MUNPROP-1161,Rahul Sharma 9,5,"Sector 11, Sanchi Road, Vidisha",Urban Parcel,Residential,223.36,360.26,ACTIVE,ZONE-1,SYNTHETIC DEMO DATA — NOT OFFICIAL GOVERNMENT RECORDS
MUN-1162,P1162,MUNPROP-1162,Amit Verma 9,6,"Sector 12, Betwa Nagar, Vidisha",Urban Parcel,Commercial,252.54,407.33,ACTIVE,ZONE-2,SYNTHETIC DEMO DATA — NOT OFFICIAL GOVERNMENT RECORDS
MUN-1163,P1163,MUNPROP-1163,Neha Patel 9,7,"Sector 13, Ganj Basoda Road, Vidisha",Urban Parcel,Industrial,281.89,454.66,ACTIVE,ZONE-3,SYNTHETIC DEMO DATA — NOT OFFICIAL GOVERNMENT RECORDS
MUN-1164,P1164,MUNPROP-1164,Priya Singh 9,8,"Sector 14, Civil Lines Extension, Vidisha",Urban Parcel,Agricultural,310.99,501.6,ACTIVE,ZONE-4,SYNTHETIC DEMO DATA — NOT OFFICIAL GOVERNMENT RECORDS
MUN-1165,P1165,MUNPROP-1165,Suresh Yadav 9,9,"Sector 15, Kachhi Khedi, Vidisha",Urban Parcel,Institutional,339.96,548.32,ACTIVE,ZONE-5,SYNTHETIC DEMO DATA — NOT OFFICIAL GOVERNMENT RECORDS
MUN-1166,P1166,MUNPROP-1166,Anjali Kumar Jain 9,10,"Sector 16, Madhav Nagar, Vidisha",Urban Parcel,Mixed Use,369.25,595.56,ACTIVE,ZONE-1,SYNTHETIC DEMO DATA — NOT OFFICIAL GOVERNMENT RECORDS
MUN-1167,P1167,MUNPROP-1167,Vikram Mehta 9,11,"Sector 17, Raisen Link, Vidisha",Urban Parcel,Vacant Land,398.49,642.73,ACTIVE,ZONE-2,SYNTHETIC DEMO DATA — NOT OFFICIAL GOVERNMENT RECORDS
MUN-1168,P1168,MUNPROP-1168,Kavita Joshi 9,12,"Sector 18, Vidisha Urban, Vidisha",Urban Parcel,Public/Semi-Public,427.6,689.67,ACTIVE,ZONE-3,SYNTHETIC DEMO DATA — NOT OFFICIAL GOVERNMENT RECORDS
MUN-1169,P1169,MUNPROP-1169,Manoj Gupta 9,1,"Sector 19, Sanchi Road, Vidisha",Urban Parcel,Residential,456.88,736.91,ACTIVE,ZONE-4,SYNTHETIC DEMO DATA — NOT OFFICIAL GOVERNMENT RECORDS
MUN-1170,P1170,MUNPROP-1170,Ritu Mishra 9,2,"Sector 20, Betwa Nagar, Vidisha",Urban Parcel,Commercial,485.83,783.59,ACTIVE,ZONE-5,SYNTHETIC DEMO DATA — NOT OFFICIAL GOVERNMENT RECORDS
MUN-1171,P1171,MUNPROP-1171,Arjun Malviya 9,3,"Sector 21, Ganj Basoda Road, Vidisha",Urban Parcel,Commercial,514.84,830.38,ACTIVE,ZONE-1,SYNTHETIC DEMO DATA — NOT OFFICIAL GOVERNMENT RECORDS
MUN-1172,P1172,MUNPROP-1172,Pooja Thakur 9,4,"Sector 22, Civil Lines Extension, Vidisha",Urban Parcel,Agricultural,544.32,877.93,ACTIVE,ZONE-2,SYNTHETIC DEMO DATA — NOT OFFICIAL GOVERNMENT RECORDS
MUN-1173,P1173,MUNPROP-1173,Nitin Saxena 9,5,"Sector 23, Kachhi Khedi, Vidisha",Urban Parcel,Institutional,572.92,924.06,ACTIVE,ZONE-3,SYNTHETIC DEMO DATA — NOT OFFICIAL GOVERNMENT RECORDS
MUN-1174,P1174,MUNPROP-1174,Meera Chouhan 9,6,"Sector 24, Madhav Nagar, Vidisha",Urban Parcel,Mixed Use,602.6,971.93,ACTIVE,ZONE-4,SYNTHETIC DEMO DATA — NOT OFFICIAL GOVERNMENT RECORDS
MUN-1175,P1175,MUNPROP-1175,Deepak Tiwari 9,7,"Sector 25, Raisen Link, Vidisha",Urban Parcel,Vacant Land,631.55,1018.63,ACTIVE,ZONE-5,SYNTHETIC DEMO DATA — NOT OFFICIAL GOVERNMENT RECORDS
MUN-1176,P1176,MUNPROP-1176,Sunita Rathore 9,8,"Sector 1, Vidisha Urban, Vidisha",Urban Parcel,Public/Semi-Public,660.57,1065.43,ACTIVE,ZONE-1,SYNTHETIC DEMO DATA — NOT OFFICIAL GOVERNMENT RECORDS
MUN-1177,P1177,MUNPROP-1177,Karan Kumar Dubey 9,9,"Sector 2, Sanchi Road, Vidisha",Urban Parcel,Residential,689.93,1112.79,ACTIVE,ZONE-2,SYNTHETIC DEMO DATA — NOT OFFICIAL GOVERNMENT RECORDS
MUN-1178,P1178,MUNPROP-1178,Isha Kulkarni 9,10,"Sector 3, Betwa Nagar, Vidisha",Urban Parcel,Commercial,718.68,1159.16,ACTIVE,ZONE-3,SYNTHETIC DEMO DATA — NOT OFFICIAL GOVERNMENT RECORDS
MUN-1179,P1179,MUNPROP-1179,Mohan Solanki 9,11,"Sector 4, Ganj Basoda Road, Vidisha",Urban Parcel,Industrial,748.27,1206.89,ACTIVE,ZONE-4,SYNTHETIC DEMO DATA — NOT OFFICIAL GOVERNMENT RECORDS
MUN-1180,P1180,MUNPROP-1180,Rekha Bansal 9,12,"Sector 5, Civil Lines Extension, Vidisha",Urban Parcel,Agricultural,777.03,1253.27,ACTIVE,ZONE-5,SYNTHETIC DEMO DATA — NOT OFFICIAL GOVERNMENT RECORDS
MUN-1181,P1181,MUNPROP-1181,Rahul Sharma 10,1,"Sector 6, Kachhi Khedi, Vidisha",Urban Parcel,Institutional,806.14,1300.23,ACTIVE,ZONE-1,SYNTHETIC DEMO DATA — NOT OFFICIAL GOVERNMENT RECORDS
MUN-1182,P1182,MUNPROP-1182,Amit Verma 10,2,"Sector 7, Madhav Nagar, Vidisha",Urban Parcel,Mixed Use,835.69,1347.89,ACTIVE,ZONE-2,SYNTHETIC DEMO DATA — NOT OFFICIAL GOVERNMENT RECORDS
MUN-1183,P1183,MUNPROP-1183,Neha Patel 10,3,"Sector 8, Raisen Link, Vidisha",Urban Parcel,Vacant Land,864.55,1394.43,ACTIVE,ZONE-3,SYNTHETIC DEMO DATA — NOT OFFICIAL GOVERNMENT RECORDS
MUN-1184,P1184,MUNPROP-1184,Priya Singh 10,4,"Sector 9, Vidisha Urban, Vidisha",Urban Parcel,Public/Semi-Public,893.65,1441.37,ACTIVE,ZONE-4,SYNTHETIC DEMO DATA — NOT OFFICIAL GOVERNMENT RECORDS
MUN-1185,P1185,MUNPROP-1185,Suresh Yadav 10,5,"Sector 10, Sanchi Road, Vidisha",Urban Parcel,Residential,923.06,1488.8,ACTIVE,ZONE-5,SYNTHETIC DEMO DATA — NOT OFFICIAL GOVERNMENT RECORDS
MUN-1186,P1186,MUNPROP-1186,Anjali Jain 10,6,"Sector 11, Betwa Nagar, Vidisha",Urban Parcel,Commercial,952.11,1535.66,ACTIVE,ZONE-1,SYNTHETIC DEMO DATA — NOT OFFICIAL GOVERNMENT RECORDS
MUN-1187,P1187,MUNPROP-1187,Vikram Mehta 10,7,"Sector 12, Ganj Basoda Road, Vidisha",Urban Parcel,Industrial,82.07,132.37,ACTIVE,ZONE-2,SYNTHETIC DEMO DATA — NOT OFFICIAL GOVERNMENT RECORDS
MUN-1188,P1188,MUNPROP-1188,Kavita Kumar Joshi 10,8,"Sector 13, Civil Lines Extension, Vidisha",Urban Parcel,Commercial,111.58,179.96,ACTIVE,ZONE-3,SYNTHETIC DEMO DATA — NOT OFFICIAL GOVERNMENT RECORDS
MUN-1189,P1189,MUNPROP-1189,Manoj Gupta 10,9,"Sector 14, Kachhi Khedi, Vidisha",Urban Parcel,Institutional,140.54,226.67,ACTIVE,ZONE-4,SYNTHETIC DEMO DATA — NOT OFFICIAL GOVERNMENT RECORDS
MUN-1190,P1190,MUNPROP-1190,Ritu Mishra 10,10,"Sector 15, Madhav Nagar, Vidisha",Urban Parcel,Mixed Use,169.62,273.58,ACTIVE,ZONE-5,SYNTHETIC DEMO DATA — NOT OFFICIAL GOVERNMENT RECORDS
MUN-1191,P1191,MUNPROP-1191,Arjun Malviya 10,11,"Sector 16, Raisen Link, Vidisha",Urban Parcel,Vacant Land,198.67,320.44,ACTIVE,ZONE-1,SYNTHETIC DEMO DATA — NOT OFFICIAL GOVERNMENT RECORDS
MUN-1192,P1192,MUNPROP-1192,Pooja Thakur 10,12,"Sector 17, Vidisha Urban, Vidisha",Urban Parcel,Public/Semi-Public,227.71,367.28,ACTIVE,ZONE-2,SYNTHETIC DEMO DATA — NOT OFFICIAL GOVERNMENT RECORDS
MUN-1193,P1193,MUNPROP-1193,Nitin Saxena 10,1,"Sector 18, Sanchi Road, Vidisha",Urban Parcel,Residential,257.24,414.91,ACTIVE,ZONE-3,SYNTHETIC DEMO DATA — NOT OFFICIAL GOVERNMENT RECORDS
MUN-1194,P1194,MUNPROP-1194,Meera Chouhan 10,2,"Sector 19, Betwa Nagar, Vidisha",Urban Parcel,Commercial,286.33,461.83,ACTIVE,ZONE-4,SYNTHETIC DEMO DATA — NOT OFFICIAL GOVERNMENT RECORDS
MUN-1195,P1195,MUNPROP-1195,Deepak Tiwari 10,3,"Sector 20, Ganj Basoda Road, Vidisha",Urban Parcel,Industrial,315.16,508.33,ACTIVE,ZONE-5,SYNTHETIC DEMO DATA — NOT OFFICIAL GOVERNMENT RECORDS
MUN-1196,P1196,MUNPROP-1196,Sunita Rathore 10,4,"Sector 21, Civil Lines Extension, Vidisha",Urban Parcel,Agricultural,344.27,555.28,ACTIVE,ZONE-1,SYNTHETIC DEMO DATA — NOT OFFICIAL GOVERNMENT RECORDS
MUN-1197,P1197,MUNPROP-1197,Karan Dubey 10,5,"Sector 22, Kachhi Khedi, Vidisha",Urban Parcel,Institutional,373.42,602.29,ACTIVE,ZONE-2,SYNTHETIC DEMO DATA — NOT OFFICIAL GOVERNMENT RECORDS
MUN-1198,P1198,MUNPROP-1198,Isha Kulkarni 10,6,"Sector 23, Madhav Nagar, Vidisha",Urban Parcel,Mixed Use,402.84,649.74,ACTIVE,ZONE-3,SYNTHETIC DEMO DATA — NOT OFFICIAL GOVERNMENT RECORDS
MUN-1199,P1199,MUNPROP-1199,Mohan Kumar Solanki 10,7,"Sector 24, Raisen Link, Vidisha",Urban Parcel,Vacant Land,431.85,696.54,ACTIVE,ZONE-4,SYNTHETIC DEMO DATA — NOT OFFICIAL GOVERNMENT RECORDS
MUN-1200,P1200,MUNPROP-1200,Rekha Bansal 10,8,"Sector 25, Vidisha Urban, Vidisha",Urban Parcel,Public/Semi-Public,461.09,743.69,ACTIVE,ZONE-5,SYNTHETIC DEMO DATA — NOT OFFICIAL GOVERNMENT RECORDS
MUN-1201,P1201,MUNPROP-1201,Rahul Sharma,9,"Sector 1, Sanchi Road, Vidisha",Urban Parcel,Residential,490.12,790.51,ACTIVE,ZONE-1,SYNTHETIC DEMO DATA — NOT OFFICIAL GOVERNMENT RECORDS
MUN-1202,P1202,MUNPROP-1202,Amit Verma,10,"Sector 2, Betwa Nagar, Vidisha",Urban Parcel,Commercial,519.01,837.11,ACTIVE,ZONE-2,SYNTHETIC DEMO DATA — NOT OFFICIAL GOVERNMENT RECORDS
MUN-1203,P1203,MUNPROP-1203,Neha Patel,11,"Sector 3, Ganj Basoda Road, Vidisha",Urban Parcel,Industrial,548.51,884.69,ACTIVE,ZONE-3,SYNTHETIC DEMO DATA — NOT OFFICIAL GOVERNMENT RECORDS
MUN-1204,P1204,MUNPROP-1204,Priya Singh,12,"Sector 4, Civil Lines Extension, Vidisha",Urban Parcel,Agricultural,577.39,931.27,ACTIVE,ZONE-4,SYNTHETIC DEMO DATA — NOT OFFICIAL GOVERNMENT RECORDS
MUN-1205,P1205,MUNPROP-1205,Suresh Yadav,1,"Sector 5, Kachhi Khedi, Vidisha",Urban Parcel,Commercial,606.96,978.96,ACTIVE,ZONE-5,SYNTHETIC DEMO DATA — NOT OFFICIAL GOVERNMENT RECORDS
MUN-1206,P1206,MUNPROP-1206,Anjali Jain,2,"Sector 6, Madhav Nagar, Vidisha",Urban Parcel,Mixed Use,635.58,1025.13,ACTIVE,ZONE-1,SYNTHETIC DEMO DATA — NOT OFFICIAL GOVERNMENT RECORDS
MUN-1207,P1207,MUNPROP-1207,Vikram Mehta,3,"Sector 7, Raisen Link, Vidisha",Urban Parcel,Vacant Land,665.18,1072.87,ACTIVE,ZONE-2,SYNTHETIC DEMO DATA — NOT OFFICIAL GOVERNMENT RECORDS
MUN-1208,P1208,MUNPROP-1208,Kavita Joshi,4,"Sector 8, Vidisha Urban, Vidisha",Urban Parcel,Public/Semi-Public,693.98,1119.33,ACTIVE,ZONE-3,SYNTHETIC DEMO DATA — NOT OFFICIAL GOVERNMENT RECORDS
MUN-1209,P1209,MUNPROP-1209,Manoj Gupta,5,"Sector 9, Sanchi Road, Vidisha",Urban Parcel,Residential,722.93,1166.01,ACTIVE,ZONE-4,SYNTHETIC DEMO DATA — NOT OFFICIAL GOVERNMENT RECORDS
MUN-1210,P1210,MUNPROP-1210,Ritu Kumar Mishra,6,"Sector 10, Betwa Nagar, Vidisha",Urban Parcel,Commercial,752.08,1213.04,ACTIVE,ZONE-5,SYNTHETIC DEMO DATA — NOT OFFICIAL GOVERNMENT RECORDS
MUN-1211,P1211,MUNPROP-1211,Arjun Malviya,7,"Sector 11, Ganj Basoda Road, Vidisha",Urban Parcel,Industrial,781.32,1260.19,ACTIVE,ZONE-1,SYNTHETIC DEMO DATA — NOT OFFICIAL GOVERNMENT RECORDS
MUN-1212,P1212,MUNPROP-1212,Pooja Thakur,8,"Sector 12, Civil Lines Extension, Vidisha",Urban Parcel,Agricultural,810.64,1307.48,ACTIVE,ZONE-2,SYNTHETIC DEMO DATA — NOT OFFICIAL GOVERNMENT RECORDS
MUN-1213,P1213,MUNPROP-1213,Nitin Saxena,9,"Sector 13, Kachhi Khedi, Vidisha",Urban Parcel,Institutional,840.03,1354.89,ACTIVE,ZONE-3,SYNTHETIC DEMO DATA — NOT OFFICIAL GOVERNMENT RECORDS
MUN-1214,P1214,MUNPROP-1214,Meera Chouhan,10,"Sector 14, Madhav Nagar, Vidisha",Urban Parcel,Mixed Use,869.05,1401.69,ACTIVE,ZONE-4,SYNTHETIC DEMO DATA — NOT OFFICIAL GOVERNMENT RECORDS
MUN-1215,P1215,MUNPROP-1215,Deepak Tiwari,11,"Sector 15, Raisen Link, Vidisha",Urban Parcel,Vacant Land,898.3,1448.87,ACTIVE,ZONE-5,SYNTHETIC DEMO DATA — NOT OFFICIAL GOVERNMENT RECORDS
MUN-1216,P1216,MUNPROP-1216,Sunita Rathore,12,"Sector 16, Vidisha Urban, Vidisha",Urban Parcel,Public/Semi-Public,927.04,1495.22,ACTIVE,ZONE-1,SYNTHETIC DEMO DATA — NOT OFFICIAL GOVERNMENT RECORDS
MUN-1217,P1217,MUNPROP-1217,Karan Dubey,1,"Sector 17, Sanchi Road, Vidisha",Urban Parcel,Residential,57.63,92.95,ACTIVE,ZONE-2,SYNTHETIC DEMO DATA — NOT OFFICIAL GOVERNMENT RECORDS
MUN-1218,P1218,MUNPROP-1218,Isha Kulkarni,2,"Sector 18, Betwa Nagar, Vidisha",Urban Parcel,Commercial,86.24,139.09,ACTIVE,ZONE-3,SYNTHETIC DEMO DATA — NOT OFFICIAL GOVERNMENT RECORDS
MUN-1219,P1219,MUNPROP-1219,Mohan Solanki,3,"Sector 19, Ganj Basoda Road, Vidisha",Urban Parcel,Industrial,115.52,186.33,ACTIVE,ZONE-4,SYNTHETIC DEMO DATA — NOT OFFICIAL GOVERNMENT RECORDS
MUN-1220,P1220,MUNPROP-1220,Rekha Bansal,4,"Sector 20, Civil Lines Extension, Vidisha",Urban Parcel,Agricultural,145.07,233.99,ACTIVE,ZONE-5,SYNTHETIC DEMO DATA — NOT OFFICIAL GOVERNMENT RECORDS
MUN-1221,P1221,MUNPROP-1221,Rahul Kumar Sharma 2,5,"Sector 21, Kachhi Khedi, Vidisha",Urban Parcel,Institutional,173.82,280.35,ACTIVE,ZONE-1,SYNTHETIC DEMO DATA — NOT OFFICIAL GOVERNMENT RECORDS
MUN-1222,P1222,MUNPROP-1222,Amit Verma 2,6,"Sector 22, Madhav Nagar, Vidisha",Urban Parcel,Commercial,203.14,327.64,ACTIVE,ZONE-2,SYNTHETIC DEMO DATA — NOT OFFICIAL GOVERNMENT RECORDS
MUN-1223,P1223,MUNPROP-1223,Neha Patel 2,7,"Sector 23, Raisen Link, Vidisha",Urban Parcel,Vacant Land,232.15,374.43,ACTIVE,ZONE-3,SYNTHETIC DEMO DATA — NOT OFFICIAL GOVERNMENT RECORDS
MUN-1224,P1224,MUNPROP-1224,Priya Singh 2,8,"Sector 24, Vidisha Urban, Vidisha",Urban Parcel,Public/Semi-Public,261.06,421.07,ACTIVE,ZONE-4,SYNTHETIC DEMO DATA — NOT OFFICIAL GOVERNMENT RECORDS
MUN-1225,P1225,MUNPROP-1225,Suresh Yadav 2,9,"Sector 25, Sanchi Road, Vidisha",Urban Parcel,Residential,290.32,468.26,ACTIVE,ZONE-5,SYNTHETIC DEMO DATA — NOT OFFICIAL GOVERNMENT RECORDS
MUN-1226,P1226,MUNPROP-1226,Anjali Jain 2,10,"Sector 1, Betwa Nagar, Vidisha",Urban Parcel,Commercial,319.8,515.81,ACTIVE,ZONE-1,SYNTHETIC DEMO DATA — NOT OFFICIAL GOVERNMENT RECORDS
MUN-1227,P1227,MUNPROP-1227,Vikram Mehta 2,11,"Sector 2, Ganj Basoda Road, Vidisha",Urban Parcel,Industrial,348.6,562.26,ACTIVE,ZONE-2,SYNTHETIC DEMO DATA — NOT OFFICIAL GOVERNMENT RECORDS
MUN-1228,P1228,MUNPROP-1228,Kavita Joshi 2,12,"Sector 3, Civil Lines Extension, Vidisha",Urban Parcel,Agricultural,377.83,609.41,ACTIVE,ZONE-3,SYNTHETIC DEMO DATA — NOT OFFICIAL GOVERNMENT RECORDS
MUN-1229,P1229,MUNPROP-1229,Manoj Gupta 2,1,"Sector 4, Kachhi Khedi, Vidisha",Urban Parcel,Institutional,406.96,656.38,ACTIVE,ZONE-4,SYNTHETIC DEMO DATA — NOT OFFICIAL GOVERNMENT RECORDS
MUN-1230,P1230,MUNPROP-1230,Ritu Mishra 2,2,"Sector 5, Madhav Nagar, Vidisha",Urban Parcel,Mixed Use,436.28,703.68,ACTIVE,ZONE-5,SYNTHETIC DEMO DATA — NOT OFFICIAL GOVERNMENT RECORDS
MUN-1231,P1231,MUNPROP-1231,Arjun Malviya 2,3,"Sector 6, Raisen Link, Vidisha",Urban Parcel,Vacant Land,465.48,750.77,ACTIVE,ZONE-1,SYNTHETIC DEMO DATA — NOT OFFICIAL GOVERNMENT RECORDS
MUN-1232,P1232,MUNPROP-1232,Pooja Kumar Thakur 2,4,"Sector 7, Vidisha Urban, Vidisha",Urban Parcel,Public/Semi-Public,494.16,797.04,ACTIVE,ZONE-2,SYNTHETIC DEMO DATA — NOT OFFICIAL GOVERNMENT RECORDS
MUN-1233,P1233,MUNPROP-1233,Nitin Saxena 2,5,"Sector 8, Sanchi Road, Vidisha",Urban Parcel,Residential,523.53,844.4,ACTIVE,ZONE-3,SYNTHETIC DEMO DATA — NOT OFFICIAL GOVERNMENT RECORDS
MUN-1234,P1234,MUNPROP-1234,Meera Chouhan 2,6,"Sector 9, Betwa Nagar, Vidisha",Urban Parcel,Commercial,552.59,891.28,ACTIVE,ZONE-4,SYNTHETIC DEMO DATA — NOT OFFICIAL GOVERNMENT RECORDS
MUN-1235,P1235,MUNPROP-1235,Deepak Tiwari 2,7,"Sector 10, Ganj Basoda Road, Vidisha",Urban Parcel,Industrial,582.17,938.99,ACTIVE,ZONE-5,SYNTHETIC DEMO DATA — NOT OFFICIAL GOVERNMENT RECORDS
MUN-1236,P1236,MUNPROP-1236,Sunita Rathore 2,8,"Sector 11, Civil Lines Extension, Vidisha",Urban Parcel,Agricultural,611.13,985.69,ACTIVE,ZONE-1,SYNTHETIC DEMO DATA — NOT OFFICIAL GOVERNMENT RECORDS
MUN-1237,P1237,MUNPROP-1237,Karan Dubey 2,9,"Sector 12, Kachhi Khedi, Vidisha",Urban Parcel,Institutional,640.45,1032.98,ACTIVE,ZONE-2,SYNTHETIC DEMO DATA — NOT OFFICIAL GOVERNMENT RECORDS
MUN-1238,P1238,MUNPROP-1238,Isha Kulkarni 2,10,"Sector 13, Madhav Nagar, Vidisha",Urban Parcel,Mixed Use,669.25,1079.44,ACTIVE,ZONE-3,SYNTHETIC DEMO DATA — NOT OFFICIAL GOVERNMENT RECORDS
MUN-1239,P1239,MUNPROP-1239,Mohan Solanki 2,11,"Sector 14, Raisen Link, Vidisha",Urban Parcel,Commercial,698.22,1126.16,ACTIVE,ZONE-4,SYNTHETIC DEMO DATA — NOT OFFICIAL GOVERNMENT RECORDS
MUN-1240,P1240,MUNPROP-1240,Rekha Bansal 2,12,"Sector 15, Vidisha Urban, Vidisha",Urban Parcel,Public/Semi-Public,727.57,1173.5,ACTIVE,ZONE-5,SYNTHETIC DEMO DATA — NOT OFFICIAL GOVERNMENT RECORDS
MUN-1241,P1241,MUNPROP-1241,Rahul Sharma 3,1,"Sector 16, Sanchi Road, Vidisha",Urban Parcel,Residential,756.94,1220.87,ACTIVE,ZONE-1,SYNTHETIC DEMO DATA — NOT OFFICIAL GOVERNMENT RECORDS
MUN-1242,P1242,MUNPROP-1242,Amit Verma 3,2,"Sector 17, Betwa Nagar, Vidisha",Urban Parcel,Commercial,786.05,1267.83,ACTIVE,ZONE-2,SYNTHETIC DEMO DATA — NOT OFFICIAL GOVERNMENT RECORDS
MUN-1243,P1243,MUNPROP-1243,Neha Kumar Patel 3,3,"Sector 18, Ganj Basoda Road, Vidisha",Urban Parcel,Industrial,815.14,1314.75,ACTIVE,ZONE-3,SYNTHETIC DEMO DATA — NOT OFFICIAL GOVERNMENT RECORDS
MUN-1244,P1244,MUNPROP-1244,Priya Singh 3,4,"Sector 19, Civil Lines Extension, Vidisha",Urban Parcel,Agricultural,843.94,1361.19,ACTIVE,ZONE-4,SYNTHETIC DEMO DATA — NOT OFFICIAL GOVERNMENT RECORDS
MUN-1245,P1245,MUNPROP-1245,Suresh Yadav 3,5,"Sector 20, Kachhi Khedi, Vidisha",Urban Parcel,Institutional,872.97,1408.02,ACTIVE,ZONE-5,SYNTHETIC DEMO DATA — NOT OFFICIAL GOVERNMENT RECORDS
MUN-1246,P1246,MUNPROP-1246,Anjali Jain 3,6,"Sector 21, Madhav Nagar, Vidisha",Urban Parcel,Mixed Use,902.7,1455.96,ACTIVE,ZONE-1,SYNTHETIC DEMO DATA — NOT OFFICIAL GOVERNMENT RECORDS
MUN-1247,P1247,MUNPROP-1247,Vikram Mehta 3,7,"Sector 22, Raisen Link, Vidisha",Urban Parcel,Vacant Land,931.31,1502.11,ACTIVE,ZONE-2,SYNTHETIC DEMO DATA — NOT OFFICIAL GOVERNMENT RECORDS
MUN-1248,P1248,MUNPROP-1248,Kavita Joshi 3,8,"Sector 23, Vidisha Urban, Vidisha",Urban Parcel,Public/Semi-Public,61.68,99.48,ACTIVE,ZONE-3,SYNTHETIC DEMO DATA — NOT OFFICIAL GOVERNMENT RECORDS
MUN-1249,P1249,MUNPROP-1249,Manoj Gupta 3,9,"Sector 24, Sanchi Road, Vidisha",Urban Parcel,Residential,90.7,146.29,ACTIVE,ZONE-4,SYNTHETIC DEMO DATA — NOT OFFICIAL GOVERNMENT RECORDS
MUN-1250,P1250,MUNPROP-1250,Ritu Mishra 3,10,"Sector 25, Betwa Nagar, Vidisha",Urban Parcel,Commercial,119.99,193.53,ACTIVE,ZONE-5,SYNTHETIC DEMO DATA — NOT OFFICIAL GOVERNMENT RECORDS
MUN-1251,P1251,MUNPROP-1251,Arjun Malviya 3,11,"Sector 1, Ganj Basoda Road, Vidisha",Urban Parcel,Industrial,149.19,240.63,ACTIVE,ZONE-1,SYNTHETIC DEMO DATA — NOT OFFICIAL GOVERNMENT RECORDS
MUN-1252,P1252,MUNPROP-1252,Pooja Thakur 3,12,"Sector 2, Civil Lines Extension, Vidisha",Urban Parcel,Agricultural,178.27,287.53,ACTIVE,ZONE-2,SYNTHETIC DEMO DATA — NOT OFFICIAL GOVERNMENT RECORDS
MUN-1253,P1253,MUNPROP-1253,Nitin Saxena 3,1,"Sector 3, Kachhi Khedi, Vidisha",Urban Parcel,Institutional,207.52,334.71,ACTIVE,ZONE-3,SYNTHETIC DEMO DATA — NOT OFFICIAL GOVERNMENT RECORDS
MUN-1254,P1254,MUNPROP-1254,Meera Kumar Chouhan 3,2,"Sector 4, Madhav Nagar, Vidisha",Urban Parcel,Mixed Use,236.46,381.38,ACTIVE,ZONE-4,SYNTHETIC DEMO DATA — NOT OFFICIAL GOVERNMENT RECORDS
MUN-1255,P1255,MUNPROP-1255,Deepak Tiwari 3,3,"Sector 5, Raisen Link, Vidisha",Urban Parcel,Vacant Land,265.85,428.79,ACTIVE,ZONE-5,SYNTHETIC DEMO DATA — NOT OFFICIAL GOVERNMENT RECORDS
MUN-1256,P1256,MUNPROP-1256,Sunita Rathore 3,4,"Sector 6, Vidisha Urban, Vidisha",Urban Parcel,Commercial,294.62,475.19,ACTIVE,ZONE-1,SYNTHETIC DEMO DATA — NOT OFFICIAL GOVERNMENT RECORDS
MUN-1257,P1257,MUNPROP-1257,Karan Dubey 3,5,"Sector 7, Sanchi Road, Vidisha",Urban Parcel,Residential,324.09,522.73,ACTIVE,ZONE-2,SYNTHETIC DEMO DATA — NOT OFFICIAL GOVERNMENT RECORDS
MUN-1258,P1258,MUNPROP-1258,Isha Kulkarni 3,6,"Sector 8, Betwa Nagar, Vidisha",Urban Parcel,Commercial,352.94,569.26,ACTIVE,ZONE-3,SYNTHETIC DEMO DATA — NOT OFFICIAL GOVERNMENT RECORDS
MUN-1259,P1259,MUNPROP-1259,Mohan Solanki 3,7,"Sector 9, Ganj Basoda Road, Vidisha",Urban Parcel,Industrial,381.98,616.1,ACTIVE,ZONE-4,SYNTHETIC DEMO DATA — NOT OFFICIAL GOVERNMENT RECORDS
MUN-1260,P1260,MUNPROP-1260,Rekha Bansal 3,8,"Sector 10, Civil Lines Extension, Vidisha",Urban Parcel,Agricultural,411.15,663.14,ACTIVE,ZONE-5,SYNTHETIC DEMO DATA — NOT OFFICIAL GOVERNMENT RECORDS
MUN-1261,P1261,MUNPROP-1261,Rahul Sharma 4,9,"Sector 11, Kachhi Khedi, Vidisha",Urban Parcel,Institutional,440.44,710.39,ACTIVE,ZONE-1,SYNTHETIC DEMO DATA — NOT OFFICIAL GOVERNMENT RECORDS
MUN-1262,P1262,MUNPROP-1262,Amit Verma 4,10,"Sector 12, Madhav Nagar, Vidisha",Urban Parcel,Mixed Use,469.66,757.51,ACTIVE,ZONE-2,SYNTHETIC DEMO DATA — NOT OFFICIAL GOVERNMENT RECORDS
MUN-1263,P1263,MUNPROP-1263,Neha Patel 4,11,"Sector 13, Raisen Link, Vidisha",Urban Parcel,Vacant Land,498.55,804.12,ACTIVE,ZONE-3,SYNTHETIC DEMO DATA — NOT OFFICIAL GOVERNMENT RECORDS
MUN-1264,P1264,MUNPROP-1264,Priya Singh 4,12,"Sector 14, Vidisha Urban, Vidisha",Urban Parcel,Public/Semi-Public,527.95,851.54,ACTIVE,ZONE-4,SYNTHETIC DEMO DATA — NOT OFFICIAL GOVERNMENT RECORDS
MUN-1265,P1265,MUNPROP-1265,Suresh Kumar Yadav 4,1,"Sector 15, Sanchi Road, Vidisha",Urban Parcel,Residential,557.05,898.46,ACTIVE,ZONE-5,SYNTHETIC DEMO DATA — NOT OFFICIAL GOVERNMENT RECORDS
MUN-1266,P1266,MUNPROP-1266,Anjali Jain 4,2,"Sector 16, Betwa Nagar, Vidisha",Urban Parcel,Commercial,586.51,945.99,ACTIVE,ZONE-1,SYNTHETIC DEMO DATA — NOT OFFICIAL GOVERNMENT RECORDS
MUN-1267,P1267,MUNPROP-1267,Vikram Mehta 4,3,"Sector 17, Ganj Basoda Road, Vidisha",Urban Parcel,Industrial,615.08,992.07,ACTIVE,ZONE-2,SYNTHETIC DEMO DATA — NOT OFFICIAL GOVERNMENT RECORDS
MUN-1268,P1268,MUNPROP-1268,Kavita Joshi 4,4,"Sector 18, Civil Lines Extension, Vidisha",Urban Parcel,Agricultural,644.7,1039.84,ACTIVE,ZONE-3,SYNTHETIC DEMO DATA — NOT OFFICIAL GOVERNMENT RECORDS
MUN-1269,P1269,MUNPROP-1269,Manoj Gupta 4,5,"Sector 19, Kachhi Khedi, Vidisha",Urban Parcel,Institutional,673.62,1086.48,ACTIVE,ZONE-4,SYNTHETIC DEMO DATA — NOT OFFICIAL GOVERNMENT RECORDS
MUN-1270,P1270,MUNPROP-1270,Ritu Mishra 4,6,"Sector 20, Madhav Nagar, Vidisha",Urban Parcel,Mixed Use,702.93,1133.76,ACTIVE,ZONE-5,SYNTHETIC DEMO DATA — NOT OFFICIAL GOVERNMENT RECORDS
MUN-1271,P1271,MUNPROP-1271,Arjun Malviya 4,7,"Sector 21, Raisen Link, Vidisha",Urban Parcel,Vacant Land,732.21,1180.99,ACTIVE,ZONE-1,SYNTHETIC DEMO DATA — NOT OFFICIAL GOVERNMENT RECORDS
MUN-1272,P1272,MUNPROP-1272,Pooja Thakur 4,8,"Sector 22, Vidisha Urban, Vidisha",Urban Parcel,Public/Semi-Public,760.9,1227.26,ACTIVE,ZONE-2,SYNTHETIC DEMO DATA — NOT OFFICIAL GOVERNMENT RECORDS
MUN-1273,P1273,MUNPROP-1273,Nitin Saxena 4,9,"Sector 23, Sanchi Road, Vidisha",Urban Parcel,Commercial,790.25,1274.6,ACTIVE,ZONE-3,SYNTHETIC DEMO DATA — NOT OFFICIAL GOVERNMENT RECORDS
MUN-1274,P1274,MUNPROP-1274,Meera Chouhan 4,10,"Sector 24, Betwa Nagar, Vidisha",Urban Parcel,Commercial,819.5,1321.78,ACTIVE,ZONE-4,SYNTHETIC DEMO DATA — NOT OFFICIAL GOVERNMENT RECORDS
MUN-1275,P1275,MUNPROP-1275,Deepak Tiwari 4,11,"Sector 25, Ganj Basoda Road, Vidisha",Urban Parcel,Industrial,848.56,1368.64,ACTIVE,ZONE-5,SYNTHETIC DEMO DATA — NOT OFFICIAL GOVERNMENT RECORDS
MUN-1276,P1276,MUNPROP-1276,Sunita Kumar Rathore 4,12,"Sector 1, Civil Lines Extension, Vidisha",Urban Parcel,Agricultural,877.4,1415.16,ACTIVE,ZONE-1,SYNTHETIC DEMO DATA — NOT OFFICIAL GOVERNMENT RECORDS
MUN-1277,P1277,MUNPROP-1277,Karan Dubey 4,1,"Sector 2, Kachhi Khedi, Vidisha",Urban Parcel,Institutional,906.99,1462.89,ACTIVE,ZONE-2,SYNTHETIC DEMO DATA — NOT OFFICIAL GOVERNMENT RECORDS
MUN-1278,P1278,MUNPROP-1278,Isha Kulkarni 4,2,"Sector 3, Madhav Nagar, Vidisha",Urban Parcel,Mixed Use,935.74,1509.26,ACTIVE,ZONE-3,SYNTHETIC DEMO DATA — NOT OFFICIAL GOVERNMENT RECORDS
MUN-1279,P1279,MUNPROP-1279,Mohan Solanki 4,3,"Sector 4, Raisen Link, Vidisha",Urban Parcel,Vacant Land,65.93,106.34,ACTIVE,ZONE-4,SYNTHETIC DEMO DATA — NOT OFFICIAL GOVERNMENT RECORDS
MUN-1280,P1280,MUNPROP-1280,Rekha Bansal 4,4,"Sector 5, Vidisha Urban, Vidisha",Urban Parcel,Public/Semi-Public,95.1,153.38,ACTIVE,ZONE-5,SYNTHETIC DEMO DATA — NOT OFFICIAL GOVERNMENT RECORDS
MUN-1281,P1281,MUNPROP-1281,Rahul Sharma 5,5,"Sector 6, Sanchi Road, Vidisha",Urban Parcel,Residential,124.1,200.16,ACTIVE,ZONE-1,SYNTHETIC DEMO DATA — NOT OFFICIAL GOVERNMENT RECORDS
MUN-1282,P1282,MUNPROP-1282,Amit Verma 5,6,"Sector 7, Betwa Nagar, Vidisha",Urban Parcel,Commercial,153.72,247.94,ACTIVE,ZONE-2,SYNTHETIC DEMO DATA — NOT OFFICIAL GOVERNMENT RECORDS
MUN-1283,P1283,MUNPROP-1283,Neha Patel 5,7,"Sector 8, Ganj Basoda Road, Vidisha",Urban Parcel,Industrial,182.58,294.49,ACTIVE,ZONE-3,SYNTHETIC DEMO DATA — NOT OFFICIAL GOVERNMENT RECORDS
MUN-1284,P1284,MUNPROP-1284,Priya Singh 5,8,"Sector 9, Civil Lines Extension, Vidisha",Urban Parcel,Agricultural,211.45,341.05,ACTIVE,ZONE-4,SYNTHETIC DEMO DATA — NOT OFFICIAL GOVERNMENT RECORDS
MUN-1285,P1285,MUNPROP-1285,Suresh Yadav 5,9,"Sector 10, Kachhi Khedi, Vidisha",Urban Parcel,Institutional,241.04,388.78,ACTIVE,ZONE-5,SYNTHETIC DEMO DATA — NOT OFFICIAL GOVERNMENT RECORDS
MUN-1286,P1286,MUNPROP-1286,Anjali Jain 5,10,"Sector 11, Madhav Nagar, Vidisha",Urban Parcel,Mixed Use,270.14,435.71,ACTIVE,ZONE-1,SYNTHETIC DEMO DATA — NOT OFFICIAL GOVERNMENT RECORDS
MUN-1287,P1287,MUNPROP-1287,Vikram Kumar Mehta 5,11,"Sector 12, Raisen Link, Vidisha",Urban Parcel,Vacant Land,298.94,482.16,ACTIVE,ZONE-2,SYNTHETIC DEMO DATA — NOT OFFICIAL GOVERNMENT RECORDS
MUN-1288,P1288,MUNPROP-1288,Kavita Joshi 5,12,"Sector 13, Vidisha Urban, Vidisha",Urban Parcel,Public/Semi-Public,328.36,529.61,ACTIVE,ZONE-3,SYNTHETIC DEMO DATA — NOT OFFICIAL GOVERNMENT RECORDS
MUN-1289,P1289,MUNPROP-1289,Manoj Gupta 5,1,"Sector 14, Sanchi Road, Vidisha",Urban Parcel,Residential,357.13,576.01,ACTIVE,ZONE-4,SYNTHETIC DEMO DATA — NOT OFFICIAL GOVERNMENT RECORDS
MUN-1290,P1290,MUNPROP-1290,Ritu Mishra 5,2,"Sector 15, Betwa Nagar, Vidisha",Urban Parcel,Commercial,386.27,623.02,ACTIVE,ZONE-5,SYNTHETIC DEMO DATA — NOT OFFICIAL GOVERNMENT RECORDS
MUN-1291,P1291,MUNPROP-1291,Arjun Malviya 5,3,"Sector 16, Ganj Basoda Road, Vidisha",Urban Parcel,Industrial,415.75,670.57,ACTIVE,ZONE-1,SYNTHETIC DEMO DATA — NOT OFFICIAL GOVERNMENT RECORDS
MUN-1292,P1292,MUNPROP-1292,Pooja Thakur 5,4,"Sector 17, Civil Lines Extension, Vidisha",Urban Parcel,Agricultural,445.09,717.89,ACTIVE,ZONE-2,SYNTHETIC DEMO DATA — NOT OFFICIAL GOVERNMENT RECORDS
MUN-1293,P1293,MUNPROP-1293,Nitin Saxena 5,5,"Sector 18, Kachhi Khedi, Vidisha",Urban Parcel,Institutional,474.28,764.97,ACTIVE,ZONE-3,SYNTHETIC DEMO DATA — NOT OFFICIAL GOVERNMENT RECORDS
MUN-1294,P1294,MUNPROP-1294,Meera Chouhan 5,6,"Sector 19, Madhav Nagar, Vidisha",Urban Parcel,Mixed Use,502.89,811.11,ACTIVE,ZONE-4,SYNTHETIC DEMO DATA — NOT OFFICIAL GOVERNMENT RECORDS
MUN-1295,P1295,MUNPROP-1295,Deepak Tiwari 5,7,"Sector 20, Raisen Link, Vidisha",Urban Parcel,Vacant Land,532.02,858.09,ACTIVE,ZONE-5,SYNTHETIC DEMO DATA — NOT OFFICIAL GOVERNMENT RECORDS
MUN-1296,P1296,MUNPROP-1296,Sunita Rathore 5,8,"Sector 21, Vidisha Urban, Vidisha",Urban Parcel,Public/Semi-Public,561.17,905.11,ACTIVE,ZONE-1,SYNTHETIC DEMO DATA — NOT OFFICIAL GOVERNMENT RECORDS
MUN-1297,P1297,MUNPROP-1297,Karan Dubey 5,9,"Sector 22, Sanchi Road, Vidisha",Urban Parcel,Residential,590.63,952.63,ACTIVE,ZONE-2,SYNTHETIC DEMO DATA — NOT OFFICIAL GOVERNMENT RECORDS
MUN-1298,P1298,MUNPROP-1298,Isha Kumar Kulkarni 5,10,"Sector 23, Betwa Nagar, Vidisha",Urban Parcel,Commercial,619.47,999.15,ACTIVE,ZONE-3,SYNTHETIC DEMO DATA — NOT OFFICIAL GOVERNMENT RECORDS
MUN-1299,P1299,MUNPROP-1299,Mohan Solanki 5,11,"Sector 24, Ganj Basoda Road, Vidisha",Urban Parcel,Industrial,648.74,1046.36,ACTIVE,ZONE-4,SYNTHETIC DEMO DATA — NOT OFFICIAL GOVERNMENT RECORDS
MUN-1300,P1300,MUNPROP-1300,Rekha Bansal 5,12,"Sector 25, Civil Lines Extension, Vidisha",Urban Parcel,Agricultural,678.1,1093.71,ACTIVE,ZONE-5,SYNTHETIC DEMO DATA — NOT OFFICIAL GOVERNMENT RECORDS
MUN-1301,P1301,MUNPROP-1301,Rahul Sharma 6,1,"Sector 1, Kachhi Khedi, Vidisha",Urban Parcel,Institutional,706.89,1140.15,ACTIVE,ZONE-1,SYNTHETIC DEMO DATA — NOT OFFICIAL GOVERNMENT RECORDS
MUN-1302,P1302,MUNPROP-1302,Amit Verma 6,2,"Sector 2, Madhav Nagar, Vidisha",Urban Parcel,Mixed Use,736.03,1187.15,ACTIVE,ZONE-2,SYNTHETIC DEMO DATA — NOT OFFICIAL GOVERNMENT RECORDS
MUN-1303,P1303,MUNPROP-1303,Neha Patel 6,3,"Sector 3, Raisen Link, Vidisha",Urban Parcel,Vacant Land,765.24,1234.25,ACTIVE,ZONE-3,SYNTHETIC DEMO DATA — NOT OFFICIAL GOVERNMENT RECORDS
MUN-1304,P1304,MUNPROP-1304,Priya Singh 6,4,"Sector 4, Vidisha Urban, Vidisha",Urban Parcel,Public/Semi-Public,794.84,1282.0,ACTIVE,ZONE-4,SYNTHETIC DEMO DATA — NOT OFFICIAL GOVERNMENT RECORDS
MUN-1305,P1305,MUNPROP-1305,Suresh Yadav 6,5,"Sector 5, Sanchi Road, Vidisha",Urban Parcel,Residential,823.42,1328.1,ACTIVE,ZONE-5,SYNTHETIC DEMO DATA — NOT OFFICIAL GOVERNMENT RECORDS
MUN-1306,P1306,MUNPROP-1306,Anjali Jain 6,6,"Sector 6, Betwa Nagar, Vidisha",Urban Parcel,Commercial,853.01,1375.82,ACTIVE,ZONE-1,SYNTHETIC DEMO DATA — NOT OFFICIAL GOVERNMENT RECORDS
MUN-1307,P1307,MUNPROP-1307,Vikram Mehta 6,7,"Sector 7, Ganj Basoda Road, Vidisha",Urban Parcel,Commercial,881.91,1422.43,ACTIVE,ZONE-2,SYNTHETIC DEMO DATA — NOT OFFICIAL GOVERNMENT RECORDS
MUN-1308,P1308,MUNPROP-1308,Kavita Joshi 6,8,"Sector 8, Civil Lines Extension, Vidisha",Urban Parcel,Agricultural,911.39,1469.98,ACTIVE,ZONE-3,SYNTHETIC DEMO DATA — NOT OFFICIAL GOVERNMENT RECORDS
MUN-1309,P1309,MUNPROP-1309,Manoj Kumar Gupta 6,9,"Sector 9, Kachhi Khedi, Vidisha",Urban Parcel,Institutional,940.45,1516.85,ACTIVE,ZONE-4,SYNTHETIC DEMO DATA — NOT OFFICIAL GOVERNMENT RECORDS
MUN-1310,P1310,MUNPROP-1310,Ritu Mishra 6,10,"Sector 10, Madhav Nagar, Vidisha",Urban Parcel,Mixed Use,70.68,114.0,ACTIVE,ZONE-5,SYNTHETIC DEMO DATA — NOT OFFICIAL GOVERNMENT RECORDS
MUN-1311,P1311,MUNPROP-1311,Arjun Malviya 6,11,"Sector 11, Raisen Link, Vidisha",Urban Parcel,Vacant Land,99.4,160.32,ACTIVE,ZONE-1,SYNTHETIC DEMO DATA — NOT OFFICIAL GOVERNMENT RECORDS
MUN-1312,P1312,MUNPROP-1312,Pooja Thakur 6,12,"Sector 12, Vidisha Urban, Vidisha",Urban Parcel,Public/Semi-Public,128.87,207.85,ACTIVE,ZONE-2,SYNTHETIC DEMO DATA — NOT OFFICIAL GOVERNMENT RECORDS
MUN-1313,P1313,MUNPROP-1313,Nitin Saxena 6,1,"Sector 13, Sanchi Road, Vidisha",Urban Parcel,Residential,157.78,254.48,ACTIVE,ZONE-3,SYNTHETIC DEMO DATA — NOT OFFICIAL GOVERNMENT RECORDS
MUN-1314,P1314,MUNPROP-1314,Meera Chouhan 6,2,"Sector 14, Betwa Nagar, Vidisha",Urban Parcel,Commercial,186.78,301.25,ACTIVE,ZONE-4,SYNTHETIC DEMO DATA — NOT OFFICIAL GOVERNMENT RECORDS
MUN-1315,P1315,MUNPROP-1315,Deepak Tiwari 6,3,"Sector 15, Ganj Basoda Road, Vidisha",Urban Parcel,Industrial,216.31,348.88,ACTIVE,ZONE-5,SYNTHETIC DEMO DATA — NOT OFFICIAL GOVERNMENT RECORDS
MUN-1316,P1316,MUNPROP-1316,Sunita Rathore 6,4,"Sector 16, Civil Lines Extension, Vidisha",Urban Parcel,Agricultural,245.24,395.55,ACTIVE,ZONE-1,SYNTHETIC DEMO DATA — NOT OFFICIAL GOVERNMENT RECORDS
MUN-1317,P1317,MUNPROP-1317,Karan Dubey 6,5,"Sector 17, Kachhi Khedi, Vidisha",Urban Parcel,Institutional,274.46,442.67,ACTIVE,ZONE-2,SYNTHETIC DEMO DATA — NOT OFFICIAL GOVERNMENT RECORDS
MUN-1318,P1318,MUNPROP-1318,Isha Kulkarni 6,6,"Sector 18, Madhav Nagar, Vidisha",Urban Parcel,Mixed Use,303.3,489.2,ACTIVE,ZONE-3,SYNTHETIC DEMO DATA — NOT OFFICIAL GOVERNMENT RECORDS
MUN-1319,P1319,MUNPROP-1319,Mohan Solanki 6,7,"Sector 19, Raisen Link, Vidisha",Urban Parcel,Vacant Land,332.71,536.63,ACTIVE,ZONE-4,SYNTHETIC DEMO DATA — NOT OFFICIAL GOVERNMENT RECORDS
MUN-1320,P1320,MUNPROP-1320,Rekha Kumar Bansal 6,8,"Sector 20, Vidisha Urban, Vidisha",Urban Parcel,Public/Semi-Public,361.47,583.02,ACTIVE,ZONE-5,SYNTHETIC DEMO DATA — NOT OFFICIAL GOVERNMENT RECORDS
MUN-1321,P1321,MUNPROP-1321,Rahul Sharma 7,9,"Sector 21, Sanchi Road, Vidisha",Urban Parcel,Residential,390.98,630.62,ACTIVE,ZONE-1,SYNTHETIC DEMO DATA — NOT OFFICIAL GOVERNMENT RECORDS
MUN-1322,P1322,MUNPROP-1322,Amit Verma 7,10,"Sector 22, Betwa Nagar, Vidisha",Urban Parcel,Commercial,420.2,677.75,ACTIVE,ZONE-2,SYNTHETIC DEMO DATA — NOT OFFICIAL GOVERNMENT RECORDS
MUN-1323,P1323,MUNPROP-1323,Neha Patel 7,11,"Sector 23, Ganj Basoda Road, Vidisha",Urban Parcel,Industrial,448.99,724.18,ACTIVE,ZONE-3,SYNTHETIC DEMO DATA — NOT OFFICIAL GOVERNMENT RECORDS
MUN-1324,P1324,MUNPROP-1324,Priya Singh 7,12,"Sector 24, Civil Lines Extension, Vidisha",Urban Parcel,Commercial,478.42,771.65,ACTIVE,ZONE-4,SYNTHETIC DEMO DATA — NOT OFFICIAL GOVERNMENT RECORDS
MUN-1325,P1325,MUNPROP-1325,Suresh Yadav 7,1,"Sector 25, Kachhi Khedi, Vidisha",Urban Parcel,Institutional,507.77,818.99,ACTIVE,ZONE-5,SYNTHETIC DEMO DATA — NOT OFFICIAL GOVERNMENT RECORDS
MUN-1326,P1326,MUNPROP-1326,Anjali Jain 7,2,"Sector 1, Madhav Nagar, Vidisha",Urban Parcel,Mixed Use,536.3,865.0,ACTIVE,ZONE-1,SYNTHETIC DEMO DATA — NOT OFFICIAL GOVERNMENT RECORDS
MUN-1327,P1327,MUNPROP-1327,Vikram Mehta 7,3,"Sector 2, Raisen Link, Vidisha",Urban Parcel,Vacant Land,565.76,912.51,ACTIVE,ZONE-2,SYNTHETIC DEMO DATA — NOT OFFICIAL GOVERNMENT RECORDS
MUN-1328,P1328,MUNPROP-1328,Kavita Joshi 7,4,"Sector 3, Vidisha Urban, Vidisha",Urban Parcel,Public/Semi-Public,594.74,959.26,ACTIVE,ZONE-3,SYNTHETIC DEMO DATA — NOT OFFICIAL GOVERNMENT RECORDS
MUN-1329,P1329,MUNPROP-1329,Manoj Gupta 7,5,"Sector 4, Sanchi Road, Vidisha",Urban Parcel,Residential,624.09,1006.59,ACTIVE,ZONE-4,SYNTHETIC DEMO DATA — NOT OFFICIAL GOVERNMENT RECORDS
MUN-1330,P1330,MUNPROP-1330,Ritu Mishra 7,6,"Sector 5, Betwa Nagar, Vidisha",Urban Parcel,Commercial,653.22,1053.58,ACTIVE,ZONE-5,SYNTHETIC DEMO DATA — NOT OFFICIAL GOVERNMENT RECORDS
MUN-1331,P1331,MUNPROP-1331,Arjun Kumar Malviya 7,7,"Sector 6, Ganj Basoda Road, Vidisha",Urban Parcel,Industrial,682.07,1100.12,ACTIVE,ZONE-1,SYNTHETIC DEMO DATA — NOT OFFICIAL GOVERNMENT RECORDS
MUN-1332,P1332,MUNPROP-1332,Pooja Thakur 7,8,"Sector 7, Civil Lines Extension, Vidisha",Urban Parcel,Agricultural,711.55,1147.66,ACTIVE,ZONE-2,SYNTHETIC DEMO DATA — NOT OFFICIAL GOVERNMENT RECORDS
MUN-1333,P1333,MUNPROP-1333,Nitin Saxena 7,9,"Sector 8, Kachhi Khedi, Vidisha",Urban Parcel,Institutional,740.32,1194.06,ACTIVE,ZONE-3,SYNTHETIC DEMO DATA — NOT OFFICIAL GOVERNMENT RECORDS
MUN-1334,P1334,MUNPROP-1334,Meera Chouhan 7,10,"Sector 9, Madhav Nagar, Vidisha",Urban Parcel,Mixed Use,770.02,1241.97,ACTIVE,ZONE-4,SYNTHETIC DEMO DATA — NOT OFFICIAL GOVERNMENT RECORDS
MUN-1335,P1335,MUNPROP-1335,Deepak Tiwari 7,11,"Sector 10, Raisen Link, Vidisha",Urban Parcel,Vacant Land,798.76,1288.32,ACTIVE,ZONE-5,SYNTHETIC DEMO DATA — NOT OFFICIAL GOVERNMENT RECORDS
MUN-1336,P1336,MUNPROP-1336,Sunita Rathore 7,12,"Sector 11, Vidisha Urban, Vidisha",Urban Parcel,Public/Semi-Public,828.05,1335.57,ACTIVE,ZONE-1,SYNTHETIC DEMO DATA — NOT OFFICIAL GOVERNMENT RECORDS
MUN-1337,P1337,MUNPROP-1337,Karan Dubey 7,1,"Sector 12, Sanchi Road, Vidisha",Urban Parcel,Residential,857.28,1382.71,ACTIVE,ZONE-2,SYNTHETIC DEMO DATA — NOT OFFICIAL GOVERNMENT RECORDS
MUN-1338,P1338,MUNPROP-1338,Isha Kulkarni 7,2,"Sector 13, Betwa Nagar, Vidisha",Urban Parcel,Commercial,886.48,1429.8,ACTIVE,ZONE-3,SYNTHETIC DEMO DATA — NOT OFFICIAL GOVERNMENT RECORDS
MUN-1339,P1339,MUNPROP-1339,Mohan Solanki 7,3,"Sector 14, Ganj Basoda Road, Vidisha",Urban Parcel,Industrial,915.69,1476.92,ACTIVE,ZONE-4,SYNTHETIC DEMO DATA — NOT OFFICIAL GOVERNMENT RECORDS
MUN-1340,P1340,MUNPROP-1340,Rekha Bansal 7,4,"Sector 15, Civil Lines Extension, Vidisha",Urban Parcel,Agricultural,944.29,1523.05,ACTIVE,ZONE-5,SYNTHETIC DEMO DATA — NOT OFFICIAL GOVERNMENT RECORDS
MUN-1341,P1341,MUNPROP-1341,Rahul Sharma 8,5,"Sector 16, Kachhi Khedi, Vidisha",Urban Parcel,Commercial,74.67,120.43,ACTIVE,ZONE-1,SYNTHETIC DEMO DATA — NOT OFFICIAL GOVERNMENT RECORDS
MUN-1342,P1342,MUNPROP-1342,Amit Kumar Verma 8,6,"Sector 17, Madhav Nagar, Vidisha",Urban Parcel,Mixed Use,103.94,167.65,ACTIVE,ZONE-2,SYNTHETIC DEMO DATA — NOT OFFICIAL GOVERNMENT RECORDS
MUN-1343,P1343,MUNPROP-1343,Neha Patel 8,7,"Sector 18, Raisen Link, Vidisha",Urban Parcel,Vacant Land,132.92,214.38,ACTIVE,ZONE-3,SYNTHETIC DEMO DATA — NOT OFFICIAL GOVERNMENT RECORDS
MUN-1344,P1344,MUNPROP-1344,Priya Singh 8,8,"Sector 19, Vidisha Urban, Vidisha",Urban Parcel,Public/Semi-Public,162.09,261.44,ACTIVE,ZONE-4,SYNTHETIC DEMO DATA — NOT OFFICIAL GOVERNMENT RECORDS
MUN-1345,P1345,MUNPROP-1345,Suresh Yadav 8,9,"Sector 20, Sanchi Road, Vidisha",Urban Parcel,Residential,191.14,308.29,ACTIVE,ZONE-5,SYNTHETIC DEMO DATA — NOT OFFICIAL GOVERNMENT RECORDS
MUN-1346,P1346,MUNPROP-1346,Anjali Jain 8,10,"Sector 21, Betwa Nagar, Vidisha",Urban Parcel,Commercial,220.43,355.53,ACTIVE,ZONE-1,SYNTHETIC DEMO DATA — NOT OFFICIAL GOVERNMENT RECORDS
MUN-1347,P1347,MUNPROP-1347,Vikram Mehta 8,11,"Sector 22, Ganj Basoda Road, Vidisha",Urban Parcel,Industrial,249.33,402.14,ACTIVE,ZONE-2,SYNTHETIC DEMO DATA — NOT OFFICIAL GOVERNMENT RECORDS
MUN-1348,P1348,MUNPROP-1348,Kavita Joshi 8,12,"Sector 23, Civil Lines Extension, Vidisha",Urban Parcel,Agricultural,278.4,449.03,ACTIVE,ZONE-3,SYNTHETIC DEMO DATA — NOT OFFICIAL GOVERNMENT RECORDS
MUN-1349,P1349,MUNPROP-1349,Manoj Gupta 8,1,"Sector 24, Kachhi Khedi, Vidisha",Urban Parcel,Institutional,307.63,496.18,ACTIVE,ZONE-4,SYNTHETIC DEMO DATA — NOT OFFICIAL GOVERNMENT RECORDS
MUN-1350,P1350,MUNPROP-1350,Ritu Mishra 8,2,"Sector 25, Madhav Nagar, Vidisha",Urban Parcel,Mixed Use,336.68,543.03,ACTIVE,ZONE-5,SYNTHETIC DEMO DATA — NOT OFFICIAL GOVERNMENT RECORDS
MUN-1351,P1351,MUNPROP-1351,Arjun Malviya 8,3,"Sector 1, Raisen Link, Vidisha",Urban Parcel,Vacant Land,365.85,590.08,ACTIVE,ZONE-1,SYNTHETIC DEMO DATA — NOT OFFICIAL GOVERNMENT RECORDS
MUN-1352,P1352,MUNPROP-1352,Pooja Thakur 8,4,"Sector 2, Vidisha Urban, Vidisha",Urban Parcel,Public/Semi-Public,395.28,637.55,ACTIVE,ZONE-2,SYNTHETIC DEMO DATA — NOT OFFICIAL GOVERNMENT RECORDS
MUN-1353,P1353,MUNPROP-1353,Nitin Kumar Saxena 8,5,"Sector 3, Sanchi Road, Vidisha",Urban Parcel,Residential,424.69,684.99,ACTIVE,ZONE-3,SYNTHETIC DEMO DATA — NOT OFFICIAL GOVERNMENT RECORDS
MUN-1354,P1354,MUNPROP-1354,Meera Chouhan 8,6,"Sector 4, Betwa Nagar, Vidisha",Urban Parcel,Commercial,453.52,731.49,ACTIVE,ZONE-4,SYNTHETIC DEMO DATA — NOT OFFICIAL GOVERNMENT RECORDS
MUN-1355,P1355,MUNPROP-1355,Deepak Tiwari 8,7,"Sector 5, Ganj Basoda Road, Vidisha",Urban Parcel,Industrial,482.74,778.62,ACTIVE,ZONE-5,SYNTHETIC DEMO DATA — NOT OFFICIAL GOVERNMENT RECORDS
MUN-1356,P1356,MUNPROP-1356,Sunita Rathore 8,8,"Sector 6, Civil Lines Extension, Vidisha",Urban Parcel,Agricultural,511.56,825.09,ACTIVE,ZONE-1,SYNTHETIC DEMO DATA — NOT OFFICIAL GOVERNMENT RECORDS
MUN-1357,P1357,MUNPROP-1357,Karan Dubey 8,9,"Sector 7, Kachhi Khedi, Vidisha",Urban Parcel,Institutional,540.94,872.49,ACTIVE,ZONE-2,SYNTHETIC DEMO DATA — NOT OFFICIAL GOVERNMENT RECORDS
MUN-1358,P1358,MUNPROP-1358,Isha Kulkarni 8,10,"Sector 8, Madhav Nagar, Vidisha",Urban Parcel,Commercial,569.96,919.29,ACTIVE,ZONE-3,SYNTHETIC DEMO DATA — NOT OFFICIAL GOVERNMENT RECORDS
MUN-1359,P1359,MUNPROP-1359,Mohan Solanki 8,11,"Sector 9, Raisen Link, Vidisha",Urban Parcel,Vacant Land,599.3,966.61,ACTIVE,ZONE-4,SYNTHETIC DEMO DATA — NOT OFFICIAL GOVERNMENT RECORDS
MUN-1360,P1360,MUNPROP-1360,Rekha Bansal 8,12,"Sector 10, Vidisha Urban, Vidisha",Urban Parcel,Public/Semi-Public,628.33,1013.44,ACTIVE,ZONE-5,SYNTHETIC DEMO DATA — NOT OFFICIAL GOVERNMENT RECORDS
MUN-1361,P1361,MUNPROP-1361,Rahul Sharma 9,1,"Sector 11, Sanchi Road, Vidisha",Urban Parcel,Residential,657.76,1060.9,ACTIVE,ZONE-1,SYNTHETIC DEMO DATA — NOT OFFICIAL GOVERNMENT RECORDS
MUN-1362,P1362,MUNPROP-1362,Amit Verma 9,2,"Sector 12, Betwa Nagar, Vidisha",Urban Parcel,Commercial,686.45,1107.17,ACTIVE,ZONE-2,SYNTHETIC DEMO DATA — NOT OFFICIAL GOVERNMENT RECORDS
MUN-1363,P1363,MUNPROP-1363,Neha Patel 9,3,"Sector 13, Ganj Basoda Road, Vidisha",Urban Parcel,Industrial,715.97,1154.79,ACTIVE,ZONE-3,SYNTHETIC DEMO DATA — NOT OFFICIAL GOVERNMENT RECORDS
MUN-1364,P1364,MUNPROP-1364,Priya Kumar Singh 9,4,"Sector 14, Civil Lines Extension, Vidisha",Urban Parcel,Agricultural,744.99,1201.59,ACTIVE,ZONE-4,SYNTHETIC DEMO DATA — NOT OFFICIAL GOVERNMENT RECORDS
MUN-1365,P1365,MUNPROP-1365,Suresh Yadav 9,5,"Sector 15, Kachhi Khedi, Vidisha",Urban Parcel,Institutional,774.28,1248.84,ACTIVE,ZONE-5,SYNTHETIC DEMO DATA — NOT OFFICIAL GOVERNMENT RECORDS
MUN-1366,P1366,MUNPROP-1366,Anjali Jain 9,6,"Sector 16, Madhav Nagar, Vidisha",Urban Parcel,Mixed Use,803.46,1295.9,ACTIVE,ZONE-1,SYNTHETIC DEMO DATA — NOT OFFICIAL GOVERNMENT RECORDS
MUN-1367,P1367,MUNPROP-1367,Vikram Mehta 9,7,"Sector 17, Raisen Link, Vidisha",Urban Parcel,Vacant Land,832.41,1342.59,ACTIVE,ZONE-2,SYNTHETIC DEMO DATA — NOT OFFICIAL GOVERNMENT RECORDS
MUN-1368,P1368,MUNPROP-1368,Kavita Joshi 9,8,"Sector 18, Vidisha Urban, Vidisha",Urban Parcel,Public/Semi-Public,861.38,1389.32,ACTIVE,ZONE-3,SYNTHETIC DEMO DATA — NOT OFFICIAL GOVERNMENT RECORDS
MUN-1369,P1369,MUNPROP-1369,Manoj Gupta 9,9,"Sector 19, Sanchi Road, Vidisha",Urban Parcel,Residential,890.67,1436.56,ACTIVE,ZONE-4,SYNTHETIC DEMO DATA — NOT OFFICIAL GOVERNMENT RECORDS
MUN-1370,P1370,MUNPROP-1370,Ritu Mishra 9,10,"Sector 20, Betwa Nagar, Vidisha",Urban Parcel,Commercial,919.79,1483.53,ACTIVE,ZONE-5,SYNTHETIC DEMO DATA — NOT OFFICIAL GOVERNMENT RECORDS
MUN-1371,P1371,MUNPROP-1371,Arjun Malviya 9,11,"Sector 21, Ganj Basoda Road, Vidisha",Urban Parcel,Industrial,948.88,1530.45,ACTIVE,ZONE-1,SYNTHETIC DEMO DATA — NOT OFFICIAL GOVERNMENT RECORDS
MUN-1372,P1372,MUNPROP-1372,Pooja Thakur 9,12,"Sector 22, Civil Lines Extension, Vidisha",Urban Parcel,Agricultural,78.77,127.05,ACTIVE,ZONE-2,SYNTHETIC DEMO DATA — NOT OFFICIAL GOVERNMENT RECORDS
MUN-1373,P1373,MUNPROP-1373,Nitin Saxena 9,1,"Sector 23, Kachhi Khedi, Vidisha",Urban Parcel,Institutional,108.03,174.25,ACTIVE,ZONE-3,SYNTHETIC DEMO DATA — NOT OFFICIAL GOVERNMENT RECORDS
MUN-1374,P1374,MUNPROP-1374,Meera Chouhan 9,2,"Sector 24, Madhav Nagar, Vidisha",Urban Parcel,Mixed Use,137.18,221.26,ACTIVE,ZONE-4,SYNTHETIC DEMO DATA — NOT OFFICIAL GOVERNMENT RECORDS
MUN-1375,P1375,MUNPROP-1375,Deepak Kumar Tiwari 9,3,"Sector 25, Raisen Link, Vidisha",Urban Parcel,Commercial,166.46,268.48,ACTIVE,ZONE-5,SYNTHETIC DEMO DATA — NOT OFFICIAL GOVERNMENT RECORDS
MUN-1376,P1376,MUNPROP-1376,Sunita Rathore 9,4,"Sector 1, Vidisha Urban, Vidisha",Urban Parcel,Public/Semi-Public,195.59,315.46,ACTIVE,ZONE-1,SYNTHETIC DEMO DATA — NOT OFFICIAL GOVERNMENT RECORDS
MUN-1377,P1377,MUNPROP-1377,Karan Dubey 9,5,"Sector 2, Sanchi Road, Vidisha",Urban Parcel,Residential,224.97,362.85,ACTIVE,ZONE-2,SYNTHETIC DEMO DATA — NOT OFFICIAL GOVERNMENT RECORDS
MUN-1378,P1378,MUNPROP-1378,Isha Kulkarni 9,6,"Sector 3, Betwa Nagar, Vidisha",Urban Parcel,Commercial,253.96,409.62,ACTIVE,ZONE-3,SYNTHETIC DEMO DATA — NOT OFFICIAL GOVERNMENT RECORDS
MUN-1379,P1379,MUNPROP-1379,Mohan Solanki 9,7,"Sector 4, Ganj Basoda Road, Vidisha",Urban Parcel,Industrial,282.86,456.22,ACTIVE,ZONE-4,SYNTHETIC DEMO DATA — NOT OFFICIAL GOVERNMENT RECORDS
MUN-1380,P1380,MUNPROP-1380,Rekha Bansal 9,8,"Sector 5, Civil Lines Extension, Vidisha",Urban Parcel,Agricultural,312.4,503.87,ACTIVE,ZONE-5,SYNTHETIC DEMO DATA — NOT OFFICIAL GOVERNMENT RECORDS
MUN-1381,P1381,MUNPROP-1381,Rahul Sharma 10,9,"Sector 6, Kachhi Khedi, Vidisha",Urban Parcel,Institutional,341.34,550.55,ACTIVE,ZONE-1,SYNTHETIC DEMO DATA — NOT OFFICIAL GOVERNMENT RECORDS
MUN-1382,P1382,MUNPROP-1382,Amit Verma 10,10,"Sector 7, Madhav Nagar, Vidisha",Urban Parcel,Mixed Use,370.55,597.66,ACTIVE,ZONE-2,SYNTHETIC DEMO DATA — NOT OFFICIAL GOVERNMENT RECORDS
MUN-1383,P1383,MUNPROP-1383,Neha Patel 10,11,"Sector 8, Raisen Link, Vidisha",Urban Parcel,Vacant Land,399.47,644.3,ACTIVE,ZONE-3,SYNTHETIC DEMO DATA — NOT OFFICIAL GOVERNMENT RECORDS
MUN-1384,P1384,MUNPROP-1384,Priya Singh 10,12,"Sector 9, Vidisha Urban, Vidisha",Urban Parcel,Public/Semi-Public,428.98,691.9,ACTIVE,ZONE-4,SYNTHETIC DEMO DATA — NOT OFFICIAL GOVERNMENT RECORDS
MUN-1385,P1385,MUNPROP-1385,Suresh Yadav 10,1,"Sector 10, Sanchi Road, Vidisha",Urban Parcel,Residential,457.83,738.44,ACTIVE,ZONE-5,SYNTHETIC DEMO DATA — NOT OFFICIAL GOVERNMENT RECORDS
MUN-1386,P1386,MUNPROP-1386,Anjali Kumar Jain 10,2,"Sector 11, Betwa Nagar, Vidisha",Urban Parcel,Commercial,487.07,785.59,ACTIVE,ZONE-1,SYNTHETIC DEMO DATA — NOT OFFICIAL GOVERNMENT RECORDS
MUN-1387,P1387,MUNPROP-1387,Vikram Mehta 10,3,"Sector 12, Ganj Basoda Road, Vidisha",Urban Parcel,Industrial,516.07,832.37,ACTIVE,ZONE-2,SYNTHETIC DEMO DATA — NOT OFFICIAL GOVERNMENT RECORDS
MUN-1388,P1388,MUNPROP-1388,Kavita Joshi 10,4,"Sector 13, Civil Lines Extension, Vidisha",Urban Parcel,Agricultural,545.3,879.52,ACTIVE,ZONE-3,SYNTHETIC DEMO DATA — NOT OFFICIAL GOVERNMENT RECORDS
MUN-1389,P1389,MUNPROP-1389,Manoj Gupta 10,5,"Sector 14, Kachhi Khedi, Vidisha",Urban Parcel,Institutional,574.27,926.25,ACTIVE,ZONE-4,SYNTHETIC DEMO DATA — NOT OFFICIAL GOVERNMENT RECORDS
MUN-1390,P1390,MUNPROP-1390,Ritu Mishra 10,6,"Sector 15, Madhav Nagar, Vidisha",Urban Parcel,Mixed Use,603.63,973.6,ACTIVE,ZONE-5,SYNTHETIC DEMO DATA — NOT OFFICIAL GOVERNMENT RECORDS
MUN-1391,P1391,MUNPROP-1391,Arjun Malviya 10,7,"Sector 16, Raisen Link, Vidisha",Urban Parcel,Vacant Land,632.85,1020.73,ACTIVE,ZONE-1,SYNTHETIC DEMO DATA — NOT OFFICIAL GOVERNMENT RECORDS
MUN-1392,P1392,MUNPROP-1392,Pooja Thakur 10,8,"Sector 17, Vidisha Urban, Vidisha",Urban Parcel,Commercial,661.61,1067.12,ACTIVE,ZONE-2,SYNTHETIC DEMO DATA — NOT OFFICIAL GOVERNMENT RECORDS
MUN-1393,P1393,MUNPROP-1393,Nitin Saxena 10,9,"Sector 18, Sanchi Road, Vidisha",Urban Parcel,Residential,691.24,1114.9,ACTIVE,ZONE-3,SYNTHETIC DEMO DATA — NOT OFFICIAL GOVERNMENT RECORDS
MUN-1394,P1394,MUNPROP-1394,Meera Chouhan 10,10,"Sector 19, Betwa Nagar, Vidisha",Urban Parcel,Commercial,719.89,1161.11,ACTIVE,ZONE-4,SYNTHETIC DEMO DATA — NOT OFFICIAL GOVERNMENT RECORDS
MUN-1395,P1395,MUNPROP-1395,Deepak Tiwari 10,11,"Sector 20, Ganj Basoda Road, Vidisha",Urban Parcel,Industrial,749.56,1208.96,ACTIVE,ZONE-5,SYNTHETIC DEMO DATA — NOT OFFICIAL GOVERNMENT RECORDS
MUN-1396,P1396,MUNPROP-1396,Sunita Rathore 10,12,"Sector 21, Civil Lines Extension, Vidisha",Urban Parcel,Agricultural,778.24,1255.22,ACTIVE,ZONE-1,SYNTHETIC DEMO DATA — NOT OFFICIAL GOVERNMENT RECORDS
MUN-1397,P1397,MUNPROP-1397,Karan Kumar Dubey 10,1,"Sector 22, Kachhi Khedi, Vidisha",Urban Parcel,Institutional,807.62,1302.61,ACTIVE,ZONE-2,SYNTHETIC DEMO DATA — NOT OFFICIAL GOVERNMENT RECORDS
MUN-1398,P1398,MUNPROP-1398,Isha Kulkarni 10,2,"Sector 23, Madhav Nagar, Vidisha",Urban Parcel,Mixed Use,836.71,1349.54,ACTIVE,ZONE-3,SYNTHETIC DEMO DATA — NOT OFFICIAL GOVERNMENT RECORDS
MUN-1399,P1399,MUNPROP-1399,Mohan Solanki 10,3,"Sector 24, Raisen Link, Vidisha",Urban Parcel,Vacant Land,865.6,1396.13,ACTIVE,ZONE-4,SYNTHETIC DEMO DATA — NOT OFFICIAL GOVERNMENT RECORDS
MUN-1400,P1400,MUNPROP-1400,Rekha Bansal 10,4,"Sector 25, Vidisha Urban, Vidisha",Urban Parcel,Public/Semi-Public,894.71,1443.08,ACTIVE,ZONE-5,SYNTHETIC DEMO DATA — NOT OFFICIAL GOVERNMENT RECORDS
MUN-1401,P1401,MUNPROP-1401,Rahul Sharma,5,"Sector 1, Sanchi Road, Vidisha",Urban Parcel,Residential,924.41,1490.99,ACTIVE,ZONE-1,SYNTHETIC DEMO DATA — NOT OFFICIAL GOVERNMENT RECORDS
MUN-1402,P1402,MUNPROP-1402,Amit Verma,6,"Sector 2, Betwa Nagar, Vidisha",Urban Parcel,Commercial,953.28,1537.55,ACTIVE,ZONE-2,SYNTHETIC DEMO DATA — NOT OFFICIAL GOVERNMENT RECORDS
MUN-1403,P1403,MUNPROP-1403,Neha Patel,7,"Sector 3, Ganj Basoda Road, Vidisha",Urban Parcel,Industrial,83.14,134.09,ACTIVE,ZONE-3,SYNTHETIC DEMO DATA — NOT OFFICIAL GOVERNMENT RECORDS
MUN-1404,P1404,MUNPROP-1404,Priya Singh,8,"Sector 4, Civil Lines Extension, Vidisha",Urban Parcel,Agricultural,112.55,181.54,ACTIVE,ZONE-4,SYNTHETIC DEMO DATA — NOT OFFICIAL GOVERNMENT RECORDS
MUN-1405,P1405,MUNPROP-1405,Suresh Yadav,9,"Sector 5, Kachhi Khedi, Vidisha",Urban Parcel,Institutional,141.74,228.62,ACTIVE,ZONE-5,SYNTHETIC DEMO DATA — NOT OFFICIAL GOVERNMENT RECORDS
MUN-1406,P1406,MUNPROP-1406,Anjali Jain,10,"Sector 6, Madhav Nagar, Vidisha",Urban Parcel,Mixed Use,170.74,275.39,ACTIVE,ZONE-1,SYNTHETIC DEMO DATA — NOT OFFICIAL GOVERNMENT RECORDS
MUN-1407,P1407,MUNPROP-1407,Vikram Mehta,11,"Sector 7, Raisen Link, Vidisha",Urban Parcel,Vacant Land,199.81,322.28,ACTIVE,ZONE-2,SYNTHETIC DEMO DATA — NOT OFFICIAL GOVERNMENT RECORDS
MUN-1408,P1408,MUNPROP-1408,Kavita Kumar Joshi,12,"Sector 8, Vidisha Urban, Vidisha",Urban Parcel,Public/Semi-Public,229.23,369.73,ACTIVE,ZONE-3,SYNTHETIC DEMO DATA — NOT OFFICIAL GOVERNMENT RECORDS
MUN-1409,P1409,MUNPROP-1409,Manoj Gupta,1,"Sector 9, Sanchi Road, Vidisha",Urban Parcel,Commercial,258.4,416.77,ACTIVE,ZONE-4,SYNTHETIC DEMO DATA — NOT OFFICIAL GOVERNMENT RECORDS
MUN-1410,P1410,MUNPROP-1410,Ritu Mishra,2,"Sector 10, Betwa Nagar, Vidisha",Urban Parcel,Commercial,287.23,463.27,ACTIVE,ZONE-5,SYNTHETIC DEMO DATA — NOT OFFICIAL GOVERNMENT RECORDS
MUN-1411,P1411,MUNPROP-1411,Arjun Malviya,3,"Sector 11, Ganj Basoda Road, Vidisha",Urban Parcel,Industrial,316.67,510.76,ACTIVE,ZONE-1,SYNTHETIC DEMO DATA — NOT OFFICIAL GOVERNMENT RECORDS
MUN-1412,P1412,MUNPROP-1412,Pooja Thakur,4,"Sector 12, Civil Lines Extension, Vidisha",Urban Parcel,Agricultural,345.72,557.61,ACTIVE,ZONE-2,SYNTHETIC DEMO DATA — NOT OFFICIAL GOVERNMENT RECORDS
MUN-1413,P1413,MUNPROP-1413,Nitin Saxena,5,"Sector 13, Kachhi Khedi, Vidisha",Urban Parcel,Institutional,374.92,604.71,ACTIVE,ZONE-3,SYNTHETIC DEMO DATA — NOT OFFICIAL GOVERNMENT RECORDS
MUN-1414,P1414,MUNPROP-1414,Meera Chouhan,6,"Sector 14, Madhav Nagar, Vidisha",Urban Parcel,Mixed Use,404.2,651.93,ACTIVE,ZONE-4,SYNTHETIC DEMO DATA — NOT OFFICIAL GOVERNMENT RECORDS
MUN-1415,P1415,MUNPROP-1415,Deepak Tiwari,7,"Sector 15, Raisen Link, Vidisha",Urban Parcel,Vacant Land,433.21,698.73,ACTIVE,ZONE-5,SYNTHETIC DEMO DATA — NOT OFFICIAL GOVERNMENT RECORDS
MUN-1416,P1416,MUNPROP-1416,Sunita Rathore,8,"Sector 16, Vidisha Urban, Vidisha",Urban Parcel,Public/Semi-Public,462.1,745.32,ACTIVE,ZONE-1,SYNTHETIC DEMO DATA — NOT OFFICIAL GOVERNMENT RECORDS
MUN-1417,P1417,MUNPROP-1417,Karan Dubey,9,"Sector 17, Sanchi Road, Vidisha",Urban Parcel,Residential,491.42,792.62,ACTIVE,ZONE-2,SYNTHETIC DEMO DATA — NOT OFFICIAL GOVERNMENT RECORDS
MUN-1418,P1418,MUNPROP-1418,Isha Kulkarni,10,"Sector 18, Betwa Nagar, Vidisha",Urban Parcel,Commercial,520.37,839.3,ACTIVE,ZONE-3,SYNTHETIC DEMO DATA — NOT OFFICIAL GOVERNMENT RECORDS
MUN-1419,P1419,MUNPROP-1419,Mohan Kumar Solanki,11,"Sector 19, Ganj Basoda Road, Vidisha",Urban Parcel,Industrial,549.58,886.42,ACTIVE,ZONE-4,SYNTHETIC DEMO DATA — NOT OFFICIAL GOVERNMENT RECORDS
MUN-1420,P1420,MUNPROP-1420,Rekha Bansal,12,"Sector 20, Civil Lines Extension, Vidisha",Urban Parcel,Agricultural,578.46,933.0,ACTIVE,ZONE-5,SYNTHETIC DEMO DATA — NOT OFFICIAL GOVERNMENT RECORDS
MUN-1421,P1421,MUNPROP-1421,Rahul Sharma 2,1,"Sector 21, Kachhi Khedi, Vidisha",Urban Parcel,Institutional,607.89,980.47,ACTIVE,ZONE-1,SYNTHETIC DEMO DATA — NOT OFFICIAL GOVERNMENT RECORDS
MUN-1422,P1422,MUNPROP-1422,Amit Verma 2,2,"Sector 22, Madhav Nagar, Vidisha",Urban Parcel,Mixed Use,637.3,1027.9,ACTIVE,ZONE-2,SYNTHETIC DEMO DATA — NOT OFFICIAL GOVERNMENT RECORDS
MUN-1423,P1423,MUNPROP-1423,Neha Patel 2,3,"Sector 23, Raisen Link, Vidisha",Urban Parcel,Vacant Land,666.36,1074.78,ACTIVE,ZONE-3,SYNTHETIC DEMO DATA — NOT OFFICIAL GOVERNMENT RECORDS
MUN-1424,P1424,MUNPROP-1424,Priya Singh 2,4,"Sector 24, Vidisha Urban, Vidisha",Urban Parcel,Public/Semi-Public,695.23,1121.34,ACTIVE,ZONE-4,SYNTHETIC DEMO DATA — NOT OFFICIAL GOVERNMENT RECORDS
MUN-1425,P1425,MUNPROP-1425,Suresh Yadav 2,5,"Sector 25, Sanchi Road, Vidisha",Urban Parcel,Residential,724.68,1168.84,ACTIVE,ZONE-5,SYNTHETIC DEMO DATA — NOT OFFICIAL GOVERNMENT RECORDS
MUN-1426,P1426,MUNPROP-1426,Anjali Jain 2,6,"Sector 1, Betwa Nagar, Vidisha",Urban Parcel,Commercial,753.86,1215.91,ACTIVE,ZONE-1,SYNTHETIC DEMO DATA — NOT OFFICIAL GOVERNMENT RECORDS
MUN-1427,P1427,MUNPROP-1427,Vikram Mehta 2,7,"Sector 2, Ganj Basoda Road, Vidisha",Urban Parcel,Industrial,782.76,1262.52,ACTIVE,ZONE-2,SYNTHETIC DEMO DATA — NOT OFFICIAL GOVERNMENT RECORDS
MUN-1428,P1428,MUNPROP-1428,Kavita Joshi 2,8,"Sector 3, Civil Lines Extension, Vidisha",Urban Parcel,Agricultural,812.0,1309.68,ACTIVE,ZONE-3,SYNTHETIC DEMO DATA — NOT OFFICIAL GOVERNMENT RECORDS
MUN-1429,P1429,MUNPROP-1429,Manoj Gupta 2,9,"Sector 4, Kachhi Khedi, Vidisha",Urban Parcel,Institutional,840.96,1356.38,ACTIVE,ZONE-4,SYNTHETIC DEMO DATA — NOT OFFICIAL GOVERNMENT RECORDS
MUN-1430,P1430,MUNPROP-1430,Ritu Kumar Mishra 2,10,"Sector 5, Madhav Nagar, Vidisha",Urban Parcel,Mixed Use,870.44,1403.93,ACTIVE,ZONE-5,SYNTHETIC DEMO DATA — NOT OFFICIAL GOVERNMENT RECORDS
MUN-1431,P1431,MUNPROP-1431,Arjun Malviya 2,11,"Sector 6, Raisen Link, Vidisha",Urban Parcel,Vacant Land,899.22,1450.35,ACTIVE,ZONE-1,SYNTHETIC DEMO DATA — NOT OFFICIAL GOVERNMENT RECORDS
MUN-1432,P1432,MUNPROP-1432,Pooja Thakur 2,12,"Sector 7, Vidisha Urban, Vidisha",Urban Parcel,Public/Semi-Public,928.52,1497.61,ACTIVE,ZONE-2,SYNTHETIC DEMO DATA — NOT OFFICIAL GOVERNMENT RECORDS
MUN-1433,P1433,MUNPROP-1433,Nitin Saxena 2,1,"Sector 8, Sanchi Road, Vidisha",Urban Parcel,Residential,58.66,94.61,ACTIVE,ZONE-3,SYNTHETIC DEMO DATA — NOT OFFICIAL GOVERNMENT RECORDS
MUN-1434,P1434,MUNPROP-1434,Meera Chouhan 2,2,"Sector 9, Betwa Nagar, Vidisha",Urban Parcel,Commercial,87.84,141.68,ACTIVE,ZONE-4,SYNTHETIC DEMO DATA — NOT OFFICIAL GOVERNMENT RECORDS
MUN-1435,P1435,MUNPROP-1435,Deepak Tiwari 2,3,"Sector 10, Ganj Basoda Road, Vidisha",Urban Parcel,Industrial,116.99,188.69,ACTIVE,ZONE-5,SYNTHETIC DEMO DATA — NOT OFFICIAL GOVERNMENT RECORDS
MUN-1436,P1436,MUNPROP-1436,Sunita Rathore 2,4,"Sector 11, Civil Lines Extension, Vidisha",Urban Parcel,Agricultural,145.94,235.38,ACTIVE,ZONE-1,SYNTHETIC DEMO DATA — NOT OFFICIAL GOVERNMENT RECORDS
MUN-1437,P1437,MUNPROP-1437,Karan Dubey 2,5,"Sector 12, Kachhi Khedi, Vidisha",Urban Parcel,Institutional,175.22,282.62,ACTIVE,ZONE-2,SYNTHETIC DEMO DATA — NOT OFFICIAL GOVERNMENT RECORDS
MUN-1438,P1438,MUNPROP-1438,Isha Kulkarni 2,6,"Sector 13, Madhav Nagar, Vidisha",Urban Parcel,Mixed Use,204.56,329.93,ACTIVE,ZONE-3,SYNTHETIC DEMO DATA — NOT OFFICIAL GOVERNMENT RECORDS
MUN-1439,P1439,MUNPROP-1439,Mohan Solanki 2,7,"Sector 14, Raisen Link, Vidisha",Urban Parcel,Vacant Land,233.72,376.97,ACTIVE,ZONE-4,SYNTHETIC DEMO DATA — NOT OFFICIAL GOVERNMENT RECORDS
MUN-1440,P1440,MUNPROP-1440,Rekha Bansal 2,8,"Sector 15, Vidisha Urban, Vidisha",Urban Parcel,Public/Semi-Public,262.56,423.48,ACTIVE,ZONE-5,SYNTHETIC DEMO DATA — NOT OFFICIAL GOVERNMENT RECORDS
MUN-1441,P1441,MUNPROP-1441,Rahul Kumar Sharma 3,9,"Sector 16, Sanchi Road, Vidisha",Urban Parcel,Residential,291.48,470.13,ACTIVE,ZONE-1,SYNTHETIC DEMO DATA — NOT OFFICIAL GOVERNMENT RECORDS
MUN-1442,P1442,MUNPROP-1442,Amit Verma 3,10,"Sector 17, Betwa Nagar, Vidisha",Urban Parcel,Commercial,320.61,517.12,ACTIVE,ZONE-2,SYNTHETIC DEMO DATA — NOT OFFICIAL GOVERNMENT RECORDS
MUN-1443,P1443,MUNPROP-1443,Neha Patel 3,11,"Sector 18, Ganj Basoda Road, Vidisha",Urban Parcel,Commercial,349.97,564.47,ACTIVE,ZONE-3,SYNTHETIC DEMO DATA — NOT OFFICIAL GOVERNMENT RECORDS
MUN-1444,P1444,MUNPROP-1444,Priya Singh 3,12,"Sector 19, Civil Lines Extension, Vidisha",Urban Parcel,Agricultural,379.16,611.55,ACTIVE,ZONE-4,SYNTHETIC DEMO DATA — NOT OFFICIAL GOVERNMENT RECORDS
MUN-1445,P1445,MUNPROP-1445,Suresh Yadav 3,1,"Sector 20, Kachhi Khedi, Vidisha",Urban Parcel,Institutional,408.57,658.98,ACTIVE,ZONE-5,SYNTHETIC DEMO DATA — NOT OFFICIAL GOVERNMENT RECORDS
MUN-1446,P1446,MUNPROP-1446,Anjali Jain 3,2,"Sector 21, Madhav Nagar, Vidisha",Urban Parcel,Mixed Use,437.44,705.55,ACTIVE,ZONE-1,SYNTHETIC DEMO DATA — NOT OFFICIAL GOVERNMENT RECORDS
MUN-1447,P1447,MUNPROP-1447,Vikram Mehta 3,3,"Sector 22, Raisen Link, Vidisha",Urban Parcel,Vacant Land,466.8,752.91,ACTIVE,ZONE-2,SYNTHETIC DEMO DATA — NOT OFFICIAL GOVERNMENT RECORDS
MUN-1448,P1448,MUNPROP-1448,Kavita Joshi 3,4,"Sector 23, Vidisha Urban, Vidisha",Urban Parcel,Public/Semi-Public,495.89,799.83,ACTIVE,ZONE-3,SYNTHETIC DEMO DATA — NOT OFFICIAL GOVERNMENT RECORDS
MUN-1449,P1449,MUNPROP-1449,Manoj Gupta 3,5,"Sector 24, Sanchi Road, Vidisha",Urban Parcel,Residential,524.59,846.11,ACTIVE,ZONE-4,SYNTHETIC DEMO DATA — NOT OFFICIAL GOVERNMENT RECORDS
MUN-1450,P1450,MUNPROP-1450,Ritu Mishra 3,6,"Sector 25, Betwa Nagar, Vidisha",Urban Parcel,Commercial,553.91,893.4,ACTIVE,ZONE-5,SYNTHETIC DEMO DATA — NOT OFFICIAL GOVERNMENT RECORDS
MUN-1451,P1451,MUNPROP-1451,Arjun Malviya 3,7,"Sector 1, Ganj Basoda Road, Vidisha",Urban Parcel,Industrial,582.91,940.17,ACTIVE,ZONE-1,SYNTHETIC DEMO DATA — NOT OFFICIAL GOVERNMENT RECORDS
MUN-1452,P1452,MUNPROP-1452,Pooja Kumar Thakur 3,8,"Sector 2, Civil Lines Extension, Vidisha",Urban Parcel,Agricultural,612.24,987.48,ACTIVE,ZONE-2,SYNTHETIC DEMO DATA — NOT OFFICIAL GOVERNMENT RECORDS
MUN-1453,P1453,MUNPROP-1453,Nitin Saxena 3,9,"Sector 3, Kachhi Khedi, Vidisha",Urban Parcel,Institutional,641.5,1034.68,ACTIVE,ZONE-3,SYNTHETIC DEMO DATA — NOT OFFICIAL GOVERNMENT RECORDS
MUN-1454,P1454,MUNPROP-1454,Meera Chouhan 3,10,"Sector 4, Madhav Nagar, Vidisha",Urban Parcel,Mixed Use,670.33,1081.17,ACTIVE,ZONE-4,SYNTHETIC DEMO DATA — NOT OFFICIAL GOVERNMENT RECORDS
MUN-1455,P1455,MUNPROP-1455,Deepak Tiwari 3,11,"Sector 5, Raisen Link, Vidisha",Urban Parcel,Vacant Land,699.91,1128.88,ACTIVE,ZONE-5,SYNTHETIC DEMO DATA — NOT OFFICIAL GOVERNMENT RECORDS
MUN-1456,P1456,MUNPROP-1456,Sunita Rathore 3,12,"Sector 6, Vidisha Urban, Vidisha",Urban Parcel,Public/Semi-Public,728.85,1175.57,ACTIVE,ZONE-1,SYNTHETIC DEMO DATA — NOT OFFICIAL GOVERNMENT RECORDS
MUN-1457,P1457,MUNPROP-1457,Karan Dubey 3,1,"Sector 7, Sanchi Road, Vidisha",Urban Parcel,Residential,758.02,1222.61,ACTIVE,ZONE-2,SYNTHETIC DEMO DATA — NOT OFFICIAL GOVERNMENT RECORDS
MUN-1458,P1458,MUNPROP-1458,Isha Kulkarni 3,2,"Sector 8, Betwa Nagar, Vidisha",Urban Parcel,Commercial,787.06,1269.45,ACTIVE,ZONE-3,SYNTHETIC DEMO DATA — NOT OFFICIAL GOVERNMENT RECORDS
MUN-1459,P1459,MUNPROP-1459,Mohan Solanki 3,3,"Sector 9, Ganj Basoda Road, Vidisha",Urban Parcel,Industrial,815.98,1316.1,ACTIVE,ZONE-4,SYNTHETIC DEMO DATA — NOT OFFICIAL GOVERNMENT RECORDS
MUN-1460,P1460,MUNPROP-1460,Rekha Bansal 3,4,"Sector 10, Civil Lines Extension, Vidisha",Urban Parcel,Commercial,845.35,1363.47,ACTIVE,ZONE-5,SYNTHETIC DEMO DATA — NOT OFFICIAL GOVERNMENT RECORDS
MUN-1461,P1461,MUNPROP-1461,Rahul Sharma 4,5,"Sector 11, Kachhi Khedi, Vidisha",Urban Parcel,Institutional,874.71,1410.83,ACTIVE,ZONE-1,SYNTHETIC DEMO DATA — NOT OFFICIAL GOVERNMENT RECORDS
MUN-1462,P1462,MUNPROP-1462,Amit Verma 4,6,"Sector 12, Madhav Nagar, Vidisha",Urban Parcel,Mixed Use,903.49,1457.24,ACTIVE,ZONE-2,SYNTHETIC DEMO DATA — NOT OFFICIAL GOVERNMENT RECORDS
MUN-1463,P1463,MUNPROP-1463,Neha Kumar Patel 4,7,"Sector 13, Raisen Link, Vidisha",Urban Parcel,Vacant Land,932.84,1504.58,ACTIVE,ZONE-3,SYNTHETIC DEMO DATA — NOT OFFICIAL GOVERNMENT RECORDS
MUN-1464,P1464,MUNPROP-1464,Priya Singh 4,8,"Sector 14, Vidisha Urban, Vidisha",Urban Parcel,Public/Semi-Public,62.71,101.15,ACTIVE,ZONE-4,SYNTHETIC DEMO DATA — NOT OFFICIAL GOVERNMENT RECORDS
MUN-1465,P1465,MUNPROP-1465,Suresh Yadav 4,9,"Sector 15, Sanchi Road, Vidisha",Urban Parcel,Residential,92.27,148.83,ACTIVE,ZONE-5,SYNTHETIC DEMO DATA — NOT OFFICIAL GOVERNMENT RECORDS
MUN-1466,P1466,MUNPROP-1466,Anjali Jain 4,10,"Sector 16, Betwa Nagar, Vidisha",Urban Parcel,Commercial,121.23,195.53,ACTIVE,ZONE-1,SYNTHETIC DEMO DATA — NOT OFFICIAL GOVERNMENT RECORDS
MUN-1467,P1467,MUNPROP-1467,Vikram Mehta 4,11,"Sector 17, Ganj Basoda Road, Vidisha",Urban Parcel,Industrial,150.14,242.16,ACTIVE,ZONE-2,SYNTHETIC DEMO DATA — NOT OFFICIAL GOVERNMENT RECORDS
MUN-1468,P1468,MUNPROP-1468,Kavita Joshi 4,12,"Sector 18, Civil Lines Extension, Vidisha",Urban Parcel,Agricultural,179.53,289.56,ACTIVE,ZONE-3,SYNTHETIC DEMO DATA — NOT OFFICIAL GOVERNMENT RECORDS
MUN-1469,P1469,MUNPROP-1469,Manoj Gupta 4,1,"Sector 19, Kachhi Khedi, Vidisha",Urban Parcel,Institutional,208.7,336.62,ACTIVE,ZONE-4,SYNTHETIC DEMO DATA — NOT OFFICIAL GOVERNMENT RECORDS
MUN-1470,P1470,MUNPROP-1470,Ritu Mishra 4,2,"Sector 20, Madhav Nagar, Vidisha",Urban Parcel,Mixed Use,237.97,383.83,ACTIVE,ZONE-5,SYNTHETIC DEMO DATA — NOT OFFICIAL GOVERNMENT RECORDS
MUN-1471,P1471,MUNPROP-1471,Arjun Malviya 4,3,"Sector 21, Raisen Link, Vidisha",Urban Parcel,Vacant Land,266.82,430.36,ACTIVE,ZONE-1,SYNTHETIC DEMO DATA — NOT OFFICIAL GOVERNMENT RECORDS
MUN-1472,P1472,MUNPROP-1472,Pooja Thakur 4,4,"Sector 22, Vidisha Urban, Vidisha",Urban Parcel,Public/Semi-Public,296.04,477.48,ACTIVE,ZONE-2,SYNTHETIC DEMO DATA — NOT OFFICIAL GOVERNMENT RECORDS
MUN-1473,P1473,MUNPROP-1473,Nitin Saxena 4,5,"Sector 23, Sanchi Road, Vidisha",Urban Parcel,Residential,324.97,524.14,ACTIVE,ZONE-3,SYNTHETIC DEMO DATA — NOT OFFICIAL GOVERNMENT RECORDS
MUN-1474,P1474,MUNPROP-1474,Meera Kumar Chouhan 4,6,"Sector 24, Betwa Nagar, Vidisha",Urban Parcel,Commercial,354.44,571.68,ACTIVE,ZONE-4,SYNTHETIC DEMO DATA — NOT OFFICIAL GOVERNMENT RECORDS
MUN-1475,P1475,MUNPROP-1475,Deepak Tiwari 4,7,"Sector 25, Ganj Basoda Road, Vidisha",Urban Parcel,Industrial,383.26,618.16,ACTIVE,ZONE-5,SYNTHETIC DEMO DATA — NOT OFFICIAL GOVERNMENT RECORDS
MUN-1476,P1476,MUNPROP-1476,Sunita Rathore 4,8,"Sector 1, Civil Lines Extension, Vidisha",Urban Parcel,Agricultural,412.3,665.0,ACTIVE,ZONE-1,SYNTHETIC DEMO DATA — NOT OFFICIAL GOVERNMENT RECORDS
MUN-1477,P1477,MUNPROP-1477,Karan Dubey 4,9,"Sector 2, Kachhi Khedi, Vidisha",Urban Parcel,Commercial,441.7,712.42,ACTIVE,ZONE-2,SYNTHETIC DEMO DATA — NOT OFFICIAL GOVERNMENT RECORDS
MUN-1478,P1478,MUNPROP-1478,Isha Kulkarni 4,10,"Sector 3, Madhav Nagar, Vidisha",Urban Parcel,Mixed Use,471.01,759.7,ACTIVE,ZONE-3,SYNTHETIC DEMO DATA — NOT OFFICIAL GOVERNMENT RECORDS
MUN-1479,P1479,MUNPROP-1479,Mohan Solanki 4,11,"Sector 4, Raisen Link, Vidisha",Urban Parcel,Vacant Land,500.25,806.85,ACTIVE,ZONE-4,SYNTHETIC DEMO DATA — NOT OFFICIAL GOVERNMENT RECORDS
MUN-1480,P1480,MUNPROP-1480,Rekha Bansal 4,12,"Sector 5, Vidisha Urban, Vidisha",Urban Parcel,Public/Semi-Public,529.33,853.76,ACTIVE,ZONE-5,SYNTHETIC DEMO DATA — NOT OFFICIAL GOVERNMENT RECORDS
MUN-1481,P1481,MUNPROP-1481,Rahul Sharma 5,1,"Sector 6, Sanchi Road, Vidisha",Urban Parcel,Residential,558.18,900.29,ACTIVE,ZONE-1,SYNTHETIC DEMO DATA — NOT OFFICIAL GOVERNMENT RECORDS
MUN-1482,P1482,MUNPROP-1482,Amit Verma 5,2,"Sector 7, Betwa Nagar, Vidisha",Urban Parcel,Commercial,587.31,947.27,ACTIVE,ZONE-2,SYNTHETIC DEMO DATA — NOT OFFICIAL GOVERNMENT RECORDS
MUN-1483,P1483,MUNPROP-1483,Neha Patel 5,3,"Sector 8, Ganj Basoda Road, Vidisha",Urban Parcel,Industrial,616.58,994.48,ACTIVE,ZONE-3,SYNTHETIC DEMO DATA — NOT OFFICIAL GOVERNMENT RECORDS
MUN-1484,P1484,MUNPROP-1484,Priya Singh 5,4,"Sector 9, Civil Lines Extension, Vidisha",Urban Parcel,Agricultural,645.82,1041.65,ACTIVE,ZONE-4,SYNTHETIC DEMO DATA — NOT OFFICIAL GOVERNMENT RECORDS
MUN-1485,P1485,MUNPROP-1485,Suresh Kumar Yadav 5,5,"Sector 10, Kachhi Khedi, Vidisha",Urban Parcel,Institutional,674.66,1088.16,ACTIVE,ZONE-5,SYNTHETIC DEMO DATA — NOT OFFICIAL GOVERNMENT RECORDS
MUN-1486,P1486,MUNPROP-1486,Anjali Jain 5,6,"Sector 11, Madhav Nagar, Vidisha",Urban Parcel,Mixed Use,704.19,1135.79,ACTIVE,ZONE-1,SYNTHETIC DEMO DATA — NOT OFFICIAL GOVERNMENT RECORDS
MUN-1487,P1487,MUNPROP-1487,Vikram Mehta 5,7,"Sector 12, Raisen Link, Vidisha",Urban Parcel,Vacant Land,733.05,1182.34,ACTIVE,ZONE-2,SYNTHETIC DEMO DATA — NOT OFFICIAL GOVERNMENT RECORDS
MUN-1488,P1488,MUNPROP-1488,Kavita Joshi 5,8,"Sector 13, Vidisha Urban, Vidisha",Urban Parcel,Public/Semi-Public,762.19,1229.34,ACTIVE,ZONE-3,SYNTHETIC DEMO DATA — NOT OFFICIAL GOVERNMENT RECORDS
MUN-1489,P1489,MUNPROP-1489,Manoj Gupta 5,9,"Sector 14, Sanchi Road, Vidisha",Urban Parcel,Residential,791.25,1276.21,ACTIVE,ZONE-4,SYNTHETIC DEMO DATA — NOT OFFICIAL GOVERNMENT RECORDS
MUN-1490,P1490,MUNPROP-1490,Ritu Mishra 5,10,"Sector 15, Betwa Nagar, Vidisha",Urban Parcel,Commercial,820.35,1323.15,ACTIVE,ZONE-5,SYNTHETIC DEMO DATA — NOT OFFICIAL GOVERNMENT RECORDS
MUN-1491,P1491,MUNPROP-1491,Arjun Malviya 5,11,"Sector 16, Ganj Basoda Road, Vidisha",Urban Parcel,Industrial,849.42,1370.04,ACTIVE,ZONE-1,SYNTHETIC DEMO DATA — NOT OFFICIAL GOVERNMENT RECORDS
MUN-1492,P1492,MUNPROP-1492,Pooja Thakur 5,12,"Sector 17, Civil Lines Extension, Vidisha",Urban Parcel,Agricultural,879.02,1417.77,ACTIVE,ZONE-2,SYNTHETIC DEMO DATA — NOT OFFICIAL GOVERNMENT RECORDS
MUN-1493,P1493,MUNPROP-1493,Nitin Saxena 5,1,"Sector 18, Kachhi Khedi, Vidisha",Urban Parcel,Institutional,908.23,1464.88,ACTIVE,ZONE-3,SYNTHETIC DEMO DATA — NOT OFFICIAL GOVERNMENT RECORDS
MUN-1494,P1494,MUNPROP-1494,Meera Chouhan 5,2,"Sector 19, Madhav Nagar, Vidisha",Urban Parcel,Commercial,937.02,1511.32,ACTIVE,ZONE-4,SYNTHETIC DEMO DATA — NOT OFFICIAL GOVERNMENT RECORDS
MUN-1495,P1495,MUNPROP-1495,Deepak Tiwari 5,3,"Sector 20, Raisen Link, Vidisha",Urban Parcel,Vacant Land,67.38,108.67,ACTIVE,ZONE-5,SYNTHETIC DEMO DATA — NOT OFFICIAL GOVERNMENT RECORDS
MUN-1496,P1496,MUNPROP-1496,Sunita Kumar Rathore 5,4,"Sector 21, Vidisha Urban, Vidisha",Urban Parcel,Public/Semi-Public,96.19,155.15,ACTIVE,ZONE-1,SYNTHETIC DEMO DATA — NOT OFFICIAL GOVERNMENT RECORDS
MUN-1497,P1497,MUNPROP-1497,Karan Dubey 5,5,"Sector 22, Sanchi Road, Vidisha",Urban Parcel,Residential,125.85,202.99,ACTIVE,ZONE-2,SYNTHETIC DEMO DATA — NOT OFFICIAL GOVERNMENT RECORDS
MUN-1498,P1498,MUNPROP-1498,Isha Kulkarni 5,6,"Sector 23, Betwa Nagar, Vidisha",Urban Parcel,Commercial,154.95,249.92,ACTIVE,ZONE-3,SYNTHETIC DEMO DATA — NOT OFFICIAL GOVERNMENT RECORDS
MUN-1499,P1499,MUNPROP-1499,Mohan Solanki 5,7,"Sector 24, Ganj Basoda Road, Vidisha",Urban Parcel,Industrial,184.14,297.0,ACTIVE,ZONE-4,SYNTHETIC DEMO DATA — NOT OFFICIAL GOVERNMENT RECORDS
MUN-1500,P1500,MUNPROP-1500,Rekha Bansal 5,8,"Sector 25, Civil Lines Extension, Vidisha",Urban Parcel,Agricultural,212.79,343.21,ACTIVE,ZONE-5,SYNTHETIC DEMO DATA — NOT OFFICIAL GOVERNMENT RECORDS
MUN-1501,P1501,MUNPROP-1501,Rahul Sharma 6,9,"Sector 1, Kachhi Khedi, Vidisha",Urban Parcel,Institutional,242.15,390.56,ACTIVE,ZONE-1,SYNTHETIC DEMO DATA — NOT OFFICIAL GOVERNMENT RECORDS
MUN-1502,P1502,MUNPROP-1502,Amit Verma 6,10,"Sector 2, Madhav Nagar, Vidisha",Urban Parcel,Mixed Use,271.4,437.74,ACTIVE,ZONE-2,SYNTHETIC DEMO DATA — NOT OFFICIAL GOVERNMENT RECORDS
MUN-1503,P1503,MUNPROP-1503,Neha Patel 6,11,"Sector 3, Raisen Link, Vidisha",Urban Parcel,Vacant Land,300.39,484.5,ACTIVE,ZONE-3,SYNTHETIC DEMO DATA — NOT OFFICIAL GOVERNMENT RECORDS
MUN-1504,P1504,MUNPROP-1504,Priya Singh 6,12,"Sector 4, Vidisha Urban, Vidisha",Urban Parcel,Public/Semi-Public,329.73,531.82,ACTIVE,ZONE-4,SYNTHETIC DEMO DATA — NOT OFFICIAL GOVERNMENT RECORDS
MUN-1505,P1505,MUNPROP-1505,Suresh Yadav 6,1,"Sector 5, Sanchi Road, Vidisha",Urban Parcel,Residential,358.73,578.59,ACTIVE,ZONE-5,SYNTHETIC DEMO DATA — NOT OFFICIAL GOVERNMENT RECORDS
MUN-1506,P1506,MUNPROP-1506,Anjali Jain 6,2,"Sector 6, Betwa Nagar, Vidisha",Urban Parcel,Commercial,387.75,625.41,ACTIVE,ZONE-1,SYNTHETIC DEMO DATA — NOT OFFICIAL GOVERNMENT RECORDS
MUN-1507,P1507,MUNPROP-1507,Vikram Kumar Mehta 6,3,"Sector 7, Ganj Basoda Road, Vidisha",Urban Parcel,Industrial,416.95,672.5,ACTIVE,ZONE-2,SYNTHETIC DEMO DATA — NOT OFFICIAL GOVERNMENT RECORDS
MUN-1508,P1508,MUNPROP-1508,Kavita Joshi 6,4,"Sector 8, Civil Lines Extension, Vidisha",Urban Parcel,Agricultural,446.23,719.73,ACTIVE,ZONE-3,SYNTHETIC DEMO DATA — NOT OFFICIAL GOVERNMENT RECORDS
MUN-1509,P1509,MUNPROP-1509,Manoj Gupta 6,5,"Sector 9, Kachhi Khedi, Vidisha",Urban Parcel,Institutional,475.25,766.53,ACTIVE,ZONE-4,SYNTHETIC DEMO DATA — NOT OFFICIAL GOVERNMENT RECORDS
MUN-1510,P1510,MUNPROP-1510,Ritu Mishra 6,6,"Sector 10, Madhav Nagar, Vidisha",Urban Parcel,Mixed Use,504.2,813.22,ACTIVE,ZONE-5,SYNTHETIC DEMO DATA — NOT OFFICIAL GOVERNMENT RECORDS
MUN-1511,P1511,MUNPROP-1511,Arjun Malviya 6,7,"Sector 11, Raisen Link, Vidisha",Urban Parcel,Commercial,533.43,860.37,ACTIVE,ZONE-1,SYNTHETIC DEMO DATA — NOT OFFICIAL GOVERNMENT RECORDS
MUN-1512,P1512,MUNPROP-1512,Pooja Thakur 6,8,"Sector 12, Vidisha Urban, Vidisha",Urban Parcel,Public/Semi-Public,562.89,907.89,ACTIVE,ZONE-2,SYNTHETIC DEMO DATA — NOT OFFICIAL GOVERNMENT RECORDS
MUN-1513,P1513,MUNPROP-1513,Nitin Saxena 6,9,"Sector 13, Sanchi Road, Vidisha",Urban Parcel,Residential,591.7,954.36,ACTIVE,ZONE-3,SYNTHETIC DEMO DATA — NOT OFFICIAL GOVERNMENT RECORDS
MUN-1514,P1514,MUNPROP-1514,Meera Chouhan 6,10,"Sector 14, Betwa Nagar, Vidisha",Urban Parcel,Commercial,620.7,1001.13,ACTIVE,ZONE-4,SYNTHETIC DEMO DATA — NOT OFFICIAL GOVERNMENT RECORDS
MUN-1515,P1515,MUNPROP-1515,Deepak Tiwari 6,11,"Sector 15, Ganj Basoda Road, Vidisha",Urban Parcel,Industrial,650.19,1048.7,ACTIVE,ZONE-5,SYNTHETIC DEMO DATA — NOT OFFICIAL GOVERNMENT RECORDS
MUN-1516,P1516,MUNPROP-1516,Sunita Rathore 6,12,"Sector 16, Civil Lines Extension, Vidisha",Urban Parcel,Agricultural,679.35,1095.73,ACTIVE,ZONE-1,SYNTHETIC DEMO DATA — NOT OFFICIAL GOVERNMENT RECORDS
MUN-1517,P1517,MUNPROP-1517,Karan Dubey 6,1,"Sector 17, Kachhi Khedi, Vidisha",Urban Parcel,Institutional,708.23,1142.3,ACTIVE,ZONE-2,SYNTHETIC DEMO DATA — NOT OFFICIAL GOVERNMENT RECORDS
MUN-1518,P1518,MUNPROP-1518,Isha Kumar Kulkarni 6,2,"Sector 18, Madhav Nagar, Vidisha",Urban Parcel,Mixed Use,737.22,1189.07,ACTIVE,ZONE-3,SYNTHETIC DEMO DATA — NOT OFFICIAL GOVERNMENT RECORDS
MUN-1519,P1519,MUNPROP-1519,Mohan Solanki 6,3,"Sector 19, Raisen Link, Vidisha",Urban Parcel,Vacant Land,766.85,1236.86,ACTIVE,ZONE-4,SYNTHETIC DEMO DATA — NOT OFFICIAL GOVERNMENT RECORDS
MUN-1520,P1520,MUNPROP-1520,Rekha Bansal 6,4,"Sector 20, Vidisha Urban, Vidisha",Urban Parcel,Public/Semi-Public,795.97,1283.83,ACTIVE,ZONE-5,SYNTHETIC DEMO DATA — NOT OFFICIAL GOVERNMENT RECORDS
MUN-1521,P1521,MUNPROP-1521,Rahul Sharma 7,5,"Sector 21, Sanchi Road, Vidisha",Urban Parcel,Residential,825.16,1330.9,ACTIVE,ZONE-1,SYNTHETIC DEMO DATA — NOT OFFICIAL GOVERNMENT RECORDS
MUN-1522,P1522,MUNPROP-1522,Amit Verma 7,6,"Sector 22, Betwa Nagar, Vidisha",Urban Parcel,Commercial,853.83,1377.14,ACTIVE,ZONE-2,SYNTHETIC DEMO DATA — NOT OFFICIAL GOVERNMENT RECORDS
MUN-1523,P1523,MUNPROP-1523,Neha Patel 7,7,"Sector 23, Ganj Basoda Road, Vidisha",Urban Parcel,Industrial,883.45,1424.92,ACTIVE,ZONE-3,SYNTHETIC DEMO DATA — NOT OFFICIAL GOVERNMENT RECORDS
MUN-1524,P1524,MUNPROP-1524,Priya Singh 7,8,"Sector 24, Civil Lines Extension, Vidisha",Urban Parcel,Agricultural,912.24,1471.35,ACTIVE,ZONE-4,SYNTHETIC DEMO DATA — NOT OFFICIAL GOVERNMENT RECORDS
MUN-1525,P1525,MUNPROP-1525,Suresh Yadav 7,9,"Sector 25, Kachhi Khedi, Vidisha",Urban Parcel,Institutional,941.23,1518.11,ACTIVE,ZONE-5,SYNTHETIC DEMO DATA — NOT OFFICIAL GOVERNMENT RECORDS
MUN-1526,P1526,MUNPROP-1526,Anjali Jain 7,10,"Sector 1, Madhav Nagar, Vidisha",Urban Parcel,Mixed Use,71.73,115.7,ACTIVE,ZONE-1,SYNTHETIC DEMO DATA — NOT OFFICIAL GOVERNMENT RECORDS
MUN-1527,P1527,MUNPROP-1527,Vikram Mehta 7,11,"Sector 2, Raisen Link, Vidisha",Urban Parcel,Vacant Land,100.77,162.54,ACTIVE,ZONE-2,SYNTHETIC DEMO DATA — NOT OFFICIAL GOVERNMENT RECORDS
MUN-1528,P1528,MUNPROP-1528,Kavita Joshi 7,12,"Sector 3, Vidisha Urban, Vidisha",Urban Parcel,Commercial,129.63,209.08,ACTIVE,ZONE-3,SYNTHETIC DEMO DATA — NOT OFFICIAL GOVERNMENT RECORDS
MUN-1529,P1529,MUNPROP-1529,Manoj Kumar Gupta 7,1,"Sector 4, Sanchi Road, Vidisha",Urban Parcel,Residential,159.02,256.49,ACTIVE,ZONE-4,SYNTHETIC DEMO DATA — NOT OFFICIAL GOVERNMENT RECORDS
MUN-1530,P1530,MUNPROP-1530,Ritu Mishra 7,2,"Sector 5, Betwa Nagar, Vidisha",Urban Parcel,Commercial,188.08,303.35,ACTIVE,ZONE-5,SYNTHETIC DEMO DATA — NOT OFFICIAL GOVERNMENT RECORDS
MUN-1531,P1531,MUNPROP-1531,Arjun Malviya 7,3,"Sector 6, Ganj Basoda Road, Vidisha",Urban Parcel,Industrial,217.33,350.53,ACTIVE,ZONE-1,SYNTHETIC DEMO DATA — NOT OFFICIAL GOVERNMENT RECORDS
MUN-1532,P1532,MUNPROP-1532,Pooja Thakur 7,4,"Sector 7, Civil Lines Extension, Vidisha",Urban Parcel,Agricultural,246.25,397.17,ACTIVE,ZONE-2,SYNTHETIC DEMO DATA — NOT OFFICIAL GOVERNMENT RECORDS
MUN-1533,P1533,MUNPROP-1533,Nitin Saxena 7,5,"Sector 8, Kachhi Khedi, Vidisha",Urban Parcel,Institutional,275.37,444.14,ACTIVE,ZONE-3,SYNTHETIC DEMO DATA — NOT OFFICIAL GOVERNMENT RECORDS
MUN-1534,P1534,MUNPROP-1534,Meera Chouhan 7,6,"Sector 9, Madhav Nagar, Vidisha",Urban Parcel,Mixed Use,304.69,491.43,ACTIVE,ZONE-4,SYNTHETIC DEMO DATA — NOT OFFICIAL GOVERNMENT RECORDS
MUN-1535,P1535,MUNPROP-1535,Deepak Tiwari 7,7,"Sector 10, Raisen Link, Vidisha",Urban Parcel,Vacant Land,333.6,538.07,ACTIVE,ZONE-5,SYNTHETIC DEMO DATA — NOT OFFICIAL GOVERNMENT RECORDS
MUN-1536,P1536,MUNPROP-1536,Sunita Rathore 7,8,"Sector 11, Vidisha Urban, Vidisha",Urban Parcel,Public/Semi-Public,362.74,585.06,ACTIVE,ZONE-1,SYNTHETIC DEMO DATA — NOT OFFICIAL GOVERNMENT RECORDS
MUN-1537,P1537,MUNPROP-1537,Karan Dubey 7,9,"Sector 12, Sanchi Road, Vidisha",Urban Parcel,Residential,392.11,632.43,ACTIVE,ZONE-2,SYNTHETIC DEMO DATA — NOT OFFICIAL GOVERNMENT RECORDS
MUN-1538,P1538,MUNPROP-1538,Isha Kulkarni 7,10,"Sector 13, Betwa Nagar, Vidisha",Urban Parcel,Commercial,421.38,679.64,ACTIVE,ZONE-3,SYNTHETIC DEMO DATA — NOT OFFICIAL GOVERNMENT RECORDS
MUN-1539,P1539,MUNPROP-1539,Mohan Solanki 7,11,"Sector 14, Ganj Basoda Road, Vidisha",Urban Parcel,Industrial,450.44,726.51,ACTIVE,ZONE-4,SYNTHETIC DEMO DATA — NOT OFFICIAL GOVERNMENT RECORDS
MUN-1540,P1540,MUNPROP-1540,Rekha Kumar Bansal 7,12,"Sector 15, Civil Lines Extension, Vidisha",Urban Parcel,Agricultural,479.7,773.71,ACTIVE,ZONE-5,SYNTHETIC DEMO DATA — NOT OFFICIAL GOVERNMENT RECORDS
MUN-1541,P1541,MUNPROP-1541,Rahul Sharma 8,1,"Sector 16, Kachhi Khedi, Vidisha",Urban Parcel,Institutional,508.57,820.28,ACTIVE,ZONE-1,SYNTHETIC DEMO DATA — NOT OFFICIAL GOVERNMENT RECORDS
MUN-1542,P1542,MUNPROP-1542,Amit Verma 8,2,"Sector 17, Madhav Nagar, Vidisha",Urban Parcel,Mixed Use,537.95,867.66,ACTIVE,ZONE-2,SYNTHETIC DEMO DATA — NOT OFFICIAL GOVERNMENT RECORDS
MUN-1543,P1543,MUNPROP-1543,Neha Patel 8,3,"Sector 18, Raisen Link, Vidisha",Urban Parcel,Vacant Land,566.96,914.45,ACTIVE,ZONE-3,SYNTHETIC DEMO DATA — NOT OFFICIAL GOVERNMENT RECORDS
MUN-1544,P1544,MUNPROP-1544,Priya Singh 8,4,"Sector 19, Vidisha Urban, Vidisha",Urban Parcel,Public/Semi-Public,596.12,961.49,ACTIVE,ZONE-4,SYNTHETIC DEMO DATA — NOT OFFICIAL GOVERNMENT RECORDS
MUN-1545,P1545,MUNPROP-1545,Suresh Yadav 8,5,"Sector 20, Sanchi Road, Vidisha",Urban Parcel,Commercial,625.31,1008.57,ACTIVE,ZONE-5,SYNTHETIC DEMO DATA — NOT OFFICIAL GOVERNMENT RECORDS
MUN-1546,P1546,MUNPROP-1546,Anjali Jain 8,6,"Sector 21, Betwa Nagar, Vidisha",Urban Parcel,Commercial,654.48,1055.61,ACTIVE,ZONE-1,SYNTHETIC DEMO DATA — NOT OFFICIAL GOVERNMENT RECORDS
MUN-1547,P1547,MUNPROP-1547,Vikram Mehta 8,7,"Sector 22, Ganj Basoda Road, Vidisha",Urban Parcel,Industrial,683.65,1102.66,ACTIVE,ZONE-2,SYNTHETIC DEMO DATA — NOT OFFICIAL GOVERNMENT RECORDS
MUN-1548,P1548,MUNPROP-1548,Kavita Joshi 8,8,"Sector 23, Civil Lines Extension, Vidisha",Urban Parcel,Agricultural,712.64,1149.42,ACTIVE,ZONE-3,SYNTHETIC DEMO DATA — NOT OFFICIAL GOVERNMENT RECORDS
MUN-1549,P1549,MUNPROP-1549,Manoj Gupta 8,9,"Sector 24, Kachhi Khedi, Vidisha",Urban Parcel,Institutional,741.64,1196.2,ACTIVE,ZONE-4,SYNTHETIC DEMO DATA — NOT OFFICIAL GOVERNMENT RECORDS
MUN-1550,P1550,MUNPROP-1550,Ritu Mishra 8,10,"Sector 25, Madhav Nagar, Vidisha",Urban Parcel,Mixed Use,770.85,1243.31,ACTIVE,ZONE-5,SYNTHETIC DEMO DATA — NOT OFFICIAL GOVERNMENT RECORDS
MUN-1551,P1551,MUNPROP-1551,Arjun Kumar Malviya 8,11,"Sector 1, Raisen Link, Vidisha",Urban Parcel,Vacant Land,800.17,1290.6,ACTIVE,ZONE-1,SYNTHETIC DEMO DATA — NOT OFFICIAL GOVERNMENT RECORDS
MUN-1552,P1552,MUNPROP-1552,Pooja Thakur 8,12,"Sector 2, Vidisha Urban, Vidisha",Urban Parcel,Public/Semi-Public,829.31,1337.6,ACTIVE,ZONE-2,SYNTHETIC DEMO DATA — NOT OFFICIAL GOVERNMENT RECORDS
MUN-1553,P1553,MUNPROP-1553,Nitin Saxena 8,1,"Sector 3, Sanchi Road, Vidisha",Urban Parcel,Residential,858.48,1384.65,ACTIVE,ZONE-3,SYNTHETIC DEMO DATA — NOT OFFICIAL GOVERNMENT RECORDS
MUN-1554,P1554,MUNPROP-1554,Meera Chouhan 8,2,"Sector 4, Betwa Nagar, Vidisha",Urban Parcel,Commercial,887.8,1431.93,ACTIVE,ZONE-4,SYNTHETIC DEMO DATA — NOT OFFICIAL GOVERNMENT RECORDS
MUN-1555,P1555,MUNPROP-1555,Deepak Tiwari 8,3,"Sector 5, Ganj Basoda Road, Vidisha",Urban Parcel,Industrial,916.97,1478.99,ACTIVE,ZONE-5,SYNTHETIC DEMO DATA — NOT OFFICIAL GOVERNMENT RECORDS
MUN-1556,P1556,MUNPROP-1556,Sunita Rathore 8,4,"Sector 6, Civil Lines Extension, Vidisha",Urban Parcel,Agricultural,945.82,1525.51,ACTIVE,ZONE-1,SYNTHETIC DEMO DATA — NOT OFFICIAL GOVERNMENT RECORDS
MUN-1557,P1557,MUNPROP-1557,Karan Dubey 8,5,"Sector 7, Kachhi Khedi, Vidisha",Urban Parcel,Institutional,75.99,122.57,ACTIVE,ZONE-2,SYNTHETIC DEMO DATA — NOT OFFICIAL GOVERNMENT RECORDS
MUN-1558,P1558,MUNPROP-1558,Isha Kulkarni 8,6,"Sector 8, Madhav Nagar, Vidisha",Urban Parcel,Mixed Use,105.26,169.77,ACTIVE,ZONE-3,SYNTHETIC DEMO DATA — NOT OFFICIAL GOVERNMENT RECORDS
MUN-1559,P1559,MUNPROP-1559,Mohan Solanki 8,7,"Sector 9, Raisen Link, Vidisha",Urban Parcel,Vacant Land,134.35,216.69,ACTIVE,ZONE-4,SYNTHETIC DEMO DATA — NOT OFFICIAL GOVERNMENT RECORDS
MUN-1560,P1560,MUNPROP-1560,Rekha Bansal 8,8,"Sector 10, Vidisha Urban, Vidisha",Urban Parcel,Public/Semi-Public,163.09,263.05,ACTIVE,ZONE-5,SYNTHETIC DEMO DATA — NOT OFFICIAL GOVERNMENT RECORDS
MUN-1561,P1561,MUNPROP-1561,Rahul Sharma 9,9,"Sector 11, Sanchi Road, Vidisha",Urban Parcel,Residential,192.29,310.14,ACTIVE,ZONE-1,SYNTHETIC DEMO DATA — NOT OFFICIAL GOVERNMENT RECORDS
MUN-1562,P1562,MUNPROP-1562,Amit Kumar Verma 9,10,"Sector 12, Betwa Nagar, Vidisha",Urban Parcel,Commercial,221.58,357.39,ACTIVE,ZONE-2,SYNTHETIC DEMO DATA — NOT OFFICIAL GOVERNMENT RECORDS
MUN-1563,P1563,MUNPROP-1563,Neha Patel 9,11,"Sector 13, Ganj Basoda Road, Vidisha",Urban Parcel,Industrial,250.7,404.35,ACTIVE,ZONE-3,SYNTHETIC DEMO DATA — NOT OFFICIAL GOVERNMENT RECORDS
MUN-1564,P1564,MUNPROP-1564,Priya Singh 9,12,"Sector 14, Civil Lines Extension, Vidisha",Urban Parcel,Agricultural,279.92,451.48,ACTIVE,ZONE-4,SYNTHETIC DEMO DATA — NOT OFFICIAL GOVERNMENT RECORDS
MUN-1565,P1565,MUNPROP-1565,Suresh Yadav 9,1,"Sector 15, Kachhi Khedi, Vidisha",Urban Parcel,Institutional,309.23,498.76,ACTIVE,ZONE-5,SYNTHETIC DEMO DATA — NOT OFFICIAL GOVERNMENT RECORDS
MUN-1566,P1566,MUNPROP-1566,Anjali Jain 9,2,"Sector 16, Madhav Nagar, Vidisha",Urban Parcel,Mixed Use,337.92,545.04,ACTIVE,ZONE-1,SYNTHETIC DEMO DATA — NOT OFFICIAL GOVERNMENT RECORDS
MUN-1567,P1567,MUNPROP-1567,Vikram Mehta 9,3,"Sector 17, Raisen Link, Vidisha",Urban Parcel,Vacant Land,367.23,592.3,ACTIVE,ZONE-2,SYNTHETIC DEMO DATA — NOT OFFICIAL GOVERNMENT RECORDS
MUN-1568,P1568,MUNPROP-1568,Kavita Joshi 9,4,"Sector 18, Vidisha Urban, Vidisha",Urban Parcel,Public/Semi-Public,396.77,639.95,ACTIVE,ZONE-3,SYNTHETIC DEMO DATA — NOT OFFICIAL GOVERNMENT RECORDS
MUN-1569,P1569,MUNPROP-1569,Manoj Gupta 9,5,"Sector 19, Sanchi Road, Vidisha",Urban Parcel,Residential,425.8,686.77,ACTIVE,ZONE-4,SYNTHETIC DEMO DATA — NOT OFFICIAL GOVERNMENT RECORDS
MUN-1570,P1570,MUNPROP-1570,Ritu Mishra 9,6,"Sector 20, Betwa Nagar, Vidisha",Urban Parcel,Commercial,454.88,733.68,ACTIVE,ZONE-5,SYNTHETIC DEMO DATA — NOT OFFICIAL GOVERNMENT RECORDS
MUN-1571,P1571,MUNPROP-1571,Arjun Malviya 9,7,"Sector 21, Ganj Basoda Road, Vidisha",Urban Parcel,Industrial,484.04,780.71,ACTIVE,ZONE-1,SYNTHETIC DEMO DATA — NOT OFFICIAL GOVERNMENT RECORDS
MUN-1572,P1572,MUNPROP-1572,Pooja Thakur 9,8,"Sector 22, Civil Lines Extension, Vidisha",Urban Parcel,Agricultural,512.89,827.24,ACTIVE,ZONE-2,SYNTHETIC DEMO DATA — NOT OFFICIAL GOVERNMENT RECORDS
MUN-1573,P1573,MUNPROP-1573,Nitin Kumar Saxena 9,9,"Sector 23, Kachhi Khedi, Vidisha",Urban Parcel,Institutional,542.18,874.48,ACTIVE,ZONE-3,SYNTHETIC DEMO DATA — NOT OFFICIAL GOVERNMENT RECORDS
MUN-1574,P1574,MUNPROP-1574,Meera Chouhan 9,10,"Sector 24, Madhav Nagar, Vidisha",Urban Parcel,Mixed Use,571.15,921.21,ACTIVE,ZONE-4,SYNTHETIC DEMO DATA — NOT OFFICIAL GOVERNMENT RECORDS
MUN-1575,P1575,MUNPROP-1575,Deepak Tiwari 9,11,"Sector 25, Raisen Link, Vidisha",Urban Parcel,Vacant Land,600.41,968.41,ACTIVE,ZONE-5,SYNTHETIC DEMO DATA — NOT OFFICIAL GOVERNMENT RECORDS
MUN-1576,P1576,MUNPROP-1576,Sunita Rathore 9,12,"Sector 1, Vidisha Urban, Vidisha",Urban Parcel,Public/Semi-Public,629.68,1015.61,ACTIVE,ZONE-1,SYNTHETIC DEMO DATA — NOT OFFICIAL GOVERNMENT RECORDS
MUN-1577,P1577,MUNPROP-1577,Karan Dubey 9,1,"Sector 2, Sanchi Road, Vidisha",Urban Parcel,Residential,658.96,1062.84,ACTIVE,ZONE-2,SYNTHETIC DEMO DATA — NOT OFFICIAL GOVERNMENT RECORDS
MUN-1578,P1578,MUNPROP-1578,Isha Kulkarni 9,2,"Sector 3, Betwa Nagar, Vidisha",Urban Parcel,Commercial,687.63,1109.08,ACTIVE,ZONE-3,SYNTHETIC DEMO DATA — NOT OFFICIAL GOVERNMENT RECORDS
MUN-1579,P1579,MUNPROP-1579,Mohan Solanki 9,3,"Sector 4, Ganj Basoda Road, Vidisha",Urban Parcel,Commercial,716.99,1156.44,ACTIVE,ZONE-4,SYNTHETIC DEMO DATA — NOT OFFICIAL GOVERNMENT RECORDS
MUN-1580,P1580,MUNPROP-1580,Rekha Bansal 9,4,"Sector 5, Civil Lines Extension, Vidisha",Urban Parcel,Agricultural,746.26,1203.64,ACTIVE,ZONE-5,SYNTHETIC DEMO DATA — NOT OFFICIAL GOVERNMENT RECORDS
MUN-1581,P1581,MUNPROP-1581,Rahul Sharma 10,5,"Sector 6, Kachhi Khedi, Vidisha",Urban Parcel,Institutional,775.22,1250.36,ACTIVE,ZONE-1,SYNTHETIC DEMO DATA — NOT OFFICIAL GOVERNMENT RECORDS
MUN-1582,P1582,MUNPROP-1582,Amit Verma 10,6,"Sector 7, Madhav Nagar, Vidisha",Urban Parcel,Mixed Use,804.56,1297.68,ACTIVE,ZONE-2,SYNTHETIC DEMO DATA — NOT OFFICIAL GOVERNMENT RECORDS
MUN-1583,P1583,MUNPROP-1583,Neha Patel 10,7,"Sector 8, Raisen Link, Vidisha",Urban Parcel,Vacant Land,833.88,1344.96,ACTIVE,ZONE-3,SYNTHETIC DEMO DATA — NOT OFFICIAL GOVERNMENT RECORDS
MUN-1584,P1584,MUNPROP-1584,Priya Kumar Singh 10,8,"Sector 9, Vidisha Urban, Vidisha",Urban Parcel,Public/Semi-Public,862.71,1391.47,ACTIVE,ZONE-4,SYNTHETIC DEMO DATA — NOT OFFICIAL GOVERNMENT RECORDS
MUN-1585,P1585,MUNPROP-1585,Suresh Yadav 10,9,"Sector 10, Sanchi Road, Vidisha",Urban Parcel,Residential,891.85,1438.46,ACTIVE,ZONE-5,SYNTHETIC DEMO DATA — NOT OFFICIAL GOVERNMENT RECORDS
MUN-1586,P1586,MUNPROP-1586,Anjali Jain 10,10,"Sector 11, Betwa Nagar, Vidisha",Urban Parcel,Commercial,920.75,1485.08,ACTIVE,ZONE-1,SYNTHETIC DEMO DATA — NOT OFFICIAL GOVERNMENT RECORDS
MUN-1587,P1587,MUNPROP-1587,Vikram Mehta 10,11,"Sector 12, Ganj Basoda Road, Vidisha",Urban Parcel,Industrial,949.93,1532.15,ACTIVE,ZONE-2,SYNTHETIC DEMO DATA — NOT OFFICIAL GOVERNMENT RECORDS
MUN-1588,P1588,MUNPROP-1588,Kavita Joshi 10,12,"Sector 13, Civil Lines Extension, Vidisha",Urban Parcel,Agricultural,80.53,129.89,ACTIVE,ZONE-3,SYNTHETIC DEMO DATA — NOT OFFICIAL GOVERNMENT RECORDS
MUN-1589,P1589,MUNPROP-1589,Manoj Gupta 10,1,"Sector 14, Kachhi Khedi, Vidisha",Urban Parcel,Institutional,109.7,176.93,ACTIVE,ZONE-4,SYNTHETIC DEMO DATA — NOT OFFICIAL GOVERNMENT RECORDS
MUN-1590,P1590,MUNPROP-1590,Ritu Mishra 10,2,"Sector 15, Madhav Nagar, Vidisha",Urban Parcel,Mixed Use,138.64,223.62,ACTIVE,ZONE-5,SYNTHETIC DEMO DATA — NOT OFFICIAL GOVERNMENT RECORDS
MUN-1591,P1591,MUNPROP-1591,Arjun Malviya 10,3,"Sector 16, Raisen Link, Vidisha",Urban Parcel,Vacant Land,167.52,270.19,ACTIVE,ZONE-1,SYNTHETIC DEMO DATA — NOT OFFICIAL GOVERNMENT RECORDS
MUN-1592,P1592,MUNPROP-1592,Pooja Thakur 10,4,"Sector 17, Vidisha Urban, Vidisha",Urban Parcel,Public/Semi-Public,196.68,317.22,ACTIVE,ZONE-2,SYNTHETIC DEMO DATA — NOT OFFICIAL GOVERNMENT RECORDS
MUN-1593,P1593,MUNPROP-1593,Nitin Saxena 10,5,"Sector 18, Sanchi Road, Vidisha",Urban Parcel,Residential,225.74,364.09,ACTIVE,ZONE-3,SYNTHETIC DEMO DATA — NOT OFFICIAL GOVERNMENT RECORDS
MUN-1594,P1594,MUNPROP-1594,Meera Chouhan 10,6,"Sector 19, Betwa Nagar, Vidisha",Urban Parcel,Commercial,255.05,411.37,ACTIVE,ZONE-4,SYNTHETIC DEMO DATA — NOT OFFICIAL GOVERNMENT RECORDS
MUN-1595,P1595,MUNPROP-1595,Deepak Kumar Tiwari 10,7,"Sector 20, Ganj Basoda Road, Vidisha",Urban Parcel,Industrial,284.47,458.82,ACTIVE,ZONE-5,SYNTHETIC DEMO DATA — NOT OFFICIAL GOVERNMENT RECORDS
MUN-1596,P1596,MUNPROP-1596,Sunita Rathore 10,8,"Sector 21, Civil Lines Extension, Vidisha",Urban Parcel,Commercial,313.38,505.45,ACTIVE,ZONE-1,SYNTHETIC DEMO DATA — NOT OFFICIAL GOVERNMENT RECORDS
MUN-1597,P1597,MUNPROP-1597,Karan Dubey 10,9,"Sector 22, Kachhi Khedi, Vidisha",Urban Parcel,Institutional,342.36,552.2,ACTIVE,ZONE-2,SYNTHETIC DEMO DATA — NOT OFFICIAL GOVERNMENT RECORDS
MUN-1598,P1598,MUNPROP-1598,Isha Kulkarni 10,10,"Sector 23, Madhav Nagar, Vidisha",Urban Parcel,Mixed Use,371.4,599.03,ACTIVE,ZONE-3,SYNTHETIC DEMO DATA — NOT OFFICIAL GOVERNMENT RECORDS
MUN-1599,P1599,MUNPROP-1599,Mohan Solanki 10,11,"Sector 24, Raisen Link, Vidisha",Urban Parcel,Vacant Land,400.53,646.02,ACTIVE,ZONE-4,SYNTHETIC DEMO DATA — NOT OFFICIAL GOVERNMENT RECORDS
MUN-1600,P1600,MUNPROP-1600,Rekha Bansal 10,12,"Sector 25, Vidisha Urban, Vidisha",Urban Parcel,Public/Semi-Public,430.09,693.7,ACTIVE,ZONE-5,SYNTHETIC DEMO DATA — NOT OFFICIAL GOVERNMENT RECORDS
MUN-1601,P1601,MUNPROP-1601,Rahul Sharma,1,"Sector 1, Sanchi Road, Vidisha",Urban Parcel,Residential,459.31,740.82,ACTIVE,ZONE-1,SYNTHETIC DEMO DATA — NOT OFFICIAL GOVERNMENT RECORDS
MUN-1602,P1602,MUNPROP-1602,Amit Verma,2,"Sector 2, Betwa Nagar, Vidisha",Urban Parcel,Commercial,488.21,787.43,ACTIVE,ZONE-2,SYNTHETIC DEMO DATA — NOT OFFICIAL GOVERNMENT RECORDS
MUN-1603,P1603,MUNPROP-1603,Neha Patel,3,"Sector 3, Ganj Basoda Road, Vidisha",Urban Parcel,Industrial,517.12,834.07,ACTIVE,ZONE-3,SYNTHETIC DEMO DATA — NOT OFFICIAL GOVERNMENT RECORDS
MUN-1604,P1604,MUNPROP-1604,Priya Singh,4,"Sector 4, Civil Lines Extension, Vidisha",Urban Parcel,Agricultural,546.64,881.67,ACTIVE,ZONE-4,SYNTHETIC DEMO DATA — NOT OFFICIAL GOVERNMENT RECORDS
MUN-1605,P1605,MUNPROP-1605,Suresh Yadav,5,"Sector 5, Kachhi Khedi, Vidisha",Urban Parcel,Institutional,575.39,928.05,ACTIVE,ZONE-5,SYNTHETIC DEMO DATA — NOT OFFICIAL GOVERNMENT RECORDS
MUN-1606,P1606,MUNPROP-1606,Anjali Kumar Jain,6,"Sector 6, Madhav Nagar, Vidisha",Urban Parcel,Mixed Use,604.65,975.25,ACTIVE,ZONE-1,SYNTHETIC DEMO DATA — NOT OFFICIAL GOVERNMENT RECORDS
MUN-1607,P1607,MUNPROP-1607,Vikram Mehta,7,"Sector 7, Raisen Link, Vidisha",Urban Parcel,Vacant Land,633.67,1022.05,ACTIVE,ZONE-2,SYNTHETIC DEMO DATA — NOT OFFICIAL GOVERNMENT RECORDS
MUN-1608,P1608,MUNPROP-1608,Kavita Joshi,8,"Sector 8, Vidisha Urban, Vidisha",Urban Parcel,Public/Semi-Public,663.09,1069.5,ACTIVE,ZONE-3,SYNTHETIC DEMO DATA — NOT OFFICIAL GOVERNMENT RECORDS
MUN-1609,P1609,MUNPROP-1609,Manoj Gupta,9,"Sector 9, Sanchi Road, Vidisha",Urban Parcel,Residential,692.17,1116.4,ACTIVE,ZONE-4,SYNTHETIC DEMO DATA — NOT OFFICIAL GOVERNMENT RECORDS
MUN-1610,P1610,MUNPROP-1610,Ritu Mishra,10,"Sector 10, Betwa Nagar, Vidisha",Urban Parcel,Commercial,721.48,1163.67,ACTIVE,ZONE-5,SYNTHETIC DEMO DATA — NOT OFFICIAL GOVERNMENT RECORDS
MUN-1611,P1611,MUNPROP-1611,Arjun Malviya,11,"Sector 11, Ganj Basoda Road, Vidisha",Urban Parcel,Industrial,750.52,1210.51,ACTIVE,ZONE-1,SYNTHETIC DEMO DATA — NOT OFFICIAL GOVERNMENT RECORDS
MUN-1612,P1612,MUNPROP-1612,Pooja Thakur,12,"Sector 12, Civil Lines Extension, Vidisha",Urban Parcel,Agricultural,779.93,1257.95,ACTIVE,ZONE-2,SYNTHETIC DEMO DATA — NOT OFFICIAL GOVERNMENT RECORDS
MUN-1613,P1613,MUNPROP-1613,Nitin Saxena,1,"Sector 13, Kachhi Khedi, Vidisha",Urban Parcel,Commercial,808.71,1304.37,ACTIVE,ZONE-3,SYNTHETIC DEMO DATA — NOT OFFICIAL GOVERNMENT RECORDS
MUN-1614,P1614,MUNPROP-1614,Meera Chouhan,2,"Sector 14, Madhav Nagar, Vidisha",Urban Parcel,Mixed Use,838.08,1351.74,ACTIVE,ZONE-4,SYNTHETIC DEMO DATA — NOT OFFICIAL GOVERNMENT RECORDS
MUN-1615,P1615,MUNPROP-1615,Deepak Tiwari,3,"Sector 15, Raisen Link, Vidisha",Urban Parcel,Vacant Land,867.03,1398.43,ACTIVE,ZONE-5,SYNTHETIC DEMO DATA — NOT OFFICIAL GOVERNMENT RECORDS
MUN-1616,P1616,MUNPROP-1616,Sunita Rathore,4,"Sector 16, Vidisha Urban, Vidisha",Urban Parcel,Public/Semi-Public,896.07,1445.27,ACTIVE,ZONE-1,SYNTHETIC DEMO DATA — NOT OFFICIAL GOVERNMENT RECORDS
MUN-1617,P1617,MUNPROP-1617,Karan Kumar Dubey,5,"Sector 17, Sanchi Road, Vidisha",Urban Parcel,Residential,925.27,1492.37,ACTIVE,ZONE-2,SYNTHETIC DEMO DATA — NOT OFFICIAL GOVERNMENT RECORDS
MUN-1618,P1618,MUNPROP-1618,Isha Kulkarni,6,"Sector 18, Betwa Nagar, Vidisha",Urban Parcel,Commercial,954.22,1539.07,ACTIVE,ZONE-3,SYNTHETIC DEMO DATA — NOT OFFICIAL GOVERNMENT RECORDS
MUN-1619,P1619,MUNPROP-1619,Mohan Solanki,7,"Sector 19, Ganj Basoda Road, Vidisha",Urban Parcel,Industrial,84.93,136.98,ACTIVE,ZONE-4,SYNTHETIC DEMO DATA — NOT OFFICIAL GOVERNMENT RECORDS
MUN-1620,P1620,MUNPROP-1620,Rekha Bansal,8,"Sector 20, Civil Lines Extension, Vidisha",Urban Parcel,Agricultural,113.91,183.73,ACTIVE,ZONE-5,SYNTHETIC DEMO DATA — NOT OFFICIAL GOVERNMENT RECORDS
MUN-1621,P1621,MUNPROP-1621,Rahul Sharma 2,9,"Sector 21, Kachhi Khedi, Vidisha",Urban Parcel,Institutional,143.18,230.93,ACTIVE,ZONE-1,SYNTHETIC DEMO DATA — NOT OFFICIAL GOVERNMENT RECORDS
MUN-1622,P1622,MUNPROP-1622,Amit Verma 2,10,"Sector 22, Madhav Nagar, Vidisha",Urban Parcel,Mixed Use,172.0,277.42,ACTIVE,ZONE-2,SYNTHETIC DEMO DATA — NOT OFFICIAL GOVERNMENT RECORDS
MUN-1623,P1623,MUNPROP-1623,Neha Patel 2,11,"Sector 23, Raisen Link, Vidisha",Urban Parcel,Vacant Land,201.26,324.61,ACTIVE,ZONE-3,SYNTHETIC DEMO DATA — NOT OFFICIAL GOVERNMENT RECORDS
MUN-1624,P1624,MUNPROP-1624,Priya Singh 2,12,"Sector 24, Vidisha Urban, Vidisha",Urban Parcel,Public/Semi-Public,230.07,371.08,ACTIVE,ZONE-4,SYNTHETIC DEMO DATA — NOT OFFICIAL GOVERNMENT RECORDS
MUN-1625,P1625,MUNPROP-1625,Suresh Yadav 2,1,"Sector 25, Sanchi Road, Vidisha",Urban Parcel,Residential,259.58,418.67,ACTIVE,ZONE-5,SYNTHETIC DEMO DATA — NOT OFFICIAL GOVERNMENT RECORDS
MUN-1626,P1626,MUNPROP-1626,Anjali Jain 2,2,"Sector 1, Betwa Nagar, Vidisha",Urban Parcel,Commercial,288.61,465.5,ACTIVE,ZONE-1,SYNTHETIC DEMO DATA — NOT OFFICIAL GOVERNMENT RECORDS
MUN-1627,P1627,MUNPROP-1627,Vikram Mehta 2,3,"Sector 2, Ganj Basoda Road, Vidisha",Urban Parcel,Industrial,317.53,512.14,ACTIVE,ZONE-2,SYNTHETIC DEMO DATA — NOT OFFICIAL GOVERNMENT RECORDS
MUN-1628,P1628,MUNPROP-1628,Kavita Kumar Joshi 2,4,"Sector 3, Civil Lines Extension, Vidisha",Urban Parcel,Agricultural,346.93,559.56,ACTIVE,ZONE-3,SYNTHETIC DEMO DATA — NOT OFFICIAL GOVERNMENT RECORDS
MUN-1629,P1629,MUNPROP-1629,Manoj Gupta 2,5,"Sector 4, Kachhi Khedi, Vidisha",Urban Parcel,Institutional,376.1,606.62,ACTIVE,ZONE-4,SYNTHETIC DEMO DATA — NOT OFFICIAL GOVERNMENT RECORDS
MUN-1630,P1630,MUNPROP-1630,Ritu Mishra 2,6,"Sector 5, Madhav Nagar, Vidisha",Urban Parcel,Commercial,405.1,653.39,ACTIVE,ZONE-5,SYNTHETIC DEMO DATA — NOT OFFICIAL GOVERNMENT RECORDS
MUN-1631,P1631,MUNPROP-1631,Arjun Malviya 2,7,"Sector 6, Raisen Link, Vidisha",Urban Parcel,Vacant Land,434.03,700.05,ACTIVE,ZONE-1,SYNTHETIC DEMO DATA — NOT OFFICIAL GOVERNMENT RECORDS
MUN-1632,P1632,MUNPROP-1632,Pooja Thakur 2,8,"Sector 7, Vidisha Urban, Vidisha",Urban Parcel,Public/Semi-Public,463.49,747.57,ACTIVE,ZONE-2,SYNTHETIC DEMO DATA — NOT OFFICIAL GOVERNMENT RECORDS
MUN-1633,P1633,MUNPROP-1633,Nitin Saxena 2,9,"Sector 8, Sanchi Road, Vidisha",Urban Parcel,Residential,492.34,794.1,ACTIVE,ZONE-3,SYNTHETIC DEMO DATA — NOT OFFICIAL GOVERNMENT RECORDS
MUN-1634,P1634,MUNPROP-1634,Meera Chouhan 2,10,"Sector 9, Betwa Nagar, Vidisha",Urban Parcel,Commercial,521.87,841.73,ACTIVE,ZONE-4,SYNTHETIC DEMO DATA — NOT OFFICIAL GOVERNMENT RECORDS
MUN-1635,P1635,MUNPROP-1635,Deepak Tiwari 2,11,"Sector 10, Ganj Basoda Road, Vidisha",Urban Parcel,Industrial,550.63,888.12,ACTIVE,ZONE-5,SYNTHETIC DEMO DATA — NOT OFFICIAL GOVERNMENT RECORDS
MUN-1636,P1636,MUNPROP-1636,Sunita Rathore 2,12,"Sector 11, Civil Lines Extension, Vidisha",Urban Parcel,Agricultural,580.19,935.79,ACTIVE,ZONE-1,SYNTHETIC DEMO DATA — NOT OFFICIAL GOVERNMENT RECORDS
MUN-1637,P1637,MUNPROP-1637,Karan Dubey 2,1,"Sector 12, Kachhi Khedi, Vidisha",Urban Parcel,Institutional,609.32,982.78,ACTIVE,ZONE-2,SYNTHETIC DEMO DATA — NOT OFFICIAL GOVERNMENT RECORDS
MUN-1638,P1638,MUNPROP-1638,Isha Kulkarni 2,2,"Sector 13, Madhav Nagar, Vidisha",Urban Parcel,Mixed Use,638.09,1029.17,ACTIVE,ZONE-3,SYNTHETIC DEMO DATA — NOT OFFICIAL GOVERNMENT RECORDS
MUN-1639,P1639,MUNPROP-1639,Mohan Kumar Solanki 2,3,"Sector 14, Raisen Link, Vidisha",Urban Parcel,Vacant Land,667.48,1076.58,ACTIVE,ZONE-4,SYNTHETIC DEMO DATA — NOT OFFICIAL GOVERNMENT RECORDS
MUN-1640,P1640,MUNPROP-1640,Rekha Bansal 2,4,"Sector 15, Vidisha Urban, Vidisha",Urban Parcel,Public/Semi-Public,696.62,1123.58,ACTIVE,ZONE-5,SYNTHETIC DEMO DATA — NOT OFFICIAL GOVERNMENT RECORDS
MUN-1641,P1641,MUNPROP-1641,Rahul Sharma 3,5,"Sector 16, Sanchi Road, Vidisha",Urban Parcel,Residential,725.53,1170.21,ACTIVE,ZONE-1,SYNTHETIC DEMO DATA — NOT OFFICIAL GOVERNMENT RECORDS
MUN-1642,P1642,MUNPROP-1642,Amit Verma 3,6,"Sector 17, Betwa Nagar, Vidisha",Urban Parcel,Commercial,754.81,1217.44,ACTIVE,ZONE-2,SYNTHETIC DEMO DATA — NOT OFFICIAL GOVERNMENT RECORDS
MUN-1643,P1643,MUNPROP-1643,Neha Patel 3,7,"Sector 18, Ganj Basoda Road, Vidisha",Urban Parcel,Industrial,783.97,1264.47,ACTIVE,ZONE-3,SYNTHETIC DEMO DATA — NOT OFFICIAL GOVERNMENT RECORDS
MUN-1644,P1644,MUNPROP-1644,Priya Singh 3,8,"Sector 19, Civil Lines Extension, Vidisha",Urban Parcel,Agricultural,813.02,1311.33,ACTIVE,ZONE-4,SYNTHETIC DEMO DATA — NOT OFFICIAL GOVERNMENT RECORDS
MUN-1645,P1645,MUNPROP-1645,Suresh Yadav 3,9,"Sector 20, Kachhi Khedi, Vidisha",Urban Parcel,Institutional,841.97,1358.02,ACTIVE,ZONE-5,SYNTHETIC DEMO DATA — NOT OFFICIAL GOVERNMENT RECORDS
MUN-1646,P1646,MUNPROP-1646,Anjali Jain 3,10,"Sector 21, Madhav Nagar, Vidisha",Urban Parcel,Mixed Use,871.42,1405.51,ACTIVE,ZONE-1,SYNTHETIC DEMO DATA — NOT OFFICIAL GOVERNMENT RECORDS
MUN-1647,P1647,MUNPROP-1647,Vikram Mehta 3,11,"Sector 22, Raisen Link, Vidisha",Urban Parcel,Commercial,900.64,1452.65,ACTIVE,ZONE-2,SYNTHETIC DEMO DATA — NOT OFFICIAL GOVERNMENT RECORDS
MUN-1648,P1648,MUNPROP-1648,Kavita Joshi 3,12,"Sector 23, Vidisha Urban, Vidisha",Urban Parcel,Public/Semi-Public,929.75,1499.59,ACTIVE,ZONE-3,SYNTHETIC DEMO DATA — NOT OFFICIAL GOVERNMENT RECORDS
MUN-1649,P1649,MUNPROP-1649,Manoj Gupta 3,1,"Sector 24, Sanchi Road, Vidisha",Urban Parcel,Residential,59.61,96.15,ACTIVE,ZONE-4,SYNTHETIC DEMO DATA — NOT OFFICIAL GOVERNMENT RECORDS
MUN-1650,P1650,MUNPROP-1650,Ritu Kumar Mishra 3,2,"Sector 25, Betwa Nagar, Vidisha",Urban Parcel,Commercial,89.11,143.73,ACTIVE,ZONE-5,SYNTHETIC DEMO DATA — NOT OFFICIAL GOVERNMENT RECORDS
MUN-1651,P1651,MUNPROP-1651,Arjun Malviya 3,3,"Sector 1, Ganj Basoda Road, Vidisha",Urban Parcel,Industrial,118.2,190.65,ACTIVE,ZONE-1,SYNTHETIC DEMO DATA — NOT OFFICIAL GOVERNMENT RECORDS
MUN-1652,P1652,MUNPROP-1652,Pooja Thakur 3,4,"Sector 2, Civil Lines Extension, Vidisha",Urban Parcel,Agricultural,147.2,237.42,ACTIVE,ZONE-2,SYNTHETIC DEMO DATA — NOT OFFICIAL GOVERNMENT RECORDS
MUN-1653,P1653,MUNPROP-1653,Nitin Saxena 3,5,"Sector 3, Kachhi Khedi, Vidisha",Urban Parcel,Institutional,176.2,284.2,ACTIVE,ZONE-3,SYNTHETIC DEMO DATA — NOT OFFICIAL GOVERNMENT RECORDS
MUN-1654,P1654,MUNPROP-1654,Meera Chouhan 3,6,"Sector 4, Madhav Nagar, Vidisha",Urban Parcel,Mixed Use,205.25,331.05,ACTIVE,ZONE-4,SYNTHETIC DEMO DATA — NOT OFFICIAL GOVERNMENT RECORDS
MUN-1655,P1655,MUNPROP-1655,Deepak Tiwari 3,7,"Sector 5, Raisen Link, Vidisha",Urban Parcel,Vacant Land,234.78,378.67,ACTIVE,ZONE-5,SYNTHETIC DEMO DATA — NOT OFFICIAL GOVERNMENT RECORDS
MUN-1656,P1656,MUNPROP-1656,Sunita Rathore 3,8,"Sector 6, Vidisha Urban, Vidisha",Urban Parcel,Public/Semi-Public,264.07,425.92,ACTIVE,ZONE-1,SYNTHETIC DEMO DATA — NOT OFFICIAL GOVERNMENT RECORDS
MUN-1657,P1657,MUNPROP-1657,Karan Dubey 3,9,"Sector 7, Sanchi Road, Vidisha",Urban Parcel,Residential,292.89,472.4,ACTIVE,ZONE-2,SYNTHETIC DEMO DATA — NOT OFFICIAL GOVERNMENT RECORDS
MUN-1658,P1658,MUNPROP-1658,Isha Kulkarni 3,10,"Sector 8, Betwa Nagar, Vidisha",Urban Parcel,Commercial,322.03,519.4,ACTIVE,ZONE-3,SYNTHETIC DEMO DATA — NOT OFFICIAL GOVERNMENT RECORDS
MUN-1659,P1659,MUNPROP-1659,Mohan Solanki 3,11,"Sector 9, Ganj Basoda Road, Vidisha",Urban Parcel,Industrial,351.27,566.57,ACTIVE,ZONE-4,SYNTHETIC DEMO DATA — NOT OFFICIAL GOVERNMENT RECORDS
MUN-1660,P1660,MUNPROP-1660,Rekha Bansal 3,12,"Sector 10, Civil Lines Extension, Vidisha",Urban Parcel,Agricultural,380.52,613.74,ACTIVE,ZONE-5,SYNTHETIC DEMO DATA — NOT OFFICIAL GOVERNMENT RECORDS
MUN-1661,P1661,MUNPROP-1661,Rahul Kumar Sharma 4,1,"Sector 11, Kachhi Khedi, Vidisha",Urban Parcel,Institutional,409.53,660.53,ACTIVE,ZONE-1,SYNTHETIC DEMO DATA — NOT OFFICIAL GOVERNMENT RECORDS
MUN-1662,P1662,MUNPROP-1662,Amit Verma 4,2,"Sector 12, Madhav Nagar, Vidisha",Urban Parcel,Mixed Use,438.71,707.6,ACTIVE,ZONE-2,SYNTHETIC DEMO DATA — NOT OFFICIAL GOVERNMENT RECORDS
MUN-1663,P1663,MUNPROP-1663,Neha Patel 4,3,"Sector 13, Raisen Link, Vidisha",Urban Parcel,Vacant Land,467.89,754.66,ACTIVE,ZONE-3,SYNTHETIC DEMO DATA — NOT OFFICIAL GOVERNMENT RECORDS
MUN-1664,P1664,MUNPROP-1664,Priya Singh 4,4,"Sector 14, Vidisha Urban, Vidisha",Urban Parcel,Commercial,497.05,801.7,ACTIVE,ZONE-4,SYNTHETIC DEMO DATA — NOT OFFICIAL GOVERNMENT RECORDS
MUN-1665,P1665,MUNPROP-1665,Suresh Yadav 4,5,"Sector 15, Sanchi Road, Vidisha",Urban Parcel,Residential,526.13,848.59,ACTIVE,ZONE-5,SYNTHETIC DEMO DATA — NOT OFFICIAL GOVERNMENT RECORDS
MUN-1666,P1666,MUNPROP-1666,Anjali Jain 4,6,"Sector 16, Betwa Nagar, Vidisha",Urban Parcel,Commercial,555.37,895.75,ACTIVE,ZONE-1,SYNTHETIC DEMO DATA — NOT OFFICIAL GOVERNMENT RECORDS
MUN-1667,P1667,MUNPROP-1667,Vikram Mehta 4,7,"Sector 17, Ganj Basoda Road, Vidisha",Urban Parcel,Industrial,584.14,942.16,ACTIVE,ZONE-2,SYNTHETIC DEMO DATA — NOT OFFICIAL GOVERNMENT RECORDS
MUN-1668,P1668,MUNPROP-1668,Kavita Joshi 4,8,"Sector 18, Civil Lines Extension, Vidisha",Urban Parcel,Agricultural,613.34,989.25,ACTIVE,ZONE-3,SYNTHETIC DEMO DATA — NOT OFFICIAL GOVERNMENT RECORDS
MUN-1669,P1669,MUNPROP-1669,Manoj Gupta 4,9,"Sector 19, Kachhi Khedi, Vidisha",Urban Parcel,Institutional,642.93,1036.99,ACTIVE,ZONE-4,SYNTHETIC DEMO DATA — NOT OFFICIAL GOVERNMENT RECORDS
MUN-1670,P1670,MUNPROP-1670,Ritu Mishra 4,10,"Sector 20, Madhav Nagar, Vidisha",Urban Parcel,Mixed Use,671.63,1083.28,ACTIVE,ZONE-5,SYNTHETIC DEMO DATA — NOT OFFICIAL GOVERNMENT RECORDS
MUN-1671,P1671,MUNPROP-1671,Arjun Malviya 4,11,"Sector 21, Raisen Link, Vidisha",Urban Parcel,Vacant Land,701.05,1130.73,ACTIVE,ZONE-1,SYNTHETIC DEMO DATA — NOT OFFICIAL GOVERNMENT RECORDS
MUN-1672,P1672,MUNPROP-1672,Pooja Kumar Thakur 4,12,"Sector 22, Vidisha Urban, Vidisha",Urban Parcel,Public/Semi-Public,729.83,1177.15,ACTIVE,ZONE-2,SYNTHETIC DEMO DATA — NOT OFFICIAL GOVERNMENT RECORDS
MUN-1673,P1673,MUNPROP-1673,Nitin Saxena 4,1,"Sector 23, Sanchi Road, Vidisha",Urban Parcel,Residential,758.91,1224.05,ACTIVE,ZONE-3,SYNTHETIC DEMO DATA — NOT OFFICIAL GOVERNMENT RECORDS
MUN-1674,P1674,MUNPROP-1674,Meera Chouhan 4,2,"Sector 24, Betwa Nagar, Vidisha",Urban Parcel,Commercial,788.54,1271.84,ACTIVE,ZONE-4,SYNTHETIC DEMO DATA — NOT OFFICIAL GOVERNMENT RECORDS
MUN-1675,P1675,MUNPROP-1675,Deepak Tiwari 4,3,"Sector 25, Ganj Basoda Road, Vidisha",Urban Parcel,Industrial,817.76,1318.97,ACTIVE,ZONE-5,SYNTHETIC DEMO DATA — NOT OFFICIAL GOVERNMENT RECORDS
MUN-1676,P1676,MUNPROP-1676,Sunita Rathore 4,4,"Sector 1, Civil Lines Extension, Vidisha",Urban Parcel,Agricultural,846.45,1365.24,ACTIVE,ZONE-1,SYNTHETIC DEMO DATA — NOT OFFICIAL GOVERNMENT RECORDS
MUN-1677,P1677,MUNPROP-1677,Karan Dubey 4,5,"Sector 2, Kachhi Khedi, Vidisha",Urban Parcel,Institutional,875.64,1412.33,ACTIVE,ZONE-2,SYNTHETIC DEMO DATA — NOT OFFICIAL GOVERNMENT RECORDS
MUN-1678,P1678,MUNPROP-1678,Isha Kulkarni 4,6,"Sector 3, Madhav Nagar, Vidisha",Urban Parcel,Mixed Use,904.85,1459.44,ACTIVE,ZONE-3,SYNTHETIC DEMO DATA — NOT OFFICIAL GOVERNMENT RECORDS
MUN-1679,P1679,MUNPROP-1679,Mohan Solanki 4,7,"Sector 4, Raisen Link, Vidisha",Urban Parcel,Vacant Land,934.26,1506.87,ACTIVE,ZONE-4,SYNTHETIC DEMO DATA — NOT OFFICIAL GOVERNMENT RECORDS
MUN-1680,P1680,MUNPROP-1680,Rekha Bansal 4,8,"Sector 5, Vidisha Urban, Vidisha",Urban Parcel,Public/Semi-Public,63.95,103.14,ACTIVE,ZONE-5,SYNTHETIC DEMO DATA — NOT OFFICIAL GOVERNMENT RECORDS
MUN-1681,P1681,MUNPROP-1681,Rahul Sharma 5,9,"Sector 6, Sanchi Road, Vidisha",Urban Parcel,Commercial,93.05,150.08,ACTIVE,ZONE-1,SYNTHETIC DEMO DATA — NOT OFFICIAL GOVERNMENT RECORDS
MUN-1682,P1682,MUNPROP-1682,Amit Verma 5,10,"Sector 7, Betwa Nagar, Vidisha",Urban Parcel,Commercial,122.44,197.49,ACTIVE,ZONE-2,SYNTHETIC DEMO DATA — NOT OFFICIAL GOVERNMENT RECORDS
MUN-1683,P1683,MUNPROP-1683,Neha Kumar Patel 5,11,"Sector 8, Ganj Basoda Road, Vidisha",Urban Parcel,Industrial,151.73,244.73,ACTIVE,ZONE-3,SYNTHETIC DEMO DATA — NOT OFFICIAL GOVERNMENT RECORDS
MUN-1684,P1684,MUNPROP-1684,Priya Singh 5,12,"Sector 9, Civil Lines Extension, Vidisha",Urban Parcel,Agricultural,180.59,291.28,ACTIVE,ZONE-4,SYNTHETIC DEMO DATA — NOT OFFICIAL GOVERNMENT RECORDS
MUN-1685,P1685,MUNPROP-1685,Suresh Yadav 5,1,"Sector 10, Kachhi Khedi, Vidisha",Urban Parcel,Institutional,210.16,338.97,ACTIVE,ZONE-5,SYNTHETIC DEMO DATA — NOT OFFICIAL GOVERNMENT RECORDS
MUN-1686,P1686,MUNPROP-1686,Anjali Jain 5,2,"Sector 11, Madhav Nagar, Vidisha",Urban Parcel,Mixed Use,239.25,385.88,ACTIVE,ZONE-1,SYNTHETIC DEMO DATA — NOT OFFICIAL GOVERNMENT RECORDS
MUN-1687,P1687,MUNPROP-1687,Vikram Mehta 5,3,"Sector 12, Raisen Link, Vidisha",Urban Parcel,Vacant Land,268.35,432.83,ACTIVE,ZONE-2,SYNTHETIC DEMO DATA — NOT OFFICIAL GOVERNMENT RECORDS
MUN-1688,P1688,MUNPROP-1688,Kavita Joshi 5,4,"Sector 13, Vidisha Urban, Vidisha",Urban Parcel,Public/Semi-Public,297.38,479.65,ACTIVE,ZONE-3,SYNTHETIC DEMO DATA — NOT OFFICIAL GOVERNMENT RECORDS
MUN-1689,P1689,MUNPROP-1689,Manoj Gupta 5,5,"Sector 14, Sanchi Road, Vidisha",Urban Parcel,Residential,326.41,526.46,ACTIVE,ZONE-4,SYNTHETIC DEMO DATA — NOT OFFICIAL GOVERNMENT RECORDS
MUN-1690,P1690,MUNPROP-1690,Ritu Mishra 5,6,"Sector 15, Betwa Nagar, Vidisha",Urban Parcel,Commercial,355.44,573.29,ACTIVE,ZONE-5,SYNTHETIC DEMO DATA — NOT OFFICIAL GOVERNMENT RECORDS
MUN-1691,P1691,MUNPROP-1691,Arjun Malviya 5,7,"Sector 16, Ganj Basoda Road, Vidisha",Urban Parcel,Industrial,384.8,620.64,ACTIVE,ZONE-1,SYNTHETIC DEMO DATA — NOT OFFICIAL GOVERNMENT RECORDS
MUN-1692,P1692,MUNPROP-1692,Pooja Thakur 5,8,"Sector 17, Civil Lines Extension, Vidisha",Urban Parcel,Agricultural,413.82,667.45,ACTIVE,ZONE-2,SYNTHETIC DEMO DATA — NOT OFFICIAL GOVERNMENT RECORDS
MUN-1693,P1693,MUNPROP-1693,Nitin Saxena 5,9,"Sector 18, Kachhi Khedi, Vidisha",Urban Parcel,Institutional,442.69,714.01,ACTIVE,ZONE-3,SYNTHETIC DEMO DATA — NOT OFFICIAL GOVERNMENT RECORDS
MUN-1694,P1694,MUNPROP-1694,Meera Kumar Chouhan 5,10,"Sector 19, Madhav Nagar, Vidisha",Urban Parcel,Mixed Use,472.17,761.56,ACTIVE,ZONE-4,SYNTHETIC DEMO DATA — NOT OFFICIAL GOVERNMENT RECORDS
MUN-1695,P1695,MUNPROP-1695,Deepak Tiwari 5,11,"Sector 20, Raisen Link, Vidisha",Urban Parcel,Vacant Land,501.26,808.49,ACTIVE,ZONE-5,SYNTHETIC DEMO DATA — NOT OFFICIAL GOVERNMENT RECORDS
MUN-1696,P1696,MUNPROP-1696,Sunita Rathore 5,12,"Sector 21, Vidisha Urban, Vidisha",Urban Parcel,Public/Semi-Public,530.3,855.32,ACTIVE,ZONE-1,SYNTHETIC DEMO DATA — NOT OFFICIAL GOVERNMENT RECORDS
MUN-1697,P1697,MUNPROP-1697,Karan Dubey 5,1,"Sector 22, Sanchi Road, Vidisha",Urban Parcel,Residential,559.32,902.13,ACTIVE,ZONE-2,SYNTHETIC DEMO DATA — NOT OFFICIAL GOVERNMENT RECORDS
MUN-1698,P1698,MUNPROP-1698,Isha Kulkarni 5,2,"Sector 23, Betwa Nagar, Vidisha",Urban Parcel,Commercial,588.84,949.74,ACTIVE,ZONE-3,SYNTHETIC DEMO DATA — NOT OFFICIAL GOVERNMENT RECORDS
MUN-1699,P1699,MUNPROP-1699,Mohan Solanki 5,3,"Sector 24, Ganj Basoda Road, Vidisha",Urban Parcel,Industrial,617.92,996.65,ACTIVE,ZONE-4,SYNTHETIC DEMO DATA — NOT OFFICIAL GOVERNMENT RECORDS
MUN-1700,P1700,MUNPROP-1700,Rekha Bansal 5,4,"Sector 25, Civil Lines Extension, Vidisha",Urban Parcel,Agricultural,646.7,1043.06,ACTIVE,ZONE-5,SYNTHETIC DEMO DATA — NOT OFFICIAL GOVERNMENT RECORDS
MUN-1701,P1701,MUNPROP-1701,Rahul Sharma 6,5,"Sector 1, Kachhi Khedi, Vidisha",Urban Parcel,Institutional,676.25,1090.73,ACTIVE,ZONE-1,SYNTHETIC DEMO DATA — NOT OFFICIAL GOVERNMENT RECORDS
MUN-1702,P1702,MUNPROP-1702,Amit Verma 6,6,"Sector 2, Madhav Nagar, Vidisha",Urban Parcel,Mixed Use,705.16,1137.36,ACTIVE,ZONE-2,SYNTHETIC DEMO DATA — NOT OFFICIAL GOVERNMENT RECORDS
MUN-1703,P1703,MUNPROP-1703,Neha Patel 6,7,"Sector 3, Raisen Link, Vidisha",Urban Parcel,Vacant Land,734.14,1184.09,ACTIVE,ZONE-3,SYNTHETIC DEMO DATA — NOT OFFICIAL GOVERNMENT RECORDS
MUN-1704,P1704,MUNPROP-1704,Priya Singh 6,8,"Sector 4, Vidisha Urban, Vidisha",Urban Parcel,Public/Semi-Public,763.72,1231.81,ACTIVE,ZONE-4,SYNTHETIC DEMO DATA — NOT OFFICIAL GOVERNMENT RECORDS
MUN-1705,P1705,MUNPROP-1705,Suresh Kumar Yadav 6,9,"Sector 5, Sanchi Road, Vidisha",Urban Parcel,Residential,792.68,1278.52,ACTIVE,ZONE-5,SYNTHETIC DEMO DATA — NOT OFFICIAL GOVERNMENT RECORDS
MUN-1706,P1706,MUNPROP-1706,Anjali Jain 6,10,"Sector 6, Betwa Nagar, Vidisha",Urban Parcel,Commercial,821.52,1325.04,ACTIVE,ZONE-1,SYNTHETIC DEMO DATA — NOT OFFICIAL GOVERNMENT RECORDS
MUN-1707,P1707,MUNPROP-1707,Vikram Mehta 6,11,"Sector 7, Ganj Basoda Road, Vidisha",Urban Parcel,Industrial,851.04,1372.64,ACTIVE,ZONE-2,SYNTHETIC DEMO DATA — NOT OFFICIAL GOVERNMENT RECORDS
MUN-1708,P1708,MUNPROP-1708,Kavita Joshi 6,12,"Sector 8, Civil Lines Extension, Vidisha",Urban Parcel,Agricultural,879.95,1419.28,ACTIVE,ZONE-3,SYNTHETIC DEMO DATA — NOT OFFICIAL GOVERNMENT RECORDS
MUN-1709,P1709,MUNPROP-1709,Manoj Gupta 6,1,"Sector 9, Kachhi Khedi, Vidisha",Urban Parcel,Institutional,909.52,1466.97,ACTIVE,ZONE-4,SYNTHETIC DEMO DATA — NOT OFFICIAL GOVERNMENT RECORDS
MUN-1710,P1710,MUNPROP-1710,Ritu Mishra 6,2,"Sector 10, Madhav Nagar, Vidisha",Urban Parcel,Mixed Use,938.15,1513.14,ACTIVE,ZONE-5,SYNTHETIC DEMO DATA — NOT OFFICIAL GOVERNMENT RECORDS
MUN-1711,P1711,MUNPROP-1711,Arjun Malviya 6,3,"Sector 11, Raisen Link, Vidisha",Urban Parcel,Vacant Land,68.76,110.91,ACTIVE,ZONE-1,SYNTHETIC DEMO DATA — NOT OFFICIAL GOVERNMENT RECORDS
MUN-1712,P1712,MUNPROP-1712,Pooja Thakur 6,4,"Sector 12, Vidisha Urban, Vidisha",Urban Parcel,Public/Semi-Public,97.69,157.57,ACTIVE,ZONE-2,SYNTHETIC DEMO DATA — NOT OFFICIAL GOVERNMENT RECORDS
MUN-1713,P1713,MUNPROP-1713,Nitin Saxena 6,5,"Sector 13, Sanchi Road, Vidisha",Urban Parcel,Residential,126.51,204.05,ACTIVE,ZONE-3,SYNTHETIC DEMO DATA — NOT OFFICIAL GOVERNMENT RECORDS
MUN-1714,P1714,MUNPROP-1714,Meera Chouhan 6,6,"Sector 14, Betwa Nagar, Vidisha",Urban Parcel,Commercial,156.05,251.69,ACTIVE,ZONE-4,SYNTHETIC DEMO DATA — NOT OFFICIAL GOVERNMENT RECORDS
MUN-1715,P1715,MUNPROP-1715,Deepak Tiwari 6,7,"Sector 15, Ganj Basoda Road, Vidisha",Urban Parcel,Commercial,184.94,298.29,ACTIVE,ZONE-5,SYNTHETIC DEMO DATA — NOT OFFICIAL GOVERNMENT RECORDS
MUN-1716,P1716,MUNPROP-1716,Sunita Kumar Rathore 6,8,"Sector 16, Civil Lines Extension, Vidisha",Urban Parcel,Agricultural,213.92,345.03,ACTIVE,ZONE-1,SYNTHETIC DEMO DATA — NOT OFFICIAL GOVERNMENT RECORDS
MUN-1717,P1717,MUNPROP-1717,Karan Dubey 6,9,"Sector 17, Kachhi Khedi, Vidisha",Urban Parcel,Institutional,243.16,392.19,ACTIVE,ZONE-2,SYNTHETIC DEMO DATA — NOT OFFICIAL GOVERNMENT RECORDS
MUN-1718,P1718,MUNPROP-1718,Isha Kulkarni 6,10,"Sector 18, Madhav Nagar, Vidisha",Urban Parcel,Mixed Use,272.76,439.93,ACTIVE,ZONE-3,SYNTHETIC DEMO DATA — NOT OFFICIAL GOVERNMENT RECORDS
MUN-1719,P1719,MUNPROP-1719,Mohan Solanki 6,11,"Sector 19, Raisen Link, Vidisha",Urban Parcel,Vacant Land,301.91,486.95,ACTIVE,ZONE-4,SYNTHETIC DEMO DATA — NOT OFFICIAL GOVERNMENT RECORDS
MUN-1720,P1720,MUNPROP-1720,Rekha Bansal 6,12,"Sector 20, Vidisha Urban, Vidisha",Urban Parcel,Public/Semi-Public,330.58,533.19,ACTIVE,ZONE-5,SYNTHETIC DEMO DATA — NOT OFFICIAL GOVERNMENT RECORDS
MUN-1721,P1721,MUNPROP-1721,Rahul Sharma 7,1,"Sector 21, Sanchi Road, Vidisha",Urban Parcel,Residential,360.12,580.84,ACTIVE,ZONE-1,SYNTHETIC DEMO DATA — NOT OFFICIAL GOVERNMENT RECORDS
MUN-1722,P1722,MUNPROP-1722,Amit Verma 7,2,"Sector 22, Betwa Nagar, Vidisha",Urban Parcel,Commercial,388.74,627.0,ACTIVE,ZONE-2,SYNTHETIC DEMO DATA — NOT OFFICIAL GOVERNMENT RECORDS
MUN-1723,P1723,MUNPROP-1723,Neha Patel 7,3,"Sector 23, Ganj Basoda Road, Vidisha",Urban Parcel,Industrial,418.38,674.81,ACTIVE,ZONE-3,SYNTHETIC DEMO DATA — NOT OFFICIAL GOVERNMENT RECORDS
MUN-1724,P1724,MUNPROP-1724,Priya Singh 7,4,"Sector 24, Civil Lines Extension, Vidisha",Urban Parcel,Agricultural,447.5,721.78,ACTIVE,ZONE-4,SYNTHETIC DEMO DATA — NOT OFFICIAL GOVERNMENT RECORDS
MUN-1725,P1725,MUNPROP-1725,Suresh Yadav 7,5,"Sector 25, Kachhi Khedi, Vidisha",Urban Parcel,Institutional,476.28,768.2,ACTIVE,ZONE-5,SYNTHETIC DEMO DATA — NOT OFFICIAL GOVERNMENT RECORDS
MUN-1726,P1726,MUNPROP-1726,Anjali Jain 7,6,"Sector 1, Madhav Nagar, Vidisha",Urban Parcel,Mixed Use,505.39,815.14,ACTIVE,ZONE-1,SYNTHETIC DEMO DATA — NOT OFFICIAL GOVERNMENT RECORDS
MUN-1727,P1727,MUNPROP-1727,Vikram Kumar Mehta 7,7,"Sector 2, Raisen Link, Vidisha",Urban Parcel,Vacant Land,534.77,862.54,ACTIVE,ZONE-2,SYNTHETIC DEMO DATA — NOT OFFICIAL GOVERNMENT RECORDS
MUN-1728,P1728,MUNPROP-1728,Kavita Joshi 7,8,"Sector 3, Vidisha Urban, Vidisha",Urban Parcel,Public/Semi-Public,564.11,909.86,ACTIVE,ZONE-3,SYNTHETIC DEMO DATA — NOT OFFICIAL GOVERNMENT RECORDS
MUN-1729,P1729,MUNPROP-1729,Manoj Gupta 7,9,"Sector 4, Sanchi Road, Vidisha",Urban Parcel,Residential,593.17,956.73,ACTIVE,ZONE-4,SYNTHETIC DEMO DATA — NOT OFFICIAL GOVERNMENT RECORDS
MUN-1730,P1730,MUNPROP-1730,Ritu Mishra 7,10,"Sector 5, Betwa Nagar, Vidisha",Urban Parcel,Commercial,622.34,1003.77,ACTIVE,ZONE-5,SYNTHETIC DEMO DATA — NOT OFFICIAL GOVERNMENT RECORDS
MUN-1731,P1731,MUNPROP-1731,Arjun Malviya 7,11,"Sector 6, Ganj Basoda Road, Vidisha",Urban Parcel,Industrial,651.59,1050.95,ACTIVE,ZONE-1,SYNTHETIC DEMO DATA — NOT OFFICIAL GOVERNMENT RECORDS
MUN-1732,P1732,MUNPROP-1732,Pooja Thakur 7,12,"Sector 7, Civil Lines Extension, Vidisha",Urban Parcel,Commercial,680.23,1097.14,ACTIVE,ZONE-2,SYNTHETIC DEMO DATA — NOT OFFICIAL GOVERNMENT RECORDS
MUN-1733,P1733,MUNPROP-1733,Nitin Saxena 7,1,"Sector 8, Kachhi Khedi, Vidisha",Urban Parcel,Institutional,709.83,1144.88,ACTIVE,ZONE-3,SYNTHETIC DEMO DATA — NOT OFFICIAL GOVERNMENT RECORDS
MUN-1734,P1734,MUNPROP-1734,Meera Chouhan 7,2,"Sector 9, Madhav Nagar, Vidisha",Urban Parcel,Mixed Use,738.63,1191.34,ACTIVE,ZONE-4,SYNTHETIC DEMO DATA — NOT OFFICIAL GOVERNMENT RECORDS
MUN-1735,P1735,MUNPROP-1735,Deepak Tiwari 7,3,"Sector 10, Raisen Link, Vidisha",Urban Parcel,Vacant Land,767.78,1238.35,ACTIVE,ZONE-5,SYNTHETIC DEMO DATA — NOT OFFICIAL GOVERNMENT RECORDS
MUN-1736,P1736,MUNPROP-1736,Sunita Rathore 7,4,"Sector 11, Vidisha Urban, Vidisha",Urban Parcel,Public/Semi-Public,796.87,1285.28,ACTIVE,ZONE-1,SYNTHETIC DEMO DATA — NOT OFFICIAL GOVERNMENT RECORDS
MUN-1737,P1737,MUNPROP-1737,Karan Dubey 7,5,"Sector 12, Sanchi Road, Vidisha",Urban Parcel,Residential,826.31,1332.76,ACTIVE,ZONE-2,SYNTHETIC DEMO DATA — NOT OFFICIAL GOVERNMENT RECORDS
MUN-1738,P1738,MUNPROP-1738,Isha Kumar Kulkarni 7,6,"Sector 13, Betwa Nagar, Vidisha",Urban Parcel,Commercial,855.02,1379.07,ACTIVE,ZONE-3,SYNTHETIC DEMO DATA — NOT OFFICIAL GOVERNMENT RECORDS
MUN-1739,P1739,MUNPROP-1739,Mohan Solanki 7,7,"Sector 14, Ganj Basoda Road, Vidisha",Urban Parcel,Industrial,884.27,1426.24,ACTIVE,ZONE-4,SYNTHETIC DEMO DATA — NOT OFFICIAL GOVERNMENT RECORDS
MUN-1740,P1740,MUNPROP-1740,Rekha Bansal 7,8,"Sector 15, Civil Lines Extension, Vidisha",Urban Parcel,Agricultural,913.37,1473.18,ACTIVE,ZONE-5,SYNTHETIC DEMO DATA — NOT OFFICIAL GOVERNMENT RECORDS
MUN-1741,P1741,MUNPROP-1741,Rahul Sharma 8,9,"Sector 16, Kachhi Khedi, Vidisha",Urban Parcel,Institutional,942.6,1520.33,ACTIVE,ZONE-1,SYNTHETIC DEMO DATA — NOT OFFICIAL GOVERNMENT RECORDS
MUN-1742,P1742,MUNPROP-1742,Amit Verma 8,10,"Sector 17, Madhav Nagar, Vidisha",Urban Parcel,Mixed Use,72.81,117.44,ACTIVE,ZONE-2,SYNTHETIC DEMO DATA — NOT OFFICIAL GOVERNMENT RECORDS
MUN-1743,P1743,MUNPROP-1743,Neha Patel 8,11,"Sector 18, Raisen Link, Vidisha",Urban Parcel,Vacant Land,102.26,164.93,ACTIVE,ZONE-3,SYNTHETIC DEMO DATA — NOT OFFICIAL GOVERNMENT RECORDS
MUN-1744,P1744,MUNPROP-1744,Priya Singh 8,12,"Sector 19, Vidisha Urban, Vidisha",Urban Parcel,Public/Semi-Public,130.84,211.04,ACTIVE,ZONE-4,SYNTHETIC DEMO DATA — NOT OFFICIAL GOVERNMENT RECORDS
MUN-1745,P1745,MUNPROP-1745,Suresh Yadav 8,1,"Sector 20, Sanchi Road, Vidisha",Urban Parcel,Residential,160.53,258.92,ACTIVE,ZONE-5,SYNTHETIC DEMO DATA — NOT OFFICIAL GOVERNMENT RECORDS
MUN-1746,P1746,MUNPROP-1746,Anjali Jain 8,2,"Sector 21, Betwa Nagar, Vidisha",Urban Parcel,Commercial,189.27,305.28,ACTIVE,ZONE-1,SYNTHETIC DEMO DATA — NOT OFFICIAL GOVERNMENT RECORDS
MUN-1747,P1747,MUNPROP-1747,Vikram Mehta 8,3,"Sector 22, Ganj Basoda Road, Vidisha",Urban Parcel,Industrial,218.38,352.22,ACTIVE,ZONE-2,SYNTHETIC DEMO DATA — NOT OFFICIAL GOVERNMENT RECORDS
MUN-1748,P1748,MUNPROP-1748,Kavita Joshi 8,4,"Sector 23, Civil Lines Extension, Vidisha",Urban Parcel,Agricultural,247.96,399.93,ACTIVE,ZONE-3,SYNTHETIC DEMO DATA — NOT OFFICIAL GOVERNMENT RECORDS
MUN-1749,P1749,MUNPROP-1749,Manoj Kumar Gupta 8,5,"Sector 24, Kachhi Khedi, Vidisha",Urban Parcel,Commercial,277.1,446.93,ACTIVE,ZONE-4,SYNTHETIC DEMO DATA — NOT OFFICIAL GOVERNMENT RECORDS
MUN-1750,P1750,MUNPROP-1750,Ritu Mishra 8,6,"Sector 25, Madhav Nagar, Vidisha",Urban Parcel,Mixed Use,305.83,493.27,ACTIVE,ZONE-5,SYNTHETIC DEMO DATA — NOT OFFICIAL GOVERNMENT RECORDS
MUN-1751,P1751,MUNPROP-1751,Arjun Malviya 8,7,"Sector 1, Raisen Link, Vidisha",Urban Parcel,Vacant Land,335.08,540.45,ACTIVE,ZONE-1,SYNTHETIC DEMO DATA — NOT OFFICIAL GOVERNMENT RECORDS
MUN-1752,P1752,MUNPROP-1752,Pooja Thakur 8,8,"Sector 2, Vidisha Urban, Vidisha",Urban Parcel,Public/Semi-Public,364.29,587.57,ACTIVE,ZONE-2,SYNTHETIC DEMO DATA — NOT OFFICIAL GOVERNMENT RECORDS
MUN-1753,P1753,MUNPROP-1753,Nitin Saxena 8,9,"Sector 3, Sanchi Road, Vidisha",Urban Parcel,Residential,393.4,634.51,ACTIVE,ZONE-3,SYNTHETIC DEMO DATA — NOT OFFICIAL GOVERNMENT RECORDS
MUN-1754,P1754,MUNPROP-1754,Meera Chouhan 8,10,"Sector 4, Betwa Nagar, Vidisha",Urban Parcel,Commercial,422.29,681.12,ACTIVE,ZONE-4,SYNTHETIC DEMO DATA — NOT OFFICIAL GOVERNMENT RECORDS
MUN-1755,P1755,MUNPROP-1755,Deepak Tiwari 8,11,"Sector 5, Ganj Basoda Road, Vidisha",Urban Parcel,Industrial,451.46,728.16,ACTIVE,ZONE-5,SYNTHETIC DEMO DATA — NOT OFFICIAL GOVERNMENT RECORDS
MUN-1756,P1756,MUNPROP-1756,Sunita Rathore 8,12,"Sector 6, Civil Lines Extension, Vidisha",Urban Parcel,Agricultural,481.03,775.85,ACTIVE,ZONE-1,SYNTHETIC DEMO DATA — NOT OFFICIAL GOVERNMENT RECORDS
MUN-1757,P1757,MUNPROP-1757,Karan Dubey 8,1,"Sector 7, Kachhi Khedi, Vidisha",Urban Parcel,Institutional,509.88,822.39,ACTIVE,ZONE-2,SYNTHETIC DEMO DATA — NOT OFFICIAL GOVERNMENT RECORDS
MUN-1758,P1758,MUNPROP-1758,Isha Kulkarni 8,2,"Sector 8, Madhav Nagar, Vidisha",Urban Parcel,Mixed Use,539.0,869.35,ACTIVE,ZONE-3,SYNTHETIC DEMO DATA — NOT OFFICIAL GOVERNMENT RECORDS
MUN-1759,P1759,MUNPROP-1759,Mohan Solanki 8,3,"Sector 9, Raisen Link, Vidisha",Urban Parcel,Vacant Land,568.5,916.94,ACTIVE,ZONE-4,SYNTHETIC DEMO DATA — NOT OFFICIAL GOVERNMENT RECORDS
MUN-1760,P1760,MUNPROP-1760,Rekha Kumar Bansal 8,4,"Sector 10, Vidisha Urban, Vidisha",Urban Parcel,Public/Semi-Public,597.08,963.04,ACTIVE,ZONE-5,SYNTHETIC DEMO DATA — NOT OFFICIAL GOVERNMENT RECORDS
MUN-1761,P1761,MUNPROP-1761,Rahul Sharma 9,5,"Sector 11, Sanchi Road, Vidisha",Urban Parcel,Residential,626.23,1010.05,ACTIVE,ZONE-1,SYNTHETIC DEMO DATA — NOT OFFICIAL GOVERNMENT RECORDS
MUN-1762,P1762,MUNPROP-1762,Amit Verma 9,6,"Sector 12, Betwa Nagar, Vidisha",Urban Parcel,Commercial,655.89,1057.88,ACTIVE,ZONE-2,SYNTHETIC DEMO DATA — NOT OFFICIAL GOVERNMENT RECORDS
MUN-1763,P1763,MUNPROP-1763,Neha Patel 9,7,"Sector 13, Ganj Basoda Road, Vidisha",Urban Parcel,Industrial,685.04,1104.91,ACTIVE,ZONE-3,SYNTHETIC DEMO DATA — NOT OFFICIAL GOVERNMENT RECORDS
MUN-1764,P1764,MUNPROP-1764,Priya Singh 9,8,"Sector 14, Civil Lines Extension, Vidisha",Urban Parcel,Agricultural,713.71,1151.14,ACTIVE,ZONE-4,SYNTHETIC DEMO DATA — NOT OFFICIAL GOVERNMENT RECORDS
MUN-1765,P1765,MUNPROP-1765,Suresh Yadav 9,9,"Sector 15, Kachhi Khedi, Vidisha",Urban Parcel,Institutional,743.14,1198.62,ACTIVE,ZONE-5,SYNTHETIC DEMO DATA — NOT OFFICIAL GOVERNMENT RECORDS
MUN-1766,P1766,MUNPROP-1766,Anjali Jain 9,10,"Sector 16, Madhav Nagar, Vidisha",Urban Parcel,Commercial,772.06,1245.26,ACTIVE,ZONE-1,SYNTHETIC DEMO DATA — NOT OFFICIAL GOVERNMENT RECORDS
MUN-1767,P1767,MUNPROP-1767,Vikram Mehta 9,11,"Sector 17, Raisen Link, Vidisha",Urban Parcel,Vacant Land,801.11,1292.12,ACTIVE,ZONE-2,SYNTHETIC DEMO DATA — NOT OFFICIAL GOVERNMENT RECORDS
MUN-1768,P1768,MUNPROP-1768,Kavita Joshi 9,12,"Sector 18, Vidisha Urban, Vidisha",Urban Parcel,Public/Semi-Public,830.37,1339.31,ACTIVE,ZONE-3,SYNTHETIC DEMO DATA — NOT OFFICIAL GOVERNMENT RECORDS
MUN-1769,P1769,MUNPROP-1769,Manoj Gupta 9,1,"Sector 19, Sanchi Road, Vidisha",Urban Parcel,Residential,859.72,1386.65,ACTIVE,ZONE-4,SYNTHETIC DEMO DATA — NOT OFFICIAL GOVERNMENT RECORDS
MUN-1770,P1770,MUNPROP-1770,Ritu Mishra 9,2,"Sector 20, Betwa Nagar, Vidisha",Urban Parcel,Commercial,888.56,1433.16,ACTIVE,ZONE-5,SYNTHETIC DEMO DATA — NOT OFFICIAL GOVERNMENT RECORDS
MUN-1771,P1771,MUNPROP-1771,Arjun Kumar Malviya 9,3,"Sector 21, Ganj Basoda Road, Vidisha",Urban Parcel,Industrial,918.1,1480.8,ACTIVE,ZONE-1,SYNTHETIC DEMO DATA — NOT OFFICIAL GOVERNMENT RECORDS
MUN-1772,P1772,MUNPROP-1772,Pooja Thakur 9,4,"Sector 22, Civil Lines Extension, Vidisha",Urban Parcel,Agricultural,947.24,1527.81,ACTIVE,ZONE-2,SYNTHETIC DEMO DATA — NOT OFFICIAL GOVERNMENT RECORDS
MUN-1773,P1773,MUNPROP-1773,Nitin Saxena 9,5,"Sector 23, Kachhi Khedi, Vidisha",Urban Parcel,Institutional,77.48,124.96,ACTIVE,ZONE-3,SYNTHETIC DEMO DATA — NOT OFFICIAL GOVERNMENT RECORDS
MUN-1774,P1774,MUNPROP-1774,Meera Chouhan 9,6,"Sector 24, Madhav Nagar, Vidisha",Urban Parcel,Mixed Use,106.63,171.98,ACTIVE,ZONE-4,SYNTHETIC DEMO DATA — NOT OFFICIAL GOVERNMENT RECORDS
MUN-1775,P1775,MUNPROP-1775,Deepak Tiwari 9,7,"Sector 25, Raisen Link, Vidisha",Urban Parcel,Vacant Land,135.51,218.56,ACTIVE,ZONE-5,SYNTHETIC DEMO DATA — NOT OFFICIAL GOVERNMENT RECORDS
MUN-1776,P1776,MUNPROP-1776,Sunita Rathore 9,8,"Sector 1, Vidisha Urban, Vidisha",Urban Parcel,Public/Semi-Public,164.91,265.98,ACTIVE,ZONE-1,SYNTHETIC DEMO DATA — NOT OFFICIAL GOVERNMENT RECORDS
MUN-1777,P1777,MUNPROP-1777,Karan Dubey 9,9,"Sector 2, Sanchi Road, Vidisha",Urban Parcel,Residential,193.93,312.79,ACTIVE,ZONE-2,SYNTHETIC DEMO DATA — NOT OFFICIAL GOVERNMENT RECORDS
MUN-1778,P1778,MUNPROP-1778,Isha Kulkarni 9,10,"Sector 3, Betwa Nagar, Vidisha",Urban Parcel,Commercial,223.07,359.79,ACTIVE,ZONE-3,SYNTHETIC DEMO DATA — NOT OFFICIAL GOVERNMENT RECORDS
MUN-1779,P1779,MUNPROP-1779,Mohan Solanki 9,11,"Sector 4, Ganj Basoda Road, Vidisha",Urban Parcel,Industrial,252.29,406.92,ACTIVE,ZONE-4,SYNTHETIC DEMO DATA — NOT OFFICIAL GOVERNMENT RECORDS
MUN-1780,P1780,MUNPROP-1780,Rekha Bansal 9,12,"Sector 5, Civil Lines Extension, Vidisha",Urban Parcel,Agricultural,281.46,453.96,ACTIVE,ZONE-5,SYNTHETIC DEMO DATA — NOT OFFICIAL GOVERNMENT RECORDS
MUN-1781,P1781,MUNPROP-1781,Rahul Sharma 10,1,"Sector 6, Kachhi Khedi, Vidisha",Urban Parcel,Institutional,310.43,500.7,ACTIVE,ZONE-1,SYNTHETIC DEMO DATA — NOT OFFICIAL GOVERNMENT RECORDS
MUN-1782,P1782,MUNPROP-1782,Amit Kumar Verma 10,2,"Sector 7, Madhav Nagar, Vidisha",Urban Parcel,Mixed Use,339.43,547.47,ACTIVE,ZONE-2,SYNTHETIC DEMO DATA — NOT OFFICIAL GOVERNMENT RECORDS
MUN-1783,P1783,MUNPROP-1783,Neha Patel 10,3,"Sector 8, Raisen Link, Vidisha",Urban Parcel,Commercial,368.79,594.82,ACTIVE,ZONE-3,SYNTHETIC DEMO DATA — NOT OFFICIAL GOVERNMENT RECORDS
MUN-1784,P1784,MUNPROP-1784,Priya Singh 10,4,"Sector 9, Vidisha Urban, Vidisha",Urban Parcel,Public/Semi-Public,397.45,641.05,ACTIVE,ZONE-4,SYNTHETIC DEMO DATA — NOT OFFICIAL GOVERNMENT RECORDS
MUN-1785,P1785,MUNPROP-1785,Suresh Yadav 10,5,"Sector 10, Sanchi Road, Vidisha",Urban Parcel,Residential,426.99,688.69,ACTIVE,ZONE-5,SYNTHETIC DEMO DATA — NOT OFFICIAL GOVERNMENT RECORDS
MUN-1786,P1786,MUNPROP-1786,Anjali Jain 10,6,"Sector 11, Betwa Nagar, Vidisha",Urban Parcel,Commercial,455.93,735.37,ACTIVE,ZONE-1,SYNTHETIC DEMO DATA — NOT OFFICIAL GOVERNMENT RECORDS
MUN-1787,P1787,MUNPROP-1787,Vikram Mehta 10,7,"Sector 12, Ganj Basoda Road, Vidisha",Urban Parcel,Industrial,485.37,782.86,ACTIVE,ZONE-2,SYNTHETIC DEMO DATA — NOT OFFICIAL GOVERNMENT RECORDS
MUN-1788,P1788,MUNPROP-1788,Kavita Joshi 10,8,"Sector 13, Civil Lines Extension, Vidisha",Urban Parcel,Agricultural,514.04,829.09,ACTIVE,ZONE-3,SYNTHETIC DEMO DATA — NOT OFFICIAL GOVERNMENT RECORDS
MUN-1789,P1789,MUNPROP-1789,Manoj Gupta 10,9,"Sector 14, Kachhi Khedi, Vidisha",Urban Parcel,Institutional,543.67,876.89,ACTIVE,ZONE-4,SYNTHETIC DEMO DATA — NOT OFFICIAL GOVERNMENT RECORDS
MUN-1790,P1790,MUNPROP-1790,Ritu Mishra 10,10,"Sector 15, Madhav Nagar, Vidisha",Urban Parcel,Mixed Use,572.61,923.56,ACTIVE,ZONE-5,SYNTHETIC DEMO DATA — NOT OFFICIAL GOVERNMENT RECORDS
MUN-1791,P1791,MUNPROP-1791,Arjun Malviya 10,11,"Sector 16, Raisen Link, Vidisha",Urban Parcel,Vacant Land,601.49,970.14,ACTIVE,ZONE-1,SYNTHETIC DEMO DATA — NOT OFFICIAL GOVERNMENT RECORDS
MUN-1792,P1792,MUNPROP-1792,Pooja Thakur 10,12,"Sector 17, Vidisha Urban, Vidisha",Urban Parcel,Public/Semi-Public,631.1,1017.91,ACTIVE,ZONE-2,SYNTHETIC DEMO DATA — NOT OFFICIAL GOVERNMENT RECORDS
MUN-1793,P1793,MUNPROP-1793,Nitin Kumar Saxena 10,1,"Sector 18, Sanchi Road, Vidisha",Urban Parcel,Residential,659.76,1064.13,ACTIVE,ZONE-3,SYNTHETIC DEMO DATA — NOT OFFICIAL GOVERNMENT RECORDS
MUN-1794,P1794,MUNPROP-1794,Meera Chouhan 10,2,"Sector 19, Betwa Nagar, Vidisha",Urban Parcel,Commercial,689.33,1111.82,ACTIVE,ZONE-4,SYNTHETIC DEMO DATA — NOT OFFICIAL GOVERNMENT RECORDS
MUN-1795,P1795,MUNPROP-1795,Deepak Tiwari 10,3,"Sector 20, Ganj Basoda Road, Vidisha",Urban Parcel,Industrial,718.21,1158.4,ACTIVE,ZONE-5,SYNTHETIC DEMO DATA — NOT OFFICIAL GOVERNMENT RECORDS
MUN-1796,P1796,MUNPROP-1796,Sunita Rathore 10,4,"Sector 21, Civil Lines Extension, Vidisha",Urban Parcel,Agricultural,747.14,1205.07,ACTIVE,ZONE-1,SYNTHETIC DEMO DATA — NOT OFFICIAL GOVERNMENT RECORDS
MUN-1797,P1797,MUNPROP-1797,Karan Dubey 10,5,"Sector 22, Kachhi Khedi, Vidisha",Urban Parcel,Institutional,776.27,1252.05,ACTIVE,ZONE-2,SYNTHETIC DEMO DATA — NOT OFFICIAL GOVERNMENT RECORDS
MUN-1798,P1798,MUNPROP-1798,Isha Kulkarni 10,6,"Sector 23, Madhav Nagar, Vidisha",Urban Parcel,Mixed Use,805.66,1299.45,ACTIVE,ZONE-3,SYNTHETIC DEMO DATA — NOT OFFICIAL GOVERNMENT RECORDS
MUN-1799,P1799,MUNPROP-1799,Mohan Solanki 10,7,"Sector 24, Raisen Link, Vidisha",Urban Parcel,Vacant Land,834.9,1346.61,ACTIVE,ZONE-4,SYNTHETIC DEMO DATA — NOT OFFICIAL GOVERNMENT RECORDS
MUN-1800,P1800,MUNPROP-1800,Rekha Bansal 10,8,"Sector 25, Vidisha Urban, Vidisha",Urban Parcel,Commercial,863.88,1393.35,ACTIVE,ZONE-5,SYNTHETIC DEMO DATA — NOT OFFICIAL GOVERNMENT RECORDS
MUN-1801,P1801,MUNPROP-1801,Rahul Sharma,9,"Sector 1, Sanchi Road, Vidisha",Urban Parcel,Residential,893.41,1440.98,ACTIVE,ZONE-1,SYNTHETIC DEMO DATA — NOT OFFICIAL GOVERNMENT RECORDS
MUN-1802,P1802,MUNPROP-1802,Amit Verma,10,"Sector 2, Betwa Nagar, Vidisha",Urban Parcel,Commercial,922.14,1487.32,ACTIVE,ZONE-2,SYNTHETIC DEMO DATA — NOT OFFICIAL GOVERNMENT RECORDS
MUN-1803,P1803,MUNPROP-1803,Neha Patel,11,"Sector 3, Ganj Basoda Road, Vidisha",Urban Parcel,Industrial,951.5,1534.67,ACTIVE,ZONE-3,SYNTHETIC DEMO DATA — NOT OFFICIAL GOVERNMENT RECORDS
MUN-1804,P1804,MUNPROP-1804,Priya Kumar Singh,12,"Sector 4, Civil Lines Extension, Vidisha",Urban Parcel,Agricultural,81.4,131.29,ACTIVE,ZONE-4,SYNTHETIC DEMO DATA — NOT OFFICIAL GOVERNMENT RECORDS
MUN-1805,P1805,MUNPROP-1805,Suresh Yadav,1,"Sector 5, Kachhi Khedi, Vidisha",Urban Parcel,Institutional,110.91,178.89,ACTIVE,ZONE-5,SYNTHETIC DEMO DATA — NOT OFFICIAL GOVERNMENT RECORDS
MUN-1806,P1806,MUNPROP-1806,Anjali Jain,2,"Sector 6, Madhav Nagar, Vidisha",Urban Parcel,Mixed Use,139.8,225.48,ACTIVE,ZONE-1,SYNTHETIC DEMO DATA — NOT OFFICIAL GOVERNMENT RECORDS
MUN-1807,P1807,MUNPROP-1807,Vikram Mehta,3,"Sector 7, Raisen Link, Vidisha",Urban Parcel,Vacant Land,168.76,272.2,ACTIVE,ZONE-2,SYNTHETIC DEMO DATA — NOT OFFICIAL GOVERNMENT RECORDS
MUN-1808,P1808,MUNPROP-1808,Kavita Joshi,4,"Sector 8, Vidisha Urban, Vidisha",Urban Parcel,Public/Semi-Public,197.81,319.05,ACTIVE,ZONE-3,SYNTHETIC DEMO DATA — NOT OFFICIAL GOVERNMENT RECORDS
MUN-1809,P1809,MUNPROP-1809,Manoj Gupta,5,"Sector 9, Sanchi Road, Vidisha",Urban Parcel,Residential,227.16,366.39,ACTIVE,ZONE-4,SYNTHETIC DEMO DATA — NOT OFFICIAL GOVERNMENT RECORDS
MUN-1810,P1810,MUNPROP-1810,Ritu Mishra,6,"Sector 10, Betwa Nagar, Vidisha",Urban Parcel,Commercial,256.32,413.42,ACTIVE,ZONE-5,SYNTHETIC DEMO DATA — NOT OFFICIAL GOVERNMENT RECORDS
MUN-1811,P1811,MUNPROP-1811,Arjun Malviya,7,"Sector 11, Ganj Basoda Road, Vidisha",Urban Parcel,Industrial,285.21,460.02,ACTIVE,ZONE-1,SYNTHETIC DEMO DATA — NOT OFFICIAL GOVERNMENT RECORDS
MUN-1812,P1812,MUNPROP-1812,Pooja Thakur,8,"Sector 12, Civil Lines Extension, Vidisha",Urban Parcel,Agricultural,314.55,507.34,ACTIVE,ZONE-2,SYNTHETIC DEMO DATA — NOT OFFICIAL GOVERNMENT RECORDS
MUN-1813,P1813,MUNPROP-1813,Nitin Saxena,9,"Sector 13, Kachhi Khedi, Vidisha",Urban Parcel,Institutional,343.63,554.25,ACTIVE,ZONE-3,SYNTHETIC DEMO DATA — NOT OFFICIAL GOVERNMENT RECORDS
MUN-1814,P1814,MUNPROP-1814,Meera Chouhan,10,"Sector 14, Madhav Nagar, Vidisha",Urban Parcel,Mixed Use,373.13,601.82,ACTIVE,ZONE-4,SYNTHETIC DEMO DATA — NOT OFFICIAL GOVERNMENT RECORDS
MUN-1815,P1815,MUNPROP-1815,Deepak Kumar Tiwari,11,"Sector 15, Raisen Link, Vidisha",Urban Parcel,Vacant Land,402.01,648.41,ACTIVE,ZONE-5,SYNTHETIC DEMO DATA — NOT OFFICIAL GOVERNMENT RECORDS
MUN-1816,P1816,MUNPROP-1816,Sunita Rathore,12,"Sector 16, Vidisha Urban, Vidisha",Urban Parcel,Public/Semi-Public,430.94,695.07,ACTIVE,ZONE-1,SYNTHETIC DEMO DATA — NOT OFFICIAL GOVERNMENT RECORDS
MUN-1817,P1817,MUNPROP-1817,Karan Dubey,1,"Sector 17, Sanchi Road, Vidisha",Urban Parcel,Commercial,460.16,742.2,ACTIVE,ZONE-2,SYNTHETIC DEMO DATA — NOT OFFICIAL GOVERNMENT RECORDS
MUN-1818,P1818,MUNPROP-1818,Isha Kulkarni,2,"Sector 18, Betwa Nagar, Vidisha",Urban Parcel,Commercial,489.23,789.08,ACTIVE,ZONE-3,SYNTHETIC DEMO DATA — NOT OFFICIAL GOVERNMENT RECORDS
MUN-1819,P1819,MUNPROP-1819,Mohan Solanki,3,"Sector 19, Ganj Basoda Road, Vidisha",Urban Parcel,Industrial,518.41,836.15,ACTIVE,ZONE-4,SYNTHETIC DEMO DATA — NOT OFFICIAL GOVERNMENT RECORDS
MUN-1820,P1820,MUNPROP-1820,Rekha Bansal,4,"Sector 20, Civil Lines Extension, Vidisha",Urban Parcel,Agricultural,547.9,883.71,ACTIVE,ZONE-5,SYNTHETIC DEMO DATA — NOT OFFICIAL GOVERNMENT RECORDS
MUN-1821,P1821,MUNPROP-1821,Rahul Sharma 2,5,"Sector 21, Kachhi Khedi, Vidisha",Urban Parcel,Institutional,576.68,930.13,ACTIVE,ZONE-1,SYNTHETIC DEMO DATA — NOT OFFICIAL GOVERNMENT RECORDS
MUN-1822,P1822,MUNPROP-1822,Amit Verma 2,6,"Sector 22, Madhav Nagar, Vidisha",Urban Parcel,Mixed Use,605.88,977.22,ACTIVE,ZONE-2,SYNTHETIC DEMO DATA — NOT OFFICIAL GOVERNMENT RECORDS
MUN-1823,P1823,MUNPROP-1823,Neha Patel 2,7,"Sector 23, Raisen Link, Vidisha",Urban Parcel,Vacant Land,635.47,1024.95,ACTIVE,ZONE-3,SYNTHETIC DEMO DATA — NOT OFFICIAL GOVERNMENT RECORDS
MUN-1824,P1824,MUNPROP-1824,Priya Singh 2,8,"Sector 24, Vidisha Urban, Vidisha",Urban Parcel,Public/Semi-Public,664.14,1071.2,ACTIVE,ZONE-4,SYNTHETIC DEMO DATA — NOT OFFICIAL GOVERNMENT RECORDS
MUN-1825,P1825,MUNPROP-1825,Suresh Yadav 2,9,"Sector 25, Sanchi Road, Vidisha",Urban Parcel,Residential,693.64,1118.78,ACTIVE,ZONE-5,SYNTHETIC DEMO DATA — NOT OFFICIAL GOVERNMENT RECORDS
MUN-1826,P1826,MUNPROP-1826,Anjali Kumar Jain 2,10,"Sector 1, Betwa Nagar, Vidisha",Urban Parcel,Commercial,722.42,1165.2,ACTIVE,ZONE-1,SYNTHETIC DEMO DATA — NOT OFFICIAL GOVERNMENT RECORDS
MUN-1827,P1827,MUNPROP-1827,Vikram Mehta 2,11,"Sector 2, Ganj Basoda Road, Vidisha",Urban Parcel,Industrial,751.72,1212.45,ACTIVE,ZONE-2,SYNTHETIC DEMO DATA — NOT OFFICIAL GOVERNMENT RECORDS
MUN-1828,P1828,MUNPROP-1828,Kavita Joshi 2,12,"Sector 3, Civil Lines Extension, Vidisha",Urban Parcel,Agricultural,780.85,1259.44,ACTIVE,ZONE-3,SYNTHETIC DEMO DATA — NOT OFFICIAL GOVERNMENT RECORDS
MUN-1829,P1829,MUNPROP-1829,Manoj Gupta 2,1,"Sector 4, Kachhi Khedi, Vidisha",Urban Parcel,Institutional,810.13,1306.66,ACTIVE,ZONE-4,SYNTHETIC DEMO DATA — NOT OFFICIAL GOVERNMENT RECORDS
MUN-1830,P1830,MUNPROP-1830,Ritu Mishra 2,2,"Sector 5, Madhav Nagar, Vidisha",Urban Parcel,Mixed Use,839.45,1353.95,ACTIVE,ZONE-5,SYNTHETIC DEMO DATA — NOT OFFICIAL GOVERNMENT RECORDS
MUN-1831,P1831,MUNPROP-1831,Arjun Malviya 2,3,"Sector 6, Raisen Link, Vidisha",Urban Parcel,Vacant Land,868.55,1400.89,ACTIVE,ZONE-1,SYNTHETIC DEMO DATA — NOT OFFICIAL GOVERNMENT RECORDS
MUN-1832,P1832,MUNPROP-1832,Pooja Thakur 2,4,"Sector 7, Vidisha Urban, Vidisha",Urban Parcel,Public/Semi-Public,897.47,1447.53,ACTIVE,ZONE-2,SYNTHETIC DEMO DATA — NOT OFFICIAL GOVERNMENT RECORDS
MUN-1833,P1833,MUNPROP-1833,Nitin Saxena 2,5,"Sector 8, Sanchi Road, Vidisha",Urban Parcel,Residential,926.76,1494.78,ACTIVE,ZONE-3,SYNTHETIC DEMO DATA — NOT OFFICIAL GOVERNMENT RECORDS
MUN-1834,P1834,MUNPROP-1834,Meera Chouhan 2,6,"Sector 9, Betwa Nagar, Vidisha",Urban Parcel,Commercial,56.44,91.03,ACTIVE,ZONE-4,SYNTHETIC DEMO DATA — NOT OFFICIAL GOVERNMENT RECORDS
MUN-1835,P1835,MUNPROP-1835,Deepak Tiwari 2,7,"Sector 10, Ganj Basoda Road, Vidisha",Urban Parcel,Industrial,85.72,138.26,ACTIVE,ZONE-5,SYNTHETIC DEMO DATA — NOT OFFICIAL GOVERNMENT RECORDS
MUN-1836,P1836,MUNPROP-1836,Sunita Rathore 2,8,"Sector 11, Civil Lines Extension, Vidisha",Urban Parcel,Agricultural,114.97,185.44,ACTIVE,ZONE-1,SYNTHETIC DEMO DATA — NOT OFFICIAL GOVERNMENT RECORDS
MUN-1837,P1837,MUNPROP-1837,Karan Kumar Dubey 2,9,"Sector 12, Kachhi Khedi, Vidisha",Urban Parcel,Institutional,144.31,232.76,ACTIVE,ZONE-2,SYNTHETIC DEMO DATA — NOT OFFICIAL GOVERNMENT RECORDS
MUN-1838,P1838,MUNPROP-1838,Isha Kulkarni 2,10,"Sector 13, Madhav Nagar, Vidisha",Urban Parcel,Mixed Use,173.25,279.43,ACTIVE,ZONE-3,SYNTHETIC DEMO DATA — NOT OFFICIAL GOVERNMENT RECORDS
MUN-1839,P1839,MUNPROP-1839,Mohan Solanki 2,11,"Sector 14, Raisen Link, Vidisha",Urban Parcel,Vacant Land,202.18,326.09,ACTIVE,ZONE-4,SYNTHETIC DEMO DATA — NOT OFFICIAL GOVERNMENT RECORDS
MUN-1840,P1840,MUNPROP-1840,Rekha Bansal 2,12,"Sector 15, Vidisha Urban, Vidisha",Urban Parcel,Public/Semi-Public,231.34,373.13,ACTIVE,ZONE-5,SYNTHETIC DEMO DATA — NOT OFFICIAL GOVERNMENT RECORDS
MUN-1841,P1841,MUNPROP-1841,Rahul Sharma 3,1,"Sector 16, Sanchi Road, Vidisha",Urban Parcel,Residential,260.65,420.4,ACTIVE,ZONE-1,SYNTHETIC DEMO DATA — NOT OFFICIAL GOVERNMENT RECORDS
MUN-1842,P1842,MUNPROP-1842,Amit Verma 3,2,"Sector 17, Betwa Nagar, Vidisha",Urban Parcel,Commercial,290.12,467.93,ACTIVE,ZONE-2,SYNTHETIC DEMO DATA — NOT OFFICIAL GOVERNMENT RECORDS
MUN-1843,P1843,MUNPROP-1843,Neha Patel 3,3,"Sector 18, Ganj Basoda Road, Vidisha",Urban Parcel,Industrial,318.7,514.04,ACTIVE,ZONE-3,SYNTHETIC DEMO DATA — NOT OFFICIAL GOVERNMENT RECORDS
MUN-1844,P1844,MUNPROP-1844,Priya Singh 3,4,"Sector 19, Civil Lines Extension, Vidisha",Urban Parcel,Agricultural,348.37,561.89,ACTIVE,ZONE-4,SYNTHETIC DEMO DATA — NOT OFFICIAL GOVERNMENT RECORDS
MUN-1845,P1845,MUNPROP-1845,Suresh Yadav 3,5,"Sector 20, Kachhi Khedi, Vidisha",Urban Parcel,Institutional,377.48,608.84,ACTIVE,ZONE-5,SYNTHETIC DEMO DATA — NOT OFFICIAL GOVERNMENT RECORDS
MUN-1846,P1846,MUNPROP-1846,Anjali Jain 3,6,"Sector 21, Madhav Nagar, Vidisha",Urban Parcel,Mixed Use,406.16,655.09,ACTIVE,ZONE-1,SYNTHETIC DEMO DATA — NOT OFFICIAL GOVERNMENT RECORDS
MUN-1847,P1847,MUNPROP-1847,Vikram Mehta 3,7,"Sector 22, Raisen Link, Vidisha",Urban Parcel,Vacant Land,435.8,702.91,ACTIVE,ZONE-2,SYNTHETIC DEMO DATA — NOT OFFICIAL GOVERNMENT RECORDS
MUN-1848,P1848,MUNPROP-1848,Kavita Kumar Joshi 3,8,"Sector 23, Vidisha Urban, Vidisha",Urban Parcel,Public/Semi-Public,464.55,749.28,ACTIVE,ZONE-3,SYNTHETIC DEMO DATA — NOT OFFICIAL GOVERNMENT RECORDS
MUN-1849,P1849,MUNPROP-1849,Manoj Gupta 3,9,"Sector 24, Sanchi Road, Vidisha",Urban Parcel,Residential,493.62,796.16,ACTIVE,ZONE-4,SYNTHETIC DEMO DATA — NOT OFFICIAL GOVERNMENT RECORDS
MUN-1850,P1850,MUNPROP-1850,Ritu Mishra 3,10,"Sector 25, Betwa Nagar, Vidisha",Urban Parcel,Commercial,522.76,843.16,ACTIVE,ZONE-5,SYNTHETIC DEMO DATA — NOT OFFICIAL GOVERNMENT RECORDS
MUN-1851,P1851,MUNPROP-1851,Arjun Malviya 3,11,"Sector 1, Ganj Basoda Road, Vidisha",Urban Parcel,Commercial,552.39,890.95,ACTIVE,ZONE-1,SYNTHETIC DEMO DATA — NOT OFFICIAL GOVERNMENT RECORDS
MUN-1852,P1852,MUNPROP-1852,Pooja Thakur 3,12,"Sector 2, Civil Lines Extension, Vidisha",Urban Parcel,Agricultural,581.35,937.66,ACTIVE,ZONE-2,SYNTHETIC DEMO DATA — NOT OFFICIAL GOVERNMENT RECORDS
MUN-1853,P1853,MUNPROP-1853,Nitin Saxena 3,1,"Sector 3, Kachhi Khedi, Vidisha",Urban Parcel,Institutional,610.41,984.53,ACTIVE,ZONE-3,SYNTHETIC DEMO DATA — NOT OFFICIAL GOVERNMENT RECORDS
MUN-1854,P1854,MUNPROP-1854,Meera Chouhan 3,2,"Sector 4, Madhav Nagar, Vidisha",Urban Parcel,Mixed Use,639.32,1031.16,ACTIVE,ZONE-4,SYNTHETIC DEMO DATA — NOT OFFICIAL GOVERNMENT RECORDS
MUN-1855,P1855,MUNPROP-1855,Deepak Tiwari 3,3,"Sector 5, Raisen Link, Vidisha",Urban Parcel,Vacant Land,668.36,1078.0,ACTIVE,ZONE-5,SYNTHETIC DEMO DATA — NOT OFFICIAL GOVERNMENT RECORDS
MUN-1856,P1856,MUNPROP-1856,Sunita Rathore 3,4,"Sector 6, Vidisha Urban, Vidisha",Urban Parcel,Public/Semi-Public,697.69,1125.31,ACTIVE,ZONE-1,SYNTHETIC DEMO DATA — NOT OFFICIAL GOVERNMENT RECORDS
MUN-1857,P1857,MUNPROP-1857,Karan Dubey 3,5,"Sector 7, Sanchi Road, Vidisha",Urban Parcel,Residential,726.94,1172.49,ACTIVE,ZONE-2,SYNTHETIC DEMO DATA — NOT OFFICIAL GOVERNMENT RECORDS
MUN-1858,P1858,MUNPROP-1858,Isha Kulkarni 3,6,"Sector 8, Betwa Nagar, Vidisha",Urban Parcel,Commercial,756.1,1219.52,ACTIVE,ZONE-3,SYNTHETIC DEMO DATA — NOT OFFICIAL GOVERNMENT RECORDS
MUN-1859,P1859,MUNPROP-1859,Mohan Kumar Solanki 3,7,"Sector 9, Ganj Basoda Road, Vidisha",Urban Parcel,Industrial,785.4,1266.78,ACTIVE,ZONE-4,SYNTHETIC DEMO DATA — NOT OFFICIAL GOVERNMENT RECORDS
MUN-1860,P1860,MUNPROP-1860,Rekha Bansal 3,8,"Sector 10, Civil Lines Extension, Vidisha",Urban Parcel,Agricultural,814.26,1313.32,ACTIVE,ZONE-5,SYNTHETIC DEMO DATA — NOT OFFICIAL GOVERNMENT RECORDS
MUN-1861,P1861,MUNPROP-1861,Rahul Sharma 4,9,"Sector 11, Kachhi Khedi, Vidisha",Urban Parcel,Institutional,843.77,1360.92,ACTIVE,ZONE-1,SYNTHETIC DEMO DATA — NOT OFFICIAL GOVERNMENT RECORDS
MUN-1862,P1862,MUNPROP-1862,Amit Verma 4,10,"Sector 12, Madhav Nagar, Vidisha",Urban Parcel,Mixed Use,872.61,1407.43,ACTIVE,ZONE-2,SYNTHETIC DEMO DATA — NOT OFFICIAL GOVERNMENT RECORDS
MUN-1863,P1863,MUNPROP-1863,Neha Patel 4,11,"Sector 13, Raisen Link, Vidisha",Urban Parcel,Vacant Land,901.77,1454.47,ACTIVE,ZONE-3,SYNTHETIC DEMO DATA — NOT OFFICIAL GOVERNMENT RECORDS
MUN-1864,P1864,MUNPROP-1864,Priya Singh 4,12,"Sector 14, Vidisha Urban, Vidisha",Urban Parcel,Public/Semi-Public,931.02,1501.65,ACTIVE,ZONE-4,SYNTHETIC DEMO DATA — NOT OFFICIAL GOVERNMENT RECORDS
MUN-1865,P1865,MUNPROP-1865,Suresh Yadav 4,1,"Sector 15, Sanchi Road, Vidisha",Urban Parcel,Residential,61.34,98.93,ACTIVE,ZONE-5,SYNTHETIC DEMO DATA — NOT OFFICIAL GOVERNMENT RECORDS
MUN-1866,P1866,MUNPROP-1866,Anjali Jain 4,2,"Sector 16, Betwa Nagar, Vidisha",Urban Parcel,Commercial,90.18,145.45,ACTIVE,ZONE-1,SYNTHETIC DEMO DATA — NOT OFFICIAL GOVERNMENT RECORDS
MUN-1867,P1867,MUNPROP-1867,Vikram Mehta 4,3,"Sector 17, Ganj Basoda Road, Vidisha",Urban Parcel,Industrial,119.46,192.67,ACTIVE,ZONE-2,SYNTHETIC DEMO DATA — NOT OFFICIAL GOVERNMENT RECORDS
MUN-1868,P1868,MUNPROP-1868,Kavita Joshi 4,4,"Sector 18, Civil Lines Extension, Vidisha",Urban Parcel,Commercial,148.5,239.52,ACTIVE,ZONE-3,SYNTHETIC DEMO DATA — NOT OFFICIAL GOVERNMENT RECORDS
MUN-1869,P1869,MUNPROP-1869,Manoj Gupta 4,5,"Sector 19, Kachhi Khedi, Vidisha",Urban Parcel,Institutional,177.41,286.15,ACTIVE,ZONE-4,SYNTHETIC DEMO DATA — NOT OFFICIAL GOVERNMENT RECORDS
MUN-1870,P1870,MUNPROP-1870,Ritu Kumar Mishra 4,6,"Sector 20, Madhav Nagar, Vidisha",Urban Parcel,Mixed Use,206.52,333.09,ACTIVE,ZONE-5,SYNTHETIC DEMO DATA — NOT OFFICIAL GOVERNMENT RECORDS
MUN-1871,P1871,MUNPROP-1871,Arjun Malviya 4,7,"Sector 21, Raisen Link, Vidisha",Urban Parcel,Vacant Land,235.98,380.62,ACTIVE,ZONE-1,SYNTHETIC DEMO DATA — NOT OFFICIAL GOVERNMENT RECORDS
MUN-1872,P1872,MUNPROP-1872,Pooja Thakur 4,8,"Sector 22, Vidisha Urban, Vidisha",Urban Parcel,Public/Semi-Public,265.11,427.59,ACTIVE,ZONE-2,SYNTHETIC DEMO DATA — NOT OFFICIAL GOVERNMENT RECORDS
MUN-1873,P1873,MUNPROP-1873,Nitin Saxena 4,9,"Sector 23, Sanchi Road, Vidisha",Urban Parcel,Residential,294.07,474.3,ACTIVE,ZONE-3,SYNTHETIC DEMO DATA — NOT OFFICIAL GOVERNMENT RECORDS
MUN-1874,P1874,MUNPROP-1874,Meera Chouhan 4,10,"Sector 24, Betwa Nagar, Vidisha",Urban Parcel,Commercial,323.14,521.2,ACTIVE,ZONE-4,SYNTHETIC DEMO DATA — NOT OFFICIAL GOVERNMENT RECORDS
MUN-1875,P1875,MUNPROP-1875,Deepak Tiwari 4,11,"Sector 25, Ganj Basoda Road, Vidisha",Urban Parcel,Industrial,352.53,568.6,ACTIVE,ZONE-5,SYNTHETIC DEMO DATA — NOT OFFICIAL GOVERNMENT RECORDS
MUN-1876,P1876,MUNPROP-1876,Sunita Rathore 4,12,"Sector 1, Civil Lines Extension, Vidisha",Urban Parcel,Agricultural,381.5,615.32,ACTIVE,ZONE-1,SYNTHETIC DEMO DATA — NOT OFFICIAL GOVERNMENT RECORDS
MUN-1877,P1877,MUNPROP-1877,Karan Dubey 4,1,"Sector 2, Kachhi Khedi, Vidisha",Urban Parcel,Institutional,410.86,662.67,ACTIVE,ZONE-2,SYNTHETIC DEMO DATA — NOT OFFICIAL GOVERNMENT RECORDS
MUN-1878,P1878,MUNPROP-1878,Isha Kulkarni 4,2,"Sector 3, Madhav Nagar, Vidisha",Urban Parcel,Mixed Use,439.74,709.26,ACTIVE,ZONE-3,SYNTHETIC DEMO DATA — NOT OFFICIAL GOVERNMENT RECORDS
MUN-1879,P1879,MUNPROP-1879,Mohan Solanki 4,3,"Sector 4, Raisen Link, Vidisha",Urban Parcel,Vacant Land,469.22,756.8,ACTIVE,ZONE-4,SYNTHETIC DEMO DATA — NOT OFFICIAL GOVERNMENT RECORDS
MUN-1880,P1880,MUNPROP-1880,Rekha Bansal 4,4,"Sector 5, Vidisha Urban, Vidisha",Urban Parcel,Public/Semi-Public,497.9,803.07,ACTIVE,ZONE-5,SYNTHETIC DEMO DATA — NOT OFFICIAL GOVERNMENT RECORDS
MUN-1881,P1881,MUNPROP-1881,Rahul Kumar Sharma 5,5,"Sector 6, Sanchi Road, Vidisha",Urban Parcel,Residential,527.27,850.44,ACTIVE,ZONE-1,SYNTHETIC DEMO DATA — NOT OFFICIAL GOVERNMENT RECORDS
MUN-1882,P1882,MUNPROP-1882,Amit Verma 5,6,"Sector 7, Betwa Nagar, Vidisha",Urban Parcel,Commercial,556.72,897.94,ACTIVE,ZONE-2,SYNTHETIC DEMO DATA — NOT OFFICIAL GOVERNMENT RECORDS
MUN-1883,P1883,MUNPROP-1883,Neha Patel 5,7,"Sector 8, Ganj Basoda Road, Vidisha",Urban Parcel,Industrial,585.31,944.05,ACTIVE,ZONE-3,SYNTHETIC DEMO DATA — NOT OFFICIAL GOVERNMENT RECORDS
MUN-1884,P1884,MUNPROP-1884,Priya Singh 5,8,"Sector 9, Civil Lines Extension, Vidisha",Urban Parcel,Agricultural,614.93,991.82,ACTIVE,ZONE-4,SYNTHETIC DEMO DATA — NOT OFFICIAL GOVERNMENT RECORDS
MUN-1885,P1885,MUNPROP-1885,Suresh Yadav 5,9,"Sector 10, Kachhi Khedi, Vidisha",Urban Parcel,Commercial,643.94,1038.62,ACTIVE,ZONE-5,SYNTHETIC DEMO DATA — NOT OFFICIAL GOVERNMENT RECORDS
MUN-1886,P1886,MUNPROP-1886,Anjali Jain 5,10,"Sector 11, Madhav Nagar, Vidisha",Urban Parcel,Mixed Use,672.9,1085.33,ACTIVE,ZONE-1,SYNTHETIC DEMO DATA — NOT OFFICIAL GOVERNMENT RECORDS
MUN-1887,P1887,MUNPROP-1887,Vikram Mehta 5,11,"Sector 12, Raisen Link, Vidisha",Urban Parcel,Vacant Land,702.06,1132.36,ACTIVE,ZONE-2,SYNTHETIC DEMO DATA — NOT OFFICIAL GOVERNMENT RECORDS
MUN-1888,P1888,MUNPROP-1888,Kavita Joshi 5,12,"Sector 13, Vidisha Urban, Vidisha",Urban Parcel,Public/Semi-Public,731.12,1179.22,ACTIVE,ZONE-3,SYNTHETIC DEMO DATA — NOT OFFICIAL GOVERNMENT RECORDS
MUN-1889,P1889,MUNPROP-1889,Manoj Gupta 5,1,"Sector 14, Sanchi Road, Vidisha",Urban Parcel,Residential,760.52,1226.64,ACTIVE,ZONE-4,SYNTHETIC DEMO DATA — NOT OFFICIAL GOVERNMENT RECORDS
MUN-1890,P1890,MUNPROP-1890,Ritu Mishra 5,2,"Sector 15, Betwa Nagar, Vidisha",Urban Parcel,Commercial,789.39,1273.21,ACTIVE,ZONE-5,SYNTHETIC DEMO DATA — NOT OFFICIAL GOVERNMENT RECORDS
MUN-1891,P1891,MUNPROP-1891,Arjun Malviya 5,3,"Sector 16, Ganj Basoda Road, Vidisha",Urban Parcel,Industrial,819.0,1320.97,ACTIVE,ZONE-1,SYNTHETIC DEMO DATA — NOT OFFICIAL GOVERNMENT RECORDS
MUN-1892,P1892,MUNPROP-1892,Pooja Kumar Thakur 5,4,"Sector 17, Civil Lines Extension, Vidisha",Urban Parcel,Agricultural,848.0,1367.75,ACTIVE,ZONE-2,SYNTHETIC DEMO DATA — NOT OFFICIAL GOVERNMENT RECORDS
MUN-1893,P1893,MUNPROP-1893,Nitin Saxena 5,5,"Sector 18, Kachhi Khedi, Vidisha",Urban Parcel,Institutional,876.9,1414.36,ACTIVE,ZONE-3,SYNTHETIC DEMO DATA — NOT OFFICIAL GOVERNMENT RECORDS
MUN-1894,P1894,MUNPROP-1894,Meera Chouhan 5,6,"Sector 19, Madhav Nagar, Vidisha",Urban Parcel,Mixed Use,906.22,1461.65,ACTIVE,ZONE-4,SYNTHETIC DEMO DATA — NOT OFFICIAL GOVERNMENT RECORDS
MUN-1895,P1895,MUNPROP-1895,Deepak Tiwari 5,7,"Sector 20, Raisen Link, Vidisha",Urban Parcel,Vacant Land,935.2,1508.38,ACTIVE,ZONE-5,SYNTHETIC DEMO DATA — NOT OFFICIAL GOVERNMENT RECORDS
MUN-1896,P1896,MUNPROP-1896,Sunita Rathore 5,8,"Sector 21, Vidisha Urban, Vidisha",Urban Parcel,Public/Semi-Public,65.19,105.15,ACTIVE,ZONE-1,SYNTHETIC DEMO DATA — NOT OFFICIAL GOVERNMENT RECORDS
MUN-1897,P1897,MUNPROP-1897,Karan Dubey 5,9,"Sector 22, Sanchi Road, Vidisha",Urban Parcel,Residential,94.55,152.5,ACTIVE,ZONE-2,SYNTHETIC DEMO DATA — NOT OFFICIAL GOVERNMENT RECORDS
MUN-1898,P1898,MUNPROP-1898,Isha Kulkarni 5,10,"Sector 23, Betwa Nagar, Vidisha",Urban Parcel,Commercial,123.41,199.05,ACTIVE,ZONE-3,SYNTHETIC DEMO DATA — NOT OFFICIAL GOVERNMENT RECORDS
MUN-1899,P1899,MUNPROP-1899,Mohan Solanki 5,11,"Sector 24, Ganj Basoda Road, Vidisha",Urban Parcel,Industrial,152.75,246.37,ACTIVE,ZONE-4,SYNTHETIC DEMO DATA — NOT OFFICIAL GOVERNMENT RECORDS
MUN-1900,P1900,MUNPROP-1900,Rekha Bansal 5,12,"Sector 25, Civil Lines Extension, Vidisha",Urban Parcel,Agricultural,182.12,293.74,ACTIVE,ZONE-5,SYNTHETIC DEMO DATA — NOT OFFICIAL GOVERNMENT RECORDS
MUN-1901,P1901,MUNPROP-1901,Rahul Sharma 6,1,"Sector 1, Kachhi Khedi, Vidisha",Urban Parcel,Institutional,211.25,340.72,ACTIVE,ZONE-1,SYNTHETIC DEMO DATA — NOT OFFICIAL GOVERNMENT RECORDS
MUN-1902,P1902,MUNPROP-1902,Amit Verma 6,2,"Sector 2, Madhav Nagar, Vidisha",Urban Parcel,Commercial,240.3,387.58,ACTIVE,ZONE-2,SYNTHETIC DEMO DATA — NOT OFFICIAL GOVERNMENT RECORDS
MUN-1903,P1903,MUNPROP-1903,Neha Kumar Patel 6,3,"Sector 3, Raisen Link, Vidisha",Urban Parcel,Vacant Land,269.47,434.63,ACTIVE,ZONE-3,SYNTHETIC DEMO DATA — NOT OFFICIAL GOVERNMENT RECORDS
MUN-1904,P1904,MUNPROP-1904,Priya Singh 6,4,"Sector 4, Vidisha Urban, Vidisha",Urban Parcel,Public/Semi-Public,298.24,481.04,ACTIVE,ZONE-4,SYNTHETIC DEMO DATA — NOT OFFICIAL GOVERNMENT RECORDS
MUN-1905,P1905,MUNPROP-1905,Suresh Yadav 6,5,"Sector 5, Sanchi Road, Vidisha",Urban Parcel,Residential,327.7,528.55,ACTIVE,ZONE-5,SYNTHETIC DEMO DATA — NOT OFFICIAL GOVERNMENT RECORDS
MUN-1906,P1906,MUNPROP-1906,Anjali Jain 6,6,"Sector 6, Betwa Nagar, Vidisha",Urban Parcel,Commercial,356.61,575.17,ACTIVE,ZONE-1,SYNTHETIC DEMO DATA — NOT OFFICIAL GOVERNMENT RECORDS
MUN-1907,P1907,MUNPROP-1907,Vikram Mehta 6,7,"Sector 7, Ganj Basoda Road, Vidisha",Urban Parcel,Industrial,386.22,622.93,ACTIVE,ZONE-2,SYNTHETIC DEMO DATA — NOT OFFICIAL GOVERNMENT RECORDS
MUN-1908,P1908,MUNPROP-1908,Kavita Joshi 6,8,"Sector 8, Civil Lines Extension, Vidisha",Urban Parcel,Agricultural,415.18,669.64,ACTIVE,ZONE-3,SYNTHETIC DEMO DATA — NOT OFFICIAL GOVERNMENT RECORDS
MUN-1909,P1909,MUNPROP-1909,Manoj Gupta 6,9,"Sector 9, Kachhi Khedi, Vidisha",Urban Parcel,Institutional,444.14,716.36,ACTIVE,ZONE-4,SYNTHETIC DEMO DATA — NOT OFFICIAL GOVERNMENT RECORDS
MUN-1910,P1910,MUNPROP-1910,Ritu Mishra 6,10,"Sector 10, Madhav Nagar, Vidisha",Urban Parcel,Mixed Use,473.23,763.27,ACTIVE,ZONE-5,SYNTHETIC DEMO DATA — NOT OFFICIAL GOVERNMENT RECORDS
MUN-1911,P1911,MUNPROP-1911,Arjun Malviya 6,11,"Sector 11, Raisen Link, Vidisha",Urban Parcel,Vacant Land,502.37,810.27,ACTIVE,ZONE-1,SYNTHETIC DEMO DATA — NOT OFFICIAL GOVERNMENT RECORDS
MUN-1912,P1912,MUNPROP-1912,Pooja Thakur 6,12,"Sector 12, Vidisha Urban, Vidisha",Urban Parcel,Public/Semi-Public,531.85,857.82,ACTIVE,ZONE-2,SYNTHETIC DEMO DATA — NOT OFFICIAL GOVERNMENT RECORDS
MUN-1913,P1913,MUNPROP-1913,Nitin Saxena 6,1,"Sector 13, Sanchi Road, Vidisha",Urban Parcel,Residential,561.04,904.9,ACTIVE,ZONE-3,SYNTHETIC DEMO DATA — NOT OFFICIAL GOVERNMENT RECORDS
MUN-1914,P1914,MUNPROP-1914,Meera Kumar Chouhan 6,2,"Sector 14, Betwa Nagar, Vidisha",Urban Parcel,Commercial,590.03,951.66,ACTIVE,ZONE-4,SYNTHETIC DEMO DATA — NOT OFFICIAL GOVERNMENT RECORDS
MUN-1915,P1915,MUNPROP-1915,Deepak Tiwari 6,3,"Sector 15, Ganj Basoda Road, Vidisha",Urban Parcel,Industrial,619.26,998.8,ACTIVE,ZONE-5,SYNTHETIC DEMO DATA — NOT OFFICIAL GOVERNMENT RECORDS
MUN-1916,P1916,MUNPROP-1916,Sunita Rathore 6,4,"Sector 16, Civil Lines Extension, Vidisha",Urban Parcel,Agricultural,648.4,1045.8,ACTIVE,ZONE-1,SYNTHETIC DEMO DATA — NOT OFFICIAL GOVERNMENT RECORDS
MUN-1917,P1917,MUNPROP-1917,Karan Dubey 6,5,"Sector 17, Kachhi Khedi, Vidisha",Urban Parcel,Institutional,677.64,1092.96,ACTIVE,ZONE-2,SYNTHETIC DEMO DATA — NOT OFFICIAL GOVERNMENT RECORDS
MUN-1918,P1918,MUNPROP-1918,Isha Kulkarni 6,6,"Sector 18, Madhav Nagar, Vidisha",Urban Parcel,Mixed Use,706.46,1139.45,ACTIVE,ZONE-3,SYNTHETIC DEMO DATA — NOT OFFICIAL GOVERNMENT RECORDS
MUN-1919,P1919,MUNPROP-1919,Mohan Solanki 6,7,"Sector 19, Raisen Link, Vidisha",Urban Parcel,Commercial,735.49,1186.27,ACTIVE,ZONE-4,SYNTHETIC DEMO DATA — NOT OFFICIAL GOVERNMENT RECORDS
MUN-1920,P1920,MUNPROP-1920,Rekha Bansal 6,8,"Sector 20, Vidisha Urban, Vidisha",Urban Parcel,Public/Semi-Public,764.49,1233.05,ACTIVE,ZONE-5,SYNTHETIC DEMO DATA — NOT OFFICIAL GOVERNMENT RECORDS
MUN-1921,P1921,MUNPROP-1921,Rahul Sharma 7,9,"Sector 21, Sanchi Road, Vidisha",Urban Parcel,Residential,793.72,1280.19,ACTIVE,ZONE-1,SYNTHETIC DEMO DATA — NOT OFFICIAL GOVERNMENT RECORDS
MUN-1922,P1922,MUNPROP-1922,Amit Verma 7,10,"Sector 22, Betwa Nagar, Vidisha",Urban Parcel,Commercial,823.14,1327.65,ACTIVE,ZONE-2,SYNTHETIC DEMO DATA — NOT OFFICIAL GOVERNMENT RECORDS
MUN-1923,P1923,MUNPROP-1923,Neha Patel 7,11,"Sector 23, Ganj Basoda Road, Vidisha",Urban Parcel,Industrial,851.93,1374.08,ACTIVE,ZONE-3,SYNTHETIC DEMO DATA — NOT OFFICIAL GOVERNMENT RECORDS
MUN-1924,P1924,MUNPROP-1924,Priya Singh 7,12,"Sector 24, Civil Lines Extension, Vidisha",Urban Parcel,Agricultural,881.19,1421.28,ACTIVE,ZONE-4,SYNTHETIC DEMO DATA — NOT OFFICIAL GOVERNMENT RECORDS
MUN-1925,P1925,MUNPROP-1925,Suresh Kumar Yadav 7,1,"Sector 25, Kachhi Khedi, Vidisha",Urban Parcel,Institutional,910.29,1468.21,ACTIVE,ZONE-5,SYNTHETIC DEMO DATA — NOT OFFICIAL GOVERNMENT RECORDS
MUN-1926,P1926,MUNPROP-1926,Anjali Jain 7,2,"Sector 1, Madhav Nagar, Vidisha",Urban Parcel,Mixed Use,939.59,1515.47,ACTIVE,ZONE-1,SYNTHETIC DEMO DATA — NOT OFFICIAL GOVERNMENT RECORDS
MUN-1927,P1927,MUNPROP-1927,Vikram Mehta 7,3,"Sector 2, Raisen Link, Vidisha",Urban Parcel,Vacant Land,69.58,112.23,ACTIVE,ZONE-2,SYNTHETIC DEMO DATA — NOT OFFICIAL GOVERNMENT RECORDS
MUN-1928,P1928,MUNPROP-1928,Kavita Joshi 7,4,"Sector 3, Vidisha Urban, Vidisha",Urban Parcel,Public/Semi-Public,99.14,159.91,ACTIVE,ZONE-3,SYNTHETIC DEMO DATA — NOT OFFICIAL GOVERNMENT RECORDS
MUN-1929,P1929,MUNPROP-1929,Manoj Gupta 7,5,"Sector 4, Sanchi Road, Vidisha",Urban Parcel,Residential,128.22,206.8,ACTIVE,ZONE-4,SYNTHETIC DEMO DATA — NOT OFFICIAL GOVERNMENT RECORDS
MUN-1930,P1930,MUNPROP-1930,Ritu Mishra 7,6,"Sector 5, Betwa Nagar, Vidisha",Urban Parcel,Commercial,156.87,253.01,ACTIVE,ZONE-5,SYNTHETIC DEMO DATA — NOT OFFICIAL GOVERNMENT RECORDS
MUN-1931,P1931,MUNPROP-1931,Arjun Malviya 7,7,"Sector 6, Ganj Basoda Road, Vidisha",Urban Parcel,Industrial,186.06,300.09,ACTIVE,ZONE-1,SYNTHETIC DEMO DATA — NOT OFFICIAL GOVERNMENT RECORDS
MUN-1932,P1932,MUNPROP-1932,Pooja Thakur 7,8,"Sector 7, Civil Lines Extension, Vidisha",Urban Parcel,Agricultural,215.68,347.87,ACTIVE,ZONE-2,SYNTHETIC DEMO DATA — NOT OFFICIAL GOVERNMENT RECORDS
MUN-1933,P1933,MUNPROP-1933,Nitin Saxena 7,9,"Sector 8, Kachhi Khedi, Vidisha",Urban Parcel,Institutional,244.68,394.65,ACTIVE,ZONE-3,SYNTHETIC DEMO DATA — NOT OFFICIAL GOVERNMENT RECORDS
MUN-1934,P1934,MUNPROP-1934,Meera Chouhan 7,10,"Sector 9, Madhav Nagar, Vidisha",Urban Parcel,Mixed Use,273.85,441.69,ACTIVE,ZONE-4,SYNTHETIC DEMO DATA — NOT OFFICIAL GOVERNMENT RECORDS
MUN-1935,P1935,MUNPROP-1935,Deepak Tiwari 7,11,"Sector 10, Raisen Link, Vidisha",Urban Parcel,Vacant Land,303.03,488.76,ACTIVE,ZONE-5,SYNTHETIC DEMO DATA — NOT OFFICIAL GOVERNMENT RECORDS
MUN-1936,P1936,MUNPROP-1936,Sunita Kumar Rathore 7,12,"Sector 11, Vidisha Urban, Vidisha",Urban Parcel,Commercial,331.94,535.38,ACTIVE,ZONE-1,SYNTHETIC DEMO DATA — NOT OFFICIAL GOVERNMENT RECORDS
MUN-1937,P1937,MUNPROP-1937,Karan Dubey 7,1,"Sector 12, Sanchi Road, Vidisha",Urban Parcel,Residential,361.15,582.5,ACTIVE,ZONE-2,SYNTHETIC DEMO DATA — NOT OFFICIAL GOVERNMENT RECORDS
MUN-1938,P1938,MUNPROP-1938,Isha Kulkarni 7,2,"Sector 13, Betwa Nagar, Vidisha",Urban Parcel,Commercial,390.38,629.64,ACTIVE,ZONE-3,SYNTHETIC DEMO DATA — NOT OFFICIAL GOVERNMENT RECORDS
MUN-1939,P1939,MUNPROP-1939,Mohan Solanki 7,3,"Sector 14, Ganj Basoda Road, Vidisha",Urban Parcel,Industrial,419.13,676.01,ACTIVE,ZONE-4,SYNTHETIC DEMO DATA — NOT OFFICIAL GOVERNMENT RECORDS
MUN-1940,P1940,MUNPROP-1940,Rekha Bansal 7,4,"Sector 15, Civil Lines Extension, Vidisha",Urban Parcel,Agricultural,448.5,723.39,ACTIVE,ZONE-5,SYNTHETIC DEMO DATA — NOT OFFICIAL GOVERNMENT RECORDS
MUN-1941,P1941,MUNPROP-1941,Rahul Sharma 8,5,"Sector 16, Kachhi Khedi, Vidisha",Urban Parcel,Institutional,477.7,770.49,ACTIVE,ZONE-1,SYNTHETIC DEMO DATA — NOT OFFICIAL GOVERNMENT RECORDS
MUN-1942,P1942,MUNPROP-1942,Amit Verma 8,6,"Sector 17, Madhav Nagar, Vidisha",Urban Parcel,Mixed Use,507.05,817.82,ACTIVE,ZONE-2,SYNTHETIC DEMO DATA — NOT OFFICIAL GOVERNMENT RECORDS
MUN-1943,P1943,MUNPROP-1943,Neha Patel 8,7,"Sector 18, Raisen Link, Vidisha",Urban Parcel,Vacant Land,536.18,864.81,ACTIVE,ZONE-3,SYNTHETIC DEMO DATA — NOT OFFICIAL GOVERNMENT RECORDS
MUN-1944,P1944,MUNPROP-1944,Priya Singh 8,8,"Sector 19, Vidisha Urban, Vidisha",Urban Parcel,Public/Semi-Public,564.86,911.06,ACTIVE,ZONE-4,SYNTHETIC DEMO DATA — NOT OFFICIAL GOVERNMENT RECORDS
MUN-1945,P1945,MUNPROP-1945,Suresh Yadav 8,9,"Sector 20, Sanchi Road, Vidisha",Urban Parcel,Residential,594.46,958.8,ACTIVE,ZONE-5,SYNTHETIC DEMO DATA — NOT OFFICIAL GOVERNMENT RECORDS
MUN-1946,P1946,MUNPROP-1946,Anjali Jain 8,10,"Sector 21, Betwa Nagar, Vidisha",Urban Parcel,Commercial,623.53,1005.69,ACTIVE,ZONE-1,SYNTHETIC DEMO DATA — NOT OFFICIAL GOVERNMENT RECORDS
MUN-1947,P1947,MUNPROP-1947,Vikram Kumar Mehta 8,11,"Sector 22, Ganj Basoda Road, Vidisha",Urban Parcel,Industrial,652.43,1052.31,ACTIVE,ZONE-2,SYNTHETIC DEMO DATA — NOT OFFICIAL GOVERNMENT RECORDS
MUN-1948,P1948,MUNPROP-1948,Kavita Joshi 8,12,"Sector 23, Civil Lines Extension, Vidisha",Urban Parcel,Agricultural,681.62,1099.39,ACTIVE,ZONE-3,SYNTHETIC DEMO DATA — NOT OFFICIAL GOVERNMENT RECORDS
MUN-1949,P1949,MUNPROP-1949,Manoj Gupta 8,1,"Sector 24, Kachhi Khedi, Vidisha",Urban Parcel,Institutional,710.77,1146.41,ACTIVE,ZONE-4,SYNTHETIC DEMO DATA — NOT OFFICIAL GOVERNMENT RECORDS
MUN-1950,P1950,MUNPROP-1950,Ritu Mishra 8,2,"Sector 25, Madhav Nagar, Vidisha",Urban Parcel,Mixed Use,740.21,1193.89,ACTIVE,ZONE-5,SYNTHETIC DEMO DATA — NOT OFFICIAL GOVERNMENT RECORDS
MUN-1951,P1951,MUNPROP-1951,Arjun Malviya 8,3,"Sector 1, Raisen Link, Vidisha",Urban Parcel,Vacant Land,769.13,1240.54,ACTIVE,ZONE-1,SYNTHETIC DEMO DATA — NOT OFFICIAL GOVERNMENT RECORDS
MUN-1952,P1952,MUNPROP-1952,Pooja Thakur 8,4,"Sector 2, Vidisha Urban, Vidisha",Urban Parcel,Public/Semi-Public,798.38,1287.71,ACTIVE,ZONE-2,SYNTHETIC DEMO DATA — NOT OFFICIAL GOVERNMENT RECORDS
MUN-1953,P1953,MUNPROP-1953,Nitin Saxena 8,5,"Sector 3, Sanchi Road, Vidisha",Urban Parcel,Commercial,827.52,1334.71,ACTIVE,ZONE-3,SYNTHETIC DEMO DATA — NOT OFFICIAL GOVERNMENT RECORDS
MUN-1954,P1954,MUNPROP-1954,Meera Chouhan 8,6,"Sector 4, Betwa Nagar, Vidisha",Urban Parcel,Commercial,856.82,1381.96,ACTIVE,ZONE-4,SYNTHETIC DEMO DATA — NOT OFFICIAL GOVERNMENT RECORDS
MUN-1955,P1955,MUNPROP-1955,Deepak Tiwari 8,7,"Sector 5, Ganj Basoda Road, Vidisha",Urban Parcel,Industrial,885.37,1428.01,ACTIVE,ZONE-5,SYNTHETIC DEMO DATA — NOT OFFICIAL GOVERNMENT RECORDS
MUN-1956,P1956,MUNPROP-1956,Sunita Rathore 8,8,"Sector 6, Civil Lines Extension, Vidisha",Urban Parcel,Agricultural,914.78,1475.45,ACTIVE,ZONE-1,SYNTHETIC DEMO DATA — NOT OFFICIAL GOVERNMENT RECORDS
MUN-1957,P1957,MUNPROP-1957,Karan Dubey 8,9,"Sector 7, Kachhi Khedi, Vidisha",Urban Parcel,Institutional,943.77,1522.21,ACTIVE,ZONE-2,SYNTHETIC DEMO DATA — NOT OFFICIAL GOVERNMENT RECORDS
MUN-1958,P1958,MUNPROP-1958,Isha Kumar Kulkarni 8,10,"Sector 8, Madhav Nagar, Vidisha",Urban Parcel,Mixed Use,74.07,119.46,ACTIVE,ZONE-3,SYNTHETIC DEMO DATA — NOT OFFICIAL GOVERNMENT RECORDS
MUN-1959,P1959,MUNPROP-1959,Mohan Solanki 8,11,"Sector 9, Raisen Link, Vidisha",Urban Parcel,Vacant Land,103.13,166.34,ACTIVE,ZONE-4,SYNTHETIC DEMO DATA — NOT OFFICIAL GOVERNMENT RECORDS
MUN-1960,P1960,MUNPROP-1960,Rekha Bansal 8,12,"Sector 10, Vidisha Urban, Vidisha",Urban Parcel,Public/Semi-Public,132.48,213.68,ACTIVE,ZONE-5,SYNTHETIC DEMO DATA — NOT OFFICIAL GOVERNMENT RECORDS
MUN-1961,P1961,MUNPROP-1961,Rahul Sharma 9,1,"Sector 11, Sanchi Road, Vidisha",Urban Parcel,Residential,161.75,260.89,ACTIVE,ZONE-1,SYNTHETIC DEMO DATA — NOT OFFICIAL GOVERNMENT RECORDS
MUN-1962,P1962,MUNPROP-1962,Amit Verma 9,2,"Sector 12, Betwa Nagar, Vidisha",Urban Parcel,Commercial,190.63,307.47,ACTIVE,ZONE-2,SYNTHETIC DEMO DATA — NOT OFFICIAL GOVERNMENT RECORDS
MUN-1963,P1963,MUNPROP-1963,Neha Patel 9,3,"Sector 13, Ganj Basoda Road, Vidisha",Urban Parcel,Industrial,219.67,354.3,ACTIVE,ZONE-3,SYNTHETIC DEMO DATA — NOT OFFICIAL GOVERNMENT RECORDS
MUN-1964,P1964,MUNPROP-1964,Priya Singh 9,4,"Sector 14, Civil Lines Extension, Vidisha",Urban Parcel,Agricultural,248.74,401.2,ACTIVE,ZONE-4,SYNTHETIC DEMO DATA — NOT OFFICIAL GOVERNMENT RECORDS
MUN-1965,P1965,MUNPROP-1965,Suresh Yadav 9,5,"Sector 15, Kachhi Khedi, Vidisha",Urban Parcel,Institutional,278.19,448.7,ACTIVE,ZONE-5,SYNTHETIC DEMO DATA — NOT OFFICIAL GOVERNMENT RECORDS
MUN-1966,P1966,MUNPROP-1966,Anjali Jain 9,6,"Sector 16, Madhav Nagar, Vidisha",Urban Parcel,Mixed Use,307.37,495.76,ACTIVE,ZONE-1,SYNTHETIC DEMO DATA — NOT OFFICIAL GOVERNMENT RECORDS
MUN-1967,P1967,MUNPROP-1967,Vikram Mehta 9,7,"Sector 17, Raisen Link, Vidisha",Urban Parcel,Vacant Land,336.19,542.24,ACTIVE,ZONE-2,SYNTHETIC DEMO DATA — NOT OFFICIAL GOVERNMENT RECORDS
MUN-1968,P1968,MUNPROP-1968,Kavita Joshi 9,8,"Sector 18, Vidisha Urban, Vidisha",Urban Parcel,Public/Semi-Public,365.4,589.35,ACTIVE,ZONE-3,SYNTHETIC DEMO DATA — NOT OFFICIAL GOVERNMENT RECORDS
MUN-1969,P1969,MUNPROP-1969,Manoj Kumar Gupta 9,9,"Sector 19, Sanchi Road, Vidisha",Urban Parcel,Residential,394.57,636.41,ACTIVE,ZONE-4,SYNTHETIC DEMO DATA — NOT OFFICIAL GOVERNMENT RECORDS
MUN-1970,P1970,MUNPROP-1970,Ritu Mishra 9,10,"Sector 20, Betwa Nagar, Vidisha",Urban Parcel,Commercial,423.61,683.24,ACTIVE,ZONE-5,SYNTHETIC DEMO DATA — NOT OFFICIAL GOVERNMENT RECORDS
MUN-1971,P1971,MUNPROP-1971,Arjun Malviya 9,11,"Sector 21, Ganj Basoda Road, Vidisha",Urban Parcel,Industrial,452.9,730.49,ACTIVE,ZONE-1,SYNTHETIC DEMO DATA — NOT OFFICIAL GOVERNMENT RECORDS
MUN-1972,P1972,MUNPROP-1972,Pooja Thakur 9,12,"Sector 22, Civil Lines Extension, Vidisha",Urban Parcel,Agricultural,481.78,777.07,ACTIVE,ZONE-2,SYNTHETIC DEMO DATA — NOT OFFICIAL GOVERNMENT RECORDS
MUN-1973,P1973,MUNPROP-1973,Nitin Saxena 9,1,"Sector 23, Kachhi Khedi, Vidisha",Urban Parcel,Institutional,511.07,824.31,ACTIVE,ZONE-3,SYNTHETIC DEMO DATA — NOT OFFICIAL GOVERNMENT RECORDS
MUN-1974,P1974,MUNPROP-1974,Meera Chouhan 9,2,"Sector 24, Madhav Nagar, Vidisha",Urban Parcel,Mixed Use,540.35,871.54,ACTIVE,ZONE-4,SYNTHETIC DEMO DATA — NOT OFFICIAL GOVERNMENT RECORDS
MUN-1975,P1975,MUNPROP-1975,Deepak Tiwari 9,3,"Sector 25, Raisen Link, Vidisha",Urban Parcel,Vacant Land,569.18,918.04,ACTIVE,ZONE-5,SYNTHETIC DEMO DATA — NOT OFFICIAL GOVERNMENT RECORDS
MUN-1976,P1976,MUNPROP-1976,Sunita Rathore 9,4,"Sector 1, Vidisha Urban, Vidisha",Urban Parcel,Public/Semi-Public,598.8,965.81,ACTIVE,ZONE-1,SYNTHETIC DEMO DATA — NOT OFFICIAL GOVERNMENT RECORDS
MUN-1977,P1977,MUNPROP-1977,Karan Dubey 9,5,"Sector 2, Sanchi Road, Vidisha",Urban Parcel,Residential,628.05,1012.98,ACTIVE,ZONE-2,SYNTHETIC DEMO DATA — NOT OFFICIAL GOVERNMENT RECORDS
MUN-1978,P1978,MUNPROP-1978,Isha Kulkarni 9,6,"Sector 3, Betwa Nagar, Vidisha",Urban Parcel,Commercial,656.67,1059.15,ACTIVE,ZONE-3,SYNTHETIC DEMO DATA — NOT OFFICIAL GOVERNMENT RECORDS
MUN-1979,P1979,MUNPROP-1979,Mohan Solanki 9,7,"Sector 4, Ganj Basoda Road, Vidisha",Urban Parcel,Industrial,685.81,1106.15,ACTIVE,ZONE-4,SYNTHETIC DEMO DATA — NOT OFFICIAL GOVERNMENT RECORDS
MUN-1980,P1980,MUNPROP-1980,Rekha Kumar Bansal 9,8,"Sector 5, Civil Lines Extension, Vidisha",Urban Parcel,Agricultural,714.95,1153.15,ACTIVE,ZONE-5,SYNTHETIC DEMO DATA — NOT OFFICIAL GOVERNMENT RECORDS
