planning_record_id,property_id,zoning,permitted_land_use,development_status,planning_zone,building_permission,floor_area_ratio,source_department,data_type
PLN-1001,P1001,Zone A,Commercial,UNDER_REVIEW,PLN-1,PENDING,1.2,Planning,SYNTHETIC DEMO DATA — NOT OFFICIAL GOVERNMENT RECORDS
PLN-1002,P1002,Zone B,Commercial,PERMITTED,PLN-2,APPROVED,1.3,Planning,SYNTHETIC DEMO DATA — NOT OFFICIAL GOVERNMENT RECORDS
PLN-1003,P1003,Zone C,Industrial,PERMITTED,PLN-3,APPROVED,1.4,Planning,SYNTHETIC DEMO DATA — NOT OFFICIAL GOVERNMENT RECORDS
PLN-1004,P1004,Zone D,Agricultural,UNDER_REVIEW,PLN-4,APPROVED,1.5,Planning,SYNTHETIC DEMO DATA — NOT OFFICIAL GOVERNMENT RECORDS
PLN-1005,P1005,Zone A,Institutional,PERMITTED,PLN-5,PENDING,1.6,Planning,SYNTHETIC DEMO DATA — NOT OFFICIAL GOVERNMENT RECORDS
PLN-1006,P1006,Zone B,Mixed Use,PERMITTED,PLN-6,APPROVED,1.7,Planning,SYNTHETIC DEMO DATA — NOT OFFICIAL GOVERNMENT RECORDS
PLN-1007,P1007,Zone C,Vacant Land,UNDER_REVIEW,PLN-1,APPROVED,1.8,Planning,SYNTHETIC DEMO DATA — NOT OFFICIAL GOVERNMENT RECORDS
PLN-1008,P1008,Zone D,Public/Semi-Public,PERMITTED,PLN-2,APPROVED,1.9,Planning,SYNTHETIC DEMO DATA — NOT OFFICIAL GOVERNMENT RECORDS
PLN-1009,P1009,Zone A,Residential,PERMITTED,PLN-3,PENDING,2.0,Planning,SYNTHETIC DEMO DATA — NOT OFFICIAL GOVERNMENT RECORDS
PLN-1010,P1010,Zone B,Commercial,UNDER_REVIEW,PLN-4,APPROVED,2.1,Planning,SYNTHETIC DEMO DATA — NOT OFFICIAL GOVERNMENT RECORDS
PLN-1011,P1011,Zone C,Industrial,PERMITTED,PLN-5,APPROVED,2.2,Planning,SYNTHETIC DEMO DATA — NOT OFFICIAL GOVERNMENT RECORDS
PLN-1012,P1012,Zone D,Agricultural,PERMITTED,PLN-6,APPROVED,2.3,Planning,SYNTHETIC DEMO DATA — NOT OFFICIAL GOVERNMENT RECORDS
PLN-1013,P1013,Zone A,Institutional,UNDER_REVIEW,PLN-1,PENDING,1.2,Planning,SYNTHETIC DEMO DATA — NOT OFFICIAL GOVERNMENT RECORDS
PLN-1014,P1014,Zone B,Mixed Use,PERMITTED,PLN-2,APPROVED,1.3,Planning,SYNTHETIC DEMO DATA — NOT OFFICIAL GOVERNMENT RECORDS
PLN-1015,P1015,Zone C,Vacant Land,PERMITTED,PLN-3,APPROVED,1.4,Planning,SYNTHETIC DEMO DATA — NOT OFFICIAL GOVERNMENT RECORDS
PLN-1016,P1016,Zone D,Public/Semi-Public,UNDER_REVIEW,PLN-4,APPROVED,1.5,Planning,SYNTHETIC DEMO DATA — NOT OFFICIAL GOVERNMENT RECORDS
PLN-1017,P1017,Zone A,Residential,PERMITTED,PLN-5,PENDING,1.6,Planning,SYNTHETIC DEMO DATA — NOT OFFICIAL GOVERNMENT RECORDS
PLN-1018,P1018,Zone B,Commercial,PERMITTED,PLN-6,APPROVED,1.7,Planning,SYNTHETIC DEMO DATA — NOT OFFICIAL GOVERNMENT RECORDS
PLN-1019,P1019,Zone C,Industrial,UNDER_REVIEW,PLN-1,APPROVED,1.8,Planning,SYNTHETIC DEMO DATA — NOT OFFICIAL GOVERNMENT RECORDS
PLN-1020,P1020,Zone D,Commercial,PERMITTED,PLN-2,APPROVED,1.9,Planning,SYNTHETIC DEMO DATA — NOT OFFICIAL GOVERNMENT RECORDS
PLN-1021,P1021,Zone A,Institutional,PERMITTED,PLN-3,PENDING,2.0,Planning,SYNTHETIC DEMO DATA — NOT OFFICIAL GOVERNMENT RECORDS
PLN-1022,P1022,Zone B,Mixed Use,UNDER_REVIEW,PLN-4,APPROVED,2.1,Planning,SYNTHETIC DEMO DATA — NOT OFFICIAL GOVERNMENT RECORDS
PLN-1023,P1023,Zone C,Vacant Land,PERMITTED,PLN-5,APPROVED,2.2,Planning,SYNTHETIC DEMO DATA — NOT OFFICIAL GOVERNMENT RECORDS
PLN-1024,P1024,Zone D,Public/Semi-Public,PERMITTED,PLN-6,APPROVED,2.3,Planning,SYNTHETIC DEMO DATA — NOT OFFICIAL GOVERNMENT RECORDS
PLN-1025,P1025,Zone A,Residential,UNDER_REVIEW,PLN-1,PENDING,1.2,Planning,SYNTHETIC DEMO DATA — NOT OFFICIAL GOVERNMENT RECORDS
PLN-1026,P1026,Zone B,Commercial,PERMITTED,PLN-2,APPROVED,1.3,Planning,SYNTHETIC DEMO DATA — NOT OFFICIAL GOVERNMENT RECORDS
PLN-1027,P1027,Zone C,Industrial,PERMITTED,PLN-3,APPROVED,1.4,Planning,SYNTHETIC DEMO DATA — NOT OFFICIAL GOVERNMENT RECORDS
PLN-1028,P1028,Zone D,Agricultural,UNDER_REVIEW,PLN-4,APPROVED,1.5,Planning,SYNTHETIC DEMO DATA — NOT OFFICIAL GOVERNMENT RECORDS
PLN-1029,P1029,Zone A,Institutional,PERMITTED,PLN-5,PENDING,1.6,Planning,SYNTHETIC DEMO DATA — NOT OFFICIAL GOVERNMENT RECORDS
PLN-1030,P1030,Zone B,Mixed Use,PERMITTED,PLN-6,APPROVED,1.7,Planning,SYNTHETIC DEMO DATA — NOT OFFICIAL GOVERNMENT RECORDS
PLN-1031,P1031,Zone C,Vacant Land,UNDER_REVIEW,PLN-1,APPROVED,1.8,Planning,SYNTHETIC DEMO DATA — NOT OFFICIAL GOVERNMENT RECORDS
PLN-1032,P1032,Zone D,Public/Semi-Public,PERMITTED,PLN-2,APPROVED,1.9,Planning,SYNTHETIC DEMO DATA — NOT OFFICIAL GOVERNMENT RECORDS
PLN-1033,P1033,Zone A,Residential,PERMITTED,PLN-3,PENDING,2.0,Planning,SYNTHETIC DEMO DATA — NOT OFFICIAL GOVERNMENT RECORDS
PLN-1034,P1034,Zone B,Commercial,UNDER_REVIEW,PLN-4,APPROVED,2.1,Planning,SYNTHETIC DEMO DATA — NOT OFFICIAL GOVERNMENT RECORDS
PLN-1035,P1035,Zone C,Industrial,PERMITTED,PLN-5,APPROVED,2.2,Planning,SYNTHETIC DEMO DATA — NOT OFFICIAL GOVERNMENT RECORDS
PLN-1036,P1036,Zone D,Agricultural,PERMITTED,PLN-6,APPROVED,2.3,Planning,SYNTHETIC DEMO DATA — NOT OFFICIAL GOVERNMENT RECORDS
PLN-1037,P1037,Zone A,Institutional,UNDER_REVIEW,PLN-1,PENDING,1.2,Planning,SYNTHETIC DEMO DATA — NOT OFFICIAL GOVERNMENT RECORDS
PLN-1038,P1038,Zone B,Mixed Use,PERMITTED,PLN-2,APPROVED,1.3,Planning,SYNTHETIC DEMO DATA — NOT OFFICIAL GOVERNMENT RECORDS
PLN-1039,P1039,Zone C,Commercial,PERMITTED,PLN-3,APPROVED,1.4,Planning,SYNTHETIC DEMO DATA — NOT OFFICIAL GOVERNMENT RECORDS
PLN-1040,P1040,Zone D,Public/Semi-Public,UNDER_REVIEW,PLN-4,APPROVED,1.5,Planning,SYNTHETIC DEMO DATA — NOT OFFICIAL GOVERNMENT RECORDS
PLN-1041,P1041,Zone A,Residential,PERMITTED,PLN-5,PENDING,1.6,Planning,SYNTHETIC DEMO DATA — NOT OFFICIAL GOVERNMENT RECORDS
PLN-1042,P1042,Zone B,Commercial,PERMITTED,PLN-6,APPROVED,1.7,Planning,SYNTHETIC DEMO DATA — NOT OFFICIAL GOVERNMENT RECORDS
PLN-1043,P1043,Zone C,Industrial,UNDER_REVIEW,PLN-1,APPROVED,1.8,Planning,SYNTHETIC DEMO DATA — NOT OFFICIAL GOVERNMENT RECORDS
PLN-1044,P1044,Zone D,Agricultural,PERMITTED,PLN-2,APPROVED,1.9,Planning,SYNTHETIC DEMO DATA — NOT OFFICIAL GOVERNMENT RECORDS
PLN-1045,P1045,Zone A,Institutional,PERMITTED,PLN-3,PENDING,2.0,Planning,SYNTHETIC DEMO DATA — NOT OFFICIAL GOVERNMENT RECORDS
PLN-1046,P1046,Zone B,Mixed Use,UNDER_REVIEW,PLN-4,APPROVED,2.1,Planning,SYNTHETIC DEMO DATA — NOT OFFICIAL GOVERNMENT RECORDS
PLN-1047,P1047,Zone C,Vacant Land,PERMITTED,PLN-5,APPROVED,2.2,Planning,SYNTHETIC DEMO DATA — NOT OFFICIAL GOVERNMENT RECORDS
PLN-1048,P1048,Zone D,Public/Semi-Public,PERMITTED,PLN-6,APPROVED,2.3,Planning,SYNTHETIC DEMO DATA — NOT OFFICIAL GOVERNMENT RECORDS
PLN-1049,P1049,Zone A,Residential,UNDER_REVIEW,PLN-1,PENDING,1.2,Planning,SYNTHETIC DEMO DATA — NOT OFFICIAL GOVERNMENT RECORDS
PLN-1050,P1050,Zone B,Commercial,PERMITTED,PLN-2,APPROVED,1.3,Planning,SYNTHETIC DEMO DATA — NOT OFFICIAL GOVERNMENT RECORDS
PLN-1051,P1051,Zone C,Industrial,PERMITTED,PLN-3,APPROVED,1.4,Planning,SYNTHETIC DEMO DATA — NOT OFFICIAL GOVERNMENT RECORDS
PLN-1052,P1052,Zone D,Agricultural,UNDER_REVIEW,PLN-4,APPROVED,1.5,Planning,SYNTHETIC DEMO DATA — NOT OFFICIAL GOVERNMENT RECORDS
PLN-1053,P1053,Zone A,Institutional,PERMITTED,PLN-5,PENDING,1.6,Planning,SYNTHETIC DEMO DATA — NOT OFFICIAL GOVERNMENT RECORDS
PLN-1054,P1054,Zone B,Mixed Use,PERMITTED,PLN-6,APPROVED,1.7,Planning,SYNTHETIC DEMO DATA — NOT OFFICIAL GOVERNMENT RECORDS
PLN-1055,P1055,Zone C,Vacant Land,UNDER_REVIEW,PLN-1,APPROVED,1.8,Planning,SYNTHETIC DEMO DATA — NOT OFFICIAL GOVERNMENT RECORDS
PLN-1056,P1056,Zone D,Public/Semi-Public,PERMITTED,PLN-2,APPROVED,1.9,Planning,SYNTHETIC DEMO DATA — NOT OFFICIAL GOVERNMENT RECORDS
PLN-1057,P1057,Zone A,Residential,PERMITTED,PLN-3,PENDING,2.0,Planning,SYNTHETIC DEMO DATA — NOT OFFICIAL GOVERNMENT RECORDS
PLN-1058,P1058,Zone B,Commercial,UNDER_REVIEW,PLN-4,APPROVED,2.1,Planning,SYNTHETIC DEMO DATA — NOT OFFICIAL GOVERNMENT RECORDS
PLN-1059,P1059,Zone C,Industrial,PERMITTED,PLN-5,APPROVED,2.2,Planning,SYNTHETIC DEMO DATA — NOT OFFICIAL GOVERNMENT RECORDS
PLN-1060,P1060,Zone D,Agricultural,PERMITTED,PLN-6,APPROVED,2.3,Planning,SYNTHETIC DEMO DATA — NOT OFFICIAL GOVERNMENT RECORDS
PLN-1061,P1061,Zone A,Institutional,UNDER_REVIEW,PLN-1,PENDING,1.2,Planning,SYNTHETIC DEMO DATA — NOT OFFICIAL GOVERNMENT RECORDS
PLN-1062,P1062,Zone B,Mixed Use,PERMITTED,PLN-2,APPROVED,1.3,Planning,SYNTHETIC DEMO DATA — NOT OFFICIAL GOVERNMENT RECORDS
PLN-1063,P1063,Zone C,Vacant Land,PERMITTED,PLN-3,APPROVED,1.4,Planning,SYNTHETIC DEMO DATA — NOT OFFICIAL GOVERNMENT RECORDS
PLN-1064,P1064,Zone D,Public/Semi-Public,UNDER_REVIEW,PLN-4,APPROVED,1.5,Planning,SYNTHETIC DEMO DATA — NOT OFFICIAL GOVERNMENT RECORDS
PLN-1065,P1065,Zone A,Residential,PERMITTED,PLN-5,PENDING,1.6,Planning,SYNTHETIC DEMO DATA — NOT OFFICIAL GOVERNMENT RECORDS
PLN-1066,P1066,Zone B,Commercial,PERMITTED,PLN-6,APPROVED,1.7,Planning,SYNTHETIC DEMO DATA — NOT OFFICIAL GOVERNMENT RECORDS
PLN-1067,P1067,Zone C,Industrial,UNDER_REVIEW,PLN-1,APPROVED,1.8,Planning,SYNTHETIC DEMO DATA — NOT OFFICIAL GOVERNMENT RECORDS
PLN-1068,P1068,Zone D,Agricultural,PERMITTED,PLN-2,APPROVED,1.9,Planning,SYNTHETIC DEMO DATA — NOT OFFICIAL GOVERNMENT RECORDS
PLN-1069,P1069,Zone A,Institutional,PERMITTED,PLN-3,PENDING,2.0,Planning,SYNTHETIC DEMO DATA — NOT OFFICIAL GOVERNMENT RECORDS
PLN-1070,P1070,Zone B,Mixed Use,UNDER_REVIEW,PLN-4,APPROVED,2.1,Planning,SYNTHETIC DEMO DATA — NOT OFFICIAL GOVERNMENT RECORDS
PLN-1071,P1071,Zone C,Vacant Land,PERMITTED,PLN-5,APPROVED,2.2,Planning,SYNTHETIC DEMO DATA — NOT OFFICIAL GOVERNMENT RECORDS
PLN-1072,P1072,Zone D,Public/Semi-Public,PERMITTED,PLN-6,APPROVED,2.3,Planning,SYNTHETIC DEMO DATA — NOT OFFICIAL GOVERNMENT RECORDS
PLN-1073,P1073,Zone A,Residential,UNDER_REVIEW,PLN-1,PENDING,1.2,Planning,SYNTHETIC DEMO DATA — NOT OFFICIAL GOVERNMENT RECORDS
PLN-1074,P1074,Zone B,Commercial,PERMITTED,PLN-2,APPROVED,1.3,Planning,SYNTHETIC DEMO DATA — NOT OFFICIAL GOVERNMENT RECORDS
PLN-1075,P1075,Zone C,Industrial,PERMITTED,PLN-3,APPROVED,1.4,Planning,SYNTHETIC DEMO DATA — NOT OFFICIAL GOVERNMENT RECORDS
PLN-1076,P1076,Zone D,Agricultural,UNDER_REVIEW,PLN-4,APPROVED,1.5,Planning,SYNTHETIC DEMO DATA — NOT OFFICIAL GOVERNMENT RECORDS
PLN-1077,P1077,Zone A,Commercial,PERMITTED,PLN-5,PENDING,1.6,Planning,SYNTHETIC DEMO DATA — NOT OFFICIAL GOVERNMENT RECORDS
PLN-1078,P1078,Zone B,Mixed Use,PERMITTED,PLN-6,APPROVED,1.7,Planning,SYNTHETIC DEMO DATA — NOT OFFICIAL GOVERNMENT RECORDS
PLN-1079,P1079,Zone C,Vacant Land,UNDER_REVIEW,PLN-1,APPROVED,1.8,Planning,SYNTHETIC DEMO DATA — NOT OFFICIAL GOVERNMENT RECORDS
PLN-1080,P1080,Zone D,Public/Semi-Public,PERMITTED,PLN-2,APPROVED,1.9,Planning,SYNTHETIC DEMO DATA — NOT OFFICIAL GOVERNMENT RECORDS
PLN-1081,P1081,Zone A,Residential,PERMITTED,PLN-3,PENDING,2.0,Planning,SYNTHETIC DEMO DATA — NOT OFFICIAL GOVERNMENT RECORDS
PLN-1082,P1082,Zone B,Commercial,UNDER_REVIEW,PLN-4,APPROVED,2.1,Planning,SYNTHETIC DEMO DATA — NOT OFFICIAL GOVERNMENT RECORDS
PLN-1083,P1083,Zone C,Industrial,PERMITTED,PLN-5,APPROVED,2.2,Planning,SYNTHETIC DEMO DATA — NOT OFFICIAL GOVERNMENT RECORDS
PLN-1084,P1084,Zone D,Agricultural,PERMITTED,PLN-6,APPROVED,2.3,Planning,SYNTHETIC DEMO DATA — NOT OFFICIAL GOVERNMENT RECORDS
PLN-1085,P1085,Zone A,Institutional,UNDER_REVIEW,PLN-1,PENDING,1.2,Planning,SYNTHETIC DEMO DATA — NOT OFFICIAL GOVERNMENT RECORDS
PLN-1086,P1086,Zone B,Mixed Use,PERMITTED,PLN-2,APPROVED,1.3,Planning,SYNTHETIC DEMO DATA — NOT OFFICIAL GOVERNMENT RECORDS
PLN-1087,P1087,Zone C,Vacant Land,PERMITTED,PLN-3,APPROVED,1.4,Planning,SYNTHETIC DEMO DATA — NOT OFFICIAL GOVERNMENT RECORDS
PLN-1088,P1088,Zone D,Public/Semi-Public,UNDER_REVIEW,PLN-4,APPROVED,1.5,Planning,SYNTHETIC DEMO DATA — NOT OFFICIAL GOVERNMENT RECORDS
PLN-1089,P1089,Zone A,Residential,PERMITTED,PLN-5,PENDING,1.6,Planning,SYNTHETIC DEMO DATA — NOT OFFICIAL GOVERNMENT RECORDS
PLN-1090,P1090,Zone B,Commercial,PERMITTED,PLN-6,APPROVED,1.7,Planning,SYNTHETIC DEMO DATA — NOT OFFICIAL GOVERNMENT RECORDS
PLN-1091,P1091,Zone C,Industrial,UNDER_REVIEW,PLN-1,APPROVED,1.8,Planning,SYNTHETIC DEMO DATA — NOT OFFICIAL GOVERNMENT RECORDS
PLN-1092,P1092,Zone D,Agricultural,PERMITTED,PLN-2,APPROVED,1.9,Planning,SYNTHETIC DEMO DATA — NOT OFFICIAL GOVERNMENT RECORDS
PLN-1093,P1093,Zone A,Institutional,PERMITTED,PLN-3,PENDING,2.0,Planning,SYNTHETIC DEMO DATA — NOT OFFICIAL GOVERNMENT RECORDS
PLN-1094,P1094,Zone B,Mixed Use,UNDER_REVIEW,PLN-4,APPROVED,2.1,Planning,SYNTHETIC DEMO DATA — NOT OFFICIAL GOVERNMENT RECORDS
PLN-1095,P1095,Zone C,Vacant Land,PERMITTED,PLN-5,APPROVED,2.2,Planning,SYNTHETIC DEMO DATA — NOT OFFICIAL GOVERNMENT RECORDS
PLN-1096,P1096,Zone D,Commercial,PERMITTED,PLN-6,APPROVED,2.3,Planning,SYNTHETIC DEMO DATA — NOT OFFICIAL GOVERNMENT RECORDS
PLN-1097,P1097,Zone A,Residential,UNDER_REVIEW,PLN-1,PENDING,1.2,Planning,SYNTHETIC DEMO DATA — NOT OFFICIAL GOVERNMENT RECORDS
PLN-1098,P1098,Zone B,Commercial,PERMITTED,PLN-2,APPROVED,1.3,Planning,SYNTHETIC DEMO DATA — NOT OFFICIAL GOVERNMENT RECORDS
PLN-1099,P1099,Zone C,Industrial,PERMITTED,PLN-3,APPROVED,1.4,Planning,SYNTHETIC DEMO DATA — NOT OFFICIAL GOVERNMENT RECORDS
PLN-1100,P1100,Zone D,Agricultural,UNDER_REVIEW,PLN-4,APPROVED,1.5,Planning,SYNTHETIC DEMO DATA — NOT OFFICIAL GOVERNMENT RECORDS
PLN-1101,P1101,Zone A,Institutional,PERMITTED,PLN-5,PENDING,1.6,Planning,SYNTHETIC DEMO DATA — NOT OFFICIAL GOVERNMENT RECORDS
PLN-1102,P1102,Zone B,Mixed Use,PERMITTED,PLN-6,APPROVED,1.7,Planning,SYNTHETIC DEMO DATA — NOT OFFICIAL GOVERNMENT RECORDS
PLN-1103,P1103,Zone C,Vacant Land,UNDER_REVIEW,PLN-1,APPROVED,1.8,Planning,SYNTHETIC DEMO DATA — NOT OFFICIAL GOVERNMENT RECORDS
PLN-1104,P1104,Zone D,Public/Semi-Public,PERMITTED,PLN-2,APPROVED,1.9,Planning,SYNTHETIC DEMO DATA — NOT OFFICIAL GOVERNMENT RECORDS
PLN-1105,P1105,Zone A,Residential,PERMITTED,PLN-3,PENDING,2.0,Planning,SYNTHETIC DEMO DATA — NOT OFFICIAL GOVERNMENT RECORDS
PLN-1106,P1106,Zone B,Commercial,UNDER_REVIEW,PLN-4,APPROVED,2.1,Planning,SYNTHETIC DEMO DATA — NOT OFFICIAL GOVERNMENT RECORDS
PLN-1107,P1107,Zone C,Industrial,PERMITTED,PLN-5,APPROVED,2.2,Planning,SYNTHETIC DEMO DATA — NOT OFFICIAL GOVERNMENT RECORDS
PLN-1108,P1108,Zone D,Agricultural,PERMITTED,PLN-6,APPROVED,2.3,Planning,SYNTHETIC DEMO DATA — NOT OFFICIAL GOVERNMENT RECORDS
PLN-1109,P1109,Zone A,Institutional,UNDER_REVIEW,PLN-1,PENDING,1.2,Planning,SYNTHETIC DEMO DATA — NOT OFFICIAL GOVERNMENT RECORDS
PLN-1110,P1110,Zone B,Mixed Use,PERMITTED,PLN-2,APPROVED,1.3,Planning,SYNTHETIC DEMO DATA — NOT OFFICIAL GOVERNMENT RECORDS
PLN-1111,P1111,Zone C,Vacant Land,PERMITTED,PLN-3,APPROVED,1.4,Planning,SYNTHETIC DEMO DATA — NOT OFFICIAL GOVERNMENT RECORDS
PLN-1112,P1112,Zone D,Public/Semi-Public,UNDER_REVIEW,PLN-4,APPROVED,1.5,Planning,SYNTHETIC DEMO DATA — NOT OFFICIAL GOVERNMENT RECORDS
PLN-1113,P1113,Zone A,Residential,PERMITTED,PLN-5,PENDING,1.6,Planning,SYNTHETIC DEMO DATA — NOT OFFICIAL GOVERNMENT RECORDS
PLN-1114,P1114,Zone B,Commercial,PERMITTED,PLN-6,APPROVED,1.7,Planning,SYNTHETIC DEMO DATA — NOT OFFICIAL GOVERNMENT RECORDS
PLN-1115,P1115,Zone C,Commercial,UNDER_REVIEW,PLN-1,APPROVED,1.8,Planning,SYNTHETIC DEMO DATA — NOT OFFICIAL GOVERNMENT RECORDS
PLN-1116,P1116,Zone D,Agricultural,PERMITTED,PLN-2,APPROVED,1.9,Planning,SYNTHETIC DEMO DATA — NOT OFFICIAL GOVERNMENT RECORDS
PLN-1117,P1117,Zone A,Institutional,PERMITTED,PLN-3,PENDING,2.0,Planning,SYNTHETIC DEMO DATA — NOT OFFICIAL GOVERNMENT RECORDS
PLN-1118,P1118,Zone B,Mixed Use,UNDER_REVIEW,PLN-4,APPROVED,2.1,Planning,SYNTHETIC DEMO DATA — NOT OFFICIAL GOVERNMENT RECORDS
PLN-1119,P1119,Zone C,Vacant Land,PERMITTED,PLN-5,APPROVED,2.2,Planning,SYNTHETIC DEMO DATA — NOT OFFICIAL GOVERNMENT RECORDS
PLN-1120,P1120,Zone D,Public/Semi-Public,PERMITTED,PLN-6,APPROVED,2.3,Planning,SYNTHETIC DEMO DATA — NOT OFFICIAL GOVERNMENT RECORDS
PLN-1121,P1121,Zone A,Residential,UNDER_REVIEW,PLN-1,PENDING,1.2,Planning,SYNTHETIC DEMO DATA — NOT OFFICIAL GOVERNMENT RECORDS
PLN-1122,P1122,Zone B,Commercial,PERMITTED,PLN-2,APPROVED,1.3,Planning,SYNTHETIC DEMO DATA — NOT OFFICIAL GOVERNMENT RECORDS
PLN-1123,P1123,Zone C,Industrial,PERMITTED,PLN-3,APPROVED,1.4,Planning,SYNTHETIC DEMO DATA — NOT OFFICIAL GOVERNMENT RECORDS
PLN-1124,P1124,Zone D,Agricultural,UNDER_REVIEW,PLN-4,APPROVED,1.5,Planning,SYNTHETIC DEMO DATA — NOT OFFICIAL GOVERNMENT RECORDS
PLN-1125,P1125,Zone A,Institutional,PERMITTED,PLN-5,PENDING,1.6,Planning,SYNTHETIC DEMO DATA — NOT OFFICIAL GOVERNMENT RECORDS
PLN-1126,P1126,Zone B,Mixed Use,PERMITTED,PLN-6,APPROVED,1.7,Planning,SYNTHETIC DEMO DATA — NOT OFFICIAL GOVERNMENT RECORDS
PLN-1127,P1127,Zone C,Vacant Land,UNDER_REVIEW,PLN-1,APPROVED,1.8,Planning,SYNTHETIC DEMO DATA — NOT OFFICIAL GOVERNMENT RECORDS
PLN-1128,P1128,Zone D,Public/Semi-Public,PERMITTED,PLN-2,APPROVED,1.9,Planning,SYNTHETIC DEMO DATA — NOT OFFICIAL GOVERNMENT RECORDS
PLN-1129,P1129,Zone A,Residential,PERMITTED,PLN-3,PENDING,2.0,Planning,SYNTHETIC DEMO DATA — NOT OFFICIAL GOVERNMENT RECORDS
PLN-1130,P1130,Zone B,Commercial,UNDER_REVIEW,PLN-4,APPROVED,2.1,Planning,SYNTHETIC DEMO DATA — NOT OFFICIAL GOVERNMENT RECORDS
PLN-1131,P1131,Zone C,Industrial,PERMITTED,PLN-5,APPROVED,2.2,Planning,SYNTHETIC DEMO DATA — NOT OFFICIAL GOVERNMENT RECORDS
PLN-1132,P1132,Zone D,Agricultural,PERMITTED,PLN-6,APPROVED,2.3,Planning,SYNTHETIC DEMO DATA — NOT OFFICIAL GOVERNMENT RECORDS
PLN-1133,P1133,Zone A,Institutional,UNDER_REVIEW,PLN-1,PENDING,1.2,Planning,SYNTHETIC DEMO DATA — NOT OFFICIAL GOVERNMENT RECORDS
PLN-1134,P1134,Zone B,Commercial,PERMITTED,PLN-2,APPROVED,1.3,Planning,SYNTHETIC DEMO DATA — NOT OFFICIAL GOVERNMENT RECORDS
PLN-1135,P1135,Zone C,Vacant Land,PERMITTED,PLN-3,APPROVED,1.4,Planning,SYNTHETIC DEMO DATA — NOT OFFICIAL GOVERNMENT RECORDS
PLN-1136,P1136,Zone D,Public/Semi-Public,UNDER_REVIEW,PLN-4,APPROVED,1.5,Planning,SYNTHETIC DEMO DATA — NOT OFFICIAL GOVERNMENT RECORDS
PLN-1137,P1137,Zone A,Residential,PERMITTED,PLN-5,PENDING,1.6,Planning,SYNTHETIC DEMO DATA — NOT OFFICIAL GOVERNMENT RECORDS
PLN-1138,P1138,Zone B,Commercial,PERMITTED,PLN-6,APPROVED,1.7,Planning,SYNTHETIC DEMO DATA — NOT OFFICIAL GOVERNMENT RECORDS
PLN-1139,P1139,Zone C,Industrial,UNDER_REVIEW,PLN-1,APPROVED,1.8,Planning,SYNTHETIC DEMO DATA — NOT OFFICIAL GOVERNMENT RECORDS
PLN-1140,P1140,Zone D,Agricultural,PERMITTED,PLN-2,APPROVED,1.9,Planning,SYNTHETIC DEMO DATA — NOT OFFICIAL GOVERNMENT RECORDS
PLN-1141,P1141,Zone A,Institutional,PERMITTED,PLN-3,PENDING,2.0,Planning,SYNTHETIC DEMO DATA — NOT OFFICIAL GOVERNMENT RECORDS
PLN-1142,P1142,Zone B,Mixed Use,UNDER_REVIEW,PLN-4,APPROVED,2.1,Planning,SYNTHETIC DEMO DATA — NOT OFFICIAL GOVERNMENT RECORDS
PLN-1143,P1143,Zone C,Vacant Land,PERMITTED,PLN-5,APPROVED,2.2,Planning,SYNTHETIC DEMO DATA — NOT OFFICIAL GOVERNMENT RECORDS
PLN-1144,P1144,Zone D,Public/Semi-Public,PERMITTED,PLN-6,APPROVED,2.3,Planning,SYNTHETIC DEMO DATA — NOT OFFICIAL GOVERNMENT RECORDS
PLN-1145,P1145,Zone A,Residential,UNDER_REVIEW,PLN-1,PENDING,1.2,Planning,SYNTHETIC DEMO DATA — NOT OFFICIAL GOVERNMENT RECORDS
PLN-1146,P1146,Zone B,Commercial,PERMITTED,PLN-2,APPROVED,1.3,Planning,SYNTHETIC DEMO DATA — NOT OFFICIAL GOVERNMENT RECORDS
PLN-1147,P1147,Zone C,Industrial,PERMITTED,PLN-3,APPROVED,1.4,Planning,SYNTHETIC DEMO DATA — NOT OFFICIAL GOVERNMENT RECORDS
PLN-1148,P1148,Zone D,Agricultural,UNDER_REVIEW,PLN-4,APPROVED,1.5,Planning,SYNTHETIC DEMO DATA — NOT OFFICIAL GOVERNMENT RECORDS
PLN-1149,P1149,Zone A,Institutional,PERMITTED,PLN-5,PENDING,1.6,Planning,SYNTHETIC DEMO DATA — NOT OFFICIAL GOVERNMENT RECORDS
PLN-1150,P1150,Zone B,Mixed Use,PERMITTED,PLN-6,APPROVED,1.7,Planning,SYNTHETIC DEMO DATA — NOT OFFICIAL GOVERNMENT RECORDS
PLN-1151,P1151,Zone C,Vacant Land,UNDER_REVIEW,PLN-1,APPROVED,1.8,Planning,SYNTHETIC DEMO DATA — NOT OFFICIAL GOVERNMENT RECORDS
PLN-1152,P1152,Zone D,Public/Semi-Public,PERMITTED,PLN-2,APPROVED,1.9,Planning,SYNTHETIC DEMO DATA — NOT OFFICIAL GOVERNMENT RECORDS
PLN-1153,P1153,Zone A,Commercial,PERMITTED,PLN-3,PENDING,2.0,Planning,SYNTHETIC DEMO DATA — NOT OFFICIAL GOVERNMENT RECORDS
PLN-1154,P1154,Zone B,Commercial,UNDER_REVIEW,PLN-4,APPROVED,2.1,Planning,SYNTHETIC DEMO DATA — NOT OFFICIAL GOVERNMENT RECORDS
PLN-1155,P1155,Zone C,Industrial,PERMITTED,PLN-5,APPROVED,2.2,Planning,SYNTHETIC DEMO DATA — NOT OFFICIAL GOVERNMENT RECORDS
PLN-1156,P1156,Zone D,Agricultural,PERMITTED,PLN-6,APPROVED,2.3,Planning,SYNTHETIC DEMO DATA — NOT OFFICIAL GOVERNMENT RECORDS
PLN-1157,P1157,Zone A,Institutional,UNDER_REVIEW,PLN-1,PENDING,1.2,Planning,SYNTHETIC DEMO DATA — NOT OFFICIAL GOVERNMENT RECORDS
PLN-1158,P1158,Zone B,Mixed Use,PERMITTED,PLN-2,APPROVED,1.3,Planning,SYNTHETIC DEMO DATA — NOT OFFICIAL GOVERNMENT RECORDS
PLN-1159,P1159,Zone C,Vacant Land,PERMITTED,PLN-3,APPROVED,1.4,Planning,SYNTHETIC DEMO DATA — NOT OFFICIAL GOVERNMENT RECORDS
PLN-1160,P1160,Zone D,Public/Semi-Public,UNDER_REVIEW,PLN-4,APPROVED,1.5,Planning,SYNTHETIC DEMO DATA — NOT OFFICIAL GOVERNMENT RECORDS
PLN-1161,P1161,Zone A,Residential,PERMITTED,PLN-5,PENDING,1.6,Planning,SYNTHETIC DEMO DATA — NOT OFFICIAL GOVERNMENT RECORDS
PLN-1162,P1162,Zone B,Commercial,PERMITTED,PLN-6,APPROVED,1.7,Planning,SYNTHETIC DEMO DATA — NOT OFFICIAL GOVERNMENT RECORDS
PLN-1163,P1163,Zone C,Industrial,UNDER_REVIEW,PLN-1,APPROVED,1.8,Planning,SYNTHETIC DEMO DATA — NOT OFFICIAL GOVERNMENT RECORDS
PLN-1164,P1164,Zone D,Agricultural,PERMITTED,PLN-2,APPROVED,1.9,Planning,SYNTHETIC DEMO DATA — NOT OFFICIAL GOVERNMENT RECORDS
PLN-1165,P1165,Zone A,Institutional,PERMITTED,PLN-3,PENDING,2.0,Planning,SYNTHETIC DEMO DATA — NOT OFFICIAL GOVERNMENT RECORDS
PLN-1166,P1166,Zone B,Mixed Use,UNDER_REVIEW,PLN-4,APPROVED,2.1,Planning,SYNTHETIC DEMO DATA — NOT OFFICIAL GOVERNMENT RECORDS
PLN-1167,P1167,Zone C,Vacant Land,PERMITTED,PLN-5,APPROVED,2.2,Planning,SYNTHETIC DEMO DATA — NOT OFFICIAL GOVERNMENT RECORDS
PLN-1168,P1168,Zone D,Public/Semi-Public,PERMITTED,PLN-6,APPROVED,2.3,Planning,SYNTHETIC DEMO DATA — NOT OFFICIAL GOVERNMENT RECORDS
PLN-1169,P1169,Zone A,Residential,UNDER_REVIEW,PLN-1,PENDING,1.2,Planning,SYNTHETIC DEMO DATA — NOT OFFICIAL GOVERNMENT RECORDS
PLN-1170,P1170,Zone B,Commercial,PERMITTED,PLN-2,APPROVED,1.3,Planning,SYNTHETIC DEMO DATA — NOT OFFICIAL GOVERNMENT RECORDS
PLN-1171,P1171,Zone C,Industrial,PERMITTED,PLN-3,APPROVED,1.4,Planning,SYNTHETIC DEMO DATA — NOT OFFICIAL GOVERNMENT RECORDS
PLN-1172,P1172,Zone D,Commercial,UNDER_REVIEW,PLN-4,APPROVED,1.5,Planning,SYNTHETIC DEMO DATA — NOT OFFICIAL GOVERNMENT RECORDS
PLN-1173,P1173,Zone A,Institutional,PERMITTED,PLN-5,PENDING,1.6,Planning,SYNTHETIC DEMO DATA — NOT OFFICIAL GOVERNMENT RECORDS
PLN-1174,P1174,Zone B,Mixed Use,PERMITTED,PLN-6,APPROVED,1.7,Planning,SYNTHETIC DEMO DATA — NOT OFFICIAL GOVERNMENT RECORDS
PLN-1175,P1175,Zone C,Vacant Land,UNDER_REVIEW,PLN-1,APPROVED,1.8,Planning,SYNTHETIC DEMO DATA — NOT OFFICIAL GOVERNMENT RECORDS
PLN-1176,P1176,Zone D,Public/Semi-Public,PERMITTED,PLN-2,APPROVED,1.9,Planning,SYNTHETIC DEMO DATA — NOT OFFICIAL GOVERNMENT RECORDS
PLN-1177,P1177,Zone A,Residential,PERMITTED,PLN-3,PENDING,2.0,Planning,SYNTHETIC DEMO DATA — NOT OFFICIAL GOVERNMENT RECORDS
PLN-1178,P1178,Zone B,Commercial,UNDER_REVIEW,PLN-4,APPROVED,2.1,Planning,SYNTHETIC DEMO DATA — NOT OFFICIAL GOVERNMENT RECORDS
PLN-1179,P1179,Zone C,Industrial,PERMITTED,PLN-5,APPROVED,2.2,Planning,SYNTHETIC DEMO DATA — NOT OFFICIAL GOVERNMENT RECORDS
PLN-1180,P1180,Zone D,Agricultural,PERMITTED,PLN-6,APPROVED,2.3,Planning,SYNTHETIC DEMO DATA — NOT OFFICIAL GOVERNMENT RECORDS
PLN-1181,P1181,Zone A,Institutional,UNDER_REVIEW,PLN-1,PENDING,1.2,Planning,SYNTHETIC DEMO DATA — NOT OFFICIAL GOVERNMENT RECORDS
PLN-1182,P1182,Zone B,Mixed Use,PERMITTED,PLN-2,APPROVED,1.3,Planning,SYNTHETIC DEMO DATA — NOT OFFICIAL GOVERNMENT RECORDS
PLN-1183,P1183,Zone C,Vacant Land,PERMITTED,PLN-3,APPROVED,1.4,Planning,SYNTHETIC DEMO DATA — NOT OFFICIAL GOVERNMENT RECORDS
PLN-1184,P1184,Zone D,Public/Semi-Public,UNDER_REVIEW,PLN-4,APPROVED,1.5,Planning,SYNTHETIC DEMO DATA — NOT OFFICIAL GOVERNMENT RECORDS
PLN-1185,P1185,Zone A,Residential,PERMITTED,PLN-5,PENDING,1.6,Planning,SYNTHETIC DEMO DATA — NOT OFFICIAL GOVERNMENT RECORDS
PLN-1186,P1186,Zone B,Commercial,PERMITTED,PLN-6,APPROVED,1.7,Planning,SYNTHETIC DEMO DATA — NOT OFFICIAL GOVERNMENT RECORDS
PLN-1187,P1187,Zone C,Industrial,UNDER_REVIEW,PLN-1,APPROVED,1.8,Planning,SYNTHETIC DEMO DATA — NOT OFFICIAL GOVERNMENT RECORDS
PLN-1188,P1188,Zone D,Agricultural,PERMITTED,PLN-2,APPROVED,1.9,Planning,SYNTHETIC DEMO DATA — NOT OFFICIAL GOVERNMENT RECORDS
PLN-1189,P1189,Zone A,Institutional,PERMITTED,PLN-3,PENDING,2.0,Planning,SYNTHETIC DEMO DATA — NOT OFFICIAL GOVERNMENT RECORDS
PLN-1190,P1190,Zone B,Mixed Use,UNDER_REVIEW,PLN-4,APPROVED,2.1,Planning,SYNTHETIC DEMO DATA — NOT OFFICIAL GOVERNMENT RECORDS
PLN-1191,P1191,Zone C,Commercial,PERMITTED,PLN-5,APPROVED,2.2,Planning,SYNTHETIC DEMO DATA — NOT OFFICIAL GOVERNMENT RECORDS
PLN-1192,P1192,Zone D,Public/Semi-Public,PERMITTED,PLN-6,APPROVED,2.3,Planning,SYNTHETIC DEMO DATA — NOT OFFICIAL GOVERNMENT RECORDS
PLN-1193,P1193,Zone A,Residential,UNDER_REVIEW,PLN-1,PENDING,1.2,Planning,SYNTHETIC DEMO DATA — NOT OFFICIAL GOVERNMENT RECORDS
PLN-1194,P1194,Zone B,Commercial,PERMITTED,PLN-2,APPROVED,1.3,Planning,SYNTHETIC DEMO DATA — NOT OFFICIAL GOVERNMENT RECORDS
PLN-1195,P1195,Zone C,Industrial,PERMITTED,PLN-3,APPROVED,1.4,Planning,SYNTHETIC DEMO DATA — NOT OFFICIAL GOVERNMENT RECORDS
PLN-1196,P1196,Zone D,Agricultural,UNDER_REVIEW,PLN-4,APPROVED,1.5,Planning,SYNTHETIC DEMO DATA — NOT OFFICIAL GOVERNMENT RECORDS
PLN-1197,P1197,Zone A,Institutional,PERMITTED,PLN-5,PENDING,1.6,Planning,SYNTHETIC DEMO DATA — NOT OFFICIAL GOVERNMENT RECORDS
PLN-1198,P1198,Zone B,Mixed Use,PERMITTED,PLN-6,APPROVED,1.7,Planning,SYNTHETIC DEMO DATA — NOT OFFICIAL GOVERNMENT RECORDS
PLN-1199,P1199,Zone C,Vacant Land,UNDER_REVIEW,PLN-1,APPROVED,1.8,Planning,SYNTHETIC DEMO DATA — NOT OFFICIAL GOVERNMENT RECORDS
PLN-1200,P1200,Zone D,Public/Semi-Public,PERMITTED,PLN-2,APPROVED,1.9,Planning,SYNTHETIC DEMO DATA — NOT OFFICIAL GOVERNMENT RECORDS
PLN-1201,P1201,Zone A,Residential,PERMITTED,PLN-3,PENDING,2.0,Planning,SYNTHETIC DEMO DATA — NOT OFFICIAL GOVERNMENT RECORDS
PLN-1202,P1202,Zone B,Commercial,UNDER_REVIEW,PLN-4,APPROVED,2.1,Planning,SYNTHETIC DEMO DATA — NOT OFFICIAL GOVERNMENT RECORDS
PLN-1203,P1203,Zone C,Industrial,PERMITTED,PLN-5,APPROVED,2.2,Planning,SYNTHETIC DEMO DATA — NOT OFFICIAL GOVERNMENT RECORDS
PLN-1204,P1204,Zone D,Agricultural,PERMITTED,PLN-6,APPROVED,2.3,Planning,SYNTHETIC DEMO DATA — NOT OFFICIAL GOVERNMENT RECORDS
PLN-1205,P1205,Zone A,Institutional,UNDER_REVIEW,PLN-1,PENDING,1.2,Planning,SYNTHETIC DEMO DATA — NOT OFFICIAL GOVERNMENT RECORDS
PLN-1206,P1206,Zone B,Mixed Use,PERMITTED,PLN-2,APPROVED,1.3,Planning,SYNTHETIC DEMO DATA — NOT OFFICIAL GOVERNMENT RECORDS
PLN-1207,P1207,Zone C,Vacant Land,PERMITTED,PLN-3,APPROVED,1.4,Planning,SYNTHETIC DEMO DATA — NOT OFFICIAL GOVERNMENT RECORDS
PLN-1208,P1208,Zone D,Public/Semi-Public,UNDER_REVIEW,PLN-4,APPROVED,1.5,Planning,SYNTHETIC DEMO DATA — NOT OFFICIAL GOVERNMENT RECORDS
PLN-1209,P1209,Zone A,Residential,PERMITTED,PLN-5,PENDING,1.6,Planning,SYNTHETIC DEMO DATA — NOT OFFICIAL GOVERNMENT RECORDS
PLN-1210,P1210,Zone B,Commercial,PERMITTED,PLN-6,APPROVED,1.7,Planning,SYNTHETIC DEMO DATA — NOT OFFICIAL GOVERNMENT RECORDS
PLN-1211,P1211,Zone C,Industrial,UNDER_REVIEW,PLN-1,APPROVED,1.8,Planning,SYNTHETIC DEMO DATA — NOT OFFICIAL GOVERNMENT RECORDS
PLN-1212,P1212,Zone D,Agricultural,PERMITTED,PLN-2,APPROVED,1.9,Planning,SYNTHETIC DEMO DATA — NOT OFFICIAL GOVERNMENT RECORDS
PLN-1213,P1213,Zone A,Institutional,PERMITTED,PLN-3,PENDING,2.0,Planning,SYNTHETIC DEMO DATA — NOT OFFICIAL GOVERNMENT RECORDS
PLN-1214,P1214,Zone B,Mixed Use,UNDER_REVIEW,PLN-4,APPROVED,2.1,Planning,SYNTHETIC DEMO DATA — NOT OFFICIAL GOVERNMENT RECORDS
PLN-1215,P1215,Zone C,Vacant Land,PERMITTED,PLN-5,APPROVED,2.2,Planning,SYNTHETIC DEMO DATA — NOT OFFICIAL GOVERNMENT RECORDS
PLN-1216,P1216,Zone D,Public/Semi-Public,PERMITTED,PLN-6,APPROVED,2.3,Planning,SYNTHETIC DEMO DATA — NOT OFFICIAL GOVERNMENT RECORDS
PLN-1217,P1217,Zone A,Residential,UNDER_REVIEW,PLN-1,PENDING,1.2,Planning,SYNTHETIC DEMO DATA — NOT OFFICIAL GOVERNMENT RECORDS
PLN-1218,P1218,Zone B,Commercial,PERMITTED,PLN-2,APPROVED,1.3,Planning,SYNTHETIC DEMO DATA — NOT OFFICIAL GOVERNMENT RECORDS
PLN-1219,P1219,Zone C,Industrial,PERMITTED,PLN-3,APPROVED,1.4,Planning,SYNTHETIC DEMO DATA — NOT OFFICIAL GOVERNMENT RECORDS
PLN-1220,P1220,Zone D,Agricultural,UNDER_REVIEW,PLN-4,APPROVED,1.5,Planning,SYNTHETIC DEMO DATA — NOT OFFICIAL GOVERNMENT RECORDS
PLN-1221,P1221,Zone A,Institutional,PERMITTED,PLN-5,PENDING,1.6,Planning,SYNTHETIC DEMO DATA — NOT OFFICIAL GOVERNMENT RECORDS
PLN-1222,P1222,Zone B,Mixed Use,PERMITTED,PLN-6,APPROVED,1.7,Planning,SYNTHETIC DEMO DATA — NOT OFFICIAL GOVERNMENT RECORDS
PLN-1223,P1223,Zone C,Vacant Land,UNDER_REVIEW,PLN-1,APPROVED,1.8,Planning,SYNTHETIC DEMO DATA — NOT OFFICIAL GOVERNMENT RECORDS
PLN-1224,P1224,Zone D,Public/Semi-Public,PERMITTED,PLN-2,APPROVED,1.9,Planning,SYNTHETIC DEMO DATA — NOT OFFICIAL GOVERNMENT RECORDS
PLN-1225,P1225,Zone A,Residential,PERMITTED,PLN-3,PENDING,2.0,Planning,SYNTHETIC DEMO DATA — NOT OFFICIAL GOVERNMENT RECORDS
PLN-1226,P1226,Zone B,Commercial,UNDER_REVIEW,PLN-4,APPROVED,2.1,Planning,SYNTHETIC DEMO DATA — NOT OFFICIAL GOVERNMENT RECORDS
PLN-1227,P1227,Zone C,Industrial,PERMITTED,PLN-5,APPROVED,2.2,Planning,SYNTHETIC DEMO DATA — NOT OFFICIAL GOVERNMENT RECORDS
PLN-1228,P1228,Zone D,Agricultural,PERMITTED,PLN-6,APPROVED,2.3,Planning,SYNTHETIC DEMO DATA — NOT OFFICIAL GOVERNMENT RECORDS
PLN-1229,P1229,Zone A,Commercial,UNDER_REVIEW,PLN-1,PENDING,1.2,Planning,SYNTHETIC DEMO DATA — NOT OFFICIAL GOVERNMENT RECORDS
PLN-1230,P1230,Zone B,Mixed Use,PERMITTED,PLN-2,APPROVED,1.3,Planning,SYNTHETIC DEMO DATA — NOT OFFICIAL GOVERNMENT RECORDS
PLN-1231,P1231,Zone C,Vacant Land,PERMITTED,PLN-3,APPROVED,1.4,Planning,SYNTHETIC DEMO DATA — NOT OFFICIAL GOVERNMENT RECORDS
PLN-1232,P1232,Zone D,Public/Semi-Public,UNDER_REVIEW,PLN-4,APPROVED,1.5,Planning,SYNTHETIC DEMO DATA — NOT OFFICIAL GOVERNMENT RECORDS
PLN-1233,P1233,Zone A,Residential,PERMITTED,PLN-5,PENDING,1.6,Planning,SYNTHETIC DEMO DATA — NOT OFFICIAL GOVERNMENT RECORDS
PLN-1234,P1234,Zone B,Commercial,PERMITTED,PLN-6,APPROVED,1.7,Planning,SYNTHETIC DEMO DATA — NOT OFFICIAL GOVERNMENT RECORDS
PLN-1235,P1235,Zone C,Industrial,UNDER_REVIEW,PLN-1,APPROVED,1.8,Planning,SYNTHETIC DEMO DATA — NOT OFFICIAL GOVERNMENT RECORDS
PLN-1236,P1236,Zone D,Agricultural,PERMITTED,PLN-2,APPROVED,1.9,Planning,SYNTHETIC DEMO DATA — NOT OFFICIAL GOVERNMENT RECORDS
PLN-1237,P1237,Zone A,Institutional,PERMITTED,PLN-3,PENDING,2.0,Planning,SYNTHETIC DEMO DATA — NOT OFFICIAL GOVERNMENT RECORDS
PLN-1238,P1238,Zone B,Mixed Use,UNDER_REVIEW,PLN-4,APPROVED,2.1,Planning,SYNTHETIC DEMO DATA — NOT OFFICIAL GOVERNMENT RECORDS
PLN-1239,P1239,Zone C,Vacant Land,PERMITTED,PLN-5,APPROVED,2.2,Planning,SYNTHETIC DEMO DATA — NOT OFFICIAL GOVERNMENT RECORDS
PLN-1240,P1240,Zone D,Public/Semi-Public,PERMITTED,PLN-6,APPROVED,2.3,Planning,SYNTHETIC DEMO DATA — NOT OFFICIAL GOVERNMENT RECORDS
PLN-1241,P1241,Zone A,Residential,UNDER_REVIEW,PLN-1,PENDING,1.2,Planning,SYNTHETIC DEMO DATA — NOT OFFICIAL GOVERNMENT RECORDS
PLN-1242,P1242,Zone B,Commercial,PERMITTED,PLN-2,APPROVED,1.3,Planning,SYNTHETIC DEMO DATA — NOT OFFICIAL GOVERNMENT RECORDS
PLN-1243,P1243,Zone C,Industrial,PERMITTED,PLN-3,APPROVED,1.4,Planning,SYNTHETIC DEMO DATA — NOT OFFICIAL GOVERNMENT RECORDS
PLN-1244,P1244,Zone D,Agricultural,UNDER_REVIEW,PLN-4,APPROVED,1.5,Planning,SYNTHETIC DEMO DATA — NOT OFFICIAL GOVERNMENT RECORDS
PLN-1245,P1245,Zone A,Institutional,PERMITTED,PLN-5,PENDING,1.6,Planning,SYNTHETIC DEMO DATA — NOT OFFICIAL GOVERNMENT RECORDS
PLN-1246,P1246,Zone B,Mixed Use,PERMITTED,PLN-6,APPROVED,1.7,Planning,SYNTHETIC DEMO DATA — NOT OFFICIAL GOVERNMENT RECORDS
PLN-1247,P1247,Zone C,Vacant Land,UNDER_REVIEW,PLN-1,APPROVED,1.8,Planning,SYNTHETIC DEMO DATA — NOT OFFICIAL GOVERNMENT RECORDS
PLN-1248,P1248,Zone D,Commercial,PERMITTED,PLN-2,APPROVED,1.9,Planning,SYNTHETIC DEMO DATA — NOT OFFICIAL GOVERNMENT RECORDS
PLN-1249,P1249,Zone A,Residential,PERMITTED,PLN-3,PENDING,2.0,Planning,SYNTHETIC DEMO DATA — NOT OFFICIAL GOVERNMENT RECORDS
PLN-1250,P1250,Zone B,Commercial,UNDER_REVIEW,PLN-4,APPROVED,2.1,Planning,SYNTHETIC DEMO DATA — NOT OFFICIAL GOVERNMENT RECORDS
PLN-1251,P1251,Zone C,Industrial,PERMITTED,PLN-5,APPROVED,2.2,Planning,SYNTHETIC DEMO DATA — NOT OFFICIAL GOVERNMENT RECORDS
PLN-1252,P1252,Zone D,Agricultural,PERMITTED,PLN-6,APPROVED,2.3,Planning,SYNTHETIC DEMO DATA — NOT OFFICIAL GOVERNMENT RECORDS
PLN-1253,P1253,Zone A,Institutional,UNDER_REVIEW,PLN-1,PENDING,1.2,Planning,SYNTHETIC DEMO DATA — NOT OFFICIAL GOVERNMENT RECORDS
PLN-1254,P1254,Zone B,Mixed Use,PERMITTED,PLN-2,APPROVED,1.3,Planning,SYNTHETIC DEMO DATA — NOT OFFICIAL GOVERNMENT RECORDS
PLN-1255,P1255,Zone C,Vacant Land,PERMITTED,PLN-3,APPROVED,1.4,Planning,SYNTHETIC DEMO DATA — NOT OFFICIAL GOVERNMENT RECORDS
PLN-1256,P1256,Zone D,Public/Semi-Public,UNDER_REVIEW,PLN-4,APPROVED,1.5,Planning,SYNTHETIC DEMO DATA — NOT OFFICIAL GOVERNMENT RECORDS
PLN-1257,P1257,Zone A,Residential,PERMITTED,PLN-5,PENDING,1.6,Planning,SYNTHETIC DEMO DATA — NOT OFFICIAL GOVERNMENT RECORDS
PLN-1258,P1258,Zone B,Commercial,PERMITTED,PLN-6,APPROVED,1.7,Planning,SYNTHETIC DEMO DATA — NOT OFFICIAL GOVERNMENT RECORDS
PLN-1259,P1259,Zone C,Industrial,UNDER_REVIEW,PLN-1,APPROVED,1.8,Planning,SYNTHETIC DEMO DATA — NOT OFFICIAL GOVERNMENT RECORDS
PLN-1260,P1260,Zone D,Agricultural,PERMITTED,PLN-2,APPROVED,1.9,Planning,SYNTHETIC DEMO DATA — NOT OFFICIAL GOVERNMENT RECORDS
PLN-1261,P1261,Zone A,Institutional,PERMITTED,PLN-3,PENDING,2.0,Planning,SYNTHETIC DEMO DATA — NOT OFFICIAL GOVERNMENT RECORDS
PLN-1262,P1262,Zone B,Mixed Use,UNDER_REVIEW,PLN-4,APPROVED,2.1,Planning,SYNTHETIC DEMO DATA — NOT OFFICIAL GOVERNMENT RECORDS
PLN-1263,P1263,Zone C,Vacant Land,PERMITTED,PLN-5,APPROVED,2.2,Planning,SYNTHETIC DEMO DATA — NOT OFFICIAL GOVERNMENT RECORDS
PLN-1264,P1264,Zone D,Public/Semi-Public,PERMITTED,PLN-6,APPROVED,2.3,Planning,SYNTHETIC DEMO DATA — NOT OFFICIAL GOVERNMENT RECORDS
PLN-1265,P1265,Zone A,Residential,UNDER_REVIEW,PLN-1,PENDING,1.2,Planning,SYNTHETIC DEMO DATA — NOT OFFICIAL GOVERNMENT RECORDS
PLN-1266,P1266,Zone B,Commercial,PERMITTED,PLN-2,APPROVED,1.3,Planning,SYNTHETIC DEMO DATA — NOT OFFICIAL GOVERNMENT RECORDS
PLN-1267,P1267,Zone C,Commercial,PERMITTED,PLN-3,APPROVED,1.4,Planning,SYNTHETIC DEMO DATA — NOT OFFICIAL GOVERNMENT RECORDS
PLN-1268,P1268,Zone D,Agricultural,UNDER_REVIEW,PLN-4,APPROVED,1.5,Planning,SYNTHETIC DEMO DATA — NOT OFFICIAL GOVERNMENT RECORDS
PLN-1269,P1269,Zone A,Institutional,PERMITTED,PLN-5,PENDING,1.6,Planning,SYNTHETIC DEMO DATA — NOT OFFICIAL GOVERNMENT RECORDS
PLN-1270,P1270,Zone B,Mixed Use,PERMITTED,PLN-6,APPROVED,1.7,Planning,SYNTHETIC DEMO DATA — NOT OFFICIAL GOVERNMENT RECORDS
PLN-1271,P1271,Zone C,Vacant Land,UNDER_REVIEW,PLN-1,APPROVED,1.8,Planning,SYNTHETIC DEMO DATA — NOT OFFICIAL GOVERNMENT RECORDS
PLN-1272,P1272,Zone D,Public/Semi-Public,PERMITTED,PLN-2,APPROVED,1.9,Planning,SYNTHETIC DEMO DATA — NOT OFFICIAL GOVERNMENT RECORDS
PLN-1273,P1273,Zone A,Residential,PERMITTED,PLN-3,PENDING,2.0,Planning,SYNTHETIC DEMO DATA — NOT OFFICIAL GOVERNMENT RECORDS
PLN-1274,P1274,Zone B,Commercial,UNDER_REVIEW,PLN-4,APPROVED,2.1,Planning,SYNTHETIC DEMO DATA — NOT OFFICIAL GOVERNMENT RECORDS
PLN-1275,P1275,Zone C,Industrial,PERMITTED,PLN-5,APPROVED,2.2,Planning,SYNTHETIC DEMO DATA — NOT OFFICIAL GOVERNMENT RECORDS
PLN-1276,P1276,Zone D,Agricultural,PERMITTED,PLN-6,APPROVED,2.3,Planning,SYNTHETIC DEMO DATA — NOT OFFICIAL GOVERNMENT RECORDS
PLN-1277,P1277,Zone A,Institutional,UNDER_REVIEW,PLN-1,PENDING,1.2,Planning,SYNTHETIC DEMO DATA — NOT OFFICIAL GOVERNMENT RECORDS
PLN-1278,P1278,Zone B,Mixed Use,PERMITTED,PLN-2,APPROVED,1.3,Planning,SYNTHETIC DEMO DATA — NOT OFFICIAL GOVERNMENT RECORDS
PLN-1279,P1279,Zone C,Vacant Land,PERMITTED,PLN-3,APPROVED,1.4,Planning,SYNTHETIC DEMO DATA — NOT OFFICIAL GOVERNMENT RECORDS
PLN-1280,P1280,Zone D,Public/Semi-Public,UNDER_REVIEW,PLN-4,APPROVED,1.5,Planning,SYNTHETIC DEMO DATA — NOT OFFICIAL GOVERNMENT RECORDS
PLN-1281,P1281,Zone A,Residential,PERMITTED,PLN-5,PENDING,1.6,Planning,SYNTHETIC DEMO DATA — NOT OFFICIAL GOVERNMENT RECORDS
PLN-1282,P1282,Zone B,Commercial,PERMITTED,PLN-6,APPROVED,1.7,Planning,SYNTHETIC DEMO DATA — NOT OFFICIAL GOVERNMENT RECORDS
PLN-1283,P1283,Zone C,Industrial,UNDER_REVIEW,PLN-1,APPROVED,1.8,Planning,SYNTHETIC DEMO DATA — NOT OFFICIAL GOVERNMENT RECORDS
PLN-1284,P1284,Zone D,Agricultural,PERMITTED,PLN-2,APPROVED,1.9,Planning,SYNTHETIC DEMO DATA — NOT OFFICIAL GOVERNMENT RECORDS
PLN-1285,P1285,Zone A,Institutional,PERMITTED,PLN-3,PENDING,2.0,Planning,SYNTHETIC DEMO DATA — NOT OFFICIAL GOVERNMENT RECORDS
PLN-1286,P1286,Zone B,Commercial,UNDER_REVIEW,PLN-4,APPROVED,2.1,Planning,SYNTHETIC DEMO DATA — NOT OFFICIAL GOVERNMENT RECORDS
PLN-1287,P1287,Zone C,Vacant Land,PERMITTED,PLN-5,APPROVED,2.2,Planning,SYNTHETIC DEMO DATA — NOT OFFICIAL GOVERNMENT RECORDS
PLN-1288,P1288,Zone D,Public/Semi-Public,PERMITTED,PLN-6,APPROVED,2.3,Planning,SYNTHETIC DEMO DATA — NOT OFFICIAL GOVERNMENT RECORDS
PLN-1289,P1289,Zone A,Residential,UNDER_REVIEW,PLN-1,PENDING,1.2,Planning,SYNTHETIC DEMO DATA — NOT OFFICIAL GOVERNMENT RECORDS
PLN-1290,P1290,Zone B,Commercial,PERMITTED,PLN-2,APPROVED,1.3,Planning,SYNTHETIC DEMO DATA — NOT OFFICIAL GOVERNMENT RECORDS
PLN-1291,P1291,Zone C,Industrial,PERMITTED,PLN-3,APPROVED,1.4,Planning,SYNTHETIC DEMO DATA — NOT OFFICIAL GOVERNMENT RECORDS
PLN-1292,P1292,Zone D,Agricultural,UNDER_REVIEW,PLN-4,APPROVED,1.5,Planning,SYNTHETIC DEMO DATA — NOT OFFICIAL GOVERNMENT RECORDS
PLN-1293,P1293,Zone A,Institutional,PERMITTED,PLN-5,PENDING,1.6,Planning,SYNTHETIC DEMO DATA — NOT OFFICIAL GOVERNMENT RECORDS
PLN-1294,P1294,Zone B,Mixed Use,PERMITTED,PLN-6,APPROVED,1.7,Planning,SYNTHETIC DEMO DATA — NOT OFFICIAL GOVERNMENT RECORDS
PLN-1295,P1295,Zone C,Vacant Land,UNDER_REVIEW,PLN-1,APPROVED,1.8,Planning,SYNTHETIC DEMO DATA — NOT OFFICIAL GOVERNMENT RECORDS
PLN-1296,P1296,Zone D,Public/Semi-Public,PERMITTED,PLN-2,APPROVED,1.9,Planning,SYNTHETIC DEMO DATA — NOT OFFICIAL GOVERNMENT RECORDS
PLN-1297,P1297,Zone A,Residential,PERMITTED,PLN-3,PENDING,2.0,Planning,SYNTHETIC DEMO DATA — NOT OFFICIAL GOVERNMENT RECORDS
PLN-1298,P1298,Zone B,Commercial,UNDER_REVIEW,PLN-4,APPROVED,2.1,Planning,SYNTHETIC DEMO DATA — NOT OFFICIAL GOVERNMENT RECORDS
PLN-1299,P1299,Zone C,Industrial,PERMITTED,PLN-5,APPROVED,2.2,Planning,SYNTHETIC DEMO DATA — NOT OFFICIAL GOVERNMENT RECORDS
PLN-1300,P1300,Zone D,Agricultural,PERMITTED,PLN-6,APPROVED,2.3,Planning,SYNTHETIC DEMO DATA — NOT OFFICIAL GOVERNMENT RECORDS
PLN-1301,P1301,Zone A,Institutional,UNDER_REVIEW,PLN-1,PENDING,1.2,Planning,SYNTHETIC DEMO DATA — NOT OFFICIAL GOVERNMENT RECORDS
PLN-1302,P1302,Zone B,Mixed Use,PERMITTED,PLN-2,APPROVED,1.3,Planning,SYNTHETIC DEMO DATA — NOT OFFICIAL GOVERNMENT RECORDS
PLN-1303,P1303,Zone C,Vacant Land,PERMITTED,PLN-3,APPROVED,1.4,Planning,SYNTHETIC DEMO DATA — NOT OFFICIAL GOVERNMENT RECORDS
PLN-1304,P1304,Zone D,Public/Semi-Public,UNDER_REVIEW,PLN-4,APPROVED,1.5,Planning,SYNTHETIC DEMO DATA — NOT OFFICIAL GOVERNMENT RECORDS
PLN-1305,P1305,Zone A,Commercial,PERMITTED,PLN-5,PENDING,1.6,Planning,SYNTHETIC DEMO DATA — NOT OFFICIAL GOVERNMENT RECORDS
PLN-1306,P1306,Zone B,Commercial,PERMITTED,PLN-6,APPROVED,1.7,Planning,SYNTHETIC DEMO DATA — NOT OFFICIAL GOVERNMENT RECORDS
PLN-1307,P1307,Zone C,Industrial,UNDER_REVIEW,PLN-1,APPROVED,1.8,Planning,SYNTHETIC DEMO DATA — NOT OFFICIAL GOVERNMENT RECORDS
PLN-1308,P1308,Zone D,Agricultural,PERMITTED,PLN-2,APPROVED,1.9,Planning,SYNTHETIC DEMO DATA — NOT OFFICIAL GOVERNMENT RECORDS
PLN-1309,P1309,Zone A,Institutional,PERMITTED,PLN-3,PENDING,2.0,Planning,SYNTHETIC DEMO DATA — NOT OFFICIAL GOVERNMENT RECORDS
PLN-1310,P1310,Zone B,Mixed Use,UNDER_REVIEW,PLN-4,APPROVED,2.1,Planning,SYNTHETIC DEMO DATA — NOT OFFICIAL GOVERNMENT RECORDS
PLN-1311,P1311,Zone C,Vacant Land,PERMITTED,PLN-5,APPROVED,2.2,Planning,SYNTHETIC DEMO DATA — NOT OFFICIAL GOVERNMENT RECORDS
PLN-1312,P1312,Zone D,Public/Semi-Public,PERMITTED,PLN-6,APPROVED,2.3,Planning,SYNTHETIC DEMO DATA — NOT OFFICIAL GOVERNMENT RECORDS
PLN-1313,P1313,Zone A,Residential,UNDER_REVIEW,PLN-1,PENDING,1.2,Planning,SYNTHETIC DEMO DATA — NOT OFFICIAL GOVERNMENT RECORDS
PLN-1314,P1314,Zone B,Commercial,PERMITTED,PLN-2,APPROVED,1.3,Planning,SYNTHETIC DEMO DATA — NOT OFFICIAL GOVERNMENT RECORDS
PLN-1315,P1315,Zone C,Industrial,PERMITTED,PLN-3,APPROVED,1.4,Planning,SYNTHETIC DEMO DATA — NOT OFFICIAL GOVERNMENT RECORDS
PLN-1316,P1316,Zone D,Agricultural,UNDER_REVIEW,PLN-4,APPROVED,1.5,Planning,SYNTHETIC DEMO DATA — NOT OFFICIAL GOVERNMENT RECORDS
PLN-1317,P1317,Zone A,Institutional,PERMITTED,PLN-5,PENDING,1.6,Planning,SYNTHETIC DEMO DATA — NOT OFFICIAL GOVERNMENT RECORDS
PLN-1318,P1318,Zone B,Mixed Use,PERMITTED,PLN-6,APPROVED,1.7,Planning,SYNTHETIC DEMO DATA — NOT OFFICIAL GOVERNMENT RECORDS
PLN-1319,P1319,Zone C,Vacant Land,UNDER_REVIEW,PLN-1,APPROVED,1.8,Planning,SYNTHETIC DEMO DATA — NOT OFFICIAL GOVERNMENT RECORDS
PLN-1320,P1320,Zone D,Public/Semi-Public,PERMITTED,PLN-2,APPROVED,1.9,Planning,SYNTHETIC DEMO DATA — NOT OFFICIAL GOVERNMENT RECORDS
PLN-1321,P1321,Zone A,Residential,PERMITTED,PLN-3,PENDING,2.0,Planning,SYNTHETIC DEMO DATA — NOT OFFICIAL GOVERNMENT RECORDS
PLN-1322,P1322,Zone B,Commercial,UNDER_REVIEW,PLN-4,APPROVED,2.1,Planning,SYNTHETIC DEMO DATA — NOT OFFICIAL GOVERNMENT RECORDS
PLN-1323,P1323,Zone C,Industrial,PERMITTED,PLN-5,APPROVED,2.2,Planning,SYNTHETIC DEMO DATA — NOT OFFICIAL GOVERNMENT RECORDS
PLN-1324,P1324,Zone D,Commercial,PERMITTED,PLN-6,APPROVED,2.3,Planning,SYNTHETIC DEMO DATA — NOT OFFICIAL GOVERNMENT RECORDS
PLN-1325,P1325,Zone A,Institutional,UNDER_REVIEW,PLN-1,PENDING,1.2,Planning,SYNTHETIC DEMO DATA — NOT OFFICIAL GOVERNMENT RECORDS
PLN-1326,P1326,Zone B,Mixed Use,PERMITTED,PLN-2,APPROVED,1.3,Planning,SYNTHETIC DEMO DATA — NOT OFFICIAL GOVERNMENT RECORDS
PLN-1327,P1327,Zone C,Vacant Land,PERMITTED,PLN-3,APPROVED,1.4,Planning,SYNTHETIC DEMO DATA — NOT OFFICIAL GOVERNMENT RECORDS
PLN-1328,P1328,Zone D,Public/Semi-Public,UNDER_REVIEW,PLN-4,APPROVED,1.5,Planning,SYNTHETIC DEMO DATA — NOT OFFICIAL GOVERNMENT RECORDS
PLN-1329,P1329,Zone A,Residential,PERMITTED,PLN-5,PENDING,1.6,Planning,SYNTHETIC DEMO DATA — NOT OFFICIAL GOVERNMENT RECORDS
PLN-1330,P1330,Zone B,Commercial,PERMITTED,PLN-6,APPROVED,1.7,Planning,SYNTHETIC DEMO DATA — NOT OFFICIAL GOVERNMENT RECORDS
PLN-1331,P1331,Zone C,Industrial,UNDER_REVIEW,PLN-1,APPROVED,1.8,Planning,SYNTHETIC DEMO DATA — NOT OFFICIAL GOVERNMENT RECORDS
PLN-1332,P1332,Zone D,Agricultural,PERMITTED,PLN-2,APPROVED,1.9,Planning,SYNTHETIC DEMO DATA — NOT OFFICIAL GOVERNMENT RECORDS
PLN-1333,P1333,Zone A,Institutional,PERMITTED,PLN-3,PENDING,2.0,Planning,SYNTHETIC DEMO DATA — NOT OFFICIAL GOVERNMENT RECORDS
PLN-1334,P1334,Zone B,Mixed Use,UNDER_REVIEW,PLN-4,APPROVED,2.1,Planning,SYNTHETIC DEMO DATA — NOT OFFICIAL GOVERNMENT RECORDS
PLN-1335,P1335,Zone C,Vacant Land,PERMITTED,PLN-5,APPROVED,2.2,Planning,SYNTHETIC DEMO DATA — NOT OFFICIAL GOVERNMENT RECORDS
PLN-1336,P1336,Zone D,Public/Semi-Public,PERMITTED,PLN-6,APPROVED,2.3,Planning,SYNTHETIC DEMO DATA — NOT OFFICIAL GOVERNMENT RECORDS
PLN-1337,P1337,Zone A,Residential,UNDER_REVIEW,PLN-1,PENDING,1.2,Planning,SYNTHETIC DEMO DATA — NOT OFFICIAL GOVERNMENT RECORDS
PLN-1338,P1338,Zone B,Commercial,PERMITTED,PLN-2,APPROVED,1.3,Planning,SYNTHETIC DEMO DATA — NOT OFFICIAL GOVERNMENT RECORDS
PLN-1339,P1339,Zone C,Industrial,PERMITTED,PLN-3,APPROVED,1.4,Planning,SYNTHETIC DEMO DATA — NOT OFFICIAL GOVERNMENT RECORDS
PLN-1340,P1340,Zone D,Agricultural,UNDER_REVIEW,PLN-4,APPROVED,1.5,Planning,SYNTHETIC DEMO DATA — NOT OFFICIAL GOVERNMENT RECORDS
PLN-1341,P1341,Zone A,Institutional,PERMITTED,PLN-5,PENDING,1.6,Planning,SYNTHETIC DEMO DATA — NOT OFFICIAL GOVERNMENT RECORDS
PLN-1342,P1342,Zone B,Mixed Use,PERMITTED,PLN-6,APPROVED,1.7,Planning,SYNTHETIC DEMO DATA — NOT OFFICIAL GOVERNMENT RECORDS
PLN-1343,P1343,Zone C,Commercial,UNDER_REVIEW,PLN-1,APPROVED,1.8,Planning,SYNTHETIC DEMO DATA — NOT OFFICIAL GOVERNMENT RECORDS
PLN-1344,P1344,Zone D,Public/Semi-Public,PERMITTED,PLN-2,APPROVED,1.9,Planning,SYNTHETIC DEMO DATA — NOT OFFICIAL GOVERNMENT RECORDS
PLN-1345,P1345,Zone A,Residential,PERMITTED,PLN-3,PENDING,2.0,Planning,SYNTHETIC DEMO DATA — NOT OFFICIAL GOVERNMENT RECORDS
PLN-1346,P1346,Zone B,Commercial,UNDER_REVIEW,PLN-4,APPROVED,2.1,Planning,SYNTHETIC DEMO DATA — NOT OFFICIAL GOVERNMENT RECORDS
PLN-1347,P1347,Zone C,Industrial,PERMITTED,PLN-5,APPROVED,2.2,Planning,SYNTHETIC DEMO DATA — NOT OFFICIAL GOVERNMENT RECORDS
PLN-1348,P1348,Zone D,Agricultural,PERMITTED,PLN-6,APPROVED,2.3,Planning,SYNTHETIC DEMO DATA — NOT OFFICIAL GOVERNMENT RECORDS
PLN-1349,P1349,Zone A,Institutional,UNDER_REVIEW,PLN-1,PENDING,1.2,Planning,SYNTHETIC DEMO DATA — NOT OFFICIAL GOVERNMENT RECORDS
PLN-1350,P1350,Zone B,Mixed Use,PERMITTED,PLN-2,APPROVED,1.3,Planning,SYNTHETIC DEMO DATA — NOT OFFICIAL GOVERNMENT RECORDS
PLN-1351,P1351,Zone C,Vacant Land,PERMITTED,PLN-3,APPROVED,1.4,Planning,SYNTHETIC DEMO DATA — NOT OFFICIAL GOVERNMENT RECORDS
PLN-1352,P1352,Zone D,Public/Semi-Public,UNDER_REVIEW,PLN-4,APPROVED,1.5,Planning,SYNTHETIC DEMO DATA — NOT OFFICIAL GOVERNMENT RECORDS
PLN-1353,P1353,Zone A,Residential,PERMITTED,PLN-5,PENDING,1.6,Planning,SYNTHETIC DEMO DATA — NOT OFFICIAL GOVERNMENT RECORDS
PLN-1354,P1354,Zone B,Commercial,PERMITTED,PLN-6,APPROVED,1.7,Planning,SYNTHETIC DEMO DATA — NOT OFFICIAL GOVERNMENT RECORDS
PLN-1355,P1355,Zone C,Industrial,UNDER_REVIEW,PLN-1,APPROVED,1.8,Planning,SYNTHETIC DEMO DATA — NOT OFFICIAL GOVERNMENT RECORDS
PLN-1356,P1356,Zone D,Agricultural,PERMITTED,PLN-2,APPROVED,1.9,Planning,SYNTHETIC DEMO DATA — NOT OFFICIAL GOVERNMENT RECORDS
PLN-1357,P1357,Zone A,Institutional,PERMITTED,PLN-3,PENDING,2.0,Planning,SYNTHETIC DEMO DATA — NOT OFFICIAL GOVERNMENT RECORDS
PLN-1358,P1358,Zone B,Mixed Use,UNDER_REVIEW,PLN-4,APPROVED,2.1,Planning,SYNTHETIC DEMO DATA — NOT OFFICIAL GOVERNMENT RECORDS
PLN-1359,P1359,Zone C,Vacant Land,PERMITTED,PLN-5,APPROVED,2.2,Planning,SYNTHETIC DEMO DATA — NOT OFFICIAL GOVERNMENT RECORDS
PLN-1360,P1360,Zone D,Public/Semi-Public,PERMITTED,PLN-6,APPROVED,2.3,Planning,SYNTHETIC DEMO DATA — NOT OFFICIAL GOVERNMENT RECORDS
PLN-1361,P1361,Zone A,Residential,UNDER_REVIEW,PLN-1,PENDING,1.2,Planning,SYNTHETIC DEMO DATA — NOT OFFICIAL GOVERNMENT RECORDS
PLN-1362,P1362,Zone B,Commercial,PERMITTED,PLN-2,APPROVED,1.3,Planning,SYNTHETIC DEMO DATA — NOT OFFICIAL GOVERNMENT RECORDS
PLN-1363,P1363,Zone C,Industrial,PERMITTED,PLN-3,APPROVED,1.4,Planning,SYNTHETIC DEMO DATA — NOT OFFICIAL GOVERNMENT RECORDS
PLN-1364,P1364,Zone D,Agricultural,UNDER_REVIEW,PLN-4,APPROVED,1.5,Planning,SYNTHETIC DEMO DATA — NOT OFFICIAL GOVERNMENT RECORDS
PLN-1365,P1365,Zone A,Institutional,PERMITTED,PLN-5,PENDING,1.6,Planning,SYNTHETIC DEMO DATA — NOT OFFICIAL GOVERNMENT RECORDS
PLN-1366,P1366,Zone B,Mixed Use,PERMITTED,PLN-6,APPROVED,1.7,Planning,SYNTHETIC DEMO DATA — NOT OFFICIAL GOVERNMENT RECORDS
PLN-1367,P1367,Zone C,Vacant Land,UNDER_REVIEW,PLN-1,APPROVED,1.8,Planning,SYNTHETIC DEMO DATA — NOT OFFICIAL GOVERNMENT RECORDS
PLN-1368,P1368,Zone D,Public/Semi-Public,PERMITTED,PLN-2,APPROVED,1.9,Planning,SYNTHETIC DEMO DATA — NOT OFFICIAL GOVERNMENT RECORDS
PLN-1369,P1369,Zone A,Residential,PERMITTED,PLN-3,PENDING,2.0,Planning,SYNTHETIC DEMO DATA — NOT OFFICIAL GOVERNMENT RECORDS
PLN-1370,P1370,Zone B,Commercial,UNDER_REVIEW,PLN-4,APPROVED,2.1,Planning,SYNTHETIC DEMO DATA — NOT OFFICIAL GOVERNMENT RECORDS
PLN-1371,P1371,Zone C,Industrial,PERMITTED,PLN-5,APPROVED,2.2,Planning,SYNTHETIC DEMO DATA — NOT OFFICIAL GOVERNMENT RECORDS
PLN-1372,P1372,Zone D,Agricultural,PERMITTED,PLN-6,APPROVED,2.3,Planning,SYNTHETIC DEMO DATA — NOT OFFICIAL GOVERNMENT RECORDS
PLN-1373,P1373,Zone A,Institutional,UNDER_REVIEW,PLN-1,PENDING,1.2,Planning,SYNTHETIC DEMO DATA — NOT OFFICIAL GOVERNMENT RECORDS
PLN-1374,P1374,Zone B,Mixed Use,PERMITTED,PLN-2,APPROVED,1.3,Planning,SYNTHETIC DEMO DATA — NOT OFFICIAL GOVERNMENT RECORDS
PLN-1375,P1375,Zone C,Vacant Land,PERMITTED,PLN-3,APPROVED,1.4,Planning,SYNTHETIC DEMO DATA — NOT OFFICIAL GOVERNMENT RECORDS
PLN-1376,P1376,Zone D,Public/Semi-Public,UNDER_REVIEW,PLN-4,APPROVED,1.5,Planning,SYNTHETIC DEMO DATA — NOT OFFICIAL GOVERNMENT RECORDS
PLN-1377,P1377,Zone A,Residential,PERMITTED,PLN-5,PENDING,1.6,Planning,SYNTHETIC DEMO DATA — NOT OFFICIAL GOVERNMENT RECORDS
PLN-1378,P1378,Zone B,Commercial,PERMITTED,PLN-6,APPROVED,1.7,Planning,SYNTHETIC DEMO DATA — NOT OFFICIAL GOVERNMENT RECORDS
PLN-1379,P1379,Zone C,Industrial,UNDER_REVIEW,PLN-1,APPROVED,1.8,Planning,SYNTHETIC DEMO DATA — NOT OFFICIAL GOVERNMENT RECORDS
PLN-1380,P1380,Zone D,Agricultural,PERMITTED,PLN-2,APPROVED,1.9,Planning,SYNTHETIC DEMO DATA — NOT OFFICIAL GOVERNMENT RECORDS
PLN-1381,P1381,Zone A,Commercial,PERMITTED,PLN-3,PENDING,2.0,Planning,SYNTHETIC DEMO DATA — NOT OFFICIAL GOVERNMENT RECORDS
PLN-1382,P1382,Zone B,Mixed Use,UNDER_REVIEW,PLN-4,APPROVED,2.1,Planning,SYNTHETIC DEMO DATA — NOT OFFICIAL GOVERNMENT RECORDS
PLN-1383,P1383,Zone C,Vacant Land,PERMITTED,PLN-5,APPROVED,2.2,Planning,SYNTHETIC DEMO DATA — NOT OFFICIAL GOVERNMENT RECORDS
PLN-1384,P1384,Zone D,Public/Semi-Public,PERMITTED,PLN-6,APPROVED,2.3,Planning,SYNTHETIC DEMO DATA — NOT OFFICIAL GOVERNMENT RECORDS
PLN-1385,P1385,Zone A,Residential,UNDER_REVIEW,PLN-1,PENDING,1.2,Planning,SYNTHETIC DEMO DATA — NOT OFFICIAL GOVERNMENT RECORDS
PLN-1386,P1386,Zone B,Commercial,PERMITTED,PLN-2,APPROVED,1.3,Planning,SYNTHETIC DEMO DATA — NOT OFFICIAL GOVERNMENT RECORDS
PLN-1387,P1387,Zone C,Industrial,PERMITTED,PLN-3,APPROVED,1.4,Planning,SYNTHETIC DEMO DATA — NOT OFFICIAL GOVERNMENT RECORDS
PLN-1388,P1388,Zone D,Agricultural,UNDER_REVIEW,PLN-4,APPROVED,1.5,Planning,SYNTHETIC DEMO DATA — NOT OFFICIAL GOVERNMENT RECORDS
PLN-1389,P1389,Zone A,Institutional,PERMITTED,PLN-5,PENDING,1.6,Planning,SYNTHETIC DEMO DATA — NOT OFFICIAL GOVERNMENT RECORDS
PLN-1390,P1390,Zone B,Mixed Use,PERMITTED,PLN-6,APPROVED,1.7,Planning,SYNTHETIC DEMO DATA — NOT OFFICIAL GOVERNMENT RECORDS
PLN-1391,P1391,Zone C,Vacant Land,UNDER_REVIEW,PLN-1,APPROVED,1.8,Planning,SYNTHETIC DEMO DATA — NOT OFFICIAL GOVERNMENT RECORDS
PLN-1392,P1392,Zone D,Public/Semi-Public,PERMITTED,PLN-2,APPROVED,1.9,Planning,SYNTHETIC DEMO DATA — NOT OFFICIAL GOVERNMENT RECORDS
PLN-1393,P1393,Zone A,Residential,PERMITTED,PLN-3,PENDING,2.0,Planning,SYNTHETIC DEMO DATA — NOT OFFICIAL GOVERNMENT RECORDS
PLN-1394,P1394,Zone B,Commercial,UNDER_REVIEW,PLN-4,APPROVED,2.1,Planning,SYNTHETIC DEMO DATA — NOT OFFICIAL GOVERNMENT RECORDS
PLN-1395,P1395,Zone C,Industrial,PERMITTED,PLN-5,APPROVED,2.2,Planning,SYNTHETIC DEMO DATA — NOT OFFICIAL GOVERNMENT RECORDS
PLN-1396,P1396,Zone D,Agricultural,PERMITTED,PLN-6,APPROVED,2.3,Planning,SYNTHETIC DEMO DATA — NOT OFFICIAL GOVERNMENT RECORDS
PLN-1397,P1397,Zone A,Institutional,UNDER_REVIEW,PLN-1,PENDING,1.2,Planning,SYNTHETIC DEMO DATA — NOT OFFICIAL GOVERNMENT RECORDS
PLN-1398,P1398,Zone B,Mixed Use,PERMITTED,PLN-2,APPROVED,1.3,Planning,SYNTHETIC DEMO DATA — NOT OFFICIAL GOVERNMENT RECORDS
PLN-1399,P1399,Zone C,Vacant Land,PERMITTED,PLN-3,APPROVED,1.4,Planning,SYNTHETIC DEMO DATA — NOT OFFICIAL GOVERNMENT RECORDS
PLN-1400,P1400,Zone D,Commercial,UNDER_REVIEW,PLN-4,APPROVED,1.5,Planning,SYNTHETIC DEMO DATA — NOT OFFICIAL GOVERNMENT RECORDS
PLN-1401,P1401,Zone A,Residential,PERMITTED,PLN-5,PENDING,1.6,Planning,SYNTHETIC DEMO DATA — NOT OFFICIAL GOVERNMENT RECORDS
PLN-1402,P1402,Zone B,Commercial,PERMITTED,PLN-6,APPROVED,1.7,Planning,SYNTHETIC DEMO DATA — NOT OFFICIAL GOVERNMENT RECORDS
PLN-1403,P1403,Zone C,Industrial,UNDER_REVIEW,PLN-1,APPROVED,1.8,Planning,SYNTHETIC DEMO DATA — NOT OFFICIAL GOVERNMENT RECORDS
PLN-1404,P1404,Zone D,Agricultural,PERMITTED,PLN-2,APPROVED,1.9,Planning,SYNTHETIC DEMO DATA — NOT OFFICIAL GOVERNMENT RECORDS
PLN-1405,P1405,Zone A,Institutional,PERMITTED,PLN-3,PENDING,2.0,Planning,SYNTHETIC DEMO DATA — NOT OFFICIAL GOVERNMENT RECORDS
PLN-1406,P1406,Zone B,Mixed Use,UNDER_REVIEW,PLN-4,APPROVED,2.1,Planning,SYNTHETIC DEMO DATA — NOT OFFICIAL GOVERNMENT RECORDS
PLN-1407,P1407,Zone C,Vacant Land,PERMITTED,PLN-5,APPROVED,2.2,Planning,SYNTHETIC DEMO DATA — NOT OFFICIAL GOVERNMENT RECORDS
PLN-1408,P1408,Zone D,Public/Semi-Public,PERMITTED,PLN-6,APPROVED,2.3,Planning,SYNTHETIC DEMO DATA — NOT OFFICIAL GOVERNMENT RECORDS
PLN-1409,P1409,Zone A,Residential,UNDER_REVIEW,PLN-1,PENDING,1.2,Planning,SYNTHETIC DEMO DATA — NOT OFFICIAL GOVERNMENT RECORDS
PLN-1410,P1410,Zone B,Commercial,PERMITTED,PLN-2,APPROVED,1.3,Planning,SYNTHETIC DEMO DATA — NOT OFFICIAL GOVERNMENT RECORDS
PLN-1411,P1411,Zone C,Industrial,PERMITTED,PLN-3,APPROVED,1.4,Planning,SYNTHETIC DEMO DATA — NOT OFFICIAL GOVERNMENT RECORDS
PLN-1412,P1412,Zone D,Agricultural,UNDER_REVIEW,PLN-4,APPROVED,1.5,Planning,SYNTHETIC DEMO DATA — NOT OFFICIAL GOVERNMENT RECORDS
PLN-1413,P1413,Zone A,Institutional,PERMITTED,PLN-5,PENDING,1.6,Planning,SYNTHETIC DEMO DATA — NOT OFFICIAL GOVERNMENT RECORDS
PLN-1414,P1414,Zone B,Mixed Use,PERMITTED,PLN-6,APPROVED,1.7,Planning,SYNTHETIC DEMO DATA — NOT OFFICIAL GOVERNMENT RECORDS
PLN-1415,P1415,Zone C,Vacant Land,UNDER_REVIEW,PLN-1,APPROVED,1.8,Planning,SYNTHETIC DEMO DATA — NOT OFFICIAL GOVERNMENT RECORDS
PLN-1416,P1416,Zone D,Public/Semi-Public,PERMITTED,PLN-2,APPROVED,1.9,Planning,SYNTHETIC DEMO DATA — NOT OFFICIAL GOVERNMENT RECORDS
PLN-1417,P1417,Zone A,Residential,PERMITTED,PLN-3,PENDING,2.0,Planning,SYNTHETIC DEMO DATA — NOT OFFICIAL GOVERNMENT RECORDS
PLN-1418,P1418,Zone B,Commercial,UNDER_REVIEW,PLN-4,APPROVED,2.1,Planning,SYNTHETIC DEMO DATA — NOT OFFICIAL GOVERNMENT RECORDS
PLN-1419,P1419,Zone C,Commercial,PERMITTED,PLN-5,APPROVED,2.2,Planning,SYNTHETIC DEMO DATA — NOT OFFICIAL GOVERNMENT RECORDS
PLN-1420,P1420,Zone D,Agricultural,PERMITTED,PLN-6,APPROVED,2.3,Planning,SYNTHETIC DEMO DATA — NOT OFFICIAL GOVERNMENT RECORDS
PLN-1421,P1421,Zone A,Institutional,UNDER_REVIEW,PLN-1,PENDING,1.2,Planning,SYNTHETIC DEMO DATA — NOT OFFICIAL GOVERNMENT RECORDS
PLN-1422,P1422,Zone B,Mixed Use,PERMITTED,PLN-2,APPROVED,1.3,Planning,SYNTHETIC DEMO DATA — NOT OFFICIAL GOVERNMENT RECORDS
PLN-1423,P1423,Zone C,Vacant Land,PERMITTED,PLN-3,APPROVED,1.4,Planning,SYNTHETIC DEMO DATA — NOT OFFICIAL GOVERNMENT RECORDS
PLN-1424,P1424,Zone D,Public/Semi-Public,UNDER_REVIEW,PLN-4,APPROVED,1.5,Planning,SYNTHETIC DEMO DATA — NOT OFFICIAL GOVERNMENT RECORDS
PLN-1425,P1425,Zone A,Residential,PERMITTED,PLN-5,PENDING,1.6,Planning,SYNTHETIC DEMO DATA — NOT OFFICIAL GOVERNMENT RECORDS
PLN-1426,P1426,Zone B,Commercial,PERMITTED,PLN-6,APPROVED,1.7,Planning,SYNTHETIC DEMO DATA — NOT OFFICIAL GOVERNMENT RECORDS
PLN-1427,P1427,Zone C,Industrial,UNDER_REVIEW,PLN-1,APPROVED,1.8,Planning,SYNTHETIC DEMO DATA — NOT OFFICIAL GOVERNMENT RECORDS
PLN-1428,P1428,Zone D,Agricultural,PERMITTED,PLN-2,APPROVED,1.9,Planning,SYNTHETIC DEMO DATA — NOT OFFICIAL GOVERNMENT RECORDS
PLN-1429,P1429,Zone A,Institutional,PERMITTED,PLN-3,PENDING,2.0,Planning,SYNTHETIC DEMO DATA — NOT OFFICIAL GOVERNMENT RECORDS
PLN-1430,P1430,Zone B,Mixed Use,UNDER_REVIEW,PLN-4,APPROVED,2.1,Planning,SYNTHETIC DEMO DATA — NOT OFFICIAL GOVERNMENT RECORDS
PLN-1431,P1431,Zone C,Vacant Land,PERMITTED,PLN-5,APPROVED,2.2,Planning,SYNTHETIC DEMO DATA — NOT OFFICIAL GOVERNMENT RECORDS
PLN-1432,P1432,Zone D,Public/Semi-Public,PERMITTED,PLN-6,APPROVED,2.3,Planning,SYNTHETIC DEMO DATA — NOT OFFICIAL GOVERNMENT RECORDS
PLN-1433,P1433,Zone A,Residential,UNDER_REVIEW,PLN-1,PENDING,1.2,Planning,SYNTHETIC DEMO DATA — NOT OFFICIAL GOVERNMENT RECORDS
PLN-1434,P1434,Zone B,Commercial,PERMITTED,PLN-2,APPROVED,1.3,Planning,SYNTHETIC DEMO DATA — NOT OFFICIAL GOVERNMENT RECORDS
PLN-1435,P1435,Zone C,Industrial,PERMITTED,PLN-3,APPROVED,1.4,Planning,SYNTHETIC DEMO DATA — NOT OFFICIAL GOVERNMENT RECORDS
PLN-1436,P1436,Zone D,Agricultural,UNDER_REVIEW,PLN-4,APPROVED,1.5,Planning,SYNTHETIC DEMO DATA — NOT OFFICIAL GOVERNMENT RECORDS
PLN-1437,P1437,Zone A,Institutional,PERMITTED,PLN-5,PENDING,1.6,Planning,SYNTHETIC DEMO DATA — NOT OFFICIAL GOVERNMENT RECORDS
PLN-1438,P1438,Zone B,Commercial,PERMITTED,PLN-6,APPROVED,1.7,Planning,SYNTHETIC DEMO DATA — NOT OFFICIAL GOVERNMENT RECORDS
PLN-1439,P1439,Zone C,Vacant Land,UNDER_REVIEW,PLN-1,APPROVED,1.8,Planning,SYNTHETIC DEMO DATA — NOT OFFICIAL GOVERNMENT RECORDS
PLN-1440,P1440,Zone D,Public/Semi-Public,PERMITTED,PLN-2,APPROVED,1.9,Planning,SYNTHETIC DEMO DATA — NOT OFFICIAL GOVERNMENT RECORDS
PLN-1441,P1441,Zone A,Residential,PERMITTED,PLN-3,PENDING,2.0,Planning,SYNTHETIC DEMO DATA — NOT OFFICIAL GOVERNMENT RECORDS
PLN-1442,P1442,Zone B,Commercial,UNDER_REVIEW,PLN-4,APPROVED,2.1,Planning,SYNTHETIC DEMO DATA — NOT OFFICIAL GOVERNMENT RECORDS
PLN-1443,P1443,Zone C,Industrial,PERMITTED,PLN-5,APPROVED,2.2,Planning,SYNTHETIC DEMO DATA — NOT OFFICIAL GOVERNMENT RECORDS
PLN-1444,P1444,Zone D,Agricultural,PERMITTED,PLN-6,APPROVED,2.3,Planning,SYNTHETIC DEMO DATA — NOT OFFICIAL GOVERNMENT RECORDS
PLN-1445,P1445,Zone A,Institutional,UNDER_REVIEW,PLN-1,PENDING,1.2,Planning,SYNTHETIC DEMO DATA — NOT OFFICIAL GOVERNMENT RECORDS
PLN-1446,P1446,Zone B,Mixed Use,PERMITTED,PLN-2,APPROVED,1.3,Planning,SYNTHETIC DEMO DATA — NOT OFFICIAL GOVERNMENT RECORDS
PLN-1447,P1447,Zone C,Vacant Land,PERMITTED,PLN-3,APPROVED,1.4,Planning,SYNTHETIC DEMO DATA — NOT OFFICIAL GOVERNMENT RECORDS
PLN-1448,P1448,Zone D,Public/Semi-Public,UNDER_REVIEW,PLN-4,APPROVED,1.5,Planning,SYNTHETIC DEMO DATA — NOT OFFICIAL GOVERNMENT RECORDS
PLN-1449,P1449,Zone A,Residential,PERMITTED,PLN-5,PENDING,1.6,Planning,SYNTHETIC DEMO DATA — NOT OFFICIAL GOVERNMENT RECORDS
PLN-1450,P1450,Zone B,Commercial,PERMITTED,PLN-6,APPROVED,1.7,Planning,SYNTHETIC DEMO DATA — NOT OFFICIAL GOVERNMENT RECORDS
PLN-1451,P1451,Zone C,Industrial,UNDER_REVIEW,PLN-1,APPROVED,1.8,Planning,SYNTHETIC DEMO DATA — NOT OFFICIAL GOVERNMENT RECORDS
PLN-1452,P1452,Zone D,Agricultural,PERMITTED,PLN-2,APPROVED,1.9,Planning,SYNTHETIC DEMO DATA — NOT OFFICIAL GOVERNMENT RECORDS
PLN-1453,P1453,Zone A,Institutional,PERMITTED,PLN-3,PENDING,2.0,Planning,SYNTHETIC DEMO DATA — NOT OFFICIAL GOVERNMENT RECORDS
PLN-1454,P1454,Zone B,Mixed Use,UNDER_REVIEW,PLN-4,APPROVED,2.1,Planning,SYNTHETIC DEMO DATA — NOT OFFICIAL GOVERNMENT RECORDS
PLN-1455,P1455,Zone C,Vacant Land,PERMITTED,PLN-5,APPROVED,2.2,Planning,SYNTHETIC DEMO DATA — NOT OFFICIAL GOVERNMENT RECORDS
PLN-1456,P1456,Zone D,Public/Semi-Public,PERMITTED,PLN-6,APPROVED,2.3,Planning,SYNTHETIC DEMO DATA — NOT OFFICIAL GOVERNMENT RECORDS
PLN-1457,P1457,Zone A,Commercial,UNDER_REVIEW,PLN-1,PENDING,1.2,Planning,SYNTHETIC DEMO DATA — NOT OFFICIAL GOVERNMENT RECORDS
PLN-1458,P1458,Zone B,Commercial,PERMITTED,PLN-2,APPROVED,1.3,Planning,SYNTHETIC DEMO DATA — NOT OFFICIAL GOVERNMENT RECORDS
PLN-1459,P1459,Zone C,Industrial,PERMITTED,PLN-3,APPROVED,1.4,Planning,SYNTHETIC DEMO DATA — NOT OFFICIAL GOVERNMENT RECORDS
PLN-1460,P1460,Zone D,Agricultural,UNDER_REVIEW,PLN-4,APPROVED,1.5,Planning,SYNTHETIC DEMO DATA — NOT OFFICIAL GOVERNMENT RECORDS
PLN-1461,P1461,Zone A,Institutional,PERMITTED,PLN-5,PENDING,1.6,Planning,SYNTHETIC DEMO DATA — NOT OFFICIAL GOVERNMENT RECORDS
PLN-1462,P1462,Zone B,Mixed Use,PERMITTED,PLN-6,APPROVED,1.7,Planning,SYNTHETIC DEMO DATA — NOT OFFICIAL GOVERNMENT RECORDS
PLN-1463,P1463,Zone C,Vacant Land,UNDER_REVIEW,PLN-1,APPROVED,1.8,Planning,SYNTHETIC DEMO DATA — NOT OFFICIAL GOVERNMENT RECORDS
PLN-1464,P1464,Zone D,Public/Semi-Public,PERMITTED,PLN-2,APPROVED,1.9,Planning,SYNTHETIC DEMO DATA — NOT OFFICIAL GOVERNMENT RECORDS
PLN-1465,P1465,Zone A,Residential,PERMITTED,PLN-3,PENDING,2.0,Planning,SYNTHETIC DEMO DATA — NOT OFFICIAL GOVERNMENT RECORDS
PLN-1466,P1466,Zone B,Commercial,UNDER_REVIEW,PLN-4,APPROVED,2.1,Planning,SYNTHETIC DEMO DATA — NOT OFFICIAL GOVERNMENT RECORDS
PLN-1467,P1467,Zone C,Industrial,PERMITTED,PLN-5,APPROVED,2.2,Planning,SYNTHETIC DEMO DATA — NOT OFFICIAL GOVERNMENT RECORDS
PLN-1468,P1468,Zone D,Agricultural,PERMITTED,PLN-6,APPROVED,2.3,Planning,SYNTHETIC DEMO DATA — NOT OFFICIAL GOVERNMENT RECORDS
PLN-1469,P1469,Zone A,Institutional,UNDER_REVIEW,PLN-1,PENDING,1.2,Planning,SYNTHETIC DEMO DATA — NOT OFFICIAL GOVERNMENT RECORDS
PLN-1470,P1470,Zone B,Mixed Use,PERMITTED,PLN-2,APPROVED,1.3,Planning,SYNTHETIC DEMO DATA — NOT OFFICIAL GOVERNMENT RECORDS
PLN-1471,P1471,Zone C,Vacant Land,PERMITTED,PLN-3,APPROVED,1.4,Planning,SYNTHETIC DEMO DATA — NOT OFFICIAL GOVERNMENT RECORDS
PLN-1472,P1472,Zone D,Public/Semi-Public,UNDER_REVIEW,PLN-4,APPROVED,1.5,Planning,SYNTHETIC DEMO DATA — NOT OFFICIAL GOVERNMENT RECORDS
PLN-1473,P1473,Zone A,Residential,PERMITTED,PLN-5,PENDING,1.6,Planning,SYNTHETIC DEMO DATA — NOT OFFICIAL GOVERNMENT RECORDS
PLN-1474,P1474,Zone B,Commercial,PERMITTED,PLN-6,APPROVED,1.7,Planning,SYNTHETIC DEMO DATA — NOT OFFICIAL GOVERNMENT RECORDS
PLN-1475,P1475,Zone C,Industrial,UNDER_REVIEW,PLN-1,APPROVED,1.8,Planning,SYNTHETIC DEMO DATA — NOT OFFICIAL GOVERNMENT RECORDS
PLN-1476,P1476,Zone D,Commercial,PERMITTED,PLN-2,APPROVED,1.9,Planning,SYNTHETIC DEMO DATA — NOT OFFICIAL GOVERNMENT RECORDS
PLN-1477,P1477,Zone A,Institutional,PERMITTED,PLN-3,PENDING,2.0,Planning,SYNTHETIC DEMO DATA — NOT OFFICIAL GOVERNMENT RECORDS
PLN-1478,P1478,Zone B,Mixed Use,UNDER_REVIEW,PLN-4,APPROVED,2.1,Planning,SYNTHETIC DEMO DATA — NOT OFFICIAL GOVERNMENT RECORDS
PLN-1479,P1479,Zone C,Vacant Land,PERMITTED,PLN-5,APPROVED,2.2,Planning,SYNTHETIC DEMO DATA — NOT OFFICIAL GOVERNMENT RECORDS
PLN-1480,P1480,Zone D,Public/Semi-Public,PERMITTED,PLN-6,APPROVED,2.3,Planning,SYNTHETIC DEMO DATA — NOT OFFICIAL GOVERNMENT RECORDS
PLN-1481,P1481,Zone A,Residential,UNDER_REVIEW,PLN-1,PENDING,1.2,Planning,SYNTHETIC DEMO DATA — NOT OFFICIAL GOVERNMENT RECORDS
PLN-1482,P1482,Zone B,Commercial,PERMITTED,PLN-2,APPROVED,1.3,Planning,SYNTHETIC DEMO DATA — NOT OFFICIAL GOVERNMENT RECORDS
PLN-1483,P1483,Zone C,Industrial,PERMITTED,PLN-3,APPROVED,1.4,Planning,SYNTHETIC DEMO DATA — NOT OFFICIAL GOVERNMENT RECORDS
PLN-1484,P1484,Zone D,Agricultural,UNDER_REVIEW,PLN-4,APPROVED,1.5,Planning,SYNTHETIC DEMO DATA — NOT OFFICIAL GOVERNMENT RECORDS
PLN-1485,P1485,Zone A,Institutional,PERMITTED,PLN-5,PENDING,1.6,Planning,SYNTHETIC DEMO DATA — NOT OFFICIAL GOVERNMENT RECORDS
PLN-1486,P1486,Zone B,Mixed Use,PERMITTED,PLN-6,APPROVED,1.7,Planning,SYNTHETIC DEMO DATA — NOT OFFICIAL GOVERNMENT RECORDS
PLN-1487,P1487,Zone C,Vacant Land,UNDER_REVIEW,PLN-1,APPROVED,1.8,Planning,SYNTHETIC DEMO DATA — NOT OFFICIAL GOVERNMENT RECORDS
PLN-1488,P1488,Zone D,Public/Semi-Public,PERMITTED,PLN-2,APPROVED,1.9,Planning,SYNTHETIC DEMO DATA — NOT OFFICIAL GOVERNMENT RECORDS
PLN-1489,P1489,Zone A,Residential,PERMITTED,PLN-3,PENDING,2.0,Planning,SYNTHETIC DEMO DATA — NOT OFFICIAL GOVERNMENT RECORDS
PLN-1490,P1490,Zone B,Commercial,UNDER_REVIEW,PLN-4,APPROVED,2.1,Planning,SYNTHETIC DEMO DATA — NOT OFFICIAL GOVERNMENT RECORDS
PLN-1491,P1491,Zone C,Industrial,PERMITTED,PLN-5,APPROVED,2.2,Planning,SYNTHETIC DEMO DATA — NOT OFFICIAL GOVERNMENT RECORDS
PLN-1492,P1492,Zone D,Agricultural,PERMITTED,PLN-6,APPROVED,2.3,Planning,SYNTHETIC DEMO DATA — NOT OFFICIAL GOVERNMENT RECORDS
PLN-1493,P1493,Zone A,Institutional,UNDER_REVIEW,PLN-1,PENDING,1.2,Planning,SYNTHETIC DEMO DATA — NOT OFFICIAL GOVERNMENT RECORDS
PLN-1494,P1494,Zone B,Mixed Use,PERMITTED,PLN-2,APPROVED,1.3,Planning,SYNTHETIC DEMO DATA — NOT OFFICIAL GOVERNMENT RECORDS
PLN-1495,P1495,Zone C,Commercial,PERMITTED,PLN-3,APPROVED,1.4,Planning,SYNTHETIC DEMO DATA — NOT OFFICIAL GOVERNMENT RECORDS
PLN-1496,P1496,Zone D,Public/Semi-Public,UNDER_REVIEW,PLN-4,APPROVED,1.5,Planning,SYNTHETIC DEMO DATA — NOT OFFICIAL GOVERNMENT RECORDS
PLN-1497,P1497,Zone A,Residential,PERMITTED,PLN-5,PENDING,1.6,Planning,SYNTHETIC DEMO DATA — NOT OFFICIAL GOVERNMENT RECORDS
PLN-1498,P1498,Zone B,Commercial,PERMITTED,PLN-6,APPROVED,1.7,Planning,SYNTHETIC DEMO DATA — NOT OFFICIAL GOVERNMENT RECORDS
PLN-1499,P1499,Zone C,Industrial,UNDER_REVIEW,PLN-1,APPROVED,1.8,Planning,SYNTHETIC DEMO DATA — NOT OFFICIAL GOVERNMENT RECORDS
PLN-1500,P1500,Zone D,Agricultural,PERMITTED,PLN-2,APPROVED,1.9,Planning,SYNTHETIC DEMO DATA — NOT OFFICIAL GOVERNMENT RECORDS
PLN-1501,P1501,Zone A,Institutional,PERMITTED,PLN-3,PENDING,2.0,Planning,SYNTHETIC DEMO DATA — NOT OFFICIAL GOVERNMENT RECORDS
PLN-1502,P1502,Zone B,Mixed Use,UNDER_REVIEW,PLN-4,APPROVED,2.1,Planning,SYNTHETIC DEMO DATA — NOT OFFICIAL GOVERNMENT RECORDS
PLN-1503,P1503,Zone C,Vacant Land,PERMITTED,PLN-5,APPROVED,2.2,Planning,SYNTHETIC DEMO DATA — NOT OFFICIAL GOVERNMENT RECORDS
PLN-1504,P1504,Zone D,Public/Semi-Public,PERMITTED,PLN-6,APPROVED,2.3,Planning,SYNTHETIC DEMO DATA — NOT OFFICIAL GOVERNMENT RECORDS
PLN-1505,P1505,Zone A,Residential,UNDER_REVIEW,PLN-1,PENDING,1.2,Planning,SYNTHETIC DEMO DATA — NOT OFFICIAL GOVERNMENT RECORDS
PLN-1506,P1506,Zone B,Commercial,PERMITTED,PLN-2,APPROVED,1.3,Planning,SYNTHETIC DEMO DATA — NOT OFFICIAL GOVERNMENT RECORDS
PLN-1507,P1507,Zone C,Industrial,PERMITTED,PLN-3,APPROVED,1.4,Planning,SYNTHETIC DEMO DATA — NOT OFFICIAL GOVERNMENT RECORDS
PLN-1508,P1508,Zone D,Agricultural,UNDER_REVIEW,PLN-4,APPROVED,1.5,Planning,SYNTHETIC DEMO DATA — NOT OFFICIAL GOVERNMENT RECORDS
PLN-1509,P1509,Zone A,Institutional,PERMITTED,PLN-5,PENDING,1.6,Planning,SYNTHETIC DEMO DATA — NOT OFFICIAL GOVERNMENT RECORDS
PLN-1510,P1510,Zone B,Mixed Use,PERMITTED,PLN-6,APPROVED,1.7,Planning,SYNTHETIC DEMO DATA — NOT OFFICIAL GOVERNMENT RECORDS
PLN-1511,P1511,Zone C,Vacant Land,UNDER_REVIEW,PLN-1,APPROVED,1.8,Planning,SYNTHETIC DEMO DATA — NOT OFFICIAL GOVERNMENT RECORDS
PLN-1512,P1512,Zone D,Public/Semi-Public,PERMITTED,PLN-2,APPROVED,1.9,Planning,SYNTHETIC DEMO DATA — NOT OFFICIAL GOVERNMENT RECORDS
PLN-1513,P1513,Zone A,Residential,PERMITTED,PLN-3,PENDING,2.0,Planning,SYNTHETIC DEMO DATA — NOT OFFICIAL GOVERNMENT RECORDS
PLN-1514,P1514,Zone B,Commercial,UNDER_REVIEW,PLN-4,APPROVED,2.1,Planning,SYNTHETIC DEMO DATA — NOT OFFICIAL GOVERNMENT RECORDS
PLN-1515,P1515,Zone C,Industrial,PERMITTED,PLN-5,APPROVED,2.2,Planning,SYNTHETIC DEMO DATA — NOT OFFICIAL GOVERNMENT RECORDS
PLN-1516,P1516,Zone D,Agricultural,PERMITTED,PLN-6,APPROVED,2.3,Planning,SYNTHETIC DEMO DATA — NOT OFFICIAL GOVERNMENT RECORDS
PLN-1517,P1517,Zone A,Institutional,UNDER_REVIEW,PLN-1,PENDING,1.2,Planning,SYNTHETIC DEMO DATA — NOT OFFICIAL GOVERNMENT RECORDS
PLN-1518,P1518,Zone B,Mixed Use,PERMITTED,PLN-2,APPROVED,1.3,Planning,SYNTHETIC DEMO DATA — NOT OFFICIAL GOVERNMENT RECORDS
PLN-1519,P1519,Zone C,Vacant Land,PERMITTED,PLN-3,APPROVED,1.4,Planning,SYNTHETIC DEMO DATA — NOT OFFICIAL GOVERNMENT RECORDS
PLN-1520,P1520,Zone D,Public/Semi-Public,UNDER_REVIEW,PLN-4,APPROVED,1.5,Planning,SYNTHETIC DEMO DATA — NOT OFFICIAL GOVERNMENT RECORDS
PLN-1521,P1521,Zone A,Residential,PERMITTED,PLN-5,PENDING,1.6,Planning,SYNTHETIC DEMO DATA — NOT OFFICIAL GOVERNMENT RECORDS
PLN-1522,P1522,Zone B,Commercial,PERMITTED,PLN-6,APPROVED,1.7,Planning,SYNTHETIC DEMO DATA — NOT OFFICIAL GOVERNMENT RECORDS
PLN-1523,P1523,Zone C,Industrial,UNDER_REVIEW,PLN-1,APPROVED,1.8,Planning,SYNTHETIC DEMO DATA — NOT OFFICIAL GOVERNMENT RECORDS
PLN-1524,P1524,Zone D,Agricultural,PERMITTED,PLN-2,APPROVED,1.9,Planning,SYNTHETIC DEMO DATA — NOT OFFICIAL GOVERNMENT RECORDS
PLN-1525,P1525,Zone A,Institutional,PERMITTED,PLN-3,PENDING,2.0,Planning,SYNTHETIC DEMO DATA — NOT OFFICIAL GOVERNMENT RECORDS
PLN-1526,P1526,Zone B,Mixed Use,UNDER_REVIEW,PLN-4,APPROVED,2.1,Planning,SYNTHETIC DEMO DATA — NOT OFFICIAL GOVERNMENT RECORDS
PLN-1527,P1527,Zone C,Vacant Land,PERMITTED,PLN-5,APPROVED,2.2,Planning,SYNTHETIC DEMO DATA — NOT OFFICIAL GOVERNMENT RECORDS
PLN-1528,P1528,Zone D,Public/Semi-Public,PERMITTED,PLN-6,APPROVED,2.3,Planning,SYNTHETIC DEMO DATA — NOT OFFICIAL GOVERNMENT RECORDS
PLN-1529,P1529,Zone A,Residential,UNDER_REVIEW,PLN-1,PENDING,1.2,Planning,SYNTHETIC DEMO DATA — NOT OFFICIAL GOVERNMENT RECORDS
PLN-1530,P1530,Zone B,Commercial,PERMITTED,PLN-2,APPROVED,1.3,Planning,SYNTHETIC DEMO DATA — NOT OFFICIAL GOVERNMENT RECORDS
PLN-1531,P1531,Zone C,Industrial,PERMITTED,PLN-3,APPROVED,1.4,Planning,SYNTHETIC DEMO DATA — NOT OFFICIAL GOVERNMENT RECORDS
PLN-1532,P1532,Zone D,Agricultural,UNDER_REVIEW,PLN-4,APPROVED,1.5,Planning,SYNTHETIC DEMO DATA — NOT OFFICIAL GOVERNMENT RECORDS
PLN-1533,P1533,Zone A,Commercial,PERMITTED,PLN-5,PENDING,1.6,Planning,SYNTHETIC DEMO DATA — NOT OFFICIAL GOVERNMENT RECORDS
PLN-1534,P1534,Zone B,Mixed Use,PERMITTED,PLN-6,APPROVED,1.7,Planning,SYNTHETIC DEMO DATA — NOT OFFICIAL GOVERNMENT RECORDS
PLN-1535,P1535,Zone C,Vacant Land,UNDER_REVIEW,PLN-1,APPROVED,1.8,Planning,SYNTHETIC DEMO DATA — NOT OFFICIAL GOVERNMENT RECORDS
PLN-1536,P1536,Zone D,Public/Semi-Public,PERMITTED,PLN-2,APPROVED,1.9,Planning,SYNTHETIC DEMO DATA — NOT OFFICIAL GOVERNMENT RECORDS
PLN-1537,P1537,Zone A,Residential,PERMITTED,PLN-3,PENDING,2.0,Planning,SYNTHETIC DEMO DATA — NOT OFFICIAL GOVERNMENT RECORDS
PLN-1538,P1538,Zone B,Commercial,UNDER_REVIEW,PLN-4,APPROVED,2.1,Planning,SYNTHETIC DEMO DATA — NOT OFFICIAL GOVERNMENT RECORDS
PLN-1539,P1539,Zone C,Industrial,PERMITTED,PLN-5,APPROVED,2.2,Planning,SYNTHETIC DEMO DATA — NOT OFFICIAL GOVERNMENT RECORDS
PLN-1540,P1540,Zone D,Agricultural,PERMITTED,PLN-6,APPROVED,2.3,Planning,SYNTHETIC DEMO DATA — NOT OFFICIAL GOVERNMENT RECORDS
PLN-1541,P1541,Zone A,Institutional,UNDER_REVIEW,PLN-1,PENDING,1.2,Planning,SYNTHETIC DEMO DATA — NOT OFFICIAL GOVERNMENT RECORDS
PLN-1542,P1542,Zone B,Mixed Use,PERMITTED,PLN-2,APPROVED,1.3,Planning,SYNTHETIC DEMO DATA — NOT OFFICIAL GOVERNMENT RECORDS
PLN-1543,P1543,Zone C,Vacant Land,PERMITTED,PLN-3,APPROVED,1.4,Planning,SYNTHETIC DEMO DATA — NOT OFFICIAL GOVERNMENT RECORDS
PLN-1544,P1544,Zone D,Public/Semi-Public,UNDER_REVIEW,PLN-4,APPROVED,1.5,Planning,SYNTHETIC DEMO DATA — NOT OFFICIAL GOVERNMENT RECORDS
PLN-1545,P1545,Zone A,Residential,PERMITTED,PLN-5,PENDING,1.6,Planning,SYNTHETIC DEMO DATA — NOT OFFICIAL GOVERNMENT RECORDS
PLN-1546,P1546,Zone B,Commercial,PERMITTED,PLN-6,APPROVED,1.7,Planning,SYNTHETIC DEMO DATA — NOT OFFICIAL GOVERNMENT RECORDS
PLN-1547,P1547,Zone C,Industrial,UNDER_REVIEW,PLN-1,APPROVED,1.8,Planning,SYNTHETIC DEMO DATA — NOT OFFICIAL GOVERNMENT RECORDS
PLN-1548,P1548,Zone D,Agricultural,PERMITTED,PLN-2,APPROVED,1.9,Planning,SYNTHETIC DEMO DATA — NOT OFFICIAL GOVERNMENT RECORDS
PLN-1549,P1549,Zone A,Institutional,PERMITTED,PLN-3,PENDING,2.0,Planning,SYNTHETIC DEMO DATA — NOT OFFICIAL GOVERNMENT RECORDS
PLN-1550,P1550,Zone B,Mixed Use,UNDER_REVIEW,PLN-4,APPROVED,2.1,Planning,SYNTHETIC DEMO DATA — NOT OFFICIAL GOVERNMENT RECORDS
PLN-1551,P1551,Zone C,Vacant Land,PERMITTED,PLN-5,APPROVED,2.2,Planning,SYNTHETIC DEMO DATA — NOT OFFICIAL GOVERNMENT RECORDS
PLN-1552,P1552,Zone D,Commercial,PERMITTED,PLN-6,APPROVED,2.3,Planning,SYNTHETIC DEMO DATA — NOT OFFICIAL GOVERNMENT RECORDS
PLN-1553,P1553,Zone A,Residential,UNDER_REVIEW,PLN-1,PENDING,1.2,Planning,SYNTHETIC DEMO DATA — NOT OFFICIAL GOVERNMENT RECORDS
PLN-1554,P1554,Zone B,Commercial,PERMITTED,PLN-2,APPROVED,1.3,Planning,SYNTHETIC DEMO DATA — NOT OFFICIAL GOVERNMENT RECORDS
PLN-1555,P1555,Zone C,Industrial,PERMITTED,PLN-3,APPROVED,1.4,Planning,SYNTHETIC DEMO DATA — NOT OFFICIAL GOVERNMENT RECORDS
PLN-1556,P1556,Zone D,Agricultural,UNDER_REVIEW,PLN-4,APPROVED,1.5,Planning,SYNTHETIC DEMO DATA — NOT OFFICIAL GOVERNMENT RECORDS
PLN-1557,P1557,Zone A,Institutional,PERMITTED,PLN-5,PENDING,1.6,Planning,SYNTHETIC DEMO DATA — NOT OFFICIAL GOVERNMENT RECORDS
PLN-1558,P1558,Zone B,Mixed Use,PERMITTED,PLN-6,APPROVED,1.7,Planning,SYNTHETIC DEMO DATA — NOT OFFICIAL GOVERNMENT RECORDS
PLN-1559,P1559,Zone C,Vacant Land,UNDER_REVIEW,PLN-1,APPROVED,1.8,Planning,SYNTHETIC DEMO DATA — NOT OFFICIAL GOVERNMENT RECORDS
PLN-1560,P1560,Zone D,Public/Semi-Public,PERMITTED,PLN-2,APPROVED,1.9,Planning,SYNTHETIC DEMO DATA — NOT OFFICIAL GOVERNMENT RECORDS
PLN-1561,P1561,Zone A,Residential,PERMITTED,PLN-3,PENDING,2.0,Planning,SYNTHETIC DEMO DATA — NOT OFFICIAL GOVERNMENT RECORDS
PLN-1562,P1562,Zone B,Commercial,UNDER_REVIEW,PLN-4,APPROVED,2.1,Planning,SYNTHETIC DEMO DATA — NOT OFFICIAL GOVERNMENT RECORDS
PLN-1563,P1563,Zone C,Industrial,PERMITTED,PLN-5,APPROVED,2.2,Planning,SYNTHETIC DEMO DATA — NOT OFFICIAL GOVERNMENT RECORDS
PLN-1564,P1564,Zone D,Agricultural,PERMITTED,PLN-6,APPROVED,2.3,Planning,SYNTHETIC DEMO DATA — NOT OFFICIAL GOVERNMENT RECORDS
PLN-1565,P1565,Zone A,Institutional,UNDER_REVIEW,PLN-1,PENDING,1.2,Planning,SYNTHETIC DEMO DATA — NOT OFFICIAL GOVERNMENT RECORDS
PLN-1566,P1566,Zone B,Mixed Use,PERMITTED,PLN-2,APPROVED,1.3,Planning,SYNTHETIC DEMO DATA — NOT OFFICIAL GOVERNMENT RECORDS
PLN-1567,P1567,Zone C,Vacant Land,PERMITTED,PLN-3,APPROVED,1.4,Planning,SYNTHETIC DEMO DATA — NOT OFFICIAL GOVERNMENT RECORDS
PLN-1568,P1568,Zone D,Public/Semi-Public,UNDER_REVIEW,PLN-4,APPROVED,1.5,Planning,SYNTHETIC DEMO DATA — NOT OFFICIAL GOVERNMENT RECORDS
PLN-1569,P1569,Zone A,Residential,PERMITTED,PLN-5,PENDING,1.6,Planning,SYNTHETIC DEMO DATA — NOT OFFICIAL GOVERNMENT RECORDS
PLN-1570,P1570,Zone B,Commercial,PERMITTED,PLN-6,APPROVED,1.7,Planning,SYNTHETIC DEMO DATA — NOT OFFICIAL GOVERNMENT RECORDS
PLN-1571,P1571,Zone C,Commercial,UNDER_REVIEW,PLN-1,APPROVED,1.8,Planning,SYNTHETIC DEMO DATA — NOT OFFICIAL GOVERNMENT RECORDS
PLN-1572,P1572,Zone D,Agricultural,PERMITTED,PLN-2,APPROVED,1.9,Planning,SYNTHETIC DEMO DATA — NOT OFFICIAL GOVERNMENT RECORDS
PLN-1573,P1573,Zone A,Institutional,PERMITTED,PLN-3,PENDING,2.0,Planning,SYNTHETIC DEMO DATA — NOT OFFICIAL GOVERNMENT RECORDS
PLN-1574,P1574,Zone B,Mixed Use,UNDER_REVIEW,PLN-4,APPROVED,2.1,Planning,SYNTHETIC DEMO DATA — NOT OFFICIAL GOVERNMENT RECORDS
PLN-1575,P1575,Zone C,Vacant Land,PERMITTED,PLN-5,APPROVED,2.2,Planning,SYNTHETIC DEMO DATA — NOT OFFICIAL GOVERNMENT RECORDS
PLN-1576,P1576,Zone D,Public/Semi-Public,PERMITTED,PLN-6,APPROVED,2.3,Planning,SYNTHETIC DEMO DATA — NOT OFFICIAL GOVERNMENT RECORDS
PLN-1577,P1577,Zone A,Residential,UNDER_REVIEW,PLN-1,PENDING,1.2,Planning,SYNTHETIC DEMO DATA — NOT OFFICIAL GOVERNMENT RECORDS
PLN-1578,P1578,Zone B,Commercial,PERMITTED,PLN-2,APPROVED,1.3,Planning,SYNTHETIC DEMO DATA — NOT OFFICIAL GOVERNMENT RECORDS
PLN-1579,P1579,Zone C,Industrial,PERMITTED,PLN-3,APPROVED,1.4,Planning,SYNTHETIC DEMO DATA — NOT OFFICIAL GOVERNMENT RECORDS
PLN-1580,P1580,Zone D,Agricultural,UNDER_REVIEW,PLN-4,APPROVED,1.5,Planning,SYNTHETIC DEMO DATA — NOT OFFICIAL GOVERNMENT RECORDS
PLN-1581,P1581,Zone A,Institutional,PERMITTED,PLN-5,PENDING,1.6,Planning,SYNTHETIC DEMO DATA — NOT OFFICIAL GOVERNMENT RECORDS
PLN-1582,P1582,Zone B,Mixed Use,PERMITTED,PLN-6,APPROVED,1.7,Planning,SYNTHETIC DEMO DATA — NOT OFFICIAL GOVERNMENT RECORDS
PLN-1583,P1583,Zone C,Vacant Land,UNDER_REVIEW,PLN-1,APPROVED,1.8,Planning,SYNTHETIC DEMO DATA — NOT OFFICIAL GOVERNMENT RECORDS
PLN-1584,P1584,Zone D,Public/Semi-Public,PERMITTED,PLN-2,APPROVED,1.9,Planning,SYNTHETIC DEMO DATA — NOT OFFICIAL GOVERNMENT RECORDS
PLN-1585,P1585,Zone A,Residential,PERMITTED,PLN-3,PENDING,2.0,Planning,SYNTHETIC DEMO DATA — NOT OFFICIAL GOVERNMENT RECORDS
PLN-1586,P1586,Zone B,Commercial,UNDER_REVIEW,PLN-4,APPROVED,2.1,Planning,SYNTHETIC DEMO DATA — NOT OFFICIAL GOVERNMENT RECORDS
PLN-1587,P1587,Zone C,Industrial,PERMITTED,PLN-5,APPROVED,2.2,Planning,SYNTHETIC DEMO DATA — NOT OFFICIAL GOVERNMENT RECORDS
PLN-1588,P1588,Zone D,Agricultural,PERMITTED,PLN-6,APPROVED,2.3,Planning,SYNTHETIC DEMO DATA — NOT OFFICIAL GOVERNMENT RECORDS
PLN-1589,P1589,Zone A,Institutional,UNDER_REVIEW,PLN-1,PENDING,1.2,Planning,SYNTHETIC DEMO DATA — NOT OFFICIAL GOVERNMENT RECORDS
PLN-1590,P1590,Zone B,Commercial,PERMITTED,PLN-2,APPROVED,1.3,Planning,SYNTHETIC DEMO DATA — NOT OFFICIAL GOVERNMENT RECORDS
PLN-1591,P1591,Zone C,Vacant Land,PERMITTED,PLN-3,APPROVED,1.4,Planning,SYNTHETIC DEMO DATA — NOT OFFICIAL GOVERNMENT RECORDS
PLN-1592,P1592,Zone D,Public/Semi-Public,UNDER_REVIEW,PLN-4,APPROVED,1.5,Planning,SYNTHETIC DEMO DATA — NOT OFFICIAL GOVERNMENT RECORDS
PLN-1593,P1593,Zone A,Residential,PERMITTED,PLN-5,PENDING,1.6,Planning,SYNTHETIC DEMO DATA — NOT OFFICIAL GOVERNMENT RECORDS
PLN-1594,P1594,Zone B,Commercial,PERMITTED,PLN-6,APPROVED,1.7,Planning,SYNTHETIC DEMO DATA — NOT OFFICIAL GOVERNMENT RECORDS
PLN-1595,P1595,Zone C,Industrial,UNDER_REVIEW,PLN-1,APPROVED,1.8,Planning,SYNTHETIC DEMO DATA — NOT OFFICIAL GOVERNMENT RECORDS
PLN-1596,P1596,Zone D,Agricultural,PERMITTED,PLN-2,APPROVED,1.9,Planning,SYNTHETIC DEMO DATA — NOT OFFICIAL GOVERNMENT RECORDS
PLN-1597,P1597,Zone A,Institutional,PERMITTED,PLN-3,PENDING,2.0,Planning,SYNTHETIC DEMO DATA — NOT OFFICIAL GOVERNMENT RECORDS
PLN-1598,P1598,Zone B,Mixed Use,UNDER_REVIEW,PLN-4,APPROVED,2.1,Planning,SYNTHETIC DEMO DATA — NOT OFFICIAL GOVERNMENT RECORDS
PLN-1599,P1599,Zone C,Vacant Land,PERMITTED,PLN-5,APPROVED,2.2,Planning,SYNTHETIC DEMO DATA — NOT OFFICIAL GOVERNMENT RECORDS
PLN-1600,P1600,Zone D,Public/Semi-Public,PERMITTED,PLN-6,APPROVED,2.3,Planning,SYNTHETIC DEMO DATA — NOT OFFICIAL GOVERNMENT RECORDS
PLN-1601,P1601,Zone A,Residential,UNDER_REVIEW,PLN-1,PENDING,1.2,Planning,SYNTHETIC DEMO DATA — NOT OFFICIAL GOVERNMENT RECORDS
PLN-1602,P1602,Zone B,Commercial,PERMITTED,PLN-2,APPROVED,1.3,Planning,SYNTHETIC DEMO DATA — NOT OFFICIAL GOVERNMENT RECORDS
PLN-1603,P1603,Zone C,Industrial,PERMITTED,PLN-3,APPROVED,1.4,Planning,SYNTHETIC DEMO DATA — NOT OFFICIAL GOVERNMENT RECORDS
PLN-1604,P1604,Zone D,Agricultural,UNDER_REVIEW,PLN-4,APPROVED,1.5,Planning,SYNTHETIC DEMO DATA — NOT OFFICIAL GOVERNMENT RECORDS
PLN-1605,P1605,Zone A,Institutional,PERMITTED,PLN-5,PENDING,1.6,Planning,SYNTHETIC DEMO DATA — NOT OFFICIAL GOVERNMENT RECORDS
PLN-1606,P1606,Zone B,Mixed Use,PERMITTED,PLN-6,APPROVED,1.7,Planning,SYNTHETIC DEMO DATA — NOT OFFICIAL GOVERNMENT RECORDS
PLN-1607,P1607,Zone C,Vacant Land,UNDER_REVIEW,PLN-1,APPROVED,1.8,Planning,SYNTHETIC DEMO DATA — NOT OFFICIAL GOVERNMENT RECORDS
PLN-1608,P1608,Zone D,Public/Semi-Public,PERMITTED,PLN-2,APPROVED,1.9,Planning,SYNTHETIC DEMO DATA — NOT OFFICIAL GOVERNMENT RECORDS
PLN-1609,P1609,Zone A,Commercial,PERMITTED,PLN-3,PENDING,2.0,Planning,SYNTHETIC DEMO DATA — NOT OFFICIAL GOVERNMENT RECORDS
PLN-1610,P1610,Zone B,Commercial,UNDER_REVIEW,PLN-4,APPROVED,2.1,Planning,SYNTHETIC DEMO DATA — NOT OFFICIAL GOVERNMENT RECORDS
PLN-1611,P1611,Zone C,Industrial,PERMITTED,PLN-5,APPROVED,2.2,Planning,SYNTHETIC DEMO DATA — NOT OFFICIAL GOVERNMENT RECORDS
PLN-1612,P1612,Zone D,Agricultural,PERMITTED,PLN-6,APPROVED,2.3,Planning,SYNTHETIC DEMO DATA — NOT OFFICIAL GOVERNMENT RECORDS
PLN-1613,P1613,Zone A,Institutional,UNDER_REVIEW,PLN-1,PENDING,1.2,Planning,SYNTHETIC DEMO DATA — NOT OFFICIAL GOVERNMENT RECORDS
PLN-1614,P1614,Zone B,Mixed Use,PERMITTED,PLN-2,APPROVED,1.3,Planning,SYNTHETIC DEMO DATA — NOT OFFICIAL GOVERNMENT RECORDS
PLN-1615,P1615,Zone C,Vacant Land,PERMITTED,PLN-3,APPROVED,1.4,Planning,SYNTHETIC DEMO DATA — NOT OFFICIAL GOVERNMENT RECORDS
PLN-1616,P1616,Zone D,Public/Semi-Public,UNDER_REVIEW,PLN-4,APPROVED,1.5,Planning,SYNTHETIC DEMO DATA — NOT OFFICIAL GOVERNMENT RECORDS
PLN-1617,P1617,Zone A,Residential,PERMITTED,PLN-5,PENDING,1.6,Planning,SYNTHETIC DEMO DATA — NOT OFFICIAL GOVERNMENT RECORDS
PLN-1618,P1618,Zone B,Commercial,PERMITTED,PLN-6,APPROVED,1.7,Planning,SYNTHETIC DEMO DATA — NOT OFFICIAL GOVERNMENT RECORDS
PLN-1619,P1619,Zone C,Industrial,UNDER_REVIEW,PLN-1,APPROVED,1.8,Planning,SYNTHETIC DEMO DATA — NOT OFFICIAL GOVERNMENT RECORDS
PLN-1620,P1620,Zone D,Agricultural,PERMITTED,PLN-2,APPROVED,1.9,Planning,SYNTHETIC DEMO DATA — NOT OFFICIAL GOVERNMENT RECORDS
PLN-1621,P1621,Zone A,Institutional,PERMITTED,PLN-3,PENDING,2.0,Planning,SYNTHETIC DEMO DATA — NOT OFFICIAL GOVERNMENT RECORDS
PLN-1622,P1622,Zone B,Mixed Use,UNDER_REVIEW,PLN-4,APPROVED,2.1,Planning,SYNTHETIC DEMO DATA — NOT OFFICIAL GOVERNMENT RECORDS
PLN-1623,P1623,Zone C,Vacant Land,PERMITTED,PLN-5,APPROVED,2.2,Planning,SYNTHETIC DEMO DATA — NOT OFFICIAL GOVERNMENT RECORDS
PLN-1624,P1624,Zone D,Public/Semi-Public,PERMITTED,PLN-6,APPROVED,2.3,Planning,SYNTHETIC DEMO DATA — NOT OFFICIAL GOVERNMENT RECORDS
PLN-1625,P1625,Zone A,Residential,UNDER_REVIEW,PLN-1,PENDING,1.2,Planning,SYNTHETIC DEMO DATA — NOT OFFICIAL GOVERNMENT RECORDS
PLN-1626,P1626,Zone B,Commercial,PERMITTED,PLN-2,APPROVED,1.3,Planning,SYNTHETIC DEMO DATA — NOT OFFICIAL GOVERNMENT RECORDS
PLN-1627,P1627,Zone C,Industrial,PERMITTED,PLN-3,APPROVED,1.4,Planning,SYNTHETIC DEMO DATA — NOT OFFICIAL GOVERNMENT RECORDS
PLN-1628,P1628,Zone D,Commercial,UNDER_REVIEW,PLN-4,APPROVED,1.5,Planning,SYNTHETIC DEMO DATA — NOT OFFICIAL GOVERNMENT RECORDS
PLN-1629,P1629,Zone A,Institutional,PERMITTED,PLN-5,PENDING,1.6,Planning,SYNTHETIC DEMO DATA — NOT OFFICIAL GOVERNMENT RECORDS
PLN-1630,P1630,Zone B,Mixed Use,PERMITTED,PLN-6,APPROVED,1.7,Planning,SYNTHETIC DEMO DATA — NOT OFFICIAL GOVERNMENT RECORDS
PLN-1631,P1631,Zone C,Vacant Land,UNDER_REVIEW,PLN-1,APPROVED,1.8,Planning,SYNTHETIC DEMO DATA — NOT OFFICIAL GOVERNMENT RECORDS
PLN-1632,P1632,Zone D,Public/Semi-Public,PERMITTED,PLN-2,APPROVED,1.9,Planning,SYNTHETIC DEMO DATA — NOT OFFICIAL GOVERNMENT RECORDS
PLN-1633,P1633,Zone A,Residential,PERMITTED,PLN-3,PENDING,2.0,Planning,SYNTHETIC DEMO DATA — NOT OFFICIAL GOVERNMENT RECORDS
PLN-1634,P1634,Zone B,Commercial,UNDER_REVIEW,PLN-4,APPROVED,2.1,Planning,SYNTHETIC DEMO DATA — NOT OFFICIAL GOVERNMENT RECORDS
PLN-1635,P1635,Zone C,Industrial,PERMITTED,PLN-5,APPROVED,2.2,Planning,SYNTHETIC DEMO DATA — NOT OFFICIAL GOVERNMENT RECORDS
PLN-1636,P1636,Zone D,Agricultural,PERMITTED,PLN-6,APPROVED,2.3,Planning,SYNTHETIC DEMO DATA — NOT OFFICIAL GOVERNMENT RECORDS
PLN-1637,P1637,Zone A,Institutional,UNDER_REVIEW,PLN-1,PENDING,1.2,Planning,SYNTHETIC DEMO DATA — NOT OFFICIAL GOVERNMENT RECORDS
PLN-1638,P1638,Zone B,Mixed Use,PERMITTED,PLN-2,APPROVED,1.3,Planning,SYNTHETIC DEMO DATA — NOT OFFICIAL GOVERNMENT RECORDS
PLN-1639,P1639,Zone C,Vacant Land,PERMITTED,PLN-3,APPROVED,1.4,Planning,SYNTHETIC DEMO DATA — NOT OFFICIAL GOVERNMENT RECORDS
PLN-1640,P1640,Zone D,Public/Semi-Public,UNDER_REVIEW,PLN-4,APPROVED,1.5,Planning,SYNTHETIC DEMO DATA — NOT OFFICIAL GOVERNMENT RECORDS
PLN-1641,P1641,Zone A,Residential,PERMITTED,PLN-5,PENDING,1.6,Planning,SYNTHETIC DEMO DATA — NOT OFFICIAL GOVERNMENT RECORDS
PLN-1642,P1642,Zone B,Commercial,PERMITTED,PLN-6,APPROVED,1.7,Planning,SYNTHETIC DEMO DATA — NOT OFFICIAL GOVERNMENT RECORDS
PLN-1643,P1643,Zone C,Industrial,UNDER_REVIEW,PLN-1,APPROVED,1.8,Planning,SYNTHETIC DEMO DATA — NOT OFFICIAL GOVERNMENT RECORDS
PLN-1644,P1644,Zone D,Agricultural,PERMITTED,PLN-2,APPROVED,1.9,Planning,SYNTHETIC DEMO DATA — NOT OFFICIAL GOVERNMENT RECORDS
PLN-1645,P1645,Zone A,Institutional,PERMITTED,PLN-3,PENDING,2.0,Planning,SYNTHETIC DEMO DATA — NOT OFFICIAL GOVERNMENT RECORDS
PLN-1646,P1646,Zone B,Mixed Use,UNDER_REVIEW,PLN-4,APPROVED,2.1,Planning,SYNTHETIC DEMO DATA — NOT OFFICIAL GOVERNMENT RECORDS
PLN-1647,P1647,Zone C,Commercial,PERMITTED,PLN-5,APPROVED,2.2,Planning,SYNTHETIC DEMO DATA — NOT OFFICIAL GOVERNMENT RECORDS
PLN-1648,P1648,Zone D,Public/Semi-Public,PERMITTED,PLN-6,APPROVED,2.3,Planning,SYNTHETIC DEMO DATA — NOT OFFICIAL GOVERNMENT RECORDS
PLN-1649,P1649,Zone A,Residential,UNDER_REVIEW,PLN-1,PENDING,1.2,Planning,SYNTHETIC DEMO DATA — NOT OFFICIAL GOVERNMENT RECORDS
PLN-1650,P1650,Zone B,Commercial,PERMITTED,PLN-2,APPROVED,1.3,Planning,SYNTHETIC DEMO DATA — NOT OFFICIAL GOVERNMENT RECORDS
PLN-1651,P1651,Zone C,Industrial,PERMITTED,PLN-3,APPROVED,1.4,Planning,SYNTHETIC DEMO DATA — NOT OFFICIAL GOVERNMENT RECORDS
PLN-1652,P1652,Zone D,Agricultural,UNDER_REVIEW,PLN-4,APPROVED,1.5,Planning,SYNTHETIC DEMO DATA — NOT OFFICIAL GOVERNMENT RECORDS
PLN-1653,P1653,Zone A,Institutional,PERMITTED,PLN-5,PENDING,1.6,Planning,SYNTHETIC DEMO DATA — NOT OFFICIAL GOVERNMENT RECORDS
PLN-1654,P1654,Zone B,Mixed Use,PERMITTED,PLN-6,APPROVED,1.7,Planning,SYNTHETIC DEMO DATA — NOT OFFICIAL GOVERNMENT RECORDS
PLN-1655,P1655,Zone C,Vacant Land,UNDER_REVIEW,PLN-1,APPROVED,1.8,Planning,SYNTHETIC DEMO DATA — NOT OFFICIAL GOVERNMENT RECORDS
PLN-1656,P1656,Zone D,Public/Semi-Public,PERMITTED,PLN-2,APPROVED,1.9,Planning,SYNTHETIC DEMO DATA — NOT OFFICIAL GOVERNMENT RECORDS
PLN-1657,P1657,Zone A,Residential,PERMITTED,PLN-3,PENDING,2.0,Planning,SYNTHETIC DEMO DATA — NOT OFFICIAL GOVERNMENT RECORDS
PLN-1658,P1658,Zone B,Commercial,UNDER_REVIEW,PLN-4,APPROVED,2.1,Planning,SYNTHETIC DEMO DATA — NOT OFFICIAL GOVERNMENT RECORDS
PLN-1659,P1659,Zone C,Industrial,PERMITTED,PLN-5,APPROVED,2.2,Planning,SYNTHETIC DEMO DATA — NOT OFFICIAL GOVERNMENT RECORDS
PLN-1660,P1660,Zone D,Agricultural,PERMITTED,PLN-6,APPROVED,2.3,Planning,SYNTHETIC DEMO DATA — NOT OFFICIAL GOVERNMENT RECORDS
PLN-1661,P1661,Zone A,Institutional,UNDER_REVIEW,PLN-1,PENDING,1.2,Planning,SYNTHETIC DEMO DATA — NOT OFFICIAL GOVERNMENT RECORDS
PLN-1662,P1662,Zone B,Mixed Use,PERMITTED,PLN-2,APPROVED,1.3,Planning,SYNTHETIC DEMO DATA — NOT OFFICIAL GOVERNMENT RECORDS
PLN-1663,P1663,Zone C,Vacant Land,PERMITTED,PLN-3,APPROVED,1.4,Planning,SYNTHETIC DEMO DATA — NOT OFFICIAL GOVERNMENT RECORDS
PLN-1664,P1664,Zone D,Public/Semi-Public,UNDER_REVIEW,PLN-4,APPROVED,1.5,Planning,SYNTHETIC DEMO DATA — NOT OFFICIAL GOVERNMENT RECORDS
PLN-1665,P1665,Zone A,Residential,PERMITTED,PLN-5,PENDING,1.6,Planning,SYNTHETIC DEMO DATA — NOT OFFICIAL GOVERNMENT RECORDS
PLN-1666,P1666,Zone B,Commercial,PERMITTED,PLN-6,APPROVED,1.7,Planning,SYNTHETIC DEMO DATA — NOT OFFICIAL GOVERNMENT RECORDS
PLN-1667,P1667,Zone C,Industrial,UNDER_REVIEW,PLN-1,APPROVED,1.8,Planning,SYNTHETIC DEMO DATA — NOT OFFICIAL GOVERNMENT RECORDS
PLN-1668,P1668,Zone D,Agricultural,PERMITTED,PLN-2,APPROVED,1.9,Planning,SYNTHETIC DEMO DATA — NOT OFFICIAL GOVERNMENT RECORDS
PLN-1669,P1669,Zone A,Institutional,PERMITTED,PLN-3,PENDING,2.0,Planning,SYNTHETIC DEMO DATA — NOT OFFICIAL GOVERNMENT RECORDS
PLN-1670,P1670,Zone B,Mixed Use,UNDER_REVIEW,PLN-4,APPROVED,2.1,Planning,SYNTHETIC DEMO DATA — NOT OFFICIAL GOVERNMENT RECORDS
PLN-1671,P1671,Zone C,Vacant Land,PERMITTED,PLN-5,APPROVED,2.2,Planning,SYNTHETIC DEMO DATA — NOT OFFICIAL GOVERNMENT RECORDS
PLN-1672,P1672,Zone D,Public/Semi-Public,PERMITTED,PLN-6,APPROVED,2.3,Planning,SYNTHETIC DEMO DATA — NOT OFFICIAL GOVERNMENT RECORDS
PLN-1673,P1673,Zone A,Residential,UNDER_REVIEW,PLN-1,PENDING,1.2,Planning,SYNTHETIC DEMO DATA — NOT OFFICIAL GOVERNMENT RECORDS
PLN-1674,P1674,Zone B,Commercial,PERMITTED,PLN-2,APPROVED,1.3,Planning,SYNTHETIC DEMO DATA — NOT OFFICIAL GOVERNMENT RECORDS
PLN-1675,P1675,Zone C,Industrial,PERMITTED,PLN-3,APPROVED,1.4,Planning,SYNTHETIC DEMO DATA — NOT OFFICIAL GOVERNMENT RECORDS
PLN-1676,P1676,Zone D,Agricultural,UNDER_REVIEW,PLN-4,APPROVED,1.5,Planning,SYNTHETIC DEMO DATA — NOT OFFICIAL GOVERNMENT RECORDS
PLN-1677,P1677,Zone A,Institutional,PERMITTED,PLN-5,PENDING,1.6,Planning,SYNTHETIC DEMO DATA — NOT OFFICIAL GOVERNMENT RECORDS
PLN-1678,P1678,Zone B,Mixed Use,PERMITTED,PLN-6,APPROVED,1.7,Planning,SYNTHETIC DEMO DATA — NOT OFFICIAL GOVERNMENT RECORDS
PLN-1679,P1679,Zone C,Vacant Land,UNDER_REVIEW,PLN-1,APPROVED,1.8,Planning,SYNTHETIC DEMO DATA — NOT OFFICIAL GOVERNMENT RECORDS
PLN-1680,P1680,Zone D,Public/Semi-Public,PERMITTED,PLN-2,APPROVED,1.9,Planning,SYNTHETIC DEMO DATA — NOT OFFICIAL GOVERNMENT RECORDS
PLN-1681,P1681,Zone A,Residential,PERMITTED,PLN-3,PENDING,2.0,Planning,SYNTHETIC DEMO DATA — NOT OFFICIAL GOVERNMENT RECORDS
PLN-1682,P1682,Zone B,Commercial,UNDER_REVIEW,PLN-4,APPROVED,2.1,Planning,SYNTHETIC DEMO DATA — NOT OFFICIAL GOVERNMENT RECORDS
PLN-1683,P1683,Zone C,Industrial,PERMITTED,PLN-5,APPROVED,2.2,Planning,SYNTHETIC DEMO DATA — NOT OFFICIAL GOVERNMENT RECORDS
PLN-1684,P1684,Zone D,Agricultural,PERMITTED,PLN-6,APPROVED,2.3,Planning,SYNTHETIC DEMO DATA — NOT OFFICIAL GOVERNMENT RECORDS
PLN-1685,P1685,Zone A,Commercial,UNDER_REVIEW,PLN-1,PENDING,1.2,Planning,SYNTHETIC DEMO DATA — NOT OFFICIAL GOVERNMENT RECORDS
PLN-1686,P1686,Zone B,Mixed Use,PERMITTED,PLN-2,APPROVED,1.3,Planning,SYNTHETIC DEMO DATA — NOT OFFICIAL GOVERNMENT RECORDS
PLN-1687,P1687,Zone C,Vacant Land,PERMITTED,PLN-3,APPROVED,1.4,Planning,SYNTHETIC DEMO DATA — NOT OFFICIAL GOVERNMENT RECORDS
PLN-1688,P1688,Zone D,Public/Semi-Public,UNDER_REVIEW,PLN-4,APPROVED,1.5,Planning,SYNTHETIC DEMO DATA — NOT OFFICIAL GOVERNMENT RECORDS
PLN-1689,P1689,Zone A,Residential,PERMITTED,PLN-5,PENDING,1.6,Planning,SYNTHETIC DEMO DATA — NOT OFFICIAL GOVERNMENT RECORDS
PLN-1690,P1690,Zone B,Commercial,PERMITTED,PLN-6,APPROVED,1.7,Planning,SYNTHETIC DEMO DATA — NOT OFFICIAL GOVERNMENT RECORDS
PLN-1691,P1691,Zone C,Industrial,UNDER_REVIEW,PLN-1,APPROVED,1.8,Planning,SYNTHETIC DEMO DATA — NOT OFFICIAL GOVERNMENT RECORDS
PLN-1692,P1692,Zone D,Agricultural,PERMITTED,PLN-2,APPROVED,1.9,Planning,SYNTHETIC DEMO DATA — NOT OFFICIAL GOVERNMENT RECORDS
PLN-1693,P1693,Zone A,Institutional,PERMITTED,PLN-3,PENDING,2.0,Planning,SYNTHETIC DEMO DATA — NOT OFFICIAL GOVERNMENT RECORDS
PLN-1694,P1694,Zone B,Mixed Use,UNDER_REVIEW,PLN-4,APPROVED,2.1,Planning,SYNTHETIC DEMO DATA — NOT OFFICIAL GOVERNMENT RECORDS
PLN-1695,P1695,Zone C,Vacant Land,PERMITTED,PLN-5,APPROVED,2.2,Planning,SYNTHETIC DEMO DATA — NOT OFFICIAL GOVERNMENT RECORDS
PLN-1696,P1696,Zone D,Public/Semi-Public,PERMITTED,PLN-6,APPROVED,2.3,Planning,SYNTHETIC DEMO DATA — NOT OFFICIAL GOVERNMENT RECORDS
PLN-1697,P1697,Zone A,Residential,UNDER_REVIEW,PLN-1,PENDING,1.2,Planning,SYNTHETIC DEMO DATA — NOT OFFICIAL GOVERNMENT RECORDS
PLN-1698,P1698,Zone B,Commercial,PERMITTED,PLN-2,APPROVED,1.3,Planning,SYNTHETIC DEMO DATA — NOT OFFICIAL GOVERNMENT RECORDS
PLN-1699,P1699,Zone C,Industrial,PERMITTED,PLN-3,APPROVED,1.4,Planning,SYNTHETIC DEMO DATA — NOT OFFICIAL GOVERNMENT RECORDS
PLN-1700,P1700,Zone D,Agricultural,UNDER_REVIEW,PLN-4,APPROVED,1.5,Planning,SYNTHETIC DEMO DATA — NOT OFFICIAL GOVERNMENT RECORDS
PLN-1701,P1701,Zone A,Institutional,PERMITTED,PLN-5,PENDING,1.6,Planning,SYNTHETIC DEMO DATA — NOT OFFICIAL GOVERNMENT RECORDS
PLN-1702,P1702,Zone B,Mixed Use,PERMITTED,PLN-6,APPROVED,1.7,Planning,SYNTHETIC DEMO DATA — NOT OFFICIAL GOVERNMENT RECORDS
PLN-1703,P1703,Zone C,Vacant Land,UNDER_REVIEW,PLN-1,APPROVED,1.8,Planning,SYNTHETIC DEMO DATA — NOT OFFICIAL GOVERNMENT RECORDS
PLN-1704,P1704,Zone D,Commercial,PERMITTED,PLN-2,APPROVED,1.9,Planning,SYNTHETIC DEMO DATA — NOT OFFICIAL GOVERNMENT RECORDS
PLN-1705,P1705,Zone A,Residential,PERMITTED,PLN-3,PENDING,2.0,Planning,SYNTHETIC DEMO DATA — NOT OFFICIAL GOVERNMENT RECORDS
PLN-1706,P1706,Zone B,Commercial,UNDER_REVIEW,PLN-4,APPROVED,2.1,Planning,SYNTHETIC DEMO DATA — NOT OFFICIAL GOVERNMENT RECORDS
PLN-1707,P1707,Zone C,Industrial,PERMITTED,PLN-5,APPROVED,2.2,Planning,SYNTHETIC DEMO DATA — NOT OFFICIAL GOVERNMENT RECORDS
PLN-1708,P1708,Zone D,Agricultural,PERMITTED,PLN-6,APPROVED,2.3,Planning,SYNTHETIC DEMO DATA — NOT OFFICIAL GOVERNMENT RECORDS
PLN-1709,P1709,Zone A,Institutional,UNDER_REVIEW,PLN-1,PENDING,1.2,Planning,SYNTHETIC DEMO DATA — NOT OFFICIAL GOVERNMENT RECORDS
PLN-1710,P1710,Zone B,Mixed Use,PERMITTED,PLN-2,APPROVED,1.3,Planning,SYNTHETIC DEMO DATA — NOT OFFICIAL GOVERNMENT RECORDS
PLN-1711,P1711,Zone C,Vacant Land,PERMITTED,PLN-3,APPROVED,1.4,Planning,SYNTHETIC DEMO DATA — NOT OFFICIAL GOVERNMENT RECORDS
PLN-1712,P1712,Zone D,Public/Semi-Public,UNDER_REVIEW,PLN-4,APPROVED,1.5,Planning,SYNTHETIC DEMO DATA — NOT OFFICIAL GOVERNMENT RECORDS
PLN-1713,P1713,Zone A,Residential,PERMITTED,PLN-5,PENDING,1.6,Planning,SYNTHETIC DEMO DATA — NOT OFFICIAL GOVERNMENT RECORDS
PLN-1714,P1714,Zone B,Commercial,PERMITTED,PLN-6,APPROVED,1.7,Planning,SYNTHETIC DEMO DATA — NOT OFFICIAL GOVERNMENT RECORDS
PLN-1715,P1715,Zone C,Industrial,UNDER_REVIEW,PLN-1,APPROVED,1.8,Planning,SYNTHETIC DEMO DATA — NOT OFFICIAL GOVERNMENT RECORDS
PLN-1716,P1716,Zone D,Agricultural,PERMITTED,PLN-2,APPROVED,1.9,Planning,SYNTHETIC DEMO DATA — NOT OFFICIAL GOVERNMENT RECORDS
PLN-1717,P1717,Zone A,Institutional,PERMITTED,PLN-3,PENDING,2.0,Planning,SYNTHETIC DEMO DATA — NOT OFFICIAL GOVERNMENT RECORDS
PLN-1718,P1718,Zone B,Mixed Use,UNDER_REVIEW,PLN-4,APPROVED,2.1,Planning,SYNTHETIC DEMO DATA — NOT OFFICIAL GOVERNMENT RECORDS
PLN-1719,P1719,Zone C,Vacant Land,PERMITTED,PLN-5,APPROVED,2.2,Planning,SYNTHETIC DEMO DATA — NOT OFFICIAL GOVERNMENT RECORDS
PLN-1720,P1720,Zone D,Public/Semi-Public,PERMITTED,PLN-6,APPROVED,2.3,Planning,SYNTHETIC DEMO DATA — NOT OFFICIAL GOVERNMENT RECORDS
PLN-1721,P1721,Zone A,Residential,UNDER_REVIEW,PLN-1,PENDING,1.2,Planning,SYNTHETIC DEMO DATA — NOT OFFICIAL GOVERNMENT RECORDS
PLN-1722,P1722,Zone B,Commercial,PERMITTED,PLN-2,APPROVED,1.3,Planning,SYNTHETIC DEMO DATA — NOT OFFICIAL GOVERNMENT RECORDS
PLN-1723,P1723,Zone C,Commercial,PERMITTED,PLN-3,APPROVED,1.4,Planning,SYNTHETIC DEMO DATA — NOT OFFICIAL GOVERNMENT RECORDS
PLN-1724,P1724,Zone D,Agricultural,UNDER_REVIEW,PLN-4,APPROVED,1.5,Planning,SYNTHETIC DEMO DATA — NOT OFFICIAL GOVERNMENT RECORDS
PLN-1725,P1725,Zone A,Institutional,PERMITTED,PLN-5,PENDING,1.6,Planning,SYNTHETIC DEMO DATA — NOT OFFICIAL GOVERNMENT RECORDS
PLN-1726,P1726,Zone B,Mixed Use,PERMITTED,PLN-6,APPROVED,1.7,Planning,SYNTHETIC DEMO DATA — NOT OFFICIAL GOVERNMENT RECORDS
PLN-1727,P1727,Zone C,Vacant Land,UNDER_REVIEW,PLN-1,APPROVED,1.8,Planning,SYNTHETIC DEMO DATA — NOT OFFICIAL GOVERNMENT RECORDS
PLN-1728,P1728,Zone D,Public/Semi-Public,PERMITTED,PLN-2,APPROVED,1.9,Planning,SYNTHETIC DEMO DATA — NOT OFFICIAL GOVERNMENT RECORDS
PLN-1729,P1729,Zone A,Residential,PERMITTED,PLN-3,PENDING,2.0,Planning,SYNTHETIC DEMO DATA — NOT OFFICIAL GOVERNMENT RECORDS
PLN-1730,P1730,Zone B,Commercial,UNDER_REVIEW,PLN-4,APPROVED,2.1,Planning,SYNTHETIC DEMO DATA — NOT OFFICIAL GOVERNMENT RECORDS
PLN-1731,P1731,Zone C,Industrial,PERMITTED,PLN-5,APPROVED,2.2,Planning,SYNTHETIC DEMO DATA — NOT OFFICIAL GOVERNMENT RECORDS
PLN-1732,P1732,Zone D,Agricultural,PERMITTED,PLN-6,APPROVED,2.3,Planning,SYNTHETIC DEMO DATA — NOT OFFICIAL GOVERNMENT RECORDS
PLN-1733,P1733,Zone A,Institutional,UNDER_REVIEW,PLN-1,PENDING,1.2,Planning,SYNTHETIC DEMO DATA — NOT OFFICIAL GOVERNMENT RECORDS
PLN-1734,P1734,Zone B,Mixed Use,PERMITTED,PLN-2,APPROVED,1.3,Planning,SYNTHETIC DEMO DATA — NOT OFFICIAL GOVERNMENT RECORDS
PLN-1735,P1735,Zone C,Vacant Land,PERMITTED,PLN-3,APPROVED,1.4,Planning,SYNTHETIC DEMO DATA — NOT OFFICIAL GOVERNMENT RECORDS
PLN-1736,P1736,Zone D,Public/Semi-Public,UNDER_REVIEW,PLN-4,APPROVED,1.5,Planning,SYNTHETIC DEMO DATA — NOT OFFICIAL GOVERNMENT RECORDS
PLN-1737,P1737,Zone A,Residential,PERMITTED,PLN-5,PENDING,1.6,Planning,SYNTHETIC DEMO DATA — NOT OFFICIAL GOVERNMENT RECORDS
PLN-1738,P1738,Zone B,Commercial,PERMITTED,PLN-6,APPROVED,1.7,Planning,SYNTHETIC DEMO DATA — NOT OFFICIAL GOVERNMENT RECORDS
PLN-1739,P1739,Zone C,Industrial,UNDER_REVIEW,PLN-1,APPROVED,1.8,Planning,SYNTHETIC DEMO DATA — NOT OFFICIAL GOVERNMENT RECORDS
PLN-1740,P1740,Zone D,Agricultural,PERMITTED,PLN-2,APPROVED,1.9,Planning,SYNTHETIC DEMO DATA — NOT OFFICIAL GOVERNMENT RECORDS
PLN-1741,P1741,Zone A,Institutional,PERMITTED,PLN-3,PENDING,2.0,Planning,SYNTHETIC DEMO DATA — NOT OFFICIAL GOVERNMENT RECORDS
PLN-1742,P1742,Zone B,Commercial,UNDER_REVIEW,PLN-4,APPROVED,2.1,Planning,SYNTHETIC DEMO DATA — NOT OFFICIAL GOVERNMENT RECORDS
PLN-1743,P1743,Zone C,Vacant Land,PERMITTED,PLN-5,APPROVED,2.2,Planning,SYNTHETIC DEMO DATA — NOT OFFICIAL GOVERNMENT RECORDS
PLN-1744,P1744,Zone D,Public/Semi-Public,PERMITTED,PLN-6,APPROVED,2.3,Planning,SYNTHETIC DEMO DATA — NOT OFFICIAL GOVERNMENT RECORDS
PLN-1745,P1745,Zone A,Residential,UNDER_REVIEW,PLN-1,PENDING,1.2,Planning,SYNTHETIC DEMO DATA — NOT OFFICIAL GOVERNMENT RECORDS
PLN-1746,P1746,Zone B,Commercial,PERMITTED,PLN-2,APPROVED,1.3,Planning,SYNTHETIC DEMO DATA — NOT OFFICIAL GOVERNMENT RECORDS
PLN-1747,P1747,Zone C,Industrial,PERMITTED,PLN-3,APPROVED,1.4,Planning,SYNTHETIC DEMO DATA — NOT OFFICIAL GOVERNMENT RECORDS
PLN-1748,P1748,Zone D,Agricultural,UNDER_REVIEW,PLN-4,APPROVED,1.5,Planning,SYNTHETIC DEMO DATA — NOT OFFICIAL GOVERNMENT RECORDS
PLN-1749,P1749,Zone A,Institutional,PERMITTED,PLN-5,PENDING,1.6,Planning,SYNTHETIC DEMO DATA — NOT OFFICIAL GOVERNMENT RECORDS
PLN-1750,P1750,Zone B,Mixed Use,PERMITTED,PLN-6,APPROVED,1.7,Planning,SYNTHETIC DEMO DATA — NOT OFFICIAL GOVERNMENT RECORDS
PLN-1751,P1751,Zone C,Vacant Land,UNDER_REVIEW,PLN-1,APPROVED,1.8,Planning,SYNTHETIC DEMO DATA — NOT OFFICIAL GOVERNMENT RECORDS
PLN-1752,P1752,Zone D,Public/Semi-Public,PERMITTED,PLN-2,APPROVED,1.9,Planning,SYNTHETIC DEMO DATA — NOT OFFICIAL GOVERNMENT RECORDS
PLN-1753,P1753,Zone A,Residential,PERMITTED,PLN-3,PENDING,2.0,Planning,SYNTHETIC DEMO DATA — NOT OFFICIAL GOVERNMENT RECORDS
PLN-1754,P1754,Zone B,Commercial,UNDER_REVIEW,PLN-4,APPROVED,2.1,Planning,SYNTHETIC DEMO DATA — NOT OFFICIAL GOVERNMENT RECORDS
PLN-1755,P1755,Zone C,Industrial,PERMITTED,PLN-5,APPROVED,2.2,Planning,SYNTHETIC DEMO DATA — NOT OFFICIAL GOVERNMENT RECORDS
PLN-1756,P1756,Zone D,Agricultural,PERMITTED,PLN-6,APPROVED,2.3,Planning,SYNTHETIC DEMO DATA — NOT OFFICIAL GOVERNMENT RECORDS
PLN-1757,P1757,Zone A,Institutional,UNDER_REVIEW,PLN-1,PENDING,1.2,Planning,SYNTHETIC DEMO DATA — NOT OFFICIAL GOVERNMENT RECORDS
PLN-1758,P1758,Zone B,Mixed Use,PERMITTED,PLN-2,APPROVED,1.3,Planning,SYNTHETIC DEMO DATA — NOT OFFICIAL GOVERNMENT RECORDS
PLN-1759,P1759,Zone C,Vacant Land,PERMITTED,PLN-3,APPROVED,1.4,Planning,SYNTHETIC DEMO DATA — NOT OFFICIAL GOVERNMENT RECORDS
PLN-1760,P1760,Zone D,Public/Semi-Public,UNDER_REVIEW,PLN-4,APPROVED,1.5,Planning,SYNTHETIC DEMO DATA — NOT OFFICIAL GOVERNMENT RECORDS
PLN-1761,P1761,Zone A,Commercial,PERMITTED,PLN-5,PENDING,1.6,Planning,SYNTHETIC DEMO DATA — NOT OFFICIAL GOVERNMENT RECORDS
PLN-1762,P1762,Zone B,Commercial,PERMITTED,PLN-6,APPROVED,1.7,Planning,SYNTHETIC DEMO DATA — NOT OFFICIAL GOVERNMENT RECORDS
PLN-1763,P1763,Zone C,Industrial,UNDER_REVIEW,PLN-1,APPROVED,1.8,Planning,SYNTHETIC DEMO DATA — NOT OFFICIAL GOVERNMENT RECORDS
PLN-1764,P1764,Zone D,Agricultural,PERMITTED,PLN-2,APPROVED,1.9,Planning,SYNTHETIC DEMO DATA — NOT OFFICIAL GOVERNMENT RECORDS
PLN-1765,P1765,Zone A,Institutional,PERMITTED,PLN-3,PENDING,2.0,Planning,SYNTHETIC DEMO DATA — NOT OFFICIAL GOVERNMENT RECORDS
PLN-1766,P1766,Zone B,Mixed Use,UNDER_REVIEW,PLN-4,APPROVED,2.1,Planning,SYNTHETIC DEMO DATA — NOT OFFICIAL GOVERNMENT RECORDS
PLN-1767,P1767,Zone C,Vacant Land,PERMITTED,PLN-5,APPROVED,2.2,Planning,SYNTHETIC DEMO DATA — NOT OFFICIAL GOVERNMENT RECORDS
PLN-1768,P1768,Zone D,Public/Semi-Public,PERMITTED,PLN-6,APPROVED,2.3,Planning,SYNTHETIC DEMO DATA — NOT OFFICIAL GOVERNMENT RECORDS
PLN-1769,P1769,Zone A,Residential,UNDER_REVIEW,PLN-1,PENDING,1.2,Planning,SYNTHETIC DEMO DATA — NOT OFFICIAL GOVERNMENT RECORDS
PLN-1770,P1770,Zone B,Commercial,PERMITTED,PLN-2,APPROVED,1.3,Planning,SYNTHETIC DEMO DATA — NOT OFFICIAL GOVERNMENT RECORDS
PLN-1771,P1771,Zone C,Industrial,PERMITTED,PLN-3,APPROVED,1.4,Planning,SYNTHETIC DEMO DATA — NOT OFFICIAL GOVERNMENT RECORDS
PLN-1772,P1772,Zone D,Agricultural,UNDER_REVIEW,PLN-4,APPROVED,1.5,Planning,SYNTHETIC DEMO DATA — NOT OFFICIAL GOVERNMENT RECORDS
PLN-1773,P1773,Zone A,Institutional,PERMITTED,PLN-5,PENDING,1.6,Planning,SYNTHETIC DEMO DATA — NOT OFFICIAL GOVERNMENT RECORDS
PLN-1774,P1774,Zone B,Mixed Use,PERMITTED,PLN-6,APPROVED,1.7,Planning,SYNTHETIC DEMO DATA — NOT OFFICIAL GOVERNMENT RECORDS
PLN-1775,P1775,Zone C,Vacant Land,UNDER_REVIEW,PLN-1,APPROVED,1.8,Planning,SYNTHETIC DEMO DATA — NOT OFFICIAL GOVERNMENT RECORDS
PLN-1776,P1776,Zone D,Public/Semi-Public,PERMITTED,PLN-2,APPROVED,1.9,Planning,SYNTHETIC DEMO DATA — NOT OFFICIAL GOVERNMENT RECORDS
PLN-1777,P1777,Zone A,Residential,PERMITTED,PLN-3,PENDING,2.0,Planning,SYNTHETIC DEMO DATA — NOT OFFICIAL GOVERNMENT RECORDS
PLN-1778,P1778,Zone B,Commercial,UNDER_REVIEW,PLN-4,APPROVED,2.1,Planning,SYNTHETIC DEMO DATA — NOT OFFICIAL GOVERNMENT RECORDS
PLN-1779,P1779,Zone C,Industrial,PERMITTED,PLN-5,APPROVED,2.2,Planning,SYNTHETIC DEMO DATA — NOT OFFICIAL GOVERNMENT RECORDS
PLN-1780,P1780,Zone D,Commercial,PERMITTED,PLN-6,APPROVED,2.3,Planning,SYNTHETIC DEMO DATA — NOT OFFICIAL GOVERNMENT RECORDS
PLN-1781,P1781,Zone A,Institutional,UNDER_REVIEW,PLN-1,PENDING,1.2,Planning,SYNTHETIC DEMO DATA — NOT OFFICIAL GOVERNMENT RECORDS
PLN-1782,P1782,Zone B,Mixed Use,PERMITTED,PLN-2,APPROVED,1.3,Planning,SYNTHETIC DEMO DATA — NOT OFFICIAL GOVERNMENT RECORDS
PLN-1783,P1783,Zone C,Vacant Land,PERMITTED,PLN-3,APPROVED,1.4,Planning,SYNTHETIC DEMO DATA — NOT OFFICIAL GOVERNMENT RECORDS
PLN-1784,P1784,Zone D,Public/Semi-Public,UNDER_REVIEW,PLN-4,APPROVED,1.5,Planning,SYNTHETIC DEMO DATA — NOT OFFICIAL GOVERNMENT RECORDS
PLN-1785,P1785,Zone A,Residential,PERMITTED,PLN-5,PENDING,1.6,Planning,SYNTHETIC DEMO DATA — NOT OFFICIAL GOVERNMENT RECORDS
PLN-1786,P1786,Zone B,Commercial,PERMITTED,PLN-6,APPROVED,1.7,Planning,SYNTHETIC DEMO DATA — NOT OFFICIAL GOVERNMENT RECORDS
PLN-1787,P1787,Zone C,Industrial,UNDER_REVIEW,PLN-1,APPROVED,1.8,Planning,SYNTHETIC DEMO DATA — NOT OFFICIAL GOVERNMENT RECORDS
PLN-1788,P1788,Zone D,Agricultural,PERMITTED,PLN-2,APPROVED,1.9,Planning,SYNTHETIC DEMO DATA — NOT OFFICIAL GOVERNMENT RECORDS
PLN-1789,P1789,Zone A,Institutional,PERMITTED,PLN-3,PENDING,2.0,Planning,SYNTHETIC DEMO DATA — NOT OFFICIAL GOVERNMENT RECORDS
PLN-1790,P1790,Zone B,Mixed Use,UNDER_REVIEW,PLN-4,APPROVED,2.1,Planning,SYNTHETIC DEMO DATA — NOT OFFICIAL GOVERNMENT RECORDS
PLN-1791,P1791,Zone C,Vacant Land,PERMITTED,PLN-5,APPROVED,2.2,Planning,SYNTHETIC DEMO DATA — NOT OFFICIAL GOVERNMENT RECORDS
PLN-1792,P1792,Zone D,Public/Semi-Public,PERMITTED,PLN-6,APPROVED,2.3,Planning,SYNTHETIC DEMO DATA — NOT OFFICIAL GOVERNMENT RECORDS
PLN-1793,P1793,Zone A,Residential,UNDER_REVIEW,PLN-1,PENDING,1.2,Planning,SYNTHETIC DEMO DATA — NOT OFFICIAL GOVERNMENT RECORDS
PLN-1794,P1794,Zone B,Commercial,PERMITTED,PLN-2,APPROVED,1.3,Planning,SYNTHETIC DEMO DATA — NOT OFFICIAL GOVERNMENT RECORDS
PLN-1795,P1795,Zone C,Industrial,PERMITTED,PLN-3,APPROVED,1.4,Planning,SYNTHETIC DEMO DATA — NOT OFFICIAL GOVERNMENT RECORDS
PLN-1796,P1796,Zone D,Agricultural,UNDER_REVIEW,PLN-4,APPROVED,1.5,Planning,SYNTHETIC DEMO DATA — NOT OFFICIAL GOVERNMENT RECORDS
PLN-1797,P1797,Zone A,Institutional,PERMITTED,PLN-5,PENDING,1.6,Planning,SYNTHETIC DEMO DATA — NOT OFFICIAL GOVERNMENT RECORDS
PLN-1798,P1798,Zone B,Mixed Use,PERMITTED,PLN-6,APPROVED,1.7,Planning,SYNTHETIC DEMO DATA — NOT OFFICIAL GOVERNMENT RECORDS
PLN-1799,P1799,Zone C,Commercial,UNDER_REVIEW,PLN-1,APPROVED,1.8,Planning,SYNTHETIC DEMO DATA — NOT OFFICIAL GOVERNMENT RECORDS
PLN-1800,P1800,Zone D,Public/Semi-Public,PERMITTED,PLN-2,APPROVED,1.9,Planning,SYNTHETIC DEMO DATA — NOT OFFICIAL GOVERNMENT RECORDS
PLN-1801,P1801,Zone A,Residential,PERMITTED,PLN-3,PENDING,2.0,Planning,SYNTHETIC DEMO DATA — NOT OFFICIAL GOVERNMENT RECORDS
PLN-1802,P1802,Zone B,Commercial,UNDER_REVIEW,PLN-4,APPROVED,2.1,Planning,SYNTHETIC DEMO DATA — NOT OFFICIAL GOVERNMENT RECORDS
PLN-1803,P1803,Zone C,Industrial,PERMITTED,PLN-5,APPROVED,2.2,Planning,SYNTHETIC DEMO DATA — NOT OFFICIAL GOVERNMENT RECORDS
PLN-1804,P1804,Zone D,Agricultural,PERMITTED,PLN-6,APPROVED,2.3,Planning,SYNTHETIC DEMO DATA — NOT OFFICIAL GOVERNMENT RECORDS
PLN-1805,P1805,Zone A,Institutional,UNDER_REVIEW,PLN-1,PENDING,1.2,Planning,SYNTHETIC DEMO DATA — NOT OFFICIAL GOVERNMENT RECORDS
PLN-1806,P1806,Zone B,Mixed Use,PERMITTED,PLN-2,APPROVED,1.3,Planning,SYNTHETIC DEMO DATA — NOT OFFICIAL GOVERNMENT RECORDS
PLN-1807,P1807,Zone C,Vacant Land,PERMITTED,PLN-3,APPROVED,1.4,Planning,SYNTHETIC DEMO DATA — NOT OFFICIAL GOVERNMENT RECORDS
PLN-1808,P1808,Zone D,Public/Semi-Public,UNDER_REVIEW,PLN-4,APPROVED,1.5,Planning,SYNTHETIC DEMO DATA — NOT OFFICIAL GOVERNMENT RECORDS
PLN-1809,P1809,Zone A,Residential,PERMITTED,PLN-5,PENDING,1.6,Planning,SYNTHETIC DEMO DATA — NOT OFFICIAL GOVERNMENT RECORDS
PLN-1810,P1810,Zone B,Commercial,PERMITTED,PLN-6,APPROVED,1.7,Planning,SYNTHETIC DEMO DATA — NOT OFFICIAL GOVERNMENT RECORDS
PLN-1811,P1811,Zone C,Industrial,UNDER_REVIEW,PLN-1,APPROVED,1.8,Planning,SYNTHETIC DEMO DATA — NOT OFFICIAL GOVERNMENT RECORDS
PLN-1812,P1812,Zone D,Agricultural,PERMITTED,PLN-2,APPROVED,1.9,Planning,SYNTHETIC DEMO DATA — NOT OFFICIAL GOVERNMENT RECORDS
PLN-1813,P1813,Zone A,Institutional,PERMITTED,PLN-3,PENDING,2.0,Planning,SYNTHETIC DEMO DATA — NOT OFFICIAL GOVERNMENT RECORDS
PLN-1814,P1814,Zone B,Mixed Use,UNDER_REVIEW,PLN-4,APPROVED,2.1,Planning,SYNTHETIC DEMO DATA — NOT OFFICIAL GOVERNMENT RECORDS
PLN-1815,P1815,Zone C,Vacant Land,PERMITTED,PLN-5,APPROVED,2.2,Planning,SYNTHETIC DEMO DATA — NOT OFFICIAL GOVERNMENT RECORDS
PLN-1816,P1816,Zone D,Public/Semi-Public,PERMITTED,PLN-6,APPROVED,2.3,Planning,SYNTHETIC DEMO DATA — NOT OFFICIAL GOVERNMENT RECORDS
PLN-1817,P1817,Zone A,Residential,UNDER_REVIEW,PLN-1,PENDING,1.2,Planning,SYNTHETIC DEMO DATA — NOT OFFICIAL GOVERNMENT RECORDS
PLN-1818,P1818,Zone B,Commercial,PERMITTED,PLN-2,APPROVED,1.3,Planning,SYNTHETIC DEMO DATA — NOT OFFICIAL GOVERNMENT RECORDS
PLN-1819,P1819,Zone C,Industrial,PERMITTED,PLN-3,APPROVED,1.4,Planning,SYNTHETIC DEMO DATA — NOT OFFICIAL GOVERNMENT RECORDS
PLN-1820,P1820,Zone D,Agricultural,UNDER_REVIEW,PLN-4,APPROVED,1.5,Planning,SYNTHETIC DEMO DATA — NOT OFFICIAL GOVERNMENT RECORDS
PLN-1821,P1821,Zone A,Institutional,PERMITTED,PLN-5,PENDING,1.6,Planning,SYNTHETIC DEMO DATA — NOT OFFICIAL GOVERNMENT RECORDS
PLN-1822,P1822,Zone B,Mixed Use,PERMITTED,PLN-6,APPROVED,1.7,Planning,SYNTHETIC DEMO DATA — NOT OFFICIAL GOVERNMENT RECORDS
PLN-1823,P1823,Zone C,Vacant Land,UNDER_REVIEW,PLN-1,APPROVED,1.8,Planning,SYNTHETIC DEMO DATA — NOT OFFICIAL GOVERNMENT RECORDS
PLN-1824,P1824,Zone D,Public/Semi-Public,PERMITTED,PLN-2,APPROVED,1.9,Planning,SYNTHETIC DEMO DATA — NOT OFFICIAL GOVERNMENT RECORDS
PLN-1825,P1825,Zone A,Residential,PERMITTED,PLN-3,PENDING,2.0,Planning,SYNTHETIC DEMO DATA — NOT OFFICIAL GOVERNMENT RECORDS
PLN-1826,P1826,Zone B,Commercial,UNDER_REVIEW,PLN-4,APPROVED,2.1,Planning,SYNTHETIC DEMO DATA — NOT OFFICIAL GOVERNMENT RECORDS
PLN-1827,P1827,Zone C,Industrial,PERMITTED,PLN-5,APPROVED,2.2,Planning,SYNTHETIC DEMO DATA — NOT OFFICIAL GOVERNMENT RECORDS
PLN-1828,P1828,Zone D,Agricultural,PERMITTED,PLN-6,APPROVED,2.3,Planning,SYNTHETIC DEMO DATA — NOT OFFICIAL GOVERNMENT RECORDS
PLN-1829,P1829,Zone A,Institutional,UNDER_REVIEW,PLN-1,PENDING,1.2,Planning,SYNTHETIC DEMO DATA — NOT OFFICIAL GOVERNMENT RECORDS
PLN-1830,P1830,Zone B,Mixed Use,PERMITTED,PLN-2,APPROVED,1.3,Planning,SYNTHETIC DEMO DATA — NOT OFFICIAL GOVERNMENT RECORDS
PLN-1831,P1831,Zone C,Vacant Land,PERMITTED,PLN-3,APPROVED,1.4,Planning,SYNTHETIC DEMO DATA — NOT OFFICIAL GOVERNMENT RECORDS
PLN-1832,P1832,Zone D,Public/Semi-Public,UNDER_REVIEW,PLN-4,APPROVED,1.5,Planning,SYNTHETIC DEMO DATA — NOT OFFICIAL GOVERNMENT RECORDS
PLN-1833,P1833,Zone A,Residential,PERMITTED,PLN-5,PENDING,1.6,Planning,SYNTHETIC DEMO DATA — NOT OFFICIAL GOVERNMENT RECORDS
PLN-1834,P1834,Zone B,Commercial,PERMITTED,PLN-6,APPROVED,1.7,Planning,SYNTHETIC DEMO DATA — NOT OFFICIAL GOVERNMENT RECORDS
PLN-1835,P1835,Zone C,Industrial,UNDER_REVIEW,PLN-1,APPROVED,1.8,Planning,SYNTHETIC DEMO DATA — NOT OFFICIAL GOVERNMENT RECORDS
PLN-1836,P1836,Zone D,Agricultural,PERMITTED,PLN-2,APPROVED,1.9,Planning,SYNTHETIC DEMO DATA — NOT OFFICIAL GOVERNMENT RECORDS
PLN-1837,P1837,Zone A,Commercial,PERMITTED,PLN-3,PENDING,2.0,Planning,SYNTHETIC DEMO DATA — NOT OFFICIAL GOVERNMENT RECORDS
PLN-1838,P1838,Zone B,Mixed Use,UNDER_REVIEW,PLN-4,APPROVED,2.1,Planning,SYNTHETIC DEMO DATA — NOT OFFICIAL GOVERNMENT RECORDS
PLN-1839,P1839,Zone C,Vacant Land,PERMITTED,PLN-5,APPROVED,2.2,Planning,SYNTHETIC DEMO DATA — NOT OFFICIAL GOVERNMENT RECORDS
PLN-1840,P1840,Zone D,Public/Semi-Public,PERMITTED,PLN-6,APPROVED,2.3,Planning,SYNTHETIC DEMO DATA — NOT OFFICIAL GOVERNMENT RECORDS
PLN-1841,P1841,Zone A,Residential,UNDER_REVIEW,PLN-1,PENDING,1.2,Planning,SYNTHETIC DEMO DATA — NOT OFFICIAL GOVERNMENT RECORDS
PLN-1842,P1842,Zone B,Commercial,PERMITTED,PLN-2,APPROVED,1.3,Planning,SYNTHETIC DEMO DATA — NOT OFFICIAL GOVERNMENT RECORDS
PLN-1843,P1843,Zone C,Industrial,PERMITTED,PLN-3,APPROVED,1.4,Planning,SYNTHETIC DEMO DATA — NOT OFFICIAL GOVERNMENT RECORDS
PLN-1844,P1844,Zone D,Agricultural,UNDER_REVIEW,PLN-4,APPROVED,1.5,Planning,SYNTHETIC DEMO DATA — NOT OFFICIAL GOVERNMENT RECORDS
PLN-1845,P1845,Zone A,Institutional,PERMITTED,PLN-5,PENDING,1.6,Planning,SYNTHETIC DEMO DATA — NOT OFFICIAL GOVERNMENT RECORDS
PLN-1846,P1846,Zone B,Mixed Use,PERMITTED,PLN-6,APPROVED,1.7,Planning,SYNTHETIC DEMO DATA — NOT OFFICIAL GOVERNMENT RECORDS
PLN-1847,P1847,Zone C,Vacant Land,UNDER_REVIEW,PLN-1,APPROVED,1.8,Planning,SYNTHETIC DEMO DATA — NOT OFFICIAL GOVERNMENT RECORDS
PLN-1848,P1848,Zone D,Public/Semi-Public,PERMITTED,PLN-2,APPROVED,1.9,Planning,SYNTHETIC DEMO DATA — NOT OFFICIAL GOVERNMENT RECORDS
PLN-1849,P1849,Zone A,Residential,PERMITTED,PLN-3,PENDING,2.0,Planning,SYNTHETIC DEMO DATA — NOT OFFICIAL GOVERNMENT RECORDS
PLN-1850,P1850,Zone B,Commercial,UNDER_REVIEW,PLN-4,APPROVED,2.1,Planning,SYNTHETIC DEMO DATA — NOT OFFICIAL GOVERNMENT RECORDS
PLN-1851,P1851,Zone C,Industrial,PERMITTED,PLN-5,APPROVED,2.2,Planning,SYNTHETIC DEMO DATA — NOT OFFICIAL GOVERNMENT RECORDS
PLN-1852,P1852,Zone D,Agricultural,PERMITTED,PLN-6,APPROVED,2.3,Planning,SYNTHETIC DEMO DATA — NOT OFFICIAL GOVERNMENT RECORDS
PLN-1853,P1853,Zone A,Institutional,UNDER_REVIEW,PLN-1,PENDING,1.2,Planning,SYNTHETIC DEMO DATA — NOT OFFICIAL GOVERNMENT RECORDS
PLN-1854,P1854,Zone B,Mixed Use,PERMITTED,PLN-2,APPROVED,1.3,Planning,SYNTHETIC DEMO DATA — NOT OFFICIAL GOVERNMENT RECORDS
PLN-1855,P1855,Zone C,Vacant Land,PERMITTED,PLN-3,APPROVED,1.4,Planning,SYNTHETIC DEMO DATA — NOT OFFICIAL GOVERNMENT RECORDS
PLN-1856,P1856,Zone D,Commercial,UNDER_REVIEW,PLN-4,APPROVED,1.5,Planning,SYNTHETIC DEMO DATA — NOT OFFICIAL GOVERNMENT RECORDS
PLN-1857,P1857,Zone A,Residential,PERMITTED,PLN-5,PENDING,1.6,Planning,SYNTHETIC DEMO DATA — NOT OFFICIAL GOVERNMENT RECORDS
PLN-1858,P1858,Zone B,Commercial,PERMITTED,PLN-6,APPROVED,1.7,Planning,SYNTHETIC DEMO DATA — NOT OFFICIAL GOVERNMENT RECORDS
PLN-1859,P1859,Zone C,Industrial,UNDER_REVIEW,PLN-1,APPROVED,1.8,Planning,SYNTHETIC DEMO DATA — NOT OFFICIAL GOVERNMENT RECORDS
PLN-1860,P1860,Zone D,Agricultural,PERMITTED,PLN-2,APPROVED,1.9,Planning,SYNTHETIC DEMO DATA — NOT OFFICIAL GOVERNMENT RECORDS
PLN-1861,P1861,Zone A,Institutional,PERMITTED,PLN-3,PENDING,2.0,Planning,SYNTHETIC DEMO DATA — NOT OFFICIAL GOVERNMENT RECORDS
PLN-1862,P1862,Zone B,Mixed Use,UNDER_REVIEW,PLN-4,APPROVED,2.1,Planning,SYNTHETIC DEMO DATA — NOT OFFICIAL GOVERNMENT RECORDS
PLN-1863,P1863,Zone C,Vacant Land,PERMITTED,PLN-5,APPROVED,2.2,Planning,SYNTHETIC DEMO DATA — NOT OFFICIAL GOVERNMENT RECORDS
PLN-1864,P1864,Zone D,Public/Semi-Public,PERMITTED,PLN-6,APPROVED,2.3,Planning,SYNTHETIC DEMO DATA — NOT OFFICIAL GOVERNMENT RECORDS
PLN-1865,P1865,Zone A,Residential,UNDER_REVIEW,PLN-1,PENDING,1.2,Planning,SYNTHETIC DEMO DATA — NOT OFFICIAL GOVERNMENT RECORDS
PLN-1866,P1866,Zone B,Commercial,PERMITTED,PLN-2,APPROVED,1.3,Planning,SYNTHETIC DEMO DATA — NOT OFFICIAL GOVERNMENT RECORDS
PLN-1867,P1867,Zone C,Industrial,PERMITTED,PLN-3,APPROVED,1.4,Planning,SYNTHETIC DEMO DATA — NOT OFFICIAL GOVERNMENT RECORDS
PLN-1868,P1868,Zone D,Agricultural,UNDER_REVIEW,PLN-4,APPROVED,1.5,Planning,SYNTHETIC DEMO DATA — NOT OFFICIAL GOVERNMENT RECORDS
PLN-1869,P1869,Zone A,Institutional,PERMITTED,PLN-5,PENDING,1.6,Planning,SYNTHETIC DEMO DATA — NOT OFFICIAL GOVERNMENT RECORDS
PLN-1870,P1870,Zone B,Mixed Use,PERMITTED,PLN-6,APPROVED,1.7,Planning,SYNTHETIC DEMO DATA — NOT OFFICIAL GOVERNMENT RECORDS
PLN-1871,P1871,Zone C,Vacant Land,UNDER_REVIEW,PLN-1,APPROVED,1.8,Planning,SYNTHETIC DEMO DATA — NOT OFFICIAL GOVERNMENT RECORDS
PLN-1872,P1872,Zone D,Public/Semi-Public,PERMITTED,PLN-2,APPROVED,1.9,Planning,SYNTHETIC DEMO DATA — NOT OFFICIAL GOVERNMENT RECORDS
PLN-1873,P1873,Zone A,Residential,PERMITTED,PLN-3,PENDING,2.0,Planning,SYNTHETIC DEMO DATA — NOT OFFICIAL GOVERNMENT RECORDS
PLN-1874,P1874,Zone B,Commercial,UNDER_REVIEW,PLN-4,APPROVED,2.1,Planning,SYNTHETIC DEMO DATA — NOT OFFICIAL GOVERNMENT RECORDS
PLN-1875,P1875,Zone C,Commercial,PERMITTED,PLN-5,APPROVED,2.2,Planning,SYNTHETIC DEMO DATA — NOT OFFICIAL GOVERNMENT RECORDS
PLN-1876,P1876,Zone D,Agricultural,PERMITTED,PLN-6,APPROVED,2.3,Planning,SYNTHETIC DEMO DATA — NOT OFFICIAL GOVERNMENT RECORDS
PLN-1877,P1877,Zone A,Institutional,UNDER_REVIEW,PLN-1,PENDING,1.2,Planning,SYNTHETIC DEMO DATA — NOT OFFICIAL GOVERNMENT RECORDS
PLN-1878,P1878,Zone B,Mixed Use,PERMITTED,PLN-2,APPROVED,1.3,Planning,SYNTHETIC DEMO DATA — NOT OFFICIAL GOVERNMENT RECORDS
PLN-1879,P1879,Zone C,Vacant Land,PERMITTED,PLN-3,APPROVED,1.4,Planning,SYNTHETIC DEMO DATA — NOT OFFICIAL GOVERNMENT RECORDS
PLN-1880,P1880,Zone D,Public/Semi-Public,UNDER_REVIEW,PLN-4,APPROVED,1.5,Planning,SYNTHETIC DEMO DATA — NOT OFFICIAL GOVERNMENT RECORDS
PLN-1881,P1881,Zone A,Residential,PERMITTED,PLN-5,PENDING,1.6,Planning,SYNTHETIC DEMO DATA — NOT OFFICIAL GOVERNMENT RECORDS
PLN-1882,P1882,Zone B,Commercial,PERMITTED,PLN-6,APPROVED,1.7,Planning,SYNTHETIC DEMO DATA — NOT OFFICIAL GOVERNMENT RECORDS
PLN-1883,P1883,Zone C,Industrial,UNDER_REVIEW,PLN-1,APPROVED,1.8,Planning,SYNTHETIC DEMO DATA — NOT OFFICIAL GOVERNMENT RECORDS
PLN-1884,P1884,Zone D,Agricultural,PERMITTED,PLN-2,APPROVED,1.9,Planning,SYNTHETIC DEMO DATA — NOT OFFICIAL GOVERNMENT RECORDS
PLN-1885,P1885,Zone A,Institutional,PERMITTED,PLN-3,PENDING,2.0,Planning,SYNTHETIC DEMO DATA — NOT OFFICIAL GOVERNMENT RECORDS
PLN-1886,P1886,Zone B,Mixed Use,UNDER_REVIEW,PLN-4,APPROVED,2.1,Planning,SYNTHETIC DEMO DATA — NOT OFFICIAL GOVERNMENT RECORDS
PLN-1887,P1887,Zone C,Vacant Land,PERMITTED,PLN-5,APPROVED,2.2,Planning,SYNTHETIC DEMO DATA — NOT OFFICIAL GOVERNMENT RECORDS
PLN-1888,P1888,Zone D,Public/Semi-Public,PERMITTED,PLN-6,APPROVED,2.3,Planning,SYNTHETIC DEMO DATA — NOT OFFICIAL GOVERNMENT RECORDS
PLN-1889,P1889,Zone A,Residential,UNDER_REVIEW,PLN-1,PENDING,1.2,Planning,SYNTHETIC DEMO DATA — NOT OFFICIAL GOVERNMENT RECORDS
PLN-1890,P1890,Zone B,Commercial,PERMITTED,PLN-2,APPROVED,1.3,Planning,SYNTHETIC DEMO DATA — NOT OFFICIAL GOVERNMENT RECORDS
PLN-1891,P1891,Zone C,Industrial,PERMITTED,PLN-3,APPROVED,1.4,Planning,SYNTHETIC DEMO DATA — NOT OFFICIAL GOVERNMENT RECORDS
PLN-1892,P1892,Zone D,Agricultural,UNDER_REVIEW,PLN-4,APPROVED,1.5,Planning,SYNTHETIC DEMO DATA — NOT OFFICIAL GOVERNMENT RECORDS
PLN-1893,P1893,Zone A,Institutional,PERMITTED,PLN-5,PENDING,1.6,Planning,SYNTHETIC DEMO DATA — NOT OFFICIAL GOVERNMENT RECORDS
PLN-1894,P1894,Zone B,Commercial,PERMITTED,PLN-6,APPROVED,1.7,Planning,SYNTHETIC DEMO DATA — NOT OFFICIAL GOVERNMENT RECORDS
PLN-1895,P1895,Zone C,Vacant Land,UNDER_REVIEW,PLN-1,APPROVED,1.8,Planning,SYNTHETIC DEMO DATA — NOT OFFICIAL GOVERNMENT RECORDS
PLN-1896,P1896,Zone D,Public/Semi-Public,PERMITTED,PLN-2,APPROVED,1.9,Planning,SYNTHETIC DEMO DATA — NOT OFFICIAL GOVERNMENT RECORDS
PLN-1897,P1897,Zone A,Residential,PERMITTED,PLN-3,PENDING,2.0,Planning,SYNTHETIC DEMO DATA — NOT OFFICIAL GOVERNMENT RECORDS
PLN-1898,P1898,Zone B,Commercial,UNDER_REVIEW,PLN-4,APPROVED,2.1,Planning,SYNTHETIC DEMO DATA — NOT OFFICIAL GOVERNMENT RECORDS
PLN-1899,P1899,Zone C,Industrial,PERMITTED,PLN-5,APPROVED,2.2,Planning,SYNTHETIC DEMO DATA — NOT OFFICIAL GOVERNMENT RECORDS
PLN-1900,P1900,Zone D,Agricultural,PERMITTED,PLN-6,APPROVED,2.3,Planning,SYNTHETIC DEMO DATA — NOT OFFICIAL GOVERNMENT RECORDS
