property_id,parcel_id,person_id,owner_name,address,ward,village,tehsil,district,state,pincode,survey_number,khasra_number,area_sq_m,land_use,property_type,latitude,longitude,geometry,created_at,updated_at,data_type
P1001,P1001,PERSON-001,Rahul Sharma,"Sector 1, Sanchi Road, Vidisha",1,Sanchi Road,Vidisha,Vidisha,Madhya Pradesh,464001,SUR-20000,KHA-50000,90.88,Residential,Urban Parcel,23.505,77.775,"{""type"":""Polygon"",""coordinates"":[[[77.775,23.505],[77.77565,23.505],[77.77565,23.50565],[77.775,23.50565],[77.775,23.505]]]}",2026-09-10T12:00:00,2026-09-10T12:00:00,SYNTHETIC DEMO DATA — NOT OFFICIAL GOVERNMENT RECORDS
P1002,P1002,PERSON-002,Amit Verma,"Sector 2, Betwa Nagar, Vidisha",2,Betwa Nagar,Vidisha,Vidisha,Madhya Pradesh,464002,SUR-20001,KHA-50001,137.25,Commercial,Urban Parcel,23.50615,77.775,"{""type"":""Polygon"",""coordinates"":[[[77.775,23.50615],[77.77565,23.50615],[77.77565,23.5068],[77.775,23.5068],[77.775,23.50615]]]}",2026-09-09T12:00:00,2026-09-10T12:00:00,SYNTHETIC DEMO DATA — NOT OFFICIAL GOVERNMENT RECORDS
P1003,P1003,PERSON-003,Neha Patel,"Sector 3, Ganj Basoda Road, Vidisha",3,Ganj Basoda Road,Vidisha,Vidisha,Madhya Pradesh,464003,SUR-20002,KHA-50002,184.16,Industrial,Urban Parcel,23.5073,77.775,"{""type"":""Polygon"",""coordinates"":[[[77.775,23.5073],[77.77565,23.5073],[77.77565,23.50795],[77.775,23.50795],[77.775,23.5073]]]}",2026-09-08T12:00:00,2026-09-10T12:00:00,SYNTHETIC DEMO DATA — NOT OFFICIAL GOVERNMENT RECORDS
P1004,P1004,PERSON-004,Priya Singh,"Sector 4, Civil Lines Extension, Vidisha",4,Civil Lines Extension,Vidisha,Vidisha,Madhya Pradesh,464004,SUR-20003,KHA-50003,231.68,Agricultural,Urban Parcel,23.50845,77.775,"{""type"":""Polygon"",""coordinates"":[[[77.775,23.50845],[77.77565,23.50845],[77.77565,23.5091],[77.775,23.5091],[77.775,23.50845]]]}",2026-09-07T12:00:00,2026-09-10T12:00:00,SYNTHETIC DEMO DATA — NOT OFFICIAL GOVERNMENT RECORDS
P1005,P1005,PERSON-005,Suresh Yadav,"Sector 5, Kachhi Khedi, Vidisha",5,Kachhi Khedi,Vidisha,Vidisha,Madhya Pradesh,464005,SUR-20004,KHA-50004,278.72,Institutional,Urban Parcel,23.5096,77.775,"{""type"":""Polygon"",""coordinates"":[[[77.775,23.5096],[77.77565,23.5096],[77.77565,23.51025],[77.775,23.51025],[77.775,23.5096]]]}",2026-09-06T12:00:00,2026-09-10T12:00:00,SYNTHETIC DEMO DATA — NOT OFFICIAL GOVERNMENT RECORDS
P1006,P1006,PERSON-006,Anjali Jain,"Sector 6, Madhav Nagar, Vidisha",6,Madhav Nagar,Vidisha,Vidisha,Madhya Pradesh,464006,SUR-20005,KHA-50005,325.57,Mixed Use,Urban Parcel,23.51075,77.775,"{""type"":""Polygon"",""coordinates"":[[[77.775,23.51075],[77.77565,23.51075],[77.77565,23.5114],[77.775,23.5114],[77.775,23.51075]]]}",2026-09-05T12:00:00,2026-09-10T12:00:00,SYNTHETIC DEMO DATA — NOT OFFICIAL GOVERNMENT RECORDS
P1007,P1007,PERSON-007,Vikram Mehta,"Sector 7, Raisen Link, Vidisha",7,Raisen Link,Vidisha,Vidisha,Madhya Pradesh,464007,SUR-20006,KHA-50006,372.83,Vacant Land,Urban Parcel,23.5119,77.775,"{""type"":""Polygon"",""coordinates"":[[[77.775,23.5119],[77.77565,23.5119],[77.77565,23.51255],[77.775,23.51255],[77.775,23.5119]]]}",2026-09-04T12:00:00,2026-09-10T12:00:00,SYNTHETIC DEMO DATA — NOT OFFICIAL GOVERNMENT RECORDS
P1008,P1008,PERSON-008,Kavita Joshi,"Sector 8, Vidisha Urban, Vidisha",8,Vidisha Urban,Vidisha,Vidisha,Madhya Pradesh,464008,SUR-20007,KHA-50007,419.09,Public/Semi-Public,Urban Parcel,23.51305,77.775,"{""type"":""Polygon"",""coordinates"":[[[77.775,23.51305],[77.77565,23.51305],[77.77565,23.5137],[77.775,23.5137],[77.775,23.51305]]]}",2026-09-03T12:00:00,2026-09-10T12:00:00,SYNTHETIC DEMO DATA — NOT OFFICIAL GOVERNMENT RECORDS
P1009,P1009,PERSON-009,Manoj Gupta,"Sector 9, Sanchi Road, Vidisha",9,Sanchi Road,Vidisha,Vidisha,Madhya Pradesh,464009,SUR-20008,KHA-50008,466.19,Residential,Urban Parcel,23.5142,77.775,"{""type"":""Polygon"",""coordinates"":[[[77.775,23.5142],[77.77565,23.5142],[77.77565,23.51485],[77.775,23.51485],[77.775,23.5142]]]}",2026-09-02T12:00:00,2026-09-10T12:00:00,SYNTHETIC DEMO DATA — NOT OFFICIAL GOVERNMENT RECORDS
P1010,P1010,PERSON-010,Ritu Mishra,"Sector 10, Betwa Nagar, Vidisha",10,Betwa Nagar,Vidisha,Vidisha,Madhya Pradesh,464010,SUR-20009,KHA-50009,513.13,Commercial,Urban Parcel,23.51535,77.775,"{""type"":""Polygon"",""coordinates"":[[[77.775,23.51535],[77.77565,23.51535],[77.77565,23.516],[77.775,23.516],[77.775,23.51535]]]}",2026-09-01T12:00:00,2026-09-10T12:00:00,SYNTHETIC DEMO DATA — NOT OFFICIAL GOVERNMENT RECORDS
P1011,P1011,PERSON-011,Arjun Malviya,"Sector 11, Ganj Basoda Road, Vidisha",11,Ganj Basoda Road,Vidisha,Vidisha,Madhya Pradesh,464011,SUR-20010,KHA-50010,560.69,Industrial,Urban Parcel,23.5165,77.775,"{""type"":""Polygon"",""coordinates"":[[[77.775,23.5165],[77.77565,23.5165],[77.77565,23.51715],[77.775,23.51715],[77.775,23.5165]]]}",2026-08-31T12:00:00,2026-09-10T12:00:00,SYNTHETIC DEMO DATA — NOT OFFICIAL GOVERNMENT RECORDS
P1012,P1012,PERSON-012,Pooja Thakur,"Sector 12, Civil Lines Extension, Vidisha",12,Civil Lines Extension,Vidisha,Vidisha,Madhya Pradesh,464012,SUR-20011,KHA-50011,607.79,Agricultural,Urban Parcel,23.51765,77.775,"{""type"":""Polygon"",""coordinates"":[[[77.775,23.51765],[77.77565,23.51765],[77.77565,23.5183],[77.775,23.5183],[77.775,23.51765]]]}",2026-08-30T12:00:00,2026-09-10T12:00:00,SYNTHETIC DEMO DATA — NOT OFFICIAL GOVERNMENT RECORDS
P1013,P1013,PERSON-013,Nitin Saxena,"Sector 13, Kachhi Khedi, Vidisha",1,Kachhi Khedi,Vidisha,Vidisha,Madhya Pradesh,464013,SUR-20012,KHA-50012,654.36,Institutional,Urban Parcel,23.5188,77.775,"{""type"":""Polygon"",""coordinates"":[[[77.775,23.5188],[77.77565,23.5188],[77.77565,23.51945],[77.775,23.51945],[77.775,23.5188]]]}",2026-08-29T12:00:00,2026-09-10T12:00:00,SYNTHETIC DEMO DATA — NOT OFFICIAL GOVERNMENT RECORDS
P1014,P1014,PERSON-014,Meera Chouhan,"Sector 14, Madhav Nagar, Vidisha",2,Madhav Nagar,Vidisha,Vidisha,Madhya Pradesh,464014,SUR-20013,KHA-50013,701.09,Mixed Use,Urban Parcel,23.51995,77.775,"{""type"":""Polygon"",""coordinates"":[[[77.775,23.51995],[77.77565,23.51995],[77.77565,23.5206],[77.775,23.5206],[77.775,23.51995]]]}",2026-08-28T12:00:00,2026-09-10T12:00:00,SYNTHETIC DEMO DATA — NOT OFFICIAL GOVERNMENT RECORDS
P1015,P1015,PERSON-015,Deepak Tiwari,"Sector 15, Raisen Link, Vidisha",3,Raisen Link,Vidisha,Vidisha,Madhya Pradesh,464015,SUR-20014,KHA-50014,748.74,Vacant Land,Urban Parcel,23.5211,77.775,"{""type"":""Polygon"",""coordinates"":[[[77.775,23.5211],[77.77565,23.5211],[77.77565,23.52175],[77.775,23.52175],[77.775,23.5211]]]}",2026-08-27T12:00:00,2026-09-10T12:00:00,SYNTHETIC DEMO DATA — NOT OFFICIAL GOVERNMENT RECORDS
P1016,P1016,PERSON-016,Sunita Rathore,"Sector 16, Vidisha Urban, Vidisha",4,Vidisha Urban,Vidisha,Vidisha,Madhya Pradesh,464016,SUR-20015,KHA-50015,795.25,Public/Semi-Public,Urban Parcel,23.52225,77.775,"{""type"":""Polygon"",""coordinates"":[[[77.775,23.52225],[77.77565,23.52225],[77.77565,23.5229],[77.775,23.5229],[77.775,23.52225]]]}",2026-08-26T12:00:00,2026-09-10T12:00:00,SYNTHETIC DEMO DATA — NOT OFFICIAL GOVERNMENT RECORDS
P1017,P1017,PERSON-017,Karan Dubey,"Sector 17, Sanchi Road, Vidisha",5,Sanchi Road,Vidisha,Vidisha,Madhya Pradesh,464017,SUR-20016,KHA-50016,842.14,Residential,Urban Parcel,23.5234,77.775,"{""type"":""Polygon"",""coordinates"":[[[77.775,23.5234],[77.77565,23.5234],[77.77565,23.52405],[77.775,23.52405],[77.775,23.5234]]]}",2026-08-25T12:00:00,2026-09-10T12:00:00,SYNTHETIC DEMO DATA — NOT OFFICIAL GOVERNMENT RECORDS
P1018,P1018,PERSON-018,Isha Kulkarni,"Sector 18, Betwa Nagar, Vidisha",6,Betwa Nagar,Vidisha,Vidisha,Madhya Pradesh,464018,SUR-20017,KHA-50017,889.28,Commercial,Urban Parcel,23.52455,77.775,"{""type"":""Polygon"",""coordinates"":[[[77.775,23.52455],[77.77565,23.52455],[77.77565,23.5252],[77.775,23.5252],[77.775,23.52455]]]}",2026-08-24T12:00:00,2026-09-10T12:00:00,SYNTHETIC DEMO DATA — NOT OFFICIAL GOVERNMENT RECORDS
P1019,P1019,PERSON-019,Mohan Solanki,"Sector 19, Ganj Basoda Road, Vidisha",7,Ganj Basoda Road,Vidisha,Vidisha,Madhya Pradesh,464019,SUR-20018,KHA-50018,936.22,Industrial,Urban Parcel,23.5257,77.775,"{""type"":""Polygon"",""coordinates"":[[[77.775,23.5257],[77.77565,23.5257],[77.77565,23.52635],[77.775,23.52635],[77.775,23.5257]]]}",2026-08-23T12:00:00,2026-09-10T12:00:00,SYNTHETIC DEMO DATA — NOT OFFICIAL GOVERNMENT RECORDS
P1020,P1020,PERSON-020,Rekha Bansal,"Sector 20, Civil Lines Extension, Vidisha",8,Civil Lines Extension,Vidisha,Vidisha,Madhya Pradesh,464020,SUR-20019,KHA-50019,983.44,Agricultural,Urban Parcel,23.52685,77.775,"{""type"":""Polygon"",""coordinates"":[[[77.775,23.52685],[77.77565,23.52685],[77.77565,23.5275],[77.775,23.5275],[77.775,23.52685]]]}",2026-08-22T12:00:00,2026-09-10T12:00:00,SYNTHETIC DEMO DATA — NOT OFFICIAL GOVERNMENT RECORDS
P1021,P1021,PERSON-021,Rahul Sharma 2,"Sector 21, Kachhi Khedi, Vidisha",9,Kachhi Khedi,Vidisha,Vidisha,Madhya Pradesh,464021,SUR-20020,KHA-50020,1030.79,Institutional,Urban Parcel,23.528,77.775,"{""type"":""Polygon"",""coordinates"":[[[77.775,23.528],[77.77565,23.528],[77.77565,23.52865],[77.775,23.52865],[77.775,23.528]]]}",2026-08-21T12:00:00,2026-09-10T12:00:00,SYNTHETIC DEMO DATA — NOT OFFICIAL GOVERNMENT RECORDS
P1022,P1022,PERSON-022,Amit Verma 2,"Sector 22, Madhav Nagar, Vidisha",10,Madhav Nagar,Vidisha,Vidisha,Madhya Pradesh,464022,SUR-20021,KHA-50021,1077.67,Mixed Use,Urban Parcel,23.52915,77.775,"{""type"":""Polygon"",""coordinates"":[[[77.775,23.52915],[77.77565,23.52915],[77.77565,23.5298],[77.775,23.5298],[77.775,23.52915]]]}",2026-08-20T12:00:00,2026-09-10T12:00:00,SYNTHETIC DEMO DATA — NOT OFFICIAL GOVERNMENT RECORDS
P1023,P1023,PERSON-023,Neha Patel 2,"Sector 23, Raisen Link, Vidisha",11,Raisen Link,Vidisha,Vidisha,Madhya Pradesh,464023,SUR-20022,KHA-50022,1124.92,Vacant Land,Urban Parcel,23.5303,77.775,"{""type"":""Polygon"",""coordinates"":[[[77.775,23.5303],[77.77565,23.5303],[77.77565,23.53095],[77.775,23.53095],[77.775,23.5303]]]}",2026-08-19T12:00:00,2026-09-10T12:00:00,SYNTHETIC DEMO DATA — NOT OFFICIAL GOVERNMENT RECORDS
P1024,P1024,PERSON-024,Priya Singh 2,"Sector 24, Vidisha Urban, Vidisha",12,Vidisha Urban,Vidisha,Vidisha,Madhya Pradesh,464024,SUR-20023,KHA-50023,1171.61,Public/Semi-Public,Urban Parcel,23.53145,77.775,"{""type"":""Polygon"",""coordinates"":[[[77.775,23.53145],[77.77565,23.53145],[77.77565,23.5321],[77.775,23.5321],[77.775,23.53145]]]}",2026-08-18T12:00:00,2026-09-10T12:00:00,SYNTHETIC DEMO DATA — NOT OFFICIAL GOVERNMENT RECORDS
P1025,P1025,PERSON-025,Suresh Yadav 2,"Sector 25, Sanchi Road, Vidisha",1,Sanchi Road,Vidisha,Vidisha,Madhya Pradesh,464025,SUR-20024,KHA-50024,1218.57,Residential,Urban Parcel,23.5326,77.775,"{""type"":""Polygon"",""coordinates"":[[[77.775,23.5326],[77.77565,23.5326],[77.77565,23.53325],[77.775,23.53325],[77.775,23.5326]]]}",2026-08-17T12:00:00,2026-09-10T12:00:00,SYNTHETIC DEMO DATA — NOT OFFICIAL GOVERNMENT RECORDS
P1026,P1026,PERSON-026,Anjali Jain 2,"Sector 1, Betwa Nagar, Vidisha",2,Betwa Nagar,Vidisha,Vidisha,Madhya Pradesh,464026,SUR-20025,KHA-50025,1265.17,Commercial,Urban Parcel,23.53375,77.775,"{""type"":""Polygon"",""coordinates"":[[[77.775,23.53375],[77.77565,23.53375],[77.77565,23.5344],[77.775,23.5344],[77.775,23.53375]]]}",2026-08-16T12:00:00,2026-09-10T12:00:00,SYNTHETIC DEMO DATA — NOT OFFICIAL GOVERNMENT RECORDS
P1027,P1027,PERSON-027,Vikram Mehta 2,"Sector 2, Ganj Basoda Road, Vidisha",3,Ganj Basoda Road,Vidisha,Vidisha,Madhya Pradesh,464027,SUR-20026,KHA-50026,1312.64,Industrial,Urban Parcel,23.5349,77.775,"{""type"":""Polygon"",""coordinates"":[[[77.775,23.5349],[77.77565,23.5349],[77.77565,23.53555],[77.775,23.53555],[77.775,23.5349]]]}",2026-08-15T12:00:00,2026-09-10T12:00:00,SYNTHETIC DEMO DATA — NOT OFFICIAL GOVERNMENT RECORDS
P1028,P1028,PERSON-028,Kavita Joshi 2,"Sector 3, Civil Lines Extension, Vidisha",4,Civil Lines Extension,Vidisha,Vidisha,Madhya Pradesh,464028,SUR-20027,KHA-50027,1359.6,Agricultural,Urban Parcel,23.53605,77.775,"{""type"":""Polygon"",""coordinates"":[[[77.775,23.53605],[77.77565,23.53605],[77.77565,23.5367],[77.775,23.5367],[77.775,23.53605]]]}",2026-08-14T12:00:00,2026-09-10T12:00:00,SYNTHETIC DEMO DATA — NOT OFFICIAL GOVERNMENT RECORDS
P1029,P1029,PERSON-029,Manoj Gupta 2,"Sector 4, Kachhi Khedi, Vidisha",5,Kachhi Khedi,Vidisha,Vidisha,Madhya Pradesh,464029,SUR-20028,KHA-50028,1406.98,Institutional,Urban Parcel,23.5372,77.775,"{""type"":""Polygon"",""coordinates"":[[[77.775,23.5372],[77.77565,23.5372],[77.77565,23.53785],[77.775,23.53785],[77.775,23.5372]]]}",2026-08-13T12:00:00,2026-09-10T12:00:00,SYNTHETIC DEMO DATA — NOT OFFICIAL GOVERNMENT RECORDS
P1030,P1030,PERSON-030,Ritu Mishra 2,"Sector 5, Madhav Nagar, Vidisha",6,Madhav Nagar,Vidisha,Vidisha,Madhya Pradesh,464030,SUR-20029,KHA-50029,1453.01,Mixed Use,Urban Parcel,23.53835,77.775,"{""type"":""Polygon"",""coordinates"":[[[77.775,23.53835],[77.77565,23.53835],[77.77565,23.539],[77.775,23.539],[77.775,23.53835]]]}",2026-08-12T12:00:00,2026-09-10T12:00:00,SYNTHETIC DEMO DATA — NOT OFFICIAL GOVERNMENT RECORDS
P1031,P1031,PERSON-031,Arjun Malviya 2,"Sector 6, Raisen Link, Vidisha",7,Raisen Link,Vidisha,Vidisha,Madhya Pradesh,464031,SUR-20030,KHA-50030,1500.38,Vacant Land,Urban Parcel,23.5395,77.775,"{""type"":""Polygon"",""coordinates"":[[[77.775,23.5395],[77.77565,23.5395],[77.77565,23.54015],[77.775,23.54015],[77.775,23.5395]]]}",2026-08-11T12:00:00,2026-09-10T12:00:00,SYNTHETIC DEMO DATA — NOT OFFICIAL GOVERNMENT RECORDS
P1032,P1032,PERSON-032,Pooja Thakur 2,"Sector 7, Vidisha Urban, Vidisha",8,Vidisha Urban,Vidisha,Vidisha,Madhya Pradesh,464032,SUR-20031,KHA-50031,97.67,Public/Semi-Public,Urban Parcel,23.54065,77.775,"{""type"":""Polygon"",""coordinates"":[[[77.775,23.54065],[77.77565,23.54065],[77.77565,23.5413],[77.775,23.5413],[77.775,23.54065]]]}",2026-08-10T12:00:00,2026-09-10T12:00:00,SYNTHETIC DEMO DATA — NOT OFFICIAL GOVERNMENT RECORDS
P1033,P1033,PERSON-033,Nitin Saxena 2,"Sector 8, Sanchi Road, Vidisha",9,Sanchi Road,Vidisha,Vidisha,Madhya Pradesh,464033,SUR-20032,KHA-50032,144.26,Residential,Urban Parcel,23.5418,77.775,"{""type"":""Polygon"",""coordinates"":[[[77.775,23.5418],[77.77565,23.5418],[77.77565,23.54245],[77.775,23.54245],[77.775,23.5418]]]}",2026-08-09T12:00:00,2026-09-10T12:00:00,SYNTHETIC DEMO DATA — NOT OFFICIAL GOVERNMENT RECORDS
P1034,P1034,PERSON-034,Meera Chouhan 2,"Sector 9, Betwa Nagar, Vidisha",10,Betwa Nagar,Vidisha,Vidisha,Madhya Pradesh,464034,SUR-20033,KHA-50033,191.99,Commercial,Urban Parcel,23.54295,77.775,"{""type"":""Polygon"",""coordinates"":[[[77.775,23.54295],[77.77565,23.54295],[77.77565,23.5436],[77.775,23.5436],[77.775,23.54295]]]}",2026-08-08T12:00:00,2026-09-10T12:00:00,SYNTHETIC DEMO DATA — NOT OFFICIAL GOVERNMENT RECORDS
P1035,P1035,PERSON-035,Deepak Tiwari 2,"Sector 10, Ganj Basoda Road, Vidisha",11,Ganj Basoda Road,Vidisha,Vidisha,Madhya Pradesh,464035,SUR-20034,KHA-50034,238.22,Industrial,Urban Parcel,23.5441,77.775,"{""type"":""Polygon"",""coordinates"":[[[77.775,23.5441],[77.77565,23.5441],[77.77565,23.54475],[77.775,23.54475],[77.775,23.5441]]]}",2026-08-07T12:00:00,2026-09-10T12:00:00,SYNTHETIC DEMO DATA — NOT OFFICIAL GOVERNMENT RECORDS
P1036,P1036,PERSON-036,Sunita Rathore 2,"Sector 11, Civil Lines Extension, Vidisha",12,Civil Lines Extension,Vidisha,Vidisha,Madhya Pradesh,464036,SUR-20035,KHA-50035,285.46,Agricultural,Urban Parcel,23.54525,77.775,"{""type"":""Polygon"",""coordinates"":[[[77.775,23.54525],[77.77565,23.54525],[77.77565,23.5459],[77.775,23.5459],[77.775,23.54525]]]}",2026-08-06T12:00:00,2026-09-10T12:00:00,SYNTHETIC DEMO DATA — NOT OFFICIAL GOVERNMENT RECORDS
P1037,P1037,PERSON-037,Karan Dubey 2,"Sector 12, Kachhi Khedi, Vidisha",1,Kachhi Khedi,Vidisha,Vidisha,Madhya Pradesh,464037,SUR-20036,KHA-50036,332.5,Institutional,Urban Parcel,23.5464,77.775,"{""type"":""Polygon"",""coordinates"":[[[77.775,23.5464],[77.77565,23.5464],[77.77565,23.54705],[77.775,23.54705],[77.775,23.5464]]]}",2026-08-05T12:00:00,2026-09-10T12:00:00,SYNTHETIC DEMO DATA — NOT OFFICIAL GOVERNMENT RECORDS
P1038,P1038,PERSON-038,Isha Kulkarni 2,"Sector 13, Madhav Nagar, Vidisha",2,Madhav Nagar,Vidisha,Vidisha,Madhya Pradesh,464038,SUR-20037,KHA-50037,379.33,Mixed Use,Urban Parcel,23.54755,77.775,"{""type"":""Polygon"",""coordinates"":[[[77.775,23.54755],[77.77565,23.54755],[77.77565,23.5482],[77.775,23.5482],[77.775,23.54755]]]}",2026-08-04T12:00:00,2026-09-10T12:00:00,SYNTHETIC DEMO DATA — NOT OFFICIAL GOVERNMENT RECORDS
P1039,P1039,PERSON-039,Mohan Solanki 2,"Sector 14, Raisen Link, Vidisha",3,Raisen Link,Vidisha,Vidisha,Madhya Pradesh,464039,SUR-20038,KHA-50038,426.94,Vacant Land,Urban Parcel,23.5487,77.775,"{""type"":""Polygon"",""coordinates"":[[[77.775,23.5487],[77.77565,23.5487],[77.77565,23.54935],[77.775,23.54935],[77.775,23.5487]]]}",2026-08-03T12:00:00,2026-09-10T12:00:00,SYNTHETIC DEMO DATA — NOT OFFICIAL GOVERNMENT RECORDS
P1040,P1040,PERSON-040,Rekha Bansal 2,"Sector 15, Vidisha Urban, Vidisha",4,Vidisha Urban,Vidisha,Vidisha,Madhya Pradesh,464040,SUR-20039,KHA-50039,473.48,Public/Semi-Public,Urban Parcel,23.54985,77.775,"{""type"":""Polygon"",""coordinates"":[[[77.775,23.54985],[77.77565,23.54985],[77.77565,23.5505],[77.775,23.5505],[77.775,23.54985]]]}",2026-08-02T12:00:00,2026-09-10T12:00:00,SYNTHETIC DEMO DATA — NOT OFFICIAL GOVERNMENT RECORDS
P1041,P1041,PERSON-041,Rahul Sharma 3,"Sector 16, Sanchi Road, Vidisha",5,Sanchi Road,Vidisha,Vidisha,Madhya Pradesh,464041,SUR-20040,KHA-50040,520.68,Residential,Urban Parcel,23.505,77.77625,"{""type"":""Polygon"",""coordinates"":[[[77.77625,23.505],[77.7769,23.505],[77.7769,23.50565],[77.77625,23.50565],[77.77625,23.505]]]}",2026-08-01T12:00:00,2026-09-10T12:00:00,SYNTHETIC DEMO DATA — NOT OFFICIAL GOVERNMENT RECORDS
P1042,P1042,PERSON-042,Amit Verma 3,"Sector 17, Betwa Nagar, Vidisha",6,Betwa Nagar,Vidisha,Vidisha,Madhya Pradesh,464042,SUR-20041,KHA-50041,567.61,Commercial,Urban Parcel,23.50615,77.77625,"{""type"":""Polygon"",""coordinates"":[[[77.77625,23.50615],[77.7769,23.50615],[77.7769,23.5068],[77.77625,23.5068],[77.77625,23.50615]]]}",2026-07-31T12:00:00,2026-09-10T12:00:00,SYNTHETIC DEMO DATA — NOT OFFICIAL GOVERNMENT RECORDS
P1043,P1043,PERSON-043,Neha Patel 3,"Sector 18, Ganj Basoda Road, Vidisha",7,Ganj Basoda Road,Vidisha,Vidisha,Madhya Pradesh,464043,SUR-20042,KHA-50042,614.88,Industrial,Urban Parcel,23.5073,77.77625,"{""type"":""Polygon"",""coordinates"":[[[77.77625,23.5073],[77.7769,23.5073],[77.7769,23.50795],[77.77625,23.50795],[77.77625,23.5073]]]}",2026-07-30T12:00:00,2026-09-10T12:00:00,SYNTHETIC DEMO DATA — NOT OFFICIAL GOVERNMENT RECORDS
P1044,P1044,PERSON-044,Priya Singh 3,"Sector 19, Civil Lines Extension, Vidisha",8,Civil Lines Extension,Vidisha,Vidisha,Madhya Pradesh,464044,SUR-20043,KHA-50043,661.88,Agricultural,Urban Parcel,23.50845,77.77625,"{""type"":""Polygon"",""coordinates"":[[[77.77625,23.50845],[77.7769,23.50845],[77.7769,23.5091],[77.77625,23.5091],[77.77625,23.50845]]]}",2026-07-29T12:00:00,2026-09-10T12:00:00,SYNTHETIC DEMO DATA — NOT OFFICIAL GOVERNMENT RECORDS
P1045,P1045,PERSON-045,Suresh Yadav 3,"Sector 20, Kachhi Khedi, Vidisha",9,Kachhi Khedi,Vidisha,Vidisha,Madhya Pradesh,464045,SUR-20044,KHA-50044,708.81,Institutional,Urban Parcel,23.5096,77.77625,"{""type"":""Polygon"",""coordinates"":[[[77.77625,23.5096],[77.7769,23.5096],[77.7769,23.51025],[77.77625,23.51025],[77.77625,23.5096]]]}",2026-07-28T12:00:00,2026-09-10T12:00:00,SYNTHETIC DEMO DATA — NOT OFFICIAL GOVERNMENT RECORDS
P1046,P1046,PERSON-046,Anjali Jain 3,"Sector 21, Madhav Nagar, Vidisha",10,Madhav Nagar,Vidisha,Vidisha,Madhya Pradesh,464046,SUR-20045,KHA-50045,755.67,Mixed Use,Urban Parcel,23.51075,77.77625,"{""type"":""Polygon"",""coordinates"":[[[77.77625,23.51075],[77.7769,23.51075],[77.7769,23.5114],[77.77625,23.5114],[77.77625,23.51075]]]}",2026-07-27T12:00:00,2026-09-10T12:00:00,SYNTHETIC DEMO DATA — NOT OFFICIAL GOVERNMENT RECORDS
P1047,P1047,PERSON-047,Vikram Mehta 3,"Sector 22, Raisen Link, Vidisha",11,Raisen Link,Vidisha,Vidisha,Madhya Pradesh,464047,SUR-20046,KHA-50046,802.03,Vacant Land,Urban Parcel,23.5119,77.77625,"{""type"":""Polygon"",""coordinates"":[[[77.77625,23.5119],[77.7769,23.5119],[77.7769,23.51255],[77.77625,23.51255],[77.77625,23.5119]]]}",2026-07-26T12:00:00,2026-09-10T12:00:00,SYNTHETIC DEMO DATA — NOT OFFICIAL GOVERNMENT RECORDS
P1048,P1048,PERSON-048,Kavita Joshi 3,"Sector 23, Vidisha Urban, Vidisha",12,Vidisha Urban,Vidisha,Vidisha,Madhya Pradesh,464048,SUR-20047,KHA-50047,849.82,Public/Semi-Public,Urban Parcel,23.51305,77.77625,"{""type"":""Polygon"",""coordinates"":[[[77.77625,23.51305],[77.7769,23.51305],[77.7769,23.5137],[77.77625,23.5137],[77.77625,23.51305]]]}",2026-07-25T12:00:00,2026-09-10T12:00:00,SYNTHETIC DEMO DATA — NOT OFFICIAL GOVERNMENT RECORDS
P1049,P1049,PERSON-049,Manoj Gupta 3,"Sector 24, Sanchi Road, Vidisha",1,Sanchi Road,Vidisha,Vidisha,Madhya Pradesh,464049,SUR-20048,KHA-50048,896.78,Residential,Urban Parcel,23.5142,77.77625,"{""type"":""Polygon"",""coordinates"":[[[77.77625,23.5142],[77.7769,23.5142],[77.7769,23.51485],[77.77625,23.51485],[77.77625,23.5142]]]}",2026-07-24T12:00:00,2026-09-10T12:00:00,SYNTHETIC DEMO DATA — NOT OFFICIAL GOVERNMENT RECORDS
P1050,P1050,PERSON-050,Ritu Mishra 3,"Sector 25, Betwa Nagar, Vidisha",2,Betwa Nagar,Vidisha,Vidisha,Madhya Pradesh,464050,SUR-20049,KHA-50049,943.76,Commercial,Urban Parcel,23.51535,77.77625,"{""type"":""Polygon"",""coordinates"":[[[77.77625,23.51535],[77.7769,23.51535],[77.7769,23.516],[77.77625,23.516],[77.77625,23.51535]]]}",2026-07-23T12:00:00,2026-09-10T12:00:00,SYNTHETIC DEMO DATA — NOT OFFICIAL GOVERNMENT RECORDS
P1051,P1051,PERSON-051,Arjun Malviya 3,"Sector 1, Ganj Basoda Road, Vidisha",3,Ganj Basoda Road,Vidisha,Vidisha,Madhya Pradesh,464051,SUR-20050,KHA-50050,990.52,Industrial,Urban Parcel,23.5165,77.77625,"{""type"":""Polygon"",""coordinates"":[[[77.77625,23.5165],[77.7769,23.5165],[77.7769,23.51715],[77.77625,23.51715],[77.77625,23.5165]]]}",2026-07-22T12:00:00,2026-09-10T12:00:00,SYNTHETIC DEMO DATA — NOT OFFICIAL GOVERNMENT RECORDS
P1052,P1052,PERSON-052,Pooja Thakur 3,"Sector 2, Civil Lines Extension, Vidisha",4,Civil Lines Extension,Vidisha,Vidisha,Madhya Pradesh,464052,SUR-20051,KHA-50051,1037.57,Agricultural,Urban Parcel,23.51765,77.77625,"{""type"":""Polygon"",""coordinates"":[[[77.77625,23.51765],[77.7769,23.51765],[77.7769,23.5183],[77.77625,23.5183],[77.77625,23.51765]]]}",2026-07-21T12:00:00,2026-09-10T12:00:00,SYNTHETIC DEMO DATA — NOT OFFICIAL GOVERNMENT RECORDS
P1053,P1053,PERSON-053,Nitin Saxena 3,"Sector 3, Kachhi Khedi, Vidisha",5,Kachhi Khedi,Vidisha,Vidisha,Madhya Pradesh,464053,SUR-20052,KHA-50052,1084.23,Institutional,Urban Parcel,23.5188,77.77625,"{""type"":""Polygon"",""coordinates"":[[[77.77625,23.5188],[77.7769,23.5188],[77.7769,23.51945],[77.77625,23.51945],[77.77625,23.5188]]]}",2026-07-20T12:00:00,2026-09-10T12:00:00,SYNTHETIC DEMO DATA — NOT OFFICIAL GOVERNMENT RECORDS
P1054,P1054,PERSON-054,Meera Chouhan 3,"Sector 4, Madhav Nagar, Vidisha",6,Madhav Nagar,Vidisha,Vidisha,Madhya Pradesh,464054,SUR-20053,KHA-50053,1131.82,Mixed Use,Urban Parcel,23.51995,77.77625,"{""type"":""Polygon"",""coordinates"":[[[77.77625,23.51995],[77.7769,23.51995],[77.7769,23.5206],[77.77625,23.5206],[77.77625,23.51995]]]}",2026-07-19T12:00:00,2026-09-10T12:00:00,SYNTHETIC DEMO DATA — NOT OFFICIAL GOVERNMENT RECORDS
P1055,P1055,PERSON-055,Deepak Tiwari 3,"Sector 5, Raisen Link, Vidisha",7,Raisen Link,Vidisha,Vidisha,Madhya Pradesh,464055,SUR-20054,KHA-50054,1178.24,Vacant Land,Urban Parcel,23.5211,77.77625,"{""type"":""Polygon"",""coordinates"":[[[77.77625,23.5211],[77.7769,23.5211],[77.7769,23.52175],[77.77625,23.52175],[77.77625,23.5211]]]}",2026-07-18T12:00:00,2026-09-10T12:00:00,SYNTHETIC DEMO DATA — NOT OFFICIAL GOVERNMENT RECORDS
P1056,P1056,PERSON-056,Sunita Rathore 3,"Sector 6, Vidisha Urban, Vidisha",8,Vidisha Urban,Vidisha,Vidisha,Madhya Pradesh,464056,SUR-20055,KHA-50055,1225.89,Public/Semi-Public,Urban Parcel,23.52225,77.77625,"{""type"":""Polygon"",""coordinates"":[[[77.77625,23.52225],[77.7769,23.52225],[77.7769,23.5229],[77.77625,23.5229],[77.77625,23.52225]]]}",2026-07-17T12:00:00,2026-09-10T12:00:00,SYNTHETIC DEMO DATA — NOT OFFICIAL GOVERNMENT RECORDS
P1057,P1057,PERSON-057,Karan Dubey 3,"Sector 7, Sanchi Road, Vidisha",9,Sanchi Road,Vidisha,Vidisha,Madhya Pradesh,464057,SUR-20056,KHA-50056,1272.69,Residential,Urban Parcel,23.5234,77.77625,"{""type"":""Polygon"",""coordinates"":[[[77.77625,23.5234],[77.7769,23.5234],[77.7769,23.52405],[77.77625,23.52405],[77.77625,23.5234]]]}",2026-07-16T12:00:00,2026-09-10T12:00:00,SYNTHETIC DEMO DATA — NOT OFFICIAL GOVERNMENT RECORDS
P1058,P1058,PERSON-058,Isha Kulkarni 3,"Sector 8, Betwa Nagar, Vidisha",10,Betwa Nagar,Vidisha,Vidisha,Madhya Pradesh,464058,SUR-20057,KHA-50057,1319.45,Commercial,Urban Parcel,23.52455,77.77625,"{""type"":""Polygon"",""coordinates"":[[[77.77625,23.52455],[77.7769,23.52455],[77.7769,23.5252],[77.77625,23.5252],[77.77625,23.52455]]]}",2026-07-15T12:00:00,2026-09-10T12:00:00,SYNTHETIC DEMO DATA — NOT OFFICIAL GOVERNMENT RECORDS
P1059,P1059,PERSON-059,Mohan Solanki 3,"Sector 9, Ganj Basoda Road, Vidisha",11,Ganj Basoda Road,Vidisha,Vidisha,Madhya Pradesh,464059,SUR-20058,KHA-50058,1366.86,Industrial,Urban Parcel,23.5257,77.77625,"{""type"":""Polygon"",""coordinates"":[[[77.77625,23.5257],[77.7769,23.5257],[77.7769,23.52635],[77.77625,23.52635],[77.77625,23.5257]]]}",2026-07-14T12:00:00,2026-09-10T12:00:00,SYNTHETIC DEMO DATA — NOT OFFICIAL GOVERNMENT RECORDS
P1060,P1060,PERSON-060,Rekha Bansal 3,"Sector 10, Civil Lines Extension, Vidisha",12,Civil Lines Extension,Vidisha,Vidisha,Madhya Pradesh,464060,SUR-20059,KHA-50059,1413.98,Agricultural,Urban Parcel,23.52685,77.77625,"{""type"":""Polygon"",""coordinates"":[[[77.77625,23.52685],[77.7769,23.52685],[77.7769,23.5275],[77.77625,23.5275],[77.77625,23.52685]]]}",2026-07-13T12:00:00,2026-09-10T12:00:00,SYNTHETIC DEMO DATA — NOT OFFICIAL GOVERNMENT RECORDS
P1061,P1061,PERSON-061,Rahul Sharma 4,"Sector 11, Kachhi Khedi, Vidisha",1,Kachhi Khedi,Vidisha,Vidisha,Madhya Pradesh,464061,SUR-20060,KHA-50060,1460.33,Institutional,Urban Parcel,23.528,77.77625,"{""type"":""Polygon"",""coordinates"":[[[77.77625,23.528],[77.7769,23.528],[77.7769,23.52865],[77.77625,23.52865],[77.77625,23.528]]]}",2026-07-12T12:00:00,2026-09-10T12:00:00,SYNTHETIC DEMO DATA — NOT OFFICIAL GOVERNMENT RECORDS
P1062,P1062,PERSON-062,Amit Verma 4,"Sector 12, Madhav Nagar, Vidisha",2,Madhav Nagar,Vidisha,Vidisha,Madhya Pradesh,464062,SUR-20061,KHA-50061,1507.23,Mixed Use,Urban Parcel,23.52915,77.77625,"{""type"":""Polygon"",""coordinates"":[[[77.77625,23.52915],[77.7769,23.52915],[77.7769,23.5298],[77.77625,23.5298],[77.77625,23.52915]]]}",2026-07-11T12:00:00,2026-09-10T12:00:00,SYNTHETIC DEMO DATA — NOT OFFICIAL GOVERNMENT RECORDS
P1063,P1063,PERSON-063,Neha Patel 4,"Sector 13, Raisen Link, Vidisha",3,Raisen Link,Vidisha,Vidisha,Madhya Pradesh,464063,SUR-20062,KHA-50062,104.14,Vacant Land,Urban Parcel,23.5303,77.77625,"{""type"":""Polygon"",""coordinates"":[[[77.77625,23.5303],[77.7769,23.5303],[77.7769,23.53095],[77.77625,23.53095],[77.77625,23.5303]]]}",2026-07-10T12:00:00,2026-09-10T12:00:00,SYNTHETIC DEMO DATA — NOT OFFICIAL GOVERNMENT RECORDS
P1064,P1064,PERSON-064,Priya Singh 4,"Sector 14, Vidisha Urban, Vidisha",4,Vidisha Urban,Vidisha,Vidisha,Madhya Pradesh,464064,SUR-20063,KHA-50063,151.74,Public/Semi-Public,Urban Parcel,23.53145,77.77625,"{""type"":""Polygon"",""coordinates"":[[[77.77625,23.53145],[77.7769,23.53145],[77.7769,23.5321],[77.77625,23.5321],[77.77625,23.53145]]]}",2026-07-09T12:00:00,2026-09-10T12:00:00,SYNTHETIC DEMO DATA — NOT OFFICIAL GOVERNMENT RECORDS
P1065,P1065,PERSON-065,Suresh Yadav 4,"Sector 15, Sanchi Road, Vidisha",5,Sanchi Road,Vidisha,Vidisha,Madhya Pradesh,464065,SUR-20064,KHA-50064,198.7,Residential,Urban Parcel,23.5326,77.77625,"{""type"":""Polygon"",""coordinates"":[[[77.77625,23.5326],[77.7769,23.5326],[77.7769,23.53325],[77.77625,23.53325],[77.77625,23.5326]]]}",2026-07-08T12:00:00,2026-09-10T12:00:00,SYNTHETIC DEMO DATA — NOT OFFICIAL GOVERNMENT RECORDS
P1066,P1066,PERSON-066,Anjali Jain 4,"Sector 16, Betwa Nagar, Vidisha",6,Betwa Nagar,Vidisha,Vidisha,Madhya Pradesh,464066,SUR-20065,KHA-50065,245.28,Commercial,Urban Parcel,23.53375,77.77625,"{""type"":""Polygon"",""coordinates"":[[[77.77625,23.53375],[77.7769,23.53375],[77.7769,23.5344],[77.77625,23.5344],[77.77625,23.53375]]]}",2026-07-07T12:00:00,2026-09-10T12:00:00,SYNTHETIC DEMO DATA — NOT OFFICIAL GOVERNMENT RECORDS
P1067,P1067,PERSON-067,Vikram Mehta 4,"Sector 17, Ganj Basoda Road, Vidisha",7,Ganj Basoda Road,Vidisha,Vidisha,Madhya Pradesh,464067,SUR-20066,KHA-50066,292.04,Industrial,Urban Parcel,23.5349,77.77625,"{""type"":""Polygon"",""coordinates"":[[[77.77625,23.5349],[77.7769,23.5349],[77.7769,23.53555],[77.77625,23.53555],[77.77625,23.5349]]]}",2026-07-06T12:00:00,2026-09-10T12:00:00,SYNTHETIC DEMO DATA — NOT OFFICIAL GOVERNMENT RECORDS
P1068,P1068,PERSON-068,Kavita Joshi 4,"Sector 18, Civil Lines Extension, Vidisha",8,Civil Lines Extension,Vidisha,Vidisha,Madhya Pradesh,464068,SUR-20067,KHA-50067,339.25,Agricultural,Urban Parcel,23.53605,77.77625,"{""type"":""Polygon"",""coordinates"":[[[77.77625,23.53605],[77.7769,23.53605],[77.7769,23.5367],[77.77625,23.5367],[77.77625,23.53605]]]}",2026-07-05T12:00:00,2026-09-10T12:00:00,SYNTHETIC DEMO DATA — NOT OFFICIAL GOVERNMENT RECORDS
P1069,P1069,PERSON-069,Manoj Gupta 4,"Sector 19, Kachhi Khedi, Vidisha",9,Kachhi Khedi,Vidisha,Vidisha,Madhya Pradesh,464069,SUR-20068,KHA-50068,386.33,Institutional,Urban Parcel,23.5372,77.77625,"{""type"":""Polygon"",""coordinates"":[[[77.77625,23.5372],[77.7769,23.5372],[77.7769,23.53785],[77.77625,23.53785],[77.77625,23.5372]]]}",2026-07-04T12:00:00,2026-09-10T12:00:00,SYNTHETIC DEMO DATA — NOT OFFICIAL GOVERNMENT RECORDS
P1070,P1070,PERSON-070,Ritu Mishra 4,"Sector 20, Madhav Nagar, Vidisha",10,Madhav Nagar,Vidisha,Vidisha,Madhya Pradesh,464070,SUR-20069,KHA-50069,433.63,Mixed Use,Urban Parcel,23.53835,77.77625,"{""type"":""Polygon"",""coordinates"":[[[77.77625,23.53835],[77.7769,23.53835],[77.7769,23.539],[77.77625,23.539],[77.77625,23.53835]]]}",2026-07-03T12:00:00,2026-09-10T12:00:00,SYNTHETIC DEMO DATA — NOT OFFICIAL GOVERNMENT RECORDS
P1071,P1071,PERSON-071,Arjun Malviya 4,"Sector 21, Raisen Link, Vidisha",11,Raisen Link,Vidisha,Vidisha,Madhya Pradesh,464071,SUR-20070,KHA-50070,480.55,Vacant Land,Urban Parcel,23.5395,77.77625,"{""type"":""Polygon"",""coordinates"":[[[77.77625,23.5395],[77.7769,23.5395],[77.7769,23.54015],[77.77625,23.54015],[77.77625,23.5395]]]}",2026-07-02T12:00:00,2026-09-10T12:00:00,SYNTHETIC DEMO DATA — NOT OFFICIAL GOVERNMENT RECORDS
P1072,P1072,PERSON-072,Pooja Thakur 4,"Sector 22, Vidisha Urban, Vidisha",12,Vidisha Urban,Vidisha,Vidisha,Madhya Pradesh,464072,SUR-20071,KHA-50071,527.82,Public/Semi-Public,Urban Parcel,23.54065,77.77625,"{""type"":""Polygon"",""coordinates"":[[[77.77625,23.54065],[77.7769,23.54065],[77.7769,23.5413],[77.77625,23.5413],[77.77625,23.54065]]]}",2026-07-01T12:00:00,2026-09-10T12:00:00,SYNTHETIC DEMO DATA — NOT OFFICIAL GOVERNMENT RECORDS
P1073,P1073,PERSON-073,Nitin Saxena 4,"Sector 23, Sanchi Road, Vidisha",1,Sanchi Road,Vidisha,Vidisha,Madhya Pradesh,464073,SUR-20072,KHA-50072,574.46,Residential,Urban Parcel,23.5418,77.77625,"{""type"":""Polygon"",""coordinates"":[[[77.77625,23.5418],[77.7769,23.5418],[77.7769,23.54245],[77.77625,23.54245],[77.77625,23.5418]]]}",2026-06-30T12:00:00,2026-09-10T12:00:00,SYNTHETIC DEMO DATA — NOT OFFICIAL GOVERNMENT RECORDS
P1074,P1074,PERSON-074,Meera Chouhan 4,"Sector 24, Betwa Nagar, Vidisha",2,Betwa Nagar,Vidisha,Vidisha,Madhya Pradesh,464074,SUR-20073,KHA-50073,621.89,Commercial,Urban Parcel,23.54295,77.77625,"{""type"":""Polygon"",""coordinates"":[[[77.77625,23.54295],[77.7769,23.54295],[77.7769,23.5436],[77.77625,23.5436],[77.77625,23.54295]]]}",2026-06-29T12:00:00,2026-09-10T12:00:00,SYNTHETIC DEMO DATA — NOT OFFICIAL GOVERNMENT RECORDS
P1075,P1075,PERSON-075,Deepak Tiwari 4,"Sector 25, Ganj Basoda Road, Vidisha",3,Ganj Basoda Road,Vidisha,Vidisha,Madhya Pradesh,464075,SUR-20074,KHA-50074,668.94,Industrial,Urban Parcel,23.5441,77.77625,"{""type"":""Polygon"",""coordinates"":[[[77.77625,23.5441],[77.7769,23.5441],[77.7769,23.54475],[77.77625,23.54475],[77.77625,23.5441]]]}",2026-06-28T12:00:00,2026-09-10T12:00:00,SYNTHETIC DEMO DATA — NOT OFFICIAL GOVERNMENT RECORDS
P1076,P1076,PERSON-076,Sunita Rathore 4,"Sector 1, Civil Lines Extension, Vidisha",4,Civil Lines Extension,Vidisha,Vidisha,Madhya Pradesh,464076,SUR-20075,KHA-50075,715.16,Agricultural,Urban Parcel,23.54525,77.77625,"{""type"":""Polygon"",""coordinates"":[[[77.77625,23.54525],[77.7769,23.54525],[77.7769,23.5459],[77.77625,23.5459],[77.77625,23.54525]]]}",2026-06-27T12:00:00,2026-09-10T12:00:00,SYNTHETIC DEMO DATA — NOT OFFICIAL GOVERNMENT RECORDS
P1077,P1077,PERSON-077,Karan Dubey 4,"Sector 2, Kachhi Khedi, Vidisha",5,Kachhi Khedi,Vidisha,Vidisha,Madhya Pradesh,464077,SUR-20076,KHA-50076,762.06,Institutional,Urban Parcel,23.5464,77.77625,"{""type"":""Polygon"",""coordinates"":[[[77.77625,23.5464],[77.7769,23.5464],[77.7769,23.54705],[77.77625,23.54705],[77.77625,23.5464]]]}",2026-06-26T12:00:00,2026-09-10T12:00:00,SYNTHETIC DEMO DATA — NOT OFFICIAL GOVERNMENT RECORDS
P1078,P1078,PERSON-078,Isha Kulkarni 4,"Sector 3, Madhav Nagar, Vidisha",6,Madhav Nagar,Vidisha,Vidisha,Madhya Pradesh,464078,SUR-20077,KHA-50077,809.51,Mixed Use,Urban Parcel,23.54755,77.77625,"{""type"":""Polygon"",""coordinates"":[[[77.77625,23.54755],[77.7769,23.54755],[77.7769,23.5482],[77.77625,23.5482],[77.77625,23.54755]]]}",2026-06-25T12:00:00,2026-09-10T12:00:00,SYNTHETIC DEMO DATA — NOT OFFICIAL GOVERNMENT RECORDS
P1079,P1079,PERSON-079,Mohan Solanki 4,"Sector 4, Raisen Link, Vidisha",7,Raisen Link,Vidisha,Vidisha,Madhya Pradesh,464079,SUR-20078,KHA-50078,856.52,Vacant Land,Urban Parcel,23.5487,77.77625,"{""type"":""Polygon"",""coordinates"":[[[77.77625,23.5487],[77.7769,23.5487],[77.7769,23.54935],[77.77625,23.54935],[77.77625,23.5487]]]}",2026-06-24T12:00:00,2026-09-10T12:00:00,SYNTHETIC DEMO DATA — NOT OFFICIAL GOVERNMENT RECORDS
P1080,P1080,PERSON-080,Rekha Bansal 4,"Sector 5, Vidisha Urban, Vidisha",8,Vidisha Urban,Vidisha,Vidisha,Madhya Pradesh,464080,SUR-20079,KHA-50079,903.94,Public/Semi-Public,Urban Parcel,23.54985,77.77625,"{""type"":""Polygon"",""coordinates"":[[[77.77625,23.54985],[77.7769,23.54985],[77.7769,23.5505],[77.77625,23.5505],[77.77625,23.54985]]]}",2026-06-23T12:00:00,2026-09-10T12:00:00,SYNTHETIC DEMO DATA — NOT OFFICIAL GOVERNMENT RECORDS
P1081,P1081,PERSON-081,Rahul Sharma 5,"Sector 6, Sanchi Road, Vidisha",9,Sanchi Road,Vidisha,Vidisha,Madhya Pradesh,464081,SUR-20080,KHA-50080,950.53,Residential,Urban Parcel,23.505,77.7775,"{""type"":""Polygon"",""coordinates"":[[[77.7775,23.505],[77.77815,23.505],[77.77815,23.50565],[77.7775,23.50565],[77.7775,23.505]]]}",2026-06-22T12:00:00,2026-09-10T12:00:00,SYNTHETIC DEMO DATA — NOT OFFICIAL GOVERNMENT RECORDS
P1082,P1082,PERSON-082,Amit Verma 5,"Sector 7, Betwa Nagar, Vidisha",10,Betwa Nagar,Vidisha,Vidisha,Madhya Pradesh,464082,SUR-20081,KHA-50081,997.89,Commercial,Urban Parcel,23.50615,77.7775,"{""type"":""Polygon"",""coordinates"":[[[77.7775,23.50615],[77.77815,23.50615],[77.77815,23.5068],[77.7775,23.5068],[77.7775,23.50615]]]}",2026-06-21T12:00:00,2026-09-10T12:00:00,SYNTHETIC DEMO DATA — NOT OFFICIAL GOVERNMENT RECORDS
P1083,P1083,PERSON-083,Neha Patel 5,"Sector 8, Ganj Basoda Road, Vidisha",11,Ganj Basoda Road,Vidisha,Vidisha,Madhya Pradesh,464083,SUR-20082,KHA-50082,1044.03,Industrial,Urban Parcel,23.5073,77.7775,"{""type"":""Polygon"",""coordinates"":[[[77.7775,23.5073],[77.77815,23.5073],[77.77815,23.50795],[77.7775,23.50795],[77.7775,23.5073]]]}",2026-06-20T12:00:00,2026-09-10T12:00:00,SYNTHETIC DEMO DATA — NOT OFFICIAL GOVERNMENT RECORDS
P1084,P1084,PERSON-084,Priya Singh 5,"Sector 9, Civil Lines Extension, Vidisha",12,Civil Lines Extension,Vidisha,Vidisha,Madhya Pradesh,464084,SUR-20083,KHA-50083,1091.37,Agricultural,Urban Parcel,23.50845,77.7775,"{""type"":""Polygon"",""coordinates"":[[[77.7775,23.50845],[77.77815,23.50845],[77.77815,23.5091],[77.7775,23.5091],[77.7775,23.50845]]]}",2026-06-19T12:00:00,2026-09-10T12:00:00,SYNTHETIC DEMO DATA — NOT OFFICIAL GOVERNMENT RECORDS
P1085,P1085,PERSON-085,Suresh Yadav 5,"Sector 10, Kachhi Khedi, Vidisha",1,Kachhi Khedi,Vidisha,Vidisha,Madhya Pradesh,464085,SUR-20084,KHA-50084,1138.72,Institutional,Urban Parcel,23.5096,77.7775,"{""type"":""Polygon"",""coordinates"":[[[77.7775,23.5096],[77.77815,23.5096],[77.77815,23.51025],[77.7775,23.51025],[77.7775,23.5096]]]}",2026-06-18T12:00:00,2026-09-10T12:00:00,SYNTHETIC DEMO DATA — NOT OFFICIAL GOVERNMENT RECORDS
P1086,P1086,PERSON-086,Anjali Jain 5,"Sector 11, Madhav Nagar, Vidisha",2,Madhav Nagar,Vidisha,Vidisha,Madhya Pradesh,464086,SUR-20085,KHA-50085,1185.37,Mixed Use,Urban Parcel,23.51075,77.7775,"{""type"":""Polygon"",""coordinates"":[[[77.7775,23.51075],[77.77815,23.51075],[77.77815,23.5114],[77.7775,23.5114],[77.7775,23.51075]]]}",2026-06-17T12:00:00,2026-09-10T12:00:00,SYNTHETIC DEMO DATA — NOT OFFICIAL GOVERNMENT RECORDS
P1087,P1087,PERSON-087,Vikram Mehta 5,"Sector 12, Raisen Link, Vidisha",3,Raisen Link,Vidisha,Vidisha,Madhya Pradesh,464087,SUR-20086,KHA-50086,1232.22,Vacant Land,Urban Parcel,23.5119,77.7775,"{""type"":""Polygon"",""coordinates"":[[[77.7775,23.5119],[77.77815,23.5119],[77.77815,23.51255],[77.7775,23.51255],[77.7775,23.5119]]]}",2026-06-16T12:00:00,2026-09-10T12:00:00,SYNTHETIC DEMO DATA — NOT OFFICIAL GOVERNMENT RECORDS
P1088,P1088,PERSON-088,Kavita Joshi 5,"Sector 13, Vidisha Urban, Vidisha",4,Vidisha Urban,Vidisha,Vidisha,Madhya Pradesh,464088,SUR-20087,KHA-50087,1279.91,Public/Semi-Public,Urban Parcel,23.51305,77.7775,"{""type"":""Polygon"",""coordinates"":[[[77.7775,23.51305],[77.77815,23.51305],[77.77815,23.5137],[77.7775,23.5137],[77.7775,23.51305]]]}",2026-06-15T12:00:00,2026-09-10T12:00:00,SYNTHETIC DEMO DATA — NOT OFFICIAL GOVERNMENT RECORDS
P1089,P1089,PERSON-089,Manoj Gupta 5,"Sector 14, Sanchi Road, Vidisha",5,Sanchi Road,Vidisha,Vidisha,Madhya Pradesh,464089,SUR-20088,KHA-50088,1326.48,Residential,Urban Parcel,23.5142,77.7775,"{""type"":""Polygon"",""coordinates"":[[[77.7775,23.5142],[77.77815,23.5142],[77.77815,23.51485],[77.7775,23.51485],[77.7775,23.5142]]]}",2026-06-14T12:00:00,2026-09-10T12:00:00,SYNTHETIC DEMO DATA — NOT OFFICIAL GOVERNMENT RECORDS
P1090,P1090,PERSON-090,Ritu Mishra 5,"Sector 15, Betwa Nagar, Vidisha",6,Betwa Nagar,Vidisha,Vidisha,Madhya Pradesh,464090,SUR-20089,KHA-50089,1373.11,Commercial,Urban Parcel,23.51535,77.7775,"{""type"":""Polygon"",""coordinates"":[[[77.7775,23.51535],[77.77815,23.51535],[77.77815,23.516],[77.7775,23.516],[77.7775,23.51535]]]}",2026-06-13T12:00:00,2026-09-10T12:00:00,SYNTHETIC DEMO DATA — NOT OFFICIAL GOVERNMENT RECORDS
P1091,P1091,PERSON-091,Arjun Malviya 5,"Sector 16, Ganj Basoda Road, Vidisha",7,Ganj Basoda Road,Vidisha,Vidisha,Madhya Pradesh,464091,SUR-20090,KHA-50090,1420.24,Industrial,Urban Parcel,23.5165,77.7775,"{""type"":""Polygon"",""coordinates"":[[[77.7775,23.5165],[77.77815,23.5165],[77.77815,23.51715],[77.7775,23.51715],[77.7775,23.5165]]]}",2026-06-12T12:00:00,2026-09-10T12:00:00,SYNTHETIC DEMO DATA — NOT OFFICIAL GOVERNMENT RECORDS
P1092,P1092,PERSON-092,Pooja Thakur 5,"Sector 17, Civil Lines Extension, Vidisha",8,Civil Lines Extension,Vidisha,Vidisha,Madhya Pradesh,464092,SUR-20091,KHA-50091,1467.59,Agricultural,Urban Parcel,23.51765,77.7775,"{""type"":""Polygon"",""coordinates"":[[[77.7775,23.51765],[77.77815,23.51765],[77.77815,23.5183],[77.7775,23.5183],[77.7775,23.51765]]]}",2026-06-11T12:00:00,2026-09-10T12:00:00,SYNTHETIC DEMO DATA — NOT OFFICIAL GOVERNMENT RECORDS
P1093,P1093,PERSON-093,Nitin Saxena 5,"Sector 18, Kachhi Khedi, Vidisha",9,Kachhi Khedi,Vidisha,Vidisha,Madhya Pradesh,464093,SUR-20092,KHA-50092,1514.35,Institutional,Urban Parcel,23.5188,77.7775,"{""type"":""Polygon"",""coordinates"":[[[77.7775,23.5188],[77.77815,23.5188],[77.77815,23.51945],[77.7775,23.51945],[77.7775,23.5188]]]}",2026-06-10T12:00:00,2026-09-10T12:00:00,SYNTHETIC DEMO DATA — NOT OFFICIAL GOVERNMENT RECORDS
P1094,P1094,PERSON-094,Meera Chouhan 5,"Sector 19, Madhav Nagar, Vidisha",10,Madhav Nagar,Vidisha,Vidisha,Madhya Pradesh,464094,SUR-20093,KHA-50093,111.85,Mixed Use,Urban Parcel,23.51995,77.7775,"{""type"":""Polygon"",""coordinates"":[[[77.7775,23.51995],[77.77815,23.51995],[77.77815,23.5206],[77.7775,23.5206],[77.7775,23.51995]]]}",2026-06-09T12:00:00,2026-09-10T12:00:00,SYNTHETIC DEMO DATA — NOT OFFICIAL GOVERNMENT RECORDS
P1095,P1095,PERSON-095,Deepak Tiwari 5,"Sector 20, Raisen Link, Vidisha",11,Raisen Link,Vidisha,Vidisha,Madhya Pradesh,464095,SUR-20094,KHA-50094,158.13,Vacant Land,Urban Parcel,23.5211,77.7775,"{""type"":""Polygon"",""coordinates"":[[[77.7775,23.5211],[77.77815,23.5211],[77.77815,23.52175],[77.7775,23.52175],[77.7775,23.5211]]]}",2026-06-08T12:00:00,2026-09-10T12:00:00,SYNTHETIC DEMO DATA — NOT OFFICIAL GOVERNMENT RECORDS
P1096,P1096,PERSON-096,Sunita Rathore 5,"Sector 21, Vidisha Urban, Vidisha",12,Vidisha Urban,Vidisha,Vidisha,Madhya Pradesh,464096,SUR-20095,KHA-50095,205.62,Public/Semi-Public,Urban Parcel,23.52225,77.7775,"{""type"":""Polygon"",""coordinates"":[[[77.7775,23.52225],[77.77815,23.52225],[77.77815,23.5229],[77.7775,23.5229],[77.7775,23.52225]]]}",2026-06-07T12:00:00,2026-09-10T12:00:00,SYNTHETIC DEMO DATA — NOT OFFICIAL GOVERNMENT RECORDS
P1097,P1097,PERSON-097,Karan Dubey 5,"Sector 22, Sanchi Road, Vidisha",1,Sanchi Road,Vidisha,Vidisha,Madhya Pradesh,464097,SUR-20096,KHA-50096,252.66,Residential,Urban Parcel,23.5234,77.7775,"{""type"":""Polygon"",""coordinates"":[[[77.7775,23.5234],[77.77815,23.5234],[77.77815,23.52405],[77.7775,23.52405],[77.7775,23.5234]]]}",2026-06-06T12:00:00,2026-09-10T12:00:00,SYNTHETIC DEMO DATA — NOT OFFICIAL GOVERNMENT RECORDS
P1098,P1098,PERSON-098,Isha Kulkarni 5,"Sector 23, Betwa Nagar, Vidisha",2,Betwa Nagar,Vidisha,Vidisha,Madhya Pradesh,464098,SUR-20097,KHA-50097,299.83,Commercial,Urban Parcel,23.52455,77.7775,"{""type"":""Polygon"",""coordinates"":[[[77.7775,23.52455],[77.77815,23.52455],[77.77815,23.5252],[77.7775,23.5252],[77.7775,23.52455]]]}",2026-06-05T12:00:00,2026-09-10T12:00:00,SYNTHETIC DEMO DATA — NOT OFFICIAL GOVERNMENT RECORDS
P1099,P1099,PERSON-099,Mohan Solanki 5,"Sector 24, Ganj Basoda Road, Vidisha",3,Ganj Basoda Road,Vidisha,Vidisha,Madhya Pradesh,464099,SUR-20098,KHA-50098,346.42,Industrial,Urban Parcel,23.5257,77.7775,"{""type"":""Polygon"",""coordinates"":[[[77.7775,23.5257],[77.77815,23.5257],[77.77815,23.52635],[77.7775,23.52635],[77.7775,23.5257]]]}",2026-06-04T12:00:00,2026-09-10T12:00:00,SYNTHETIC DEMO DATA — NOT OFFICIAL GOVERNMENT RECORDS
P1100,P1100,PERSON-100,Rekha Bansal 5,"Sector 25, Civil Lines Extension, Vidisha",4,Civil Lines Extension,Vidisha,Vidisha,Madhya Pradesh,464000,SUR-20099,KHA-50099,393.74,Agricultural,Urban Parcel,23.52685,77.7775,"{""type"":""Polygon"",""coordinates"":[[[77.7775,23.52685],[77.77815,23.52685],[77.77815,23.5275],[77.7775,23.5275],[77.7775,23.52685]]]}",2026-06-03T12:00:00,2026-09-10T12:00:00,SYNTHETIC DEMO DATA — NOT OFFICIAL GOVERNMENT RECORDS
P1101,P1101,PERSON-101,Rahul Sharma 6,"Sector 1, Kachhi Khedi, Vidisha",5,Kachhi Khedi,Vidisha,Vidisha,Madhya Pradesh,464001,SUR-20100,KHA-50100,440.38,Institutional,Urban Parcel,23.528,77.7775,"{""type"":""Polygon"",""coordinates"":[[[77.7775,23.528],[77.77815,23.528],[77.77815,23.52865],[77.7775,23.52865],[77.7775,23.528]]]}",2026-06-02T12:00:00,2026-09-10T12:00:00,SYNTHETIC DEMO DATA — NOT OFFICIAL GOVERNMENT RECORDS
P1102,P1102,PERSON-102,Amit Verma 6,"Sector 2, Madhav Nagar, Vidisha",6,Madhav Nagar,Vidisha,Vidisha,Madhya Pradesh,464002,SUR-20101,KHA-50101,487.18,Mixed Use,Urban Parcel,23.52915,77.7775,"{""type"":""Polygon"",""coordinates"":[[[77.7775,23.52915],[77.77815,23.52915],[77.77815,23.5298],[77.7775,23.5298],[77.7775,23.52915]]]}",2026-06-01T12:00:00,2026-09-10T12:00:00,SYNTHETIC DEMO DATA — NOT OFFICIAL GOVERNMENT RECORDS
P1103,P1103,PERSON-103,Neha Patel 6,"Sector 3, Raisen Link, Vidisha",7,Raisen Link,Vidisha,Vidisha,Madhya Pradesh,464003,SUR-20102,KHA-50102,534.05,Vacant Land,Urban Parcel,23.5303,77.7775,"{""type"":""Polygon"",""coordinates"":[[[77.7775,23.5303],[77.77815,23.5303],[77.77815,23.53095],[77.7775,23.53095],[77.7775,23.5303]]]}",2026-05-31T12:00:00,2026-09-10T12:00:00,SYNTHETIC DEMO DATA — NOT OFFICIAL GOVERNMENT RECORDS
P1104,P1104,PERSON-104,Priya Singh 6,"Sector 4, Vidisha Urban, Vidisha",8,Vidisha Urban,Vidisha,Vidisha,Madhya Pradesh,464004,SUR-20103,KHA-50103,581.01,Public/Semi-Public,Urban Parcel,23.53145,77.7775,"{""type"":""Polygon"",""coordinates"":[[[77.7775,23.53145],[77.77815,23.53145],[77.77815,23.5321],[77.7775,23.5321],[77.7775,23.53145]]]}",2026-05-30T12:00:00,2026-09-10T12:00:00,SYNTHETIC DEMO DATA — NOT OFFICIAL GOVERNMENT RECORDS
P1105,P1105,PERSON-105,Suresh Yadav 6,"Sector 5, Sanchi Road, Vidisha",9,Sanchi Road,Vidisha,Vidisha,Madhya Pradesh,464005,SUR-20104,KHA-50104,628.42,Residential,Urban Parcel,23.5326,77.7775,"{""type"":""Polygon"",""coordinates"":[[[77.7775,23.5326],[77.77815,23.5326],[77.77815,23.53325],[77.7775,23.53325],[77.7775,23.5326]]]}",2026-05-29T12:00:00,2026-09-10T12:00:00,SYNTHETIC DEMO DATA — NOT OFFICIAL GOVERNMENT RECORDS
P1106,P1106,PERSON-106,Anjali Jain 6,"Sector 6, Betwa Nagar, Vidisha",10,Betwa Nagar,Vidisha,Vidisha,Madhya Pradesh,464006,SUR-20105,KHA-50105,675.09,Commercial,Urban Parcel,23.53375,77.7775,"{""type"":""Polygon"",""coordinates"":[[[77.7775,23.53375],[77.77815,23.53375],[77.77815,23.5344],[77.7775,23.5344],[77.7775,23.53375]]]}",2026-05-28T12:00:00,2026-09-10T12:00:00,SYNTHETIC DEMO DATA — NOT OFFICIAL GOVERNMENT RECORDS
P1107,P1107,PERSON-107,Vikram Mehta 6,"Sector 7, Ganj Basoda Road, Vidisha",11,Ganj Basoda Road,Vidisha,Vidisha,Madhya Pradesh,464007,SUR-20106,KHA-50106,722.3,Industrial,Urban Parcel,23.5349,77.7775,"{""type"":""Polygon"",""coordinates"":[[[77.7775,23.5349],[77.77815,23.5349],[77.77815,23.53555],[77.7775,23.53555],[77.7775,23.5349]]]}",2026-05-27T12:00:00,2026-09-10T12:00:00,SYNTHETIC DEMO DATA — NOT OFFICIAL GOVERNMENT RECORDS
P1108,P1108,PERSON-108,Kavita Joshi 6,"Sector 8, Civil Lines Extension, Vidisha",12,Civil Lines Extension,Vidisha,Vidisha,Madhya Pradesh,464008,SUR-20107,KHA-50107,769.8,Agricultural,Urban Parcel,23.53605,77.7775,"{""type"":""Polygon"",""coordinates"":[[[77.7775,23.53605],[77.77815,23.53605],[77.77815,23.5367],[77.7775,23.5367],[77.7775,23.53605]]]}",2026-05-26T12:00:00,2026-09-10T12:00:00,SYNTHETIC DEMO DATA — NOT OFFICIAL GOVERNMENT RECORDS
P1109,P1109,PERSON-109,Manoj Gupta 6,"Sector 9, Kachhi Khedi, Vidisha",1,Kachhi Khedi,Vidisha,Vidisha,Madhya Pradesh,464009,SUR-20108,KHA-50108,816.16,Institutional,Urban Parcel,23.5372,77.7775,"{""type"":""Polygon"",""coordinates"":[[[77.7775,23.5372],[77.77815,23.5372],[77.77815,23.53785],[77.7775,23.53785],[77.7775,23.5372]]]}",2026-05-25T12:00:00,2026-09-10T12:00:00,SYNTHETIC DEMO DATA — NOT OFFICIAL GOVERNMENT RECORDS
P1110,P1110,PERSON-110,Ritu Mishra 6,"Sector 10, Madhav Nagar, Vidisha",2,Madhav Nagar,Vidisha,Vidisha,Madhya Pradesh,464010,SUR-20109,KHA-50109,863.34,Mixed Use,Urban Parcel,23.53835,77.7775,"{""type"":""Polygon"",""coordinates"":[[[77.7775,23.53835],[77.77815,23.53835],[77.77815,23.539],[77.7775,23.539],[77.7775,23.53835]]]}",2026-05-24T12:00:00,2026-09-10T12:00:00,SYNTHETIC DEMO DATA — NOT OFFICIAL GOVERNMENT RECORDS
P1111,P1111,PERSON-111,Arjun Malviya 6,"Sector 11, Raisen Link, Vidisha",3,Raisen Link,Vidisha,Vidisha,Madhya Pradesh,464011,SUR-20110,KHA-50110,910.88,Vacant Land,Urban Parcel,23.5395,77.7775,"{""type"":""Polygon"",""coordinates"":[[[77.7775,23.5395],[77.77815,23.5395],[77.77815,23.54015],[77.7775,23.54015],[77.7775,23.5395]]]}",2026-05-23T12:00:00,2026-09-10T12:00:00,SYNTHETIC DEMO DATA — NOT OFFICIAL GOVERNMENT RECORDS
P1112,P1112,PERSON-112,Pooja Thakur 6,"Sector 12, Vidisha Urban, Vidisha",4,Vidisha Urban,Vidisha,Vidisha,Madhya Pradesh,464012,SUR-20111,KHA-50111,957.16,Public/Semi-Public,Urban Parcel,23.54065,77.7775,"{""type"":""Polygon"",""coordinates"":[[[77.7775,23.54065],[77.77815,23.54065],[77.77815,23.5413],[77.7775,23.5413],[77.7775,23.54065]]]}",2026-05-22T12:00:00,2026-09-10T12:00:00,SYNTHETIC DEMO DATA — NOT OFFICIAL GOVERNMENT RECORDS
P1113,P1113,PERSON-113,Nitin Saxena 6,"Sector 13, Sanchi Road, Vidisha",5,Sanchi Road,Vidisha,Vidisha,Madhya Pradesh,464013,SUR-20112,KHA-50112,1004.11,Residential,Urban Parcel,23.5418,77.7775,"{""type"":""Polygon"",""coordinates"":[[[77.7775,23.5418],[77.77815,23.5418],[77.77815,23.54245],[77.7775,23.54245],[77.7775,23.5418]]]}",2026-05-21T12:00:00,2026-09-10T12:00:00,SYNTHETIC DEMO DATA — NOT OFFICIAL GOVERNMENT RECORDS
P1114,P1114,PERSON-114,Meera Chouhan 6,"Sector 14, Betwa Nagar, Vidisha",6,Betwa Nagar,Vidisha,Vidisha,Madhya Pradesh,464014,SUR-20113,KHA-50113,1051.28,Commercial,Urban Parcel,23.54295,77.7775,"{""type"":""Polygon"",""coordinates"":[[[77.7775,23.54295],[77.77815,23.54295],[77.77815,23.5436],[77.7775,23.5436],[77.7775,23.54295]]]}",2026-05-20T12:00:00,2026-09-10T12:00:00,SYNTHETIC DEMO DATA — NOT OFFICIAL GOVERNMENT RECORDS
P1115,P1115,PERSON-115,Deepak Tiwari 6,"Sector 15, Ganj Basoda Road, Vidisha",7,Ganj Basoda Road,Vidisha,Vidisha,Madhya Pradesh,464015,SUR-20114,KHA-50114,1098.37,Industrial,Urban Parcel,23.5441,77.7775,"{""type"":""Polygon"",""coordinates"":[[[77.7775,23.5441],[77.77815,23.5441],[77.77815,23.54475],[77.7775,23.54475],[77.7775,23.5441]]]}",2026-05-19T12:00:00,2026-09-10T12:00:00,SYNTHETIC DEMO DATA — NOT OFFICIAL GOVERNMENT RECORDS
P1116,P1116,PERSON-116,Sunita Rathore 6,"Sector 16, Civil Lines Extension, Vidisha",8,Civil Lines Extension,Vidisha,Vidisha,Madhya Pradesh,464016,SUR-20115,KHA-50115,1145.85,Agricultural,Urban Parcel,23.54525,77.7775,"{""type"":""Polygon"",""coordinates"":[[[77.7775,23.54525],[77.77815,23.54525],[77.77815,23.5459],[77.7775,23.5459],[77.7775,23.54525]]]}",2026-05-18T12:00:00,2026-09-10T12:00:00,SYNTHETIC DEMO DATA — NOT OFFICIAL GOVERNMENT RECORDS
P1117,P1117,PERSON-117,Karan Dubey 6,"Sector 17, Kachhi Khedi, Vidisha",9,Kachhi Khedi,Vidisha,Vidisha,Madhya Pradesh,464017,SUR-20116,KHA-50116,1192.83,Institutional,Urban Parcel,23.5464,77.7775,"{""type"":""Polygon"",""coordinates"":[[[77.7775,23.5464],[77.77815,23.5464],[77.77815,23.54705],[77.7775,23.54705],[77.7775,23.5464]]]}",2026-05-17T12:00:00,2026-09-10T12:00:00,SYNTHETIC DEMO DATA — NOT OFFICIAL GOVERNMENT RECORDS
P1118,P1118,PERSON-118,Isha Kulkarni 6,"Sector 18, Madhav Nagar, Vidisha",10,Madhav Nagar,Vidisha,Vidisha,Madhya Pradesh,464018,SUR-20117,KHA-50117,1239.97,Mixed Use,Urban Parcel,23.54755,77.7775,"{""type"":""Polygon"",""coordinates"":[[[77.7775,23.54755],[77.77815,23.54755],[77.77815,23.5482],[77.7775,23.5482],[77.7775,23.54755]]]}",2026-05-16T12:00:00,2026-09-10T12:00:00,SYNTHETIC DEMO DATA — NOT OFFICIAL GOVERNMENT RECORDS
P1119,P1119,PERSON-119,Mohan Solanki 6,"Sector 19, Raisen Link, Vidisha",11,Raisen Link,Vidisha,Vidisha,Madhya Pradesh,464019,SUR-20118,KHA-50118,1286.08,Vacant Land,Urban Parcel,23.5487,77.7775,"{""type"":""Polygon"",""coordinates"":[[[77.7775,23.5487],[77.77815,23.5487],[77.77815,23.54935],[77.7775,23.54935],[77.7775,23.5487]]]}",2026-05-15T12:00:00,2026-09-10T12:00:00,SYNTHETIC DEMO DATA — NOT OFFICIAL GOVERNMENT RECORDS
P1120,P1120,PERSON-120,Rekha Bansal 6,"Sector 20, Vidisha Urban, Vidisha",12,Vidisha Urban,Vidisha,Vidisha,Madhya Pradesh,464020,SUR-20119,KHA-50119,1333.88,Public/Semi-Public,Urban Parcel,23.54985,77.7775,"{""type"":""Polygon"",""coordinates"":[[[77.7775,23.54985],[77.77815,23.54985],[77.77815,23.5505],[77.7775,23.5505],[77.7775,23.54985]]]}",2026-05-14T12:00:00,2026-09-10T12:00:00,SYNTHETIC DEMO DATA — NOT OFFICIAL GOVERNMENT RECORDS
P1121,P1121,PERSON-121,Rahul Sharma 7,"Sector 21, Sanchi Road, Vidisha",1,Sanchi Road,Vidisha,Vidisha,Madhya Pradesh,464021,SUR-20120,KHA-50120,1380.83,Residential,Urban Parcel,23.505,77.77875,"{""type"":""Polygon"",""coordinates"":[[[77.77875,23.505],[77.7794,23.505],[77.7794,23.50565],[77.77875,23.50565],[77.77875,23.505]]]}",2026-05-13T12:00:00,2026-09-10T12:00:00,SYNTHETIC DEMO DATA — NOT OFFICIAL GOVERNMENT RECORDS
P1122,P1122,PERSON-122,Amit Verma 7,"Sector 22, Betwa Nagar, Vidisha",2,Betwa Nagar,Vidisha,Vidisha,Madhya Pradesh,464022,SUR-20121,KHA-50121,1427.3,Commercial,Urban Parcel,23.50615,77.77875,"{""type"":""Polygon"",""coordinates"":[[[77.77875,23.50615],[77.7794,23.50615],[77.7794,23.5068],[77.77875,23.5068],[77.77875,23.50615]]]}",2026-05-12T12:00:00,2026-09-10T12:00:00,SYNTHETIC DEMO DATA — NOT OFFICIAL GOVERNMENT RECORDS
P1123,P1123,PERSON-123,Neha Patel 7,"Sector 23, Ganj Basoda Road, Vidisha",3,Ganj Basoda Road,Vidisha,Vidisha,Madhya Pradesh,464023,SUR-20122,KHA-50122,1474.97,Industrial,Urban Parcel,23.5073,77.77875,"{""type"":""Polygon"",""coordinates"":[[[77.77875,23.5073],[77.7794,23.5073],[77.7794,23.50795],[77.77875,23.50795],[77.77875,23.5073]]]}",2026-05-11T12:00:00,2026-09-10T12:00:00,SYNTHETIC DEMO DATA — NOT OFFICIAL GOVERNMENT RECORDS
P1124,P1124,PERSON-124,Priya Singh 7,"Sector 24, Civil Lines Extension, Vidisha",4,Civil Lines Extension,Vidisha,Vidisha,Madhya Pradesh,464024,SUR-20123,KHA-50123,1521.12,Agricultural,Urban Parcel,23.50845,77.77875,"{""type"":""Polygon"",""coordinates"":[[[77.77875,23.50845],[77.7794,23.50845],[77.7794,23.5091],[77.77875,23.5091],[77.77875,23.50845]]]}",2026-05-10T12:00:00,2026-09-10T12:00:00,SYNTHETIC DEMO DATA — NOT OFFICIAL GOVERNMENT RECORDS
P1125,P1125,PERSON-125,Suresh Yadav 7,"Sector 25, Kachhi Khedi, Vidisha",5,Kachhi Khedi,Vidisha,Vidisha,Madhya Pradesh,464025,SUR-20124,KHA-50124,118.88,Institutional,Urban Parcel,23.5096,77.77875,"{""type"":""Polygon"",""coordinates"":[[[77.77875,23.5096],[77.7794,23.5096],[77.7794,23.51025],[77.77875,23.51025],[77.77875,23.5096]]]}",2026-05-09T12:00:00,2026-09-10T12:00:00,SYNTHETIC DEMO DATA — NOT OFFICIAL GOVERNMENT RECORDS
P1126,P1126,PERSON-126,Anjali Jain 7,"Sector 1, Madhav Nagar, Vidisha",6,Madhav Nagar,Vidisha,Vidisha,Madhya Pradesh,464026,SUR-20125,KHA-50125,165.0,Mixed Use,Urban Parcel,23.51075,77.77875,"{""type"":""Polygon"",""coordinates"":[[[77.77875,23.51075],[77.7794,23.51075],[77.7794,23.5114],[77.77875,23.5114],[77.77875,23.51075]]]}",2026-05-08T12:00:00,2026-09-10T12:00:00,SYNTHETIC DEMO DATA — NOT OFFICIAL GOVERNMENT RECORDS
P1127,P1127,PERSON-127,Vikram Mehta 7,"Sector 2, Raisen Link, Vidisha",7,Raisen Link,Vidisha,Vidisha,Madhya Pradesh,464027,SUR-20126,KHA-50126,212.23,Vacant Land,Urban Parcel,23.5119,77.77875,"{""type"":""Polygon"",""coordinates"":[[[77.77875,23.5119],[77.7794,23.5119],[77.7794,23.51255],[77.77875,23.51255],[77.77875,23.5119]]]}",2026-05-07T12:00:00,2026-09-10T12:00:00,SYNTHETIC DEMO DATA — NOT OFFICIAL GOVERNMENT RECORDS
P1128,P1128,PERSON-128,Kavita Joshi 7,"Sector 3, Vidisha Urban, Vidisha",8,Vidisha Urban,Vidisha,Vidisha,Madhya Pradesh,464028,SUR-20127,KHA-50127,259.82,Public/Semi-Public,Urban Parcel,23.51305,77.77875,"{""type"":""Polygon"",""coordinates"":[[[77.77875,23.51305],[77.7794,23.51305],[77.7794,23.5137],[77.77875,23.5137],[77.77875,23.51305]]]}",2026-05-06T12:00:00,2026-09-10T12:00:00,SYNTHETIC DEMO DATA — NOT OFFICIAL GOVERNMENT RECORDS
P1129,P1129,PERSON-129,Manoj Gupta 7,"Sector 4, Sanchi Road, Vidisha",9,Sanchi Road,Vidisha,Vidisha,Madhya Pradesh,464029,SUR-20128,KHA-50128,306.78,Residential,Urban Parcel,23.5142,77.77875,"{""type"":""Polygon"",""coordinates"":[[[77.77875,23.5142],[77.7794,23.5142],[77.7794,23.51485],[77.77875,23.51485],[77.77875,23.5142]]]}",2026-05-05T12:00:00,2026-09-10T12:00:00,SYNTHETIC DEMO DATA — NOT OFFICIAL GOVERNMENT RECORDS
P1130,P1130,PERSON-130,Ritu Mishra 7,"Sector 5, Betwa Nagar, Vidisha",10,Betwa Nagar,Vidisha,Vidisha,Madhya Pradesh,464030,SUR-20129,KHA-50129,353.42,Commercial,Urban Parcel,23.51535,77.77875,"{""type"":""Polygon"",""coordinates"":[[[77.77875,23.51535],[77.7794,23.51535],[77.7794,23.516],[77.77875,23.516],[77.77875,23.51535]]]}",2026-05-04T12:00:00,2026-09-10T12:00:00,SYNTHETIC DEMO DATA — NOT OFFICIAL GOVERNMENT RECORDS
P1131,P1131,PERSON-131,Arjun Malviya 7,"Sector 6, Ganj Basoda Road, Vidisha",11,Ganj Basoda Road,Vidisha,Vidisha,Madhya Pradesh,464031,SUR-20130,KHA-50130,400.82,Industrial,Urban Parcel,23.5165,77.77875,"{""type"":""Polygon"",""coordinates"":[[[77.77875,23.5165],[77.7794,23.5165],[77.7794,23.51715],[77.77875,23.51715],[77.77875,23.5165]]]}",2026-05-03T12:00:00,2026-09-10T12:00:00,SYNTHETIC DEMO DATA — NOT OFFICIAL GOVERNMENT RECORDS
P1132,P1132,PERSON-132,Pooja Thakur 7,"Sector 7, Civil Lines Extension, Vidisha",12,Civil Lines Extension,Vidisha,Vidisha,Madhya Pradesh,464032,SUR-20131,KHA-50131,447.55,Agricultural,Urban Parcel,23.51765,77.77875,"{""type"":""Polygon"",""coordinates"":[[[77.77875,23.51765],[77.7794,23.51765],[77.7794,23.5183],[77.77875,23.5183],[77.77875,23.51765]]]}",2026-05-02T12:00:00,2026-09-10T12:00:00,SYNTHETIC DEMO DATA — NOT OFFICIAL GOVERNMENT RECORDS
P1133,P1133,PERSON-133,Nitin Saxena 7,"Sector 8, Kachhi Khedi, Vidisha",1,Kachhi Khedi,Vidisha,Vidisha,Madhya Pradesh,464033,SUR-20132,KHA-50132,494.01,Institutional,Urban Parcel,23.5188,77.77875,"{""type"":""Polygon"",""coordinates"":[[[77.77875,23.5188],[77.7794,23.5188],[77.7794,23.51945],[77.77875,23.51945],[77.77875,23.5188]]]}",2026-05-01T12:00:00,2026-09-10T12:00:00,SYNTHETIC DEMO DATA — NOT OFFICIAL GOVERNMENT RECORDS
P1134,P1134,PERSON-134,Meera Chouhan 7,"Sector 9, Madhav Nagar, Vidisha",2,Madhav Nagar,Vidisha,Vidisha,Madhya Pradesh,464034,SUR-20133,KHA-50133,541.71,Mixed Use,Urban Parcel,23.51995,77.77875,"{""type"":""Polygon"",""coordinates"":[[[77.77875,23.51995],[77.7794,23.51995],[77.7794,23.5206],[77.77875,23.5206],[77.77875,23.51995]]]}",2026-04-30T12:00:00,2026-09-10T12:00:00,SYNTHETIC DEMO DATA — NOT OFFICIAL GOVERNMENT RECORDS
P1135,P1135,PERSON-135,Deepak Tiwari 7,"Sector 10, Raisen Link, Vidisha",3,Raisen Link,Vidisha,Vidisha,Madhya Pradesh,464035,SUR-20134,KHA-50134,588.41,Vacant Land,Urban Parcel,23.5211,77.77875,"{""type"":""Polygon"",""coordinates"":[[[77.77875,23.5211],[77.7794,23.5211],[77.7794,23.52175],[77.77875,23.52175],[77.77875,23.5211]]]}",2026-04-29T12:00:00,2026-09-10T12:00:00,SYNTHETIC DEMO DATA — NOT OFFICIAL GOVERNMENT RECORDS
P1136,P1136,PERSON-136,Sunita Rathore 7,"Sector 11, Vidisha Urban, Vidisha",4,Vidisha Urban,Vidisha,Vidisha,Madhya Pradesh,464036,SUR-20135,KHA-50135,635.42,Public/Semi-Public,Urban Parcel,23.52225,77.77875,"{""type"":""Polygon"",""coordinates"":[[[77.77875,23.52225],[77.7794,23.52225],[77.7794,23.5229],[77.77875,23.5229],[77.77875,23.52225]]]}",2026-04-28T12:00:00,2026-09-10T12:00:00,SYNTHETIC DEMO DATA — NOT OFFICIAL GOVERNMENT RECORDS
P1137,P1137,PERSON-137,Karan Dubey 7,"Sector 12, Sanchi Road, Vidisha",5,Sanchi Road,Vidisha,Vidisha,Madhya Pradesh,464037,SUR-20136,KHA-50136,682.66,Residential,Urban Parcel,23.5234,77.77875,"{""type"":""Polygon"",""coordinates"":[[[77.77875,23.5234],[77.7794,23.5234],[77.7794,23.52405],[77.77875,23.52405],[77.77875,23.5234]]]}",2026-04-27T12:00:00,2026-09-10T12:00:00,SYNTHETIC DEMO DATA — NOT OFFICIAL GOVERNMENT RECORDS
P1138,P1138,PERSON-138,Isha Kulkarni 7,"Sector 13, Betwa Nagar, Vidisha",6,Betwa Nagar,Vidisha,Vidisha,Madhya Pradesh,464038,SUR-20137,KHA-50137,729.9,Commercial,Urban Parcel,23.52455,77.77875,"{""type"":""Polygon"",""coordinates"":[[[77.77875,23.52455],[77.7794,23.52455],[77.7794,23.5252],[77.77875,23.5252],[77.77875,23.52455]]]}",2026-04-26T12:00:00,2026-09-10T12:00:00,SYNTHETIC DEMO DATA — NOT OFFICIAL GOVERNMENT RECORDS
P1139,P1139,PERSON-139,Mohan Solanki 7,"Sector 14, Ganj Basoda Road, Vidisha",7,Ganj Basoda Road,Vidisha,Vidisha,Madhya Pradesh,464039,SUR-20138,KHA-50138,776.65,Industrial,Urban Parcel,23.5257,77.77875,"{""type"":""Polygon"",""coordinates"":[[[77.77875,23.5257],[77.7794,23.5257],[77.7794,23.52635],[77.77875,23.52635],[77.77875,23.5257]]]}",2026-04-25T12:00:00,2026-09-10T12:00:00,SYNTHETIC DEMO DATA — NOT OFFICIAL GOVERNMENT RECORDS
P1140,P1140,PERSON-140,Rekha Bansal 7,"Sector 15, Civil Lines Extension, Vidisha",8,Civil Lines Extension,Vidisha,Vidisha,Madhya Pradesh,464040,SUR-20139,KHA-50139,823.25,Agricultural,Urban Parcel,23.52685,77.77875,"{""type"":""Polygon"",""coordinates"":[[[77.77875,23.52685],[77.7794,23.52685],[77.7794,23.5275],[77.77875,23.5275],[77.77875,23.52685]]]}",2026-04-24T12:00:00,2026-09-10T12:00:00,SYNTHETIC DEMO DATA — NOT OFFICIAL GOVERNMENT RECORDS
P1141,P1141,PERSON-141,Rahul Sharma 8,"Sector 16, Kachhi Khedi, Vidisha",9,Kachhi Khedi,Vidisha,Vidisha,Madhya Pradesh,464041,SUR-20140,KHA-50140,870.14,Institutional,Urban Parcel,23.528,77.77875,"{""type"":""Polygon"",""coordinates"":[[[77.77875,23.528],[77.7794,23.528],[77.7794,23.52865],[77.77875,23.52865],[77.77875,23.528]]]}",2026-04-23T12:00:00,2026-09-10T12:00:00,SYNTHETIC DEMO DATA — NOT OFFICIAL GOVERNMENT RECORDS
P1142,P1142,PERSON-142,Amit Verma 8,"Sector 17, Madhav Nagar, Vidisha",10,Madhav Nagar,Vidisha,Vidisha,Madhya Pradesh,464042,SUR-20141,KHA-50141,917.96,Mixed Use,Urban Parcel,23.52915,77.77875,"{""type"":""Polygon"",""coordinates"":[[[77.77875,23.52915],[77.7794,23.52915],[77.7794,23.5298],[77.77875,23.5298],[77.77875,23.52915]]]}",2026-04-22T12:00:00,2026-09-10T12:00:00,SYNTHETIC DEMO DATA — NOT OFFICIAL GOVERNMENT RECORDS
P1143,P1143,PERSON-143,Neha Patel 8,"Sector 18, Raisen Link, Vidisha",11,Raisen Link,Vidisha,Vidisha,Madhya Pradesh,464043,SUR-20142,KHA-50142,964.98,Vacant Land,Urban Parcel,23.5303,77.77875,"{""type"":""Polygon"",""coordinates"":[[[77.77875,23.5303],[77.7794,23.5303],[77.7794,23.53095],[77.77875,23.53095],[77.77875,23.5303]]]}",2026-04-21T12:00:00,2026-09-10T12:00:00,SYNTHETIC DEMO DATA — NOT OFFICIAL GOVERNMENT RECORDS
P1144,P1144,PERSON-144,Priya Singh 8,"Sector 19, Vidisha Urban, Vidisha",12,Vidisha Urban,Vidisha,Vidisha,Madhya Pradesh,464044,SUR-20143,KHA-50143,1011.34,Public/Semi-Public,Urban Parcel,23.53145,77.77875,"{""type"":""Polygon"",""coordinates"":[[[77.77875,23.53145],[77.7794,23.53145],[77.7794,23.5321],[77.77875,23.5321],[77.77875,23.53145]]]}",2026-04-20T12:00:00,2026-09-10T12:00:00,SYNTHETIC DEMO DATA — NOT OFFICIAL GOVERNMENT RECORDS
P1145,P1145,PERSON-145,Suresh Yadav 8,"Sector 20, Sanchi Road, Vidisha",1,Sanchi Road,Vidisha,Vidisha,Madhya Pradesh,464045,SUR-20144,KHA-50144,1058.91,Residential,Urban Parcel,23.5326,77.77875,"{""type"":""Polygon"",""coordinates"":[[[77.77875,23.5326],[77.7794,23.5326],[77.7794,23.53325],[77.77875,23.53325],[77.77875,23.5326]]]}",2026-04-19T12:00:00,2026-09-10T12:00:00,SYNTHETIC DEMO DATA — NOT OFFICIAL GOVERNMENT RECORDS
P1146,P1146,PERSON-146,Anjali Jain 8,"Sector 21, Betwa Nagar, Vidisha",2,Betwa Nagar,Vidisha,Vidisha,Madhya Pradesh,464046,SUR-20145,KHA-50145,1105.81,Commercial,Urban Parcel,23.53375,77.77875,"{""type"":""Polygon"",""coordinates"":[[[77.77875,23.53375],[77.7794,23.53375],[77.7794,23.5344],[77.77875,23.5344],[77.77875,23.53375]]]}",2026-04-18T12:00:00,2026-09-10T12:00:00,SYNTHETIC DEMO DATA — NOT OFFICIAL GOVERNMENT RECORDS
P1147,P1147,PERSON-147,Vikram Mehta 8,"Sector 22, Ganj Basoda Road, Vidisha",3,Ganj Basoda Road,Vidisha,Vidisha,Madhya Pradesh,464047,SUR-20146,KHA-50146,1152.08,Industrial,Urban Parcel,23.5349,77.77875,"{""type"":""Polygon"",""coordinates"":[[[77.77875,23.5349],[77.7794,23.5349],[77.7794,23.53555],[77.77875,23.53555],[77.77875,23.5349]]]}",2026-04-17T12:00:00,2026-09-10T12:00:00,SYNTHETIC DEMO DATA — NOT OFFICIAL GOVERNMENT RECORDS
P1148,P1148,PERSON-148,Kavita Joshi 8,"Sector 23, Civil Lines Extension, Vidisha",4,Civil Lines Extension,Vidisha,Vidisha,Madhya Pradesh,464048,SUR-20147,KHA-50147,1199.8,Agricultural,Urban Parcel,23.53605,77.77875,"{""type"":""Polygon"",""coordinates"":[[[77.77875,23.53605],[77.7794,23.53605],[77.7794,23.5367],[77.77875,23.5367],[77.77875,23.53605]]]}",2026-04-16T12:00:00,2026-09-10T12:00:00,SYNTHETIC DEMO DATA — NOT OFFICIAL GOVERNMENT RECORDS
P1149,P1149,PERSON-149,Manoj Gupta 8,"Sector 24, Kachhi Khedi, Vidisha",5,Kachhi Khedi,Vidisha,Vidisha,Madhya Pradesh,464049,SUR-20148,KHA-50148,1246.56,Institutional,Urban Parcel,23.5372,77.77875,"{""type"":""Polygon"",""coordinates"":[[[77.77875,23.5372],[77.7794,23.5372],[77.7794,23.53785],[77.77875,23.53785],[77.77875,23.5372]]]}",2026-04-15T12:00:00,2026-09-10T12:00:00,SYNTHETIC DEMO DATA — NOT OFFICIAL GOVERNMENT RECORDS
P1150,P1150,PERSON-150,Ritu Mishra 8,"Sector 25, Madhav Nagar, Vidisha",6,Madhav Nagar,Vidisha,Vidisha,Madhya Pradesh,464050,SUR-20149,KHA-50149,1293.75,Mixed Use,Urban Parcel,23.53835,77.77875,"{""type"":""Polygon"",""coordinates"":[[[77.77875,23.53835],[77.7794,23.53835],[77.7794,23.539],[77.77875,23.539],[77.77875,23.53835]]]}",2026-04-14T12:00:00,2026-09-10T12:00:00,SYNTHETIC DEMO DATA — NOT OFFICIAL GOVERNMENT RECORDS
P1151,P1151,PERSON-151,Arjun Malviya 8,"Sector 1, Raisen Link, Vidisha",7,Raisen Link,Vidisha,Vidisha,Madhya Pradesh,464051,SUR-20150,KHA-50150,1340.75,Vacant Land,Urban Parcel,23.5395,77.77875,"{""type"":""Polygon"",""coordinates"":[[[77.77875,23.5395],[77.7794,23.5395],[77.7794,23.54015],[77.77875,23.54015],[77.77875,23.5395]]]}",2026-04-13T12:00:00,2026-09-10T12:00:00,SYNTHETIC DEMO DATA — NOT OFFICIAL GOVERNMENT RECORDS
P1152,P1152,PERSON-152,Pooja Thakur 8,"Sector 2, Vidisha Urban, Vidisha",8,Vidisha Urban,Vidisha,Vidisha,Madhya Pradesh,464052,SUR-20151,KHA-50151,1387.99,Public/Semi-Public,Urban Parcel,23.54065,77.77875,"{""type"":""Polygon"",""coordinates"":[[[77.77875,23.54065],[77.7794,23.54065],[77.7794,23.5413],[77.77875,23.5413],[77.77875,23.54065]]]}",2026-04-12T12:00:00,2026-09-10T12:00:00,SYNTHETIC DEMO DATA — NOT OFFICIAL GOVERNMENT RECORDS
P1153,P1153,PERSON-153,Nitin Saxena 8,"Sector 3, Sanchi Road, Vidisha",9,Sanchi Road,Vidisha,Vidisha,Madhya Pradesh,464053,SUR-20152,KHA-50152,1434.15,Residential,Urban Parcel,23.5418,77.77875,"{""type"":""Polygon"",""coordinates"":[[[77.77875,23.5418],[77.7794,23.5418],[77.7794,23.54245],[77.77875,23.54245],[77.77875,23.5418]]]}",2026-04-11T12:00:00,2026-09-10T12:00:00,SYNTHETIC DEMO DATA — NOT OFFICIAL GOVERNMENT RECORDS
P1154,P1154,PERSON-154,Meera Chouhan 8,"Sector 4, Betwa Nagar, Vidisha",10,Betwa Nagar,Vidisha,Vidisha,Madhya Pradesh,464054,SUR-20153,KHA-50153,1481.15,Commercial,Urban Parcel,23.54295,77.77875,"{""type"":""Polygon"",""coordinates"":[[[77.77875,23.54295],[77.7794,23.54295],[77.7794,23.5436],[77.77875,23.5436],[77.77875,23.54295]]]}",2026-04-10T12:00:00,2026-09-10T12:00:00,SYNTHETIC DEMO DATA — NOT OFFICIAL GOVERNMENT RECORDS
P1155,P1155,PERSON-155,Deepak Tiwari 8,"Sector 5, Ganj Basoda Road, Vidisha",11,Ganj Basoda Road,Vidisha,Vidisha,Madhya Pradesh,464055,SUR-20154,KHA-50154,1528.46,Industrial,Urban Parcel,23.5441,77.77875,"{""type"":""Polygon"",""coordinates"":[[[77.77875,23.5441],[77.7794,23.5441],[77.7794,23.54475],[77.77875,23.54475],[77.77875,23.5441]]]}",2026-04-09T12:00:00,2026-09-10T12:00:00,SYNTHETIC DEMO DATA — NOT OFFICIAL GOVERNMENT RECORDS
P1156,P1156,PERSON-156,Sunita Rathore 8,"Sector 6, Civil Lines Extension, Vidisha",12,Civil Lines Extension,Vidisha,Vidisha,Madhya Pradesh,464056,SUR-20155,KHA-50155,125.73,Agricultural,Urban Parcel,23.54525,77.77875,"{""type"":""Polygon"",""coordinates"":[[[77.77875,23.54525],[77.7794,23.54525],[77.7794,23.5459],[77.77875,23.5459],[77.77875,23.54525]]]}",2026-04-08T12:00:00,2026-09-10T12:00:00,SYNTHETIC DEMO DATA — NOT OFFICIAL GOVERNMENT RECORDS
P1157,P1157,PERSON-157,Karan Dubey 8,"Sector 7, Kachhi Khedi, Vidisha",1,Kachhi Khedi,Vidisha,Vidisha,Madhya Pradesh,464057,SUR-20156,KHA-50156,172.41,Institutional,Urban Parcel,23.5464,77.77875,"{""type"":""Polygon"",""coordinates"":[[[77.77875,23.5464],[77.7794,23.5464],[77.7794,23.54705],[77.77875,23.54705],[77.77875,23.5464]]]}",2026-04-07T12:00:00,2026-09-10T12:00:00,SYNTHETIC DEMO DATA — NOT OFFICIAL GOVERNMENT RECORDS
P1158,P1158,PERSON-158,Isha Kulkarni 8,"Sector 8, Madhav Nagar, Vidisha",2,Madhav Nagar,Vidisha,Vidisha,Madhya Pradesh,464058,SUR-20157,KHA-50157,219.54,Mixed Use,Urban Parcel,23.54755,77.77875,"{""type"":""Polygon"",""coordinates"":[[[77.77875,23.54755],[77.7794,23.54755],[77.7794,23.5482],[77.77875,23.5482],[77.77875,23.54755]]]}",2026-04-06T12:00:00,2026-09-10T12:00:00,SYNTHETIC DEMO DATA — NOT OFFICIAL GOVERNMENT RECORDS
P1159,P1159,PERSON-159,Mohan Solanki 8,"Sector 9, Raisen Link, Vidisha",3,Raisen Link,Vidisha,Vidisha,Madhya Pradesh,464059,SUR-20158,KHA-50158,266.67,Vacant Land,Urban Parcel,23.5487,77.77875,"{""type"":""Polygon"",""coordinates"":[[[77.77875,23.5487],[77.7794,23.5487],[77.7794,23.54935],[77.77875,23.54935],[77.77875,23.5487]]]}",2026-04-05T12:00:00,2026-09-10T12:00:00,SYNTHETIC DEMO DATA — NOT OFFICIAL GOVERNMENT RECORDS
P1160,P1160,PERSON-160,Rekha Bansal 8,"Sector 10, Vidisha Urban, Vidisha",4,Vidisha Urban,Vidisha,Vidisha,Madhya Pradesh,464060,SUR-20159,KHA-50159,313.04,Public/Semi-Public,Urban Parcel,23.54985,77.77875,"{""type"":""Polygon"",""coordinates"":[[[77.77875,23.54985],[77.7794,23.54985],[77.7794,23.5505],[77.77875,23.5505],[77.77875,23.54985]]]}",2026-04-04T12:00:00,2026-09-10T12:00:00,SYNTHETIC DEMO DATA — NOT OFFICIAL GOVERNMENT RECORDS
P1161,P1161,PERSON-161,Rahul Sharma 9,"Sector 11, Sanchi Road, Vidisha",5,Sanchi Road,Vidisha,Vidisha,Madhya Pradesh,464061,SUR-20160,KHA-50160,360.26,Residential,Urban Parcel,23.505,77.78,"{""type"":""Polygon"",""coordinates"":[[[77.78,23.505],[77.78065,23.505],[77.78065,23.50565],[77.78,23.50565],[77.78,23.505]]]}",2026-04-03T12:00:00,2026-09-10T12:00:00,SYNTHETIC DEMO DATA — NOT OFFICIAL GOVERNMENT RECORDS
P1162,P1162,PERSON-162,Amit Verma 9,"Sector 12, Betwa Nagar, Vidisha",6,Betwa Nagar,Vidisha,Vidisha,Madhya Pradesh,464062,SUR-20161,KHA-50161,407.33,Commercial,Urban Parcel,23.50615,77.78,"{""type"":""Polygon"",""coordinates"":[[[77.78,23.50615],[77.78065,23.50615],[77.78065,23.5068],[77.78,23.5068],[77.78,23.50615]]]}",2026-04-02T12:00:00,2026-09-10T12:00:00,SYNTHETIC DEMO DATA — NOT OFFICIAL GOVERNMENT RECORDS
P1163,P1163,PERSON-163,Neha Patel 9,"Sector 13, Ganj Basoda Road, Vidisha",7,Ganj Basoda Road,Vidisha,Vidisha,Madhya Pradesh,464063,SUR-20162,KHA-50162,454.66,Industrial,Urban Parcel,23.5073,77.78,"{""type"":""Polygon"",""coordinates"":[[[77.78,23.5073],[77.78065,23.5073],[77.78065,23.50795],[77.78,23.50795],[77.78,23.5073]]]}",2026-04-01T12:00:00,2026-09-10T12:00:00,SYNTHETIC DEMO DATA — NOT OFFICIAL GOVERNMENT RECORDS
P1164,P1164,PERSON-164,Priya Singh 9,"Sector 14, Civil Lines Extension, Vidisha",8,Civil Lines Extension,Vidisha,Vidisha,Madhya Pradesh,464064,SUR-20163,KHA-50163,501.6,Agricultural,Urban Parcel,23.50845,77.78,"{""type"":""Polygon"",""coordinates"":[[[77.78,23.50845],[77.78065,23.50845],[77.78065,23.5091],[77.78,23.5091],[77.78,23.50845]]]}",2026-03-31T12:00:00,2026-09-10T12:00:00,SYNTHETIC DEMO DATA — NOT OFFICIAL GOVERNMENT RECORDS
P1165,P1165,PERSON-165,Suresh Yadav 9,"Sector 15, Kachhi Khedi, Vidisha",9,Kachhi Khedi,Vidisha,Vidisha,Madhya Pradesh,464065,SUR-20164,KHA-50164,548.32,Institutional,Urban Parcel,23.5096,77.78,"{""type"":""Polygon"",""coordinates"":[[[77.78,23.5096],[77.78065,23.5096],[77.78065,23.51025],[77.78,23.51025],[77.78,23.5096]]]}",2026-03-30T12:00:00,2026-09-10T12:00:00,SYNTHETIC DEMO DATA — NOT OFFICIAL GOVERNMENT RECORDS
P1166,P1166,PERSON-166,Anjali Jain 9,"Sector 16, Madhav Nagar, Vidisha",10,Madhav Nagar,Vidisha,Vidisha,Madhya Pradesh,464066,SUR-20165,KHA-50165,595.56,Mixed Use,Urban Parcel,23.51075,77.78,"{""type"":""Polygon"",""coordinates"":[[[77.78,23.51075],[77.78065,23.51075],[77.78065,23.5114],[77.78,23.5114],[77.78,23.51075]]]}",2026-03-29T12:00:00,2026-09-10T12:00:00,SYNTHETIC DEMO DATA — NOT OFFICIAL GOVERNMENT RECORDS
P1167,P1167,PERSON-167,Vikram Mehta 9,"Sector 17, Raisen Link, Vidisha",11,Raisen Link,Vidisha,Vidisha,Madhya Pradesh,464067,SUR-20166,KHA-50166,642.73,Vacant Land,Urban Parcel,23.5119,77.78,"{""type"":""Polygon"",""coordinates"":[[[77.78,23.5119],[77.78065,23.5119],[77.78065,23.51255],[77.78,23.51255],[77.78,23.5119]]]}",2026-03-28T12:00:00,2026-09-10T12:00:00,SYNTHETIC DEMO DATA — NOT OFFICIAL GOVERNMENT RECORDS
P1168,P1168,PERSON-168,Kavita Joshi 9,"Sector 18, Vidisha Urban, Vidisha",12,Vidisha Urban,Vidisha,Vidisha,Madhya Pradesh,464068,SUR-20167,KHA-50167,689.67,Public/Semi-Public,Urban Parcel,23.51305,77.78,"{""type"":""Polygon"",""coordinates"":[[[77.78,23.51305],[77.78065,23.51305],[77.78065,23.5137],[77.78,23.5137],[77.78,23.51305]]]}",2026-03-27T12:00:00,2026-09-10T12:00:00,SYNTHETIC DEMO DATA — NOT OFFICIAL GOVERNMENT RECORDS
P1169,P1169,PERSON-169,Manoj Gupta 9,"Sector 19, Sanchi Road, Vidisha",1,Sanchi Road,Vidisha,Vidisha,Madhya Pradesh,464069,SUR-20168,KHA-50168,736.91,Residential,Urban Parcel,23.5142,77.78,"{""type"":""Polygon"",""coordinates"":[[[77.78,23.5142],[77.78065,23.5142],[77.78065,23.51485],[77.78,23.51485],[77.78,23.5142]]]}",2026-03-26T12:00:00,2026-09-10T12:00:00,SYNTHETIC DEMO DATA — NOT OFFICIAL GOVERNMENT RECORDS
P1170,P1170,PERSON-170,Ritu Mishra 9,"Sector 20, Betwa Nagar, Vidisha",2,Betwa Nagar,Vidisha,Vidisha,Madhya Pradesh,464070,SUR-20169,KHA-50169,783.59,Commercial,Urban Parcel,23.51535,77.78,"{""type"":""Polygon"",""coordinates"":[[[77.78,23.51535],[77.78065,23.51535],[77.78065,23.516],[77.78,23.516],[77.78,23.51535]]]}",2026-03-25T12:00:00,2026-09-10T12:00:00,SYNTHETIC DEMO DATA — NOT OFFICIAL GOVERNMENT RECORDS
P1171,P1171,PERSON-171,Arjun Malviya 9,"Sector 21, Ganj Basoda Road, Vidisha",3,Ganj Basoda Road,Vidisha,Vidisha,Madhya Pradesh,464071,SUR-20170,KHA-50170,830.38,Industrial,Urban Parcel,23.5165,77.78,"{""type"":""Polygon"",""coordinates"":[[[77.78,23.5165],[77.78065,23.5165],[77.78065,23.51715],[77.78,23.51715],[77.78,23.5165]]]}",2026-03-24T12:00:00,2026-09-10T12:00:00,SYNTHETIC DEMO DATA — NOT OFFICIAL GOVERNMENT RECORDS
P1172,P1172,PERSON-172,Pooja Thakur 9,"Sector 22, Civil Lines Extension, Vidisha",4,Civil Lines Extension,Vidisha,Vidisha,Madhya Pradesh,464072,SUR-20171,KHA-50171,877.93,Agricultural,Urban Parcel,23.51765,77.78,"{""type"":""Polygon"",""coordinates"":[[[77.78,23.51765],[77.78065,23.51765],[77.78065,23.5183],[77.78,23.5183],[77.78,23.51765]]]}",2026-03-23T12:00:00,2026-09-10T12:00:00,SYNTHETIC DEMO DATA — NOT OFFICIAL GOVERNMENT RECORDS
P1173,P1173,PERSON-173,Nitin Saxena 9,"Sector 23, Kachhi Khedi, Vidisha",5,Kachhi Khedi,Vidisha,Vidisha,Madhya Pradesh,464073,SUR-20172,KHA-50172,924.06,Institutional,Urban Parcel,23.5188,77.78,"{""type"":""Polygon"",""coordinates"":[[[77.78,23.5188],[77.78065,23.5188],[77.78065,23.51945],[77.78,23.51945],[77.78,23.5188]]]}",2026-03-22T12:00:00,2026-09-10T12:00:00,SYNTHETIC DEMO DATA — NOT OFFICIAL GOVERNMENT RECORDS
P1174,P1174,PERSON-174,Meera Chouhan 9,"Sector 24, Madhav Nagar, Vidisha",6,Madhav Nagar,Vidisha,Vidisha,Madhya Pradesh,464074,SUR-20173,KHA-50173,971.93,Mixed Use,Urban Parcel,23.51995,77.78,"{""type"":""Polygon"",""coordinates"":[[[77.78,23.51995],[77.78065,23.51995],[77.78065,23.5206],[77.78,23.5206],[77.78,23.51995]]]}",2026-03-21T12:00:00,2026-09-10T12:00:00,SYNTHETIC DEMO DATA — NOT OFFICIAL GOVERNMENT RECORDS
P1175,P1175,PERSON-175,Deepak Tiwari 9,"Sector 25, Raisen Link, Vidisha",7,Raisen Link,Vidisha,Vidisha,Madhya Pradesh,464075,SUR-20174,KHA-50174,1018.63,Vacant Land,Urban Parcel,23.5211,77.78,"{""type"":""Polygon"",""coordinates"":[[[77.78,23.5211],[77.78065,23.5211],[77.78065,23.52175],[77.78,23.52175],[77.78,23.5211]]]}",2026-03-20T12:00:00,2026-09-10T12:00:00,SYNTHETIC DEMO DATA — NOT OFFICIAL GOVERNMENT RECORDS
P1176,P1176,PERSON-176,Sunita Rathore 9,"Sector 1, Vidisha Urban, Vidisha",8,Vidisha Urban,Vidisha,Vidisha,Madhya Pradesh,464076,SUR-20175,KHA-50175,1065.43,Public/Semi-Public,Urban Parcel,23.52225,77.78,"{""type"":""Polygon"",""coordinates"":[[[77.78,23.52225],[77.78065,23.52225],[77.78065,23.5229],[77.78,23.5229],[77.78,23.52225]]]}",2026-03-19T12:00:00,2026-09-10T12:00:00,SYNTHETIC DEMO DATA — NOT OFFICIAL GOVERNMENT RECORDS
P1177,P1177,PERSON-177,Karan Dubey 9,"Sector 2, Sanchi Road, Vidisha",9,Sanchi Road,Vidisha,Vidisha,Madhya Pradesh,464077,SUR-20176,KHA-50176,1112.79,Residential,Urban Parcel,23.5234,77.78,"{""type"":""Polygon"",""coordinates"":[[[77.78,23.5234],[77.78065,23.5234],[77.78065,23.52405],[77.78,23.52405],[77.78,23.5234]]]}",2026-03-18T12:00:00,2026-09-10T12:00:00,SYNTHETIC DEMO DATA — NOT OFFICIAL GOVERNMENT RECORDS
P1178,P1178,PERSON-178,Isha Kulkarni 9,"Sector 3, Betwa Nagar, Vidisha",10,Betwa Nagar,Vidisha,Vidisha,Madhya Pradesh,464078,SUR-20177,KHA-50177,1159.16,Commercial,Urban Parcel,23.52455,77.78,"{""type"":""Polygon"",""coordinates"":[[[77.78,23.52455],[77.78065,23.52455],[77.78065,23.5252],[77.78,23.5252],[77.78,23.52455]]]}",2026-03-17T12:00:00,2026-09-10T12:00:00,SYNTHETIC DEMO DATA — NOT OFFICIAL GOVERNMENT RECORDS
P1179,P1179,PERSON-179,Mohan Solanki 9,"Sector 4, Ganj Basoda Road, Vidisha",11,Ganj Basoda Road,Vidisha,Vidisha,Madhya Pradesh,464079,SUR-20178,KHA-50178,1206.89,Industrial,Urban Parcel,23.5257,77.78,"{""type"":""Polygon"",""coordinates"":[[[77.78,23.5257],[77.78065,23.5257],[77.78065,23.52635],[77.78,23.52635],[77.78,23.5257]]]}",2026-03-16T12:00:00,2026-09-10T12:00:00,SYNTHETIC DEMO DATA — NOT OFFICIAL GOVERNMENT RECORDS
P1180,P1180,PERSON-180,Rekha Bansal 9,"Sector 5, Civil Lines Extension, Vidisha",12,Civil Lines Extension,Vidisha,Vidisha,Madhya Pradesh,464080,SUR-20179,KHA-50179,1253.27,Agricultural,Urban Parcel,23.52685,77.78,"{""type"":""Polygon"",""coordinates"":[[[77.78,23.52685],[77.78065,23.52685],[77.78065,23.5275],[77.78,23.5275],[77.78,23.52685]]]}",2026-03-15T12:00:00,2026-09-10T12:00:00,SYNTHETIC DEMO DATA — NOT OFFICIAL GOVERNMENT RECORDS
P1181,P1181,PERSON-181,Rahul Sharma 10,"Sector 6, Kachhi Khedi, Vidisha",1,Kachhi Khedi,Vidisha,Vidisha,Madhya Pradesh,464081,SUR-20180,KHA-50180,1300.23,Institutional,Urban Parcel,23.528,77.78,"{""type"":""Polygon"",""coordinates"":[[[77.78,23.528],[77.78065,23.528],[77.78065,23.52865],[77.78,23.52865],[77.78,23.528]]]}",2026-03-14T12:00:00,2026-09-10T12:00:00,SYNTHETIC DEMO DATA — NOT OFFICIAL GOVERNMENT RECORDS
P1182,P1182,PERSON-182,Amit Verma 10,"Sector 7, Madhav Nagar, Vidisha",2,Madhav Nagar,Vidisha,Vidisha,Madhya Pradesh,464082,SUR-20181,KHA-50181,1347.89,Mixed Use,Urban Parcel,23.52915,77.78,"{""type"":""Polygon"",""coordinates"":[[[77.78,23.52915],[77.78065,23.52915],[77.78065,23.5298],[77.78,23.5298],[77.78,23.52915]]]}",2026-03-13T12:00:00,2026-09-10T12:00:00,SYNTHETIC DEMO DATA — NOT OFFICIAL GOVERNMENT RECORDS
P1183,P1183,PERSON-183,Neha Patel 10,"Sector 8, Raisen Link, Vidisha",3,Raisen Link,Vidisha,Vidisha,Madhya Pradesh,464083,SUR-20182,KHA-50182,1394.43,Vacant Land,Urban Parcel,23.5303,77.78,"{""type"":""Polygon"",""coordinates"":[[[77.78,23.5303],[77.78065,23.5303],[77.78065,23.53095],[77.78,23.53095],[77.78,23.5303]]]}",2026-03-12T12:00:00,2026-09-10T12:00:00,SYNTHETIC DEMO DATA — NOT OFFICIAL GOVERNMENT RECORDS
P1184,P1184,PERSON-184,Priya Singh 10,"Sector 9, Vidisha Urban, Vidisha",4,Vidisha Urban,Vidisha,Vidisha,Madhya Pradesh,464084,SUR-20183,KHA-50183,1441.37,Public/Semi-Public,Urban Parcel,23.53145,77.78,"{""type"":""Polygon"",""coordinates"":[[[77.78,23.53145],[77.78065,23.53145],[77.78065,23.5321],[77.78,23.5321],[77.78,23.53145]]]}",2026-03-11T12:00:00,2026-09-10T12:00:00,SYNTHETIC DEMO DATA — NOT OFFICIAL GOVERNMENT RECORDS
P1185,P1185,PERSON-185,Suresh Yadav 10,"Sector 10, Sanchi Road, Vidisha",5,Sanchi Road,Vidisha,Vidisha,Madhya Pradesh,464085,SUR-20184,KHA-50184,1488.8,Residential,Urban Parcel,23.5326,77.78,"{""type"":""Polygon"",""coordinates"":[[[77.78,23.5326],[77.78065,23.5326],[77.78065,23.53325],[77.78,23.53325],[77.78,23.5326]]]}",2026-03-10T12:00:00,2026-09-10T12:00:00,SYNTHETIC DEMO DATA — NOT OFFICIAL GOVERNMENT RECORDS
P1186,P1186,PERSON-186,Anjali Jain 10,"Sector 11, Betwa Nagar, Vidisha",6,Betwa Nagar,Vidisha,Vidisha,Madhya Pradesh,464086,SUR-20185,KHA-50185,1535.66,Commercial,Urban Parcel,23.53375,77.78,"{""type"":""Polygon"",""coordinates"":[[[77.78,23.53375],[77.78065,23.53375],[77.78065,23.5344],[77.78,23.5344],[77.78,23.53375]]]}",2026-03-09T12:00:00,2026-09-10T12:00:00,SYNTHETIC DEMO DATA — NOT OFFICIAL GOVERNMENT RECORDS
P1187,P1187,PERSON-187,Vikram Mehta 10,"Sector 12, Ganj Basoda Road, Vidisha",7,Ganj Basoda Road,Vidisha,Vidisha,Madhya Pradesh,464087,SUR-20186,KHA-50186,132.37,Industrial,Urban Parcel,23.5349,77.78,"{""type"":""Polygon"",""coordinates"":[[[77.78,23.5349],[77.78065,23.5349],[77.78065,23.53555],[77.78,23.53555],[77.78,23.5349]]]}",2026-03-08T12:00:00,2026-09-10T12:00:00,SYNTHETIC DEMO DATA — NOT OFFICIAL GOVERNMENT RECORDS
P1188,P1188,PERSON-188,Kavita Joshi 10,"Sector 13, Civil Lines Extension, Vidisha",8,Civil Lines Extension,Vidisha,Vidisha,Madhya Pradesh,464088,SUR-20187,KHA-50187,179.96,Agricultural,Urban Parcel,23.53605,77.78,"{""type"":""Polygon"",""coordinates"":[[[77.78,23.53605],[77.78065,23.53605],[77.78065,23.5367],[77.78,23.5367],[77.78,23.53605]]]}",2026-03-07T12:00:00,2026-09-10T12:00:00,SYNTHETIC DEMO DATA — NOT OFFICIAL GOVERNMENT RECORDS
P1189,P1189,PERSON-189,Manoj Gupta 10,"Sector 14, Kachhi Khedi, Vidisha",9,Kachhi Khedi,Vidisha,Vidisha,Madhya Pradesh,464089,SUR-20188,KHA-50188,226.67,Institutional,Urban Parcel,23.5372,77.78,"{""type"":""Polygon"",""coordinates"":[[[77.78,23.5372],[77.78065,23.5372],[77.78065,23.53785],[77.78,23.53785],[77.78,23.5372]]]}",2026-03-06T12:00:00,2026-09-10T12:00:00,SYNTHETIC DEMO DATA — NOT OFFICIAL GOVERNMENT RECORDS
P1190,P1190,PERSON-190,Ritu Mishra 10,"Sector 15, Madhav Nagar, Vidisha",10,Madhav Nagar,Vidisha,Vidisha,Madhya Pradesh,464090,SUR-20189,KHA-50189,273.58,Mixed Use,Urban Parcel,23.53835,77.78,"{""type"":""Polygon"",""coordinates"":[[[77.78,23.53835],[77.78065,23.53835],[77.78065,23.539],[77.78,23.539],[77.78,23.53835]]]}",2026-03-05T12:00:00,2026-09-10T12:00:00,SYNTHETIC DEMO DATA — NOT OFFICIAL GOVERNMENT RECORDS
P1191,P1191,PERSON-191,Arjun Malviya 10,"Sector 16, Raisen Link, Vidisha",11,Raisen Link,Vidisha,Vidisha,Madhya Pradesh,464091,SUR-20190,KHA-50190,320.44,Vacant Land,Urban Parcel,23.5395,77.78,"{""type"":""Polygon"",""coordinates"":[[[77.78,23.5395],[77.78065,23.5395],[77.78065,23.54015],[77.78,23.54015],[77.78,23.5395]]]}",2026-03-04T12:00:00,2026-09-10T12:00:00,SYNTHETIC DEMO DATA — NOT OFFICIAL GOVERNMENT RECORDS
P1192,P1192,PERSON-192,Pooja Thakur 10,"Sector 17, Vidisha Urban, Vidisha",12,Vidisha Urban,Vidisha,Vidisha,Madhya Pradesh,464092,SUR-20191,KHA-50191,367.28,Public/Semi-Public,Urban Parcel,23.54065,77.78,"{""type"":""Polygon"",""coordinates"":[[[77.78,23.54065],[77.78065,23.54065],[77.78065,23.5413],[77.78,23.5413],[77.78,23.54065]]]}",2026-03-03T12:00:00,2026-09-10T12:00:00,SYNTHETIC DEMO DATA — NOT OFFICIAL GOVERNMENT RECORDS
P1193,P1193,PERSON-193,Nitin Saxena 10,"Sector 18, Sanchi Road, Vidisha",1,Sanchi Road,Vidisha,Vidisha,Madhya Pradesh,464093,SUR-20192,KHA-50192,414.91,Residential,Urban Parcel,23.5418,77.78,"{""type"":""Polygon"",""coordinates"":[[[77.78,23.5418],[77.78065,23.5418],[77.78065,23.54245],[77.78,23.54245],[77.78,23.5418]]]}",2026-03-02T12:00:00,2026-09-10T12:00:00,SYNTHETIC DEMO DATA — NOT OFFICIAL GOVERNMENT RECORDS
P1194,P1194,PERSON-194,Meera Chouhan 10,"Sector 19, Betwa Nagar, Vidisha",2,Betwa Nagar,Vidisha,Vidisha,Madhya Pradesh,464094,SUR-20193,KHA-50193,461.83,Commercial,Urban Parcel,23.54295,77.78,"{""type"":""Polygon"",""coordinates"":[[[77.78,23.54295],[77.78065,23.54295],[77.78065,23.5436],[77.78,23.5436],[77.78,23.54295]]]}",2026-03-01T12:00:00,2026-09-10T12:00:00,SYNTHETIC DEMO DATA — NOT OFFICIAL GOVERNMENT RECORDS
P1195,P1195,PERSON-195,Deepak Tiwari 10,"Sector 20, Ganj Basoda Road, Vidisha",3,Ganj Basoda Road,Vidisha,Vidisha,Madhya Pradesh,464095,SUR-20194,KHA-50194,508.33,Industrial,Urban Parcel,23.5441,77.78,"{""type"":""Polygon"",""coordinates"":[[[77.78,23.5441],[77.78065,23.5441],[77.78065,23.54475],[77.78,23.54475],[77.78,23.5441]]]}",2026-02-28T12:00:00,2026-09-10T12:00:00,SYNTHETIC DEMO DATA — NOT OFFICIAL GOVERNMENT RECORDS
P1196,P1196,PERSON-196,Sunita Rathore 10,"Sector 21, Civil Lines Extension, Vidisha",4,Civil Lines Extension,Vidisha,Vidisha,Madhya Pradesh,464096,SUR-20195,KHA-50195,555.28,Agricultural,Urban Parcel,23.54525,77.78,"{""type"":""Polygon"",""coordinates"":[[[77.78,23.54525],[77.78065,23.54525],[77.78065,23.5459],[77.78,23.5459],[77.78,23.54525]]]}",2026-02-27T12:00:00,2026-09-10T12:00:00,SYNTHETIC DEMO DATA — NOT OFFICIAL GOVERNMENT RECORDS
P1197,P1197,PERSON-197,Karan Dubey 10,"Sector 22, Kachhi Khedi, Vidisha",5,Kachhi Khedi,Vidisha,Vidisha,Madhya Pradesh,464097,SUR-20196,KHA-50196,602.29,Institutional,Urban Parcel,23.5464,77.78,"{""type"":""Polygon"",""coordinates"":[[[77.78,23.5464],[77.78065,23.5464],[77.78065,23.54705],[77.78,23.54705],[77.78,23.5464]]]}",2026-02-26T12:00:00,2026-09-10T12:00:00,SYNTHETIC DEMO DATA — NOT OFFICIAL GOVERNMENT RECORDS
P1198,P1198,PERSON-198,Isha Kulkarni 10,"Sector 23, Madhav Nagar, Vidisha",6,Madhav Nagar,Vidisha,Vidisha,Madhya Pradesh,464098,SUR-20197,KHA-50197,649.74,Mixed Use,Urban Parcel,23.54755,77.78,"{""type"":""Polygon"",""coordinates"":[[[77.78,23.54755],[77.78065,23.54755],[77.78065,23.5482],[77.78,23.5482],[77.78,23.54755]]]}",2026-02-25T12:00:00,2026-09-10T12:00:00,SYNTHETIC DEMO DATA — NOT OFFICIAL GOVERNMENT RECORDS
P1199,P1199,PERSON-199,Mohan Solanki 10,"Sector 24, Raisen Link, Vidisha",7,Raisen Link,Vidisha,Vidisha,Madhya Pradesh,464099,SUR-20198,KHA-50198,696.54,Vacant Land,Urban Parcel,23.5487,77.78,"{""type"":""Polygon"",""coordinates"":[[[77.78,23.5487],[77.78065,23.5487],[77.78065,23.54935],[77.78,23.54935],[77.78,23.5487]]]}",2026-02-24T12:00:00,2026-09-10T12:00:00,SYNTHETIC DEMO DATA — NOT OFFICIAL GOVERNMENT RECORDS
P1200,P1200,PERSON-200,Rekha Bansal 10,"Sector 25, Vidisha Urban, Vidisha",8,Vidisha Urban,Vidisha,Vidisha,Madhya Pradesh,464000,SUR-20199,KHA-50199,743.69,Public/Semi-Public,Urban Parcel,23.54985,77.78,"{""type"":""Polygon"",""coordinates"":[[[77.78,23.54985],[77.78065,23.54985],[77.78065,23.5505],[77.78,23.5505],[77.78,23.54985]]]}",2026-02-23T12:00:00,2026-09-10T12:00:00,SYNTHETIC DEMO DATA — NOT OFFICIAL GOVERNMENT RECORDS
P1201,P1201,PERSON-001,Rahul Sharma,"Sector 1, Sanchi Road, Vidisha",9,Sanchi Road,Vidisha,Vidisha,Madhya Pradesh,464001,SUR-20200,KHA-50200,790.51,Residential,Urban Parcel,23.505,77.78125,"{""type"":""Polygon"",""coordinates"":[[[77.78125,23.505],[77.7819,23.505],[77.7819,23.50565],[77.78125,23.50565],[77.78125,23.505]]]}",2026-02-22T12:00:00,2026-09-10T12:00:00,SYNTHETIC DEMO DATA — NOT OFFICIAL GOVERNMENT RECORDS
P1202,P1202,PERSON-002,Amit Verma,"Sector 2, Betwa Nagar, Vidisha",10,Betwa Nagar,Vidisha,Vidisha,Madhya Pradesh,464002,SUR-20201,KHA-50201,837.11,Commercial,Urban Parcel,23.50615,77.78125,"{""type"":""Polygon"",""coordinates"":[[[77.78125,23.50615],[77.7819,23.50615],[77.7819,23.5068],[77.78125,23.5068],[77.78125,23.50615]]]}",2026-02-21T12:00:00,2026-09-10T12:00:00,SYNTHETIC DEMO DATA — NOT OFFICIAL GOVERNMENT RECORDS
P1203,P1203,PERSON-003,Neha Patel,"Sector 3, Ganj Basoda Road, Vidisha",11,Ganj Basoda Road,Vidisha,Vidisha,Madhya Pradesh,464003,SUR-20202,KHA-50202,884.69,Industrial,Urban Parcel,23.5073,77.78125,"{""type"":""Polygon"",""coordinates"":[[[77.78125,23.5073],[77.7819,23.5073],[77.7819,23.50795],[77.78125,23.50795],[77.78125,23.5073]]]}",2026-02-20T12:00:00,2026-09-10T12:00:00,SYNTHETIC DEMO DATA — NOT OFFICIAL GOVERNMENT RECORDS
P1204,P1204,PERSON-004,Priya Singh,"Sector 4, Civil Lines Extension, Vidisha",12,Civil Lines Extension,Vidisha,Vidisha,Madhya Pradesh,464004,SUR-20203,KHA-50203,931.27,Agricultural,Urban Parcel,23.50845,77.78125,"{""type"":""Polygon"",""coordinates"":[[[77.78125,23.50845],[77.7819,23.50845],[77.7819,23.5091],[77.78125,23.5091],[77.78125,23.50845]]]}",2026-02-19T12:00:00,2026-09-10T12:00:00,SYNTHETIC DEMO DATA — NOT OFFICIAL GOVERNMENT RECORDS
P1205,P1205,PERSON-005,Suresh Yadav,"Sector 5, Kachhi Khedi, Vidisha",1,Kachhi Khedi,Vidisha,Vidisha,Madhya Pradesh,464005,SUR-20204,KHA-50204,978.96,Institutional,Urban Parcel,23.5096,77.78125,"{""type"":""Polygon"",""coordinates"":[[[77.78125,23.5096],[77.7819,23.5096],[77.7819,23.51025],[77.78125,23.51025],[77.78125,23.5096]]]}",2026-02-18T12:00:00,2026-09-10T12:00:00,SYNTHETIC DEMO DATA — NOT OFFICIAL GOVERNMENT RECORDS
P1206,P1206,PERSON-006,Anjali Jain,"Sector 6, Madhav Nagar, Vidisha",2,Madhav Nagar,Vidisha,Vidisha,Madhya Pradesh,464006,SUR-20205,KHA-50205,1025.13,Mixed Use,Urban Parcel,23.51075,77.78125,"{""type"":""Polygon"",""coordinates"":[[[77.78125,23.51075],[77.7819,23.51075],[77.7819,23.5114],[77.78125,23.5114],[77.78125,23.51075]]]}",2026-02-17T12:00:00,2026-09-10T12:00:00,SYNTHETIC DEMO DATA — NOT OFFICIAL GOVERNMENT RECORDS
P1207,P1207,PERSON-007,Vikram Mehta,"Sector 7, Raisen Link, Vidisha",3,Raisen Link,Vidisha,Vidisha,Madhya Pradesh,464007,SUR-20206,KHA-50206,1072.87,Vacant Land,Urban Parcel,23.5119,77.78125,"{""type"":""Polygon"",""coordinates"":[[[77.78125,23.5119],[77.7819,23.5119],[77.7819,23.51255],[77.78125,23.51255],[77.78125,23.5119]]]}",2026-02-16T12:00:00,2026-09-10T12:00:00,SYNTHETIC DEMO DATA — NOT OFFICIAL GOVERNMENT RECORDS
P1208,P1208,PERSON-008,Kavita Joshi,"Sector 8, Vidisha Urban, Vidisha",4,Vidisha Urban,Vidisha,Vidisha,Madhya Pradesh,464008,SUR-20207,KHA-50207,1119.33,Public/Semi-Public,Urban Parcel,23.51305,77.78125,"{""type"":""Polygon"",""coordinates"":[[[77.78125,23.51305],[77.7819,23.51305],[77.7819,23.5137],[77.78125,23.5137],[77.78125,23.51305]]]}",2026-02-15T12:00:00,2026-09-10T12:00:00,SYNTHETIC DEMO DATA — NOT OFFICIAL GOVERNMENT RECORDS
P1209,P1209,PERSON-009,Manoj Gupta,"Sector 9, Sanchi Road, Vidisha",5,Sanchi Road,Vidisha,Vidisha,Madhya Pradesh,464009,SUR-20208,KHA-50208,1166.01,Residential,Urban Parcel,23.5142,77.78125,"{""type"":""Polygon"",""coordinates"":[[[77.78125,23.5142],[77.7819,23.5142],[77.7819,23.51485],[77.78125,23.51485],[77.78125,23.5142]]]}",2026-02-14T12:00:00,2026-09-10T12:00:00,SYNTHETIC DEMO DATA — NOT OFFICIAL GOVERNMENT RECORDS
P1210,P1210,PERSON-010,Ritu Mishra,"Sector 10, Betwa Nagar, Vidisha",6,Betwa Nagar,Vidisha,Vidisha,Madhya Pradesh,464010,SUR-20209,KHA-50209,1213.04,Commercial,Urban Parcel,23.51535,77.78125,"{""type"":""Polygon"",""coordinates"":[[[77.78125,23.51535],[77.7819,23.51535],[77.7819,23.516],[77.78125,23.516],[77.78125,23.51535]]]}",2026-02-13T12:00:00,2026-09-10T12:00:00,SYNTHETIC DEMO DATA — NOT OFFICIAL GOVERNMENT RECORDS
P1211,P1211,PERSON-011,Arjun Malviya,"Sector 11, Ganj Basoda Road, Vidisha",7,Ganj Basoda Road,Vidisha,Vidisha,Madhya Pradesh,464011,SUR-20210,KHA-50210,1260.19,Industrial,Urban Parcel,23.5165,77.78125,"{""type"":""Polygon"",""coordinates"":[[[77.78125,23.5165],[77.7819,23.5165],[77.7819,23.51715],[77.78125,23.51715],[77.78125,23.5165]]]}",2026-02-12T12:00:00,2026-09-10T12:00:00,SYNTHETIC DEMO DATA — NOT OFFICIAL GOVERNMENT RECORDS
P1212,P1212,PERSON-012,Pooja Thakur,"Sector 12, Civil Lines Extension, Vidisha",8,Civil Lines Extension,Vidisha,Vidisha,Madhya Pradesh,464012,SUR-20211,KHA-50211,1307.48,Agricultural,Urban Parcel,23.51765,77.78125,"{""type"":""Polygon"",""coordinates"":[[[77.78125,23.51765],[77.7819,23.51765],[77.7819,23.5183],[77.78125,23.5183],[77.78125,23.51765]]]}",2026-02-11T12:00:00,2026-09-10T12:00:00,SYNTHETIC DEMO DATA — NOT OFFICIAL GOVERNMENT RECORDS
P1213,P1213,PERSON-013,Nitin Saxena,"Sector 13, Kachhi Khedi, Vidisha",9,Kachhi Khedi,Vidisha,Vidisha,Madhya Pradesh,464013,SUR-20212,KHA-50212,1354.89,Institutional,Urban Parcel,23.5188,77.78125,"{""type"":""Polygon"",""coordinates"":[[[77.78125,23.5188],[77.7819,23.5188],[77.7819,23.51945],[77.78125,23.51945],[77.78125,23.5188]]]}",2026-02-10T12:00:00,2026-09-10T12:00:00,SYNTHETIC DEMO DATA — NOT OFFICIAL GOVERNMENT RECORDS
P1214,P1214,PERSON-014,Meera Chouhan,"Sector 14, Madhav Nagar, Vidisha",10,Madhav Nagar,Vidisha,Vidisha,Madhya Pradesh,464014,SUR-20213,KHA-50213,1401.69,Mixed Use,Urban Parcel,23.51995,77.78125,"{""type"":""Polygon"",""coordinates"":[[[77.78125,23.51995],[77.7819,23.51995],[77.7819,23.5206],[77.78125,23.5206],[77.78125,23.51995]]]}",2026-02-09T12:00:00,2026-09-10T12:00:00,SYNTHETIC DEMO DATA — NOT OFFICIAL GOVERNMENT RECORDS
P1215,P1215,PERSON-015,Deepak Tiwari,"Sector 15, Raisen Link, Vidisha",11,Raisen Link,Vidisha,Vidisha,Madhya Pradesh,464015,SUR-20214,KHA-50214,1448.87,Vacant Land,Urban Parcel,23.5211,77.78125,"{""type"":""Polygon"",""coordinates"":[[[77.78125,23.5211],[77.7819,23.5211],[77.7819,23.52175],[77.78125,23.52175],[77.78125,23.5211]]]}",2026-02-08T12:00:00,2026-09-10T12:00:00,SYNTHETIC DEMO DATA — NOT OFFICIAL GOVERNMENT RECORDS
P1216,P1216,PERSON-016,Sunita Rathore,"Sector 16, Vidisha Urban, Vidisha",12,Vidisha Urban,Vidisha,Vidisha,Madhya Pradesh,464016,SUR-20215,KHA-50215,1495.22,Public/Semi-Public,Urban Parcel,23.52225,77.78125,"{""type"":""Polygon"",""coordinates"":[[[77.78125,23.52225],[77.7819,23.52225],[77.7819,23.5229],[77.78125,23.5229],[77.78125,23.52225]]]}",2026-02-07T12:00:00,2026-09-10T12:00:00,SYNTHETIC DEMO DATA — NOT OFFICIAL GOVERNMENT RECORDS
P1217,P1217,PERSON-017,Karan Dubey,"Sector 17, Sanchi Road, Vidisha",1,Sanchi Road,Vidisha,Vidisha,Madhya Pradesh,464017,SUR-20216,KHA-50216,92.95,Residential,Urban Parcel,23.5234,77.78125,"{""type"":""Polygon"",""coordinates"":[[[77.78125,23.5234],[77.7819,23.5234],[77.7819,23.52405],[77.78125,23.52405],[77.78125,23.5234]]]}",2026-02-06T12:00:00,2026-09-10T12:00:00,SYNTHETIC DEMO DATA — NOT OFFICIAL GOVERNMENT RECORDS
P1218,P1218,PERSON-018,Isha Kulkarni,"Sector 18, Betwa Nagar, Vidisha",2,Betwa Nagar,Vidisha,Vidisha,Madhya Pradesh,464018,SUR-20217,KHA-50217,139.09,Commercial,Urban Parcel,23.52455,77.78125,"{""type"":""Polygon"",""coordinates"":[[[77.78125,23.52455],[77.7819,23.52455],[77.7819,23.5252],[77.78125,23.5252],[77.78125,23.52455]]]}",2026-02-05T12:00:00,2026-09-10T12:00:00,SYNTHETIC DEMO DATA — NOT OFFICIAL GOVERNMENT RECORDS
P1219,P1219,PERSON-019,Mohan Solanki,"Sector 19, Ganj Basoda Road, Vidisha",3,Ganj Basoda Road,Vidisha,Vidisha,Madhya Pradesh,464019,SUR-20218,KHA-50218,186.33,Industrial,Urban Parcel,23.5257,77.78125,"{""type"":""Polygon"",""coordinates"":[[[77.78125,23.5257],[77.7819,23.5257],[77.7819,23.52635],[77.78125,23.52635],[77.78125,23.5257]]]}",2026-02-04T12:00:00,2026-09-10T12:00:00,SYNTHETIC DEMO DATA — NOT OFFICIAL GOVERNMENT RECORDS
P1220,P1220,PERSON-020,Rekha Bansal,"Sector 20, Civil Lines Extension, Vidisha",4,Civil Lines Extension,Vidisha,Vidisha,Madhya Pradesh,464020,SUR-20219,KHA-50219,233.99,Agricultural,Urban Parcel,23.52685,77.78125,"{""type"":""Polygon"",""coordinates"":[[[77.78125,23.52685],[77.7819,23.52685],[77.7819,23.5275],[77.78125,23.5275],[77.78125,23.52685]]]}",2026-02-03T12:00:00,2026-09-10T12:00:00,SYNTHETIC DEMO DATA — NOT OFFICIAL GOVERNMENT RECORDS
P1221,P1221,PERSON-021,Rahul Sharma 2,"Sector 21, Kachhi Khedi, Vidisha",5,Kachhi Khedi,Vidisha,Vidisha,Madhya Pradesh,464021,SUR-20220,KHA-50220,280.35,Institutional,Urban Parcel,23.528,77.78125,"{""type"":""Polygon"",""coordinates"":[[[77.78125,23.528],[77.7819,23.528],[77.7819,23.52865],[77.78125,23.52865],[77.78125,23.528]]]}",2026-02-02T12:00:00,2026-09-10T12:00:00,SYNTHETIC DEMO DATA — NOT OFFICIAL GOVERNMENT RECORDS
P1222,P1222,PERSON-022,Amit Verma 2,"Sector 22, Madhav Nagar, Vidisha",6,Madhav Nagar,Vidisha,Vidisha,Madhya Pradesh,464022,SUR-20221,KHA-50221,327.64,Mixed Use,Urban Parcel,23.52915,77.78125,"{""type"":""Polygon"",""coordinates"":[[[77.78125,23.52915],[77.7819,23.52915],[77.7819,23.5298],[77.78125,23.5298],[77.78125,23.52915]]]}",2026-02-01T12:00:00,2026-09-10T12:00:00,SYNTHETIC DEMO DATA — NOT OFFICIAL GOVERNMENT RECORDS
P1223,P1223,PERSON-023,Neha Patel 2,"Sector 23, Raisen Link, Vidisha",7,Raisen Link,Vidisha,Vidisha,Madhya Pradesh,464023,SUR-20222,KHA-50222,374.43,Vacant Land,Urban Parcel,23.5303,77.78125,"{""type"":""Polygon"",""coordinates"":[[[77.78125,23.5303],[77.7819,23.5303],[77.7819,23.53095],[77.78125,23.53095],[77.78125,23.5303]]]}",2026-01-31T12:00:00,2026-09-10T12:00:00,SYNTHETIC DEMO DATA — NOT OFFICIAL GOVERNMENT RECORDS
P1224,P1224,PERSON-024,Priya Singh 2,"Sector 24, Vidisha Urban, Vidisha",8,Vidisha Urban,Vidisha,Vidisha,Madhya Pradesh,464024,SUR-20223,KHA-50223,421.07,Public/Semi-Public,Urban Parcel,23.53145,77.78125,"{""type"":""Polygon"",""coordinates"":[[[77.78125,23.53145],[77.7819,23.53145],[77.7819,23.5321],[77.78125,23.5321],[77.78125,23.53145]]]}",2026-01-30T12:00:00,2026-09-10T12:00:00,SYNTHETIC DEMO DATA — NOT OFFICIAL GOVERNMENT RECORDS
P1225,P1225,PERSON-025,Suresh Yadav 2,"Sector 25, Sanchi Road, Vidisha",9,Sanchi Road,Vidisha,Vidisha,Madhya Pradesh,464025,SUR-20224,KHA-50224,468.26,Residential,Urban Parcel,23.5326,77.78125,"{""type"":""Polygon"",""coordinates"":[[[77.78125,23.5326],[77.7819,23.5326],[77.7819,23.53325],[77.78125,23.53325],[77.78125,23.5326]]]}",2026-01-29T12:00:00,2026-09-10T12:00:00,SYNTHETIC DEMO DATA — NOT OFFICIAL GOVERNMENT RECORDS
P1226,P1226,PERSON-026,Anjali Jain 2,"Sector 1, Betwa Nagar, Vidisha",10,Betwa Nagar,Vidisha,Vidisha,Madhya Pradesh,464026,SUR-20225,KHA-50225,515.81,Commercial,Urban Parcel,23.53375,77.78125,"{""type"":""Polygon"",""coordinates"":[[[77.78125,23.53375],[77.7819,23.53375],[77.7819,23.5344],[77.78125,23.5344],[77.78125,23.53375]]]}",2026-01-28T12:00:00,2026-09-10T12:00:00,SYNTHETIC DEMO DATA — NOT OFFICIAL GOVERNMENT RECORDS
P1227,P1227,PERSON-027,Vikram Mehta 2,"Sector 2, Ganj Basoda Road, Vidisha",11,Ganj Basoda Road,Vidisha,Vidisha,Madhya Pradesh,464027,SUR-20226,KHA-50226,562.26,Industrial,Urban Parcel,23.5349,77.78125,"{""type"":""Polygon"",""coordinates"":[[[77.78125,23.5349],[77.7819,23.5349],[77.7819,23.53555],[77.78125,23.53555],[77.78125,23.5349]]]}",2026-01-27T12:00:00,2026-09-10T12:00:00,SYNTHETIC DEMO DATA — NOT OFFICIAL GOVERNMENT RECORDS
P1228,P1228,PERSON-028,Kavita Joshi 2,"Sector 3, Civil Lines Extension, Vidisha",12,Civil Lines Extension,Vidisha,Vidisha,Madhya Pradesh,464028,SUR-20227,KHA-50227,609.41,Agricultural,Urban Parcel,23.53605,77.78125,"{""type"":""Polygon"",""coordinates"":[[[77.78125,23.53605],[77.7819,23.53605],[77.7819,23.5367],[77.78125,23.5367],[77.78125,23.53605]]]}",2026-01-26T12:00:00,2026-09-10T12:00:00,SYNTHETIC DEMO DATA — NOT OFFICIAL GOVERNMENT RECORDS
P1229,P1229,PERSON-029,Manoj Gupta 2,"Sector 4, Kachhi Khedi, Vidisha",1,Kachhi Khedi,Vidisha,Vidisha,Madhya Pradesh,464029,SUR-20228,KHA-50228,656.38,Institutional,Urban Parcel,23.5372,77.78125,"{""type"":""Polygon"",""coordinates"":[[[77.78125,23.5372],[77.7819,23.5372],[77.7819,23.53785],[77.78125,23.53785],[77.78125,23.5372]]]}",2026-01-25T12:00:00,2026-09-10T12:00:00,SYNTHETIC DEMO DATA — NOT OFFICIAL GOVERNMENT RECORDS
P1230,P1230,PERSON-030,Ritu Mishra 2,"Sector 5, Madhav Nagar, Vidisha",2,Madhav Nagar,Vidisha,Vidisha,Madhya Pradesh,464030,SUR-20229,KHA-50229,703.68,Mixed Use,Urban Parcel,23.53835,77.78125,"{""type"":""Polygon"",""coordinates"":[[[77.78125,23.53835],[77.7819,23.53835],[77.7819,23.539],[77.78125,23.539],[77.78125,23.53835]]]}",2026-01-24T12:00:00,2026-09-10T12:00:00,SYNTHETIC DEMO DATA — NOT OFFICIAL GOVERNMENT RECORDS
P1231,P1231,PERSON-031,Arjun Malviya 2,"Sector 6, Raisen Link, Vidisha",3,Raisen Link,Vidisha,Vidisha,Madhya Pradesh,464031,SUR-20230,KHA-50230,750.77,Vacant Land,Urban Parcel,23.5395,77.78125,"{""type"":""Polygon"",""coordinates"":[[[77.78125,23.5395],[77.7819,23.5395],[77.7819,23.54015],[77.78125,23.54015],[77.78125,23.5395]]]}",2026-01-23T12:00:00,2026-09-10T12:00:00,SYNTHETIC DEMO DATA — NOT OFFICIAL GOVERNMENT RECORDS
P1232,P1232,PERSON-032,Pooja Thakur 2,"Sector 7, Vidisha Urban, Vidisha",4,Vidisha Urban,Vidisha,Vidisha,Madhya Pradesh,464032,SUR-20231,KHA-50231,797.04,Public/Semi-Public,Urban Parcel,23.54065,77.78125,"{""type"":""Polygon"",""coordinates"":[[[77.78125,23.54065],[77.7819,23.54065],[77.7819,23.5413],[77.78125,23.5413],[77.78125,23.54065]]]}",2026-01-22T12:00:00,2026-09-10T12:00:00,SYNTHETIC DEMO DATA — NOT OFFICIAL GOVERNMENT RECORDS
P1233,P1233,PERSON-033,Nitin Saxena 2,"Sector 8, Sanchi Road, Vidisha",5,Sanchi Road,Vidisha,Vidisha,Madhya Pradesh,464033,SUR-20232,KHA-50232,844.4,Residential,Urban Parcel,23.5418,77.78125,"{""type"":""Polygon"",""coordinates"":[[[77.78125,23.5418],[77.7819,23.5418],[77.7819,23.54245],[77.78125,23.54245],[77.78125,23.5418]]]}",2026-01-21T12:00:00,2026-09-10T12:00:00,SYNTHETIC DEMO DATA — NOT OFFICIAL GOVERNMENT RECORDS
P1234,P1234,PERSON-034,Meera Chouhan 2,"Sector 9, Betwa Nagar, Vidisha",6,Betwa Nagar,Vidisha,Vidisha,Madhya Pradesh,464034,SUR-20233,KHA-50233,891.28,Commercial,Urban Parcel,23.54295,77.78125,"{""type"":""Polygon"",""coordinates"":[[[77.78125,23.54295],[77.7819,23.54295],[77.7819,23.5436],[77.78125,23.5436],[77.78125,23.54295]]]}",2026-01-20T12:00:00,2026-09-10T12:00:00,SYNTHETIC DEMO DATA — NOT OFFICIAL GOVERNMENT RECORDS
P1235,P1235,PERSON-035,Deepak Tiwari 2,"Sector 10, Ganj Basoda Road, Vidisha",7,Ganj Basoda Road,Vidisha,Vidisha,Madhya Pradesh,464035,SUR-20234,KHA-50234,938.99,Industrial,Urban Parcel,23.5441,77.78125,"{""type"":""Polygon"",""coordinates"":[[[77.78125,23.5441],[77.7819,23.5441],[77.7819,23.54475],[77.78125,23.54475],[77.78125,23.5441]]]}",2026-01-19T12:00:00,2026-09-10T12:00:00,SYNTHETIC DEMO DATA — NOT OFFICIAL GOVERNMENT RECORDS
P1236,P1236,PERSON-036,Sunita Rathore 2,"Sector 11, Civil Lines Extension, Vidisha",8,Civil Lines Extension,Vidisha,Vidisha,Madhya Pradesh,464036,SUR-20235,KHA-50235,985.69,Agricultural,Urban Parcel,23.54525,77.78125,"{""type"":""Polygon"",""coordinates"":[[[77.78125,23.54525],[77.7819,23.54525],[77.7819,23.5459],[77.78125,23.5459],[77.78125,23.54525]]]}",2026-01-18T12:00:00,2026-09-10T12:00:00,SYNTHETIC DEMO DATA — NOT OFFICIAL GOVERNMENT RECORDS
P1237,P1237,PERSON-037,Karan Dubey 2,"Sector 12, Kachhi Khedi, Vidisha",9,Kachhi Khedi,Vidisha,Vidisha,Madhya Pradesh,464037,SUR-20236,KHA-50236,1032.98,Institutional,Urban Parcel,23.5464,77.78125,"{""type"":""Polygon"",""coordinates"":[[[77.78125,23.5464],[77.7819,23.5464],[77.7819,23.54705],[77.78125,23.54705],[77.78125,23.5464]]]}",2026-01-17T12:00:00,2026-09-10T12:00:00,SYNTHETIC DEMO DATA — NOT OFFICIAL GOVERNMENT RECORDS
P1238,P1238,PERSON-038,Isha Kulkarni 2,"Sector 13, Madhav Nagar, Vidisha",10,Madhav Nagar,Vidisha,Vidisha,Madhya Pradesh,464038,SUR-20237,KHA-50237,1079.44,Mixed Use,Urban Parcel,23.54755,77.78125,"{""type"":""Polygon"",""coordinates"":[[[77.78125,23.54755],[77.7819,23.54755],[77.7819,23.5482],[77.78125,23.5482],[77.78125,23.54755]]]}",2026-01-16T12:00:00,2026-09-10T12:00:00,SYNTHETIC DEMO DATA — NOT OFFICIAL GOVERNMENT RECORDS
P1239,P1239,PERSON-039,Mohan Solanki 2,"Sector 14, Raisen Link, Vidisha",11,Raisen Link,Vidisha,Vidisha,Madhya Pradesh,464039,SUR-20238,KHA-50238,1126.16,Vacant Land,Urban Parcel,23.5487,77.78125,"{""type"":""Polygon"",""coordinates"":[[[77.78125,23.5487],[77.7819,23.5487],[77.7819,23.54935],[77.78125,23.54935],[77.78125,23.5487]]]}",2026-01-15T12:00:00,2026-09-10T12:00:00,SYNTHETIC DEMO DATA — NOT OFFICIAL GOVERNMENT RECORDS
P1240,P1240,PERSON-040,Rekha Bansal 2,"Sector 15, Vidisha Urban, Vidisha",12,Vidisha Urban,Vidisha,Vidisha,Madhya Pradesh,464040,SUR-20239,KHA-50239,1173.5,Public/Semi-Public,Urban Parcel,23.54985,77.78125,"{""type"":""Polygon"",""coordinates"":[[[77.78125,23.54985],[77.7819,23.54985],[77.7819,23.5505],[77.78125,23.5505],[77.78125,23.54985]]]}",2026-01-14T12:00:00,2026-09-10T12:00:00,SYNTHETIC DEMO DATA — NOT OFFICIAL GOVERNMENT RECORDS
P1241,P1241,PERSON-041,Rahul Sharma 3,"Sector 16, Sanchi Road, Vidisha",1,Sanchi Road,Vidisha,Vidisha,Madhya Pradesh,464041,SUR-20240,KHA-50240,1220.87,Residential,Urban Parcel,23.505,77.7825,"{""type"":""Polygon"",""coordinates"":[[[77.7825,23.505],[77.78315,23.505],[77.78315,23.50565],[77.7825,23.50565],[77.7825,23.505]]]}",2026-01-13T12:00:00,2026-09-10T12:00:00,SYNTHETIC DEMO DATA — NOT OFFICIAL GOVERNMENT RECORDS
P1242,P1242,PERSON-042,Amit Verma 3,"Sector 17, Betwa Nagar, Vidisha",2,Betwa Nagar,Vidisha,Vidisha,Madhya Pradesh,464042,SUR-20241,KHA-50241,1267.83,Commercial,Urban Parcel,23.50615,77.7825,"{""type"":""Polygon"",""coordinates"":[[[77.7825,23.50615],[77.78315,23.50615],[77.78315,23.5068],[77.7825,23.5068],[77.7825,23.50615]]]}",2026-01-12T12:00:00,2026-09-10T12:00:00,SYNTHETIC DEMO DATA — NOT OFFICIAL GOVERNMENT RECORDS
P1243,P1243,PERSON-043,Neha Patel 3,"Sector 18, Ganj Basoda Road, Vidisha",3,Ganj Basoda Road,Vidisha,Vidisha,Madhya Pradesh,464043,SUR-20242,KHA-50242,1314.75,Industrial,Urban Parcel,23.5073,77.7825,"{""type"":""Polygon"",""coordinates"":[[[77.7825,23.5073],[77.78315,23.5073],[77.78315,23.50795],[77.7825,23.50795],[77.7825,23.5073]]]}",2026-01-11T12:00:00,2026-09-10T12:00:00,SYNTHETIC DEMO DATA — NOT OFFICIAL GOVERNMENT RECORDS
P1244,P1244,PERSON-044,Priya Singh 3,"Sector 19, Civil Lines Extension, Vidisha",4,Civil Lines Extension,Vidisha,Vidisha,Madhya Pradesh,464044,SUR-20243,KHA-50243,1361.19,Agricultural,Urban Parcel,23.50845,77.7825,"{""type"":""Polygon"",""coordinates"":[[[77.7825,23.50845],[77.78315,23.50845],[77.78315,23.5091],[77.7825,23.5091],[77.7825,23.50845]]]}",2026-01-10T12:00:00,2026-09-10T12:00:00,SYNTHETIC DEMO DATA — NOT OFFICIAL GOVERNMENT RECORDS
P1245,P1245,PERSON-045,Suresh Yadav 3,"Sector 20, Kachhi Khedi, Vidisha",5,Kachhi Khedi,Vidisha,Vidisha,Madhya Pradesh,464045,SUR-20244,KHA-50244,1408.02,Institutional,Urban Parcel,23.5096,77.7825,"{""type"":""Polygon"",""coordinates"":[[[77.7825,23.5096],[77.78315,23.5096],[77.78315,23.51025],[77.7825,23.51025],[77.7825,23.5096]]]}",2026-01-09T12:00:00,2026-09-10T12:00:00,SYNTHETIC DEMO DATA — NOT OFFICIAL GOVERNMENT RECORDS
P1246,P1246,PERSON-046,Anjali Jain 3,"Sector 21, Madhav Nagar, Vidisha",6,Madhav Nagar,Vidisha,Vidisha,Madhya Pradesh,464046,SUR-20245,KHA-50245,1455.96,Mixed Use,Urban Parcel,23.51075,77.7825,"{""type"":""Polygon"",""coordinates"":[[[77.7825,23.51075],[77.78315,23.51075],[77.78315,23.5114],[77.7825,23.5114],[77.7825,23.51075]]]}",2026-01-08T12:00:00,2026-09-10T12:00:00,SYNTHETIC DEMO DATA — NOT OFFICIAL GOVERNMENT RECORDS
P1247,P1247,PERSON-047,Vikram Mehta 3,"Sector 22, Raisen Link, Vidisha",7,Raisen Link,Vidisha,Vidisha,Madhya Pradesh,464047,SUR-20246,KHA-50246,1502.11,Vacant Land,Urban Parcel,23.5119,77.7825,"{""type"":""Polygon"",""coordinates"":[[[77.7825,23.5119],[77.78315,23.5119],[77.78315,23.51255],[77.7825,23.51255],[77.7825,23.5119]]]}",2026-01-07T12:00:00,2026-09-10T12:00:00,SYNTHETIC DEMO DATA — NOT OFFICIAL GOVERNMENT RECORDS
P1248,P1248,PERSON-048,Kavita Joshi 3,"Sector 23, Vidisha Urban, Vidisha",8,Vidisha Urban,Vidisha,Vidisha,Madhya Pradesh,464048,SUR-20247,KHA-50247,99.48,Public/Semi-Public,Urban Parcel,23.51305,77.7825,"{""type"":""Polygon"",""coordinates"":[[[77.7825,23.51305],[77.78315,23.51305],[77.78315,23.5137],[77.7825,23.5137],[77.7825,23.51305]]]}",2026-01-06T12:00:00,2026-09-10T12:00:00,SYNTHETIC DEMO DATA — NOT OFFICIAL GOVERNMENT RECORDS
P1249,P1249,PERSON-049,Manoj Gupta 3,"Sector 24, Sanchi Road, Vidisha",9,Sanchi Road,Vidisha,Vidisha,Madhya Pradesh,464049,SUR-20248,KHA-50248,146.29,Residential,Urban Parcel,23.5142,77.7825,"{""type"":""Polygon"",""coordinates"":[[[77.7825,23.5142],[77.78315,23.5142],[77.78315,23.51485],[77.7825,23.51485],[77.7825,23.5142]]]}",2026-01-05T12:00:00,2026-09-10T12:00:00,SYNTHETIC DEMO DATA — NOT OFFICIAL GOVERNMENT RECORDS
P1250,P1250,PERSON-050,Ritu Mishra 3,"Sector 25, Betwa Nagar, Vidisha",10,Betwa Nagar,Vidisha,Vidisha,Madhya Pradesh,464050,SUR-20249,KHA-50249,193.53,Commercial,Urban Parcel,23.51535,77.7825,"{""type"":""Polygon"",""coordinates"":[[[77.7825,23.51535],[77.78315,23.51535],[77.78315,23.516],[77.7825,23.516],[77.7825,23.51535]]]}",2026-01-04T12:00:00,2026-09-10T12:00:00,SYNTHETIC DEMO DATA — NOT OFFICIAL GOVERNMENT RECORDS
P1251,P1251,PERSON-051,Arjun Malviya 3,"Sector 1, Ganj Basoda Road, Vidisha",11,Ganj Basoda Road,Vidisha,Vidisha,Madhya Pradesh,464051,SUR-20250,KHA-50250,240.63,Industrial,Urban Parcel,23.5165,77.7825,"{""type"":""Polygon"",""coordinates"":[[[77.7825,23.5165],[77.78315,23.5165],[77.78315,23.51715],[77.7825,23.51715],[77.7825,23.5165]]]}",2026-01-03T12:00:00,2026-09-10T12:00:00,SYNTHETIC DEMO DATA — NOT OFFICIAL GOVERNMENT RECORDS
P1252,P1252,PERSON-052,Pooja Thakur 3,"Sector 2, Civil Lines Extension, Vidisha",12,Civil Lines Extension,Vidisha,Vidisha,Madhya Pradesh,464052,SUR-20251,KHA-50251,287.53,Agricultural,Urban Parcel,23.51765,77.7825,"{""type"":""Polygon"",""coordinates"":[[[77.7825,23.51765],[77.78315,23.51765],[77.78315,23.5183],[77.7825,23.5183],[77.7825,23.51765]]]}",2026-01-02T12:00:00,2026-09-10T12:00:00,SYNTHETIC DEMO DATA — NOT OFFICIAL GOVERNMENT RECORDS
P1253,P1253,PERSON-053,Nitin Saxena 3,"Sector 3, Kachhi Khedi, Vidisha",1,Kachhi Khedi,Vidisha,Vidisha,Madhya Pradesh,464053,SUR-20252,KHA-50252,334.71,Institutional,Urban Parcel,23.5188,77.7825,"{""type"":""Polygon"",""coordinates"":[[[77.7825,23.5188],[77.78315,23.5188],[77.78315,23.51945],[77.7825,23.51945],[77.7825,23.5188]]]}",2026-01-01T12:00:00,2026-09-10T12:00:00,SYNTHETIC DEMO DATA — NOT OFFICIAL GOVERNMENT RECORDS
P1254,P1254,PERSON-054,Meera Chouhan 3,"Sector 4, Madhav Nagar, Vidisha",2,Madhav Nagar,Vidisha,Vidisha,Madhya Pradesh,464054,SUR-20253,KHA-50253,381.38,Mixed Use,Urban Parcel,23.51995,77.7825,"{""type"":""Polygon"",""coordinates"":[[[77.7825,23.51995],[77.78315,23.51995],[77.78315,23.5206],[77.7825,23.5206],[77.7825,23.51995]]]}",2025-12-31T12:00:00,2026-09-10T12:00:00,SYNTHETIC DEMO DATA — NOT OFFICIAL GOVERNMENT RECORDS
P1255,P1255,PERSON-055,Deepak Tiwari 3,"Sector 5, Raisen Link, Vidisha",3,Raisen Link,Vidisha,Vidisha,Madhya Pradesh,464055,SUR-20254,KHA-50254,428.79,Vacant Land,Urban Parcel,23.5211,77.7825,"{""type"":""Polygon"",""coordinates"":[[[77.7825,23.5211],[77.78315,23.5211],[77.78315,23.52175],[77.7825,23.52175],[77.7825,23.5211]]]}",2025-12-30T12:00:00,2026-09-10T12:00:00,SYNTHETIC DEMO DATA — NOT OFFICIAL GOVERNMENT RECORDS
P1256,P1256,PERSON-056,Sunita Rathore 3,"Sector 6, Vidisha Urban, Vidisha",4,Vidisha Urban,Vidisha,Vidisha,Madhya Pradesh,464056,SUR-20255,KHA-50255,475.19,Public/Semi-Public,Urban Parcel,23.52225,77.7825,"{""type"":""Polygon"",""coordinates"":[[[77.7825,23.52225],[77.78315,23.52225],[77.78315,23.5229],[77.7825,23.5229],[77.7825,23.52225]]]}",2025-12-29T12:00:00,2026-09-10T12:00:00,SYNTHETIC DEMO DATA — NOT OFFICIAL GOVERNMENT RECORDS
P1257,P1257,PERSON-057,Karan Dubey 3,"Sector 7, Sanchi Road, Vidisha",5,Sanchi Road,Vidisha,Vidisha,Madhya Pradesh,464057,SUR-20256,KHA-50256,522.73,Residential,Urban Parcel,23.5234,77.7825,"{""type"":""Polygon"",""coordinates"":[[[77.7825,23.5234],[77.78315,23.5234],[77.78315,23.52405],[77.7825,23.52405],[77.7825,23.5234]]]}",2025-12-28T12:00:00,2026-09-10T12:00:00,SYNTHETIC DEMO DATA — NOT OFFICIAL GOVERNMENT RECORDS
P1258,P1258,PERSON-058,Isha Kulkarni 3,"Sector 8, Betwa Nagar, Vidisha",6,Betwa Nagar,Vidisha,Vidisha,Madhya Pradesh,464058,SUR-20257,KHA-50257,569.26,Commercial,Urban Parcel,23.52455,77.7825,"{""type"":""Polygon"",""coordinates"":[[[77.7825,23.52455],[77.78315,23.52455],[77.78315,23.5252],[77.7825,23.5252],[77.7825,23.52455]]]}",2025-12-27T12:00:00,2026-09-10T12:00:00,SYNTHETIC DEMO DATA — NOT OFFICIAL GOVERNMENT RECORDS
P1259,P1259,PERSON-059,Mohan Solanki 3,"Sector 9, Ganj Basoda Road, Vidisha",7,Ganj Basoda Road,Vidisha,Vidisha,Madhya Pradesh,464059,SUR-20258,KHA-50258,616.1,Industrial,Urban Parcel,23.5257,77.7825,"{""type"":""Polygon"",""coordinates"":[[[77.7825,23.5257],[77.78315,23.5257],[77.78315,23.52635],[77.7825,23.52635],[77.7825,23.5257]]]}",2025-12-26T12:00:00,2026-09-10T12:00:00,SYNTHETIC DEMO DATA — NOT OFFICIAL GOVERNMENT RECORDS
P1260,P1260,PERSON-060,Rekha Bansal 3,"Sector 10, Civil Lines Extension, Vidisha",8,Civil Lines Extension,Vidisha,Vidisha,Madhya Pradesh,464060,SUR-20259,KHA-50259,663.14,Agricultural,Urban Parcel,23.52685,77.7825,"{""type"":""Polygon"",""coordinates"":[[[77.7825,23.52685],[77.78315,23.52685],[77.78315,23.5275],[77.7825,23.5275],[77.7825,23.52685]]]}",2025-12-25T12:00:00,2026-09-10T12:00:00,SYNTHETIC DEMO DATA — NOT OFFICIAL GOVERNMENT RECORDS
P1261,P1261,PERSON-061,Rahul Sharma 4,"Sector 11, Kachhi Khedi, Vidisha",9,Kachhi Khedi,Vidisha,Vidisha,Madhya Pradesh,464061,SUR-20260,KHA-50260,710.39,Institutional,Urban Parcel,23.528,77.7825,"{""type"":""Polygon"",""coordinates"":[[[77.7825,23.528],[77.78315,23.528],[77.78315,23.52865],[77.7825,23.52865],[77.7825,23.528]]]}",2025-12-24T12:00:00,2026-09-10T12:00:00,SYNTHETIC DEMO DATA — NOT OFFICIAL GOVERNMENT RECORDS
P1262,P1262,PERSON-062,Amit Verma 4,"Sector 12, Madhav Nagar, Vidisha",10,Madhav Nagar,Vidisha,Vidisha,Madhya Pradesh,464062,SUR-20261,KHA-50261,757.51,Mixed Use,Urban Parcel,23.52915,77.7825,"{""type"":""Polygon"",""coordinates"":[[[77.7825,23.52915],[77.78315,23.52915],[77.78315,23.5298],[77.7825,23.5298],[77.7825,23.52915]]]}",2025-12-23T12:00:00,2026-09-10T12:00:00,SYNTHETIC DEMO DATA — NOT OFFICIAL GOVERNMENT RECORDS
P1263,P1263,PERSON-063,Neha Patel 4,"Sector 13, Raisen Link, Vidisha",11,Raisen Link,Vidisha,Vidisha,Madhya Pradesh,464063,SUR-20262,KHA-50262,804.12,Vacant Land,Urban Parcel,23.5303,77.7825,"{""type"":""Polygon"",""coordinates"":[[[77.7825,23.5303],[77.78315,23.5303],[77.78315,23.53095],[77.7825,23.53095],[77.7825,23.5303]]]}",2025-12-22T12:00:00,2026-09-10T12:00:00,SYNTHETIC DEMO DATA — NOT OFFICIAL GOVERNMENT RECORDS
P1264,P1264,PERSON-064,Priya Singh 4,"Sector 14, Vidisha Urban, Vidisha",12,Vidisha Urban,Vidisha,Vidisha,Madhya Pradesh,464064,SUR-20263,KHA-50263,851.54,Public/Semi-Public,Urban Parcel,23.53145,77.7825,"{""type"":""Polygon"",""coordinates"":[[[77.7825,23.53145],[77.78315,23.53145],[77.78315,23.5321],[77.7825,23.5321],[77.7825,23.53145]]]}",2025-12-21T12:00:00,2026-09-10T12:00:00,SYNTHETIC DEMO DATA — NOT OFFICIAL GOVERNMENT RECORDS
P1265,P1265,PERSON-065,Suresh Yadav 4,"Sector 15, Sanchi Road, Vidisha",1,Sanchi Road,Vidisha,Vidisha,Madhya Pradesh,464065,SUR-20264,KHA-50264,898.46,Residential,Urban Parcel,23.5326,77.7825,"{""type"":""Polygon"",""coordinates"":[[[77.7825,23.5326],[77.78315,23.5326],[77.78315,23.53325],[77.7825,23.53325],[77.7825,23.5326]]]}",2025-12-20T12:00:00,2026-09-10T12:00:00,SYNTHETIC DEMO DATA — NOT OFFICIAL GOVERNMENT RECORDS
P1266,P1266,PERSON-066,Anjali Jain 4,"Sector 16, Betwa Nagar, Vidisha",2,Betwa Nagar,Vidisha,Vidisha,Madhya Pradesh,464066,SUR-20265,KHA-50265,945.99,Commercial,Urban Parcel,23.53375,77.7825,"{""type"":""Polygon"",""coordinates"":[[[77.7825,23.53375],[77.78315,23.53375],[77.78315,23.5344],[77.7825,23.5344],[77.7825,23.53375]]]}",2025-12-19T12:00:00,2026-09-10T12:00:00,SYNTHETIC DEMO DATA — NOT OFFICIAL GOVERNMENT RECORDS
P1267,P1267,PERSON-067,Vikram Mehta 4,"Sector 17, Ganj Basoda Road, Vidisha",3,Ganj Basoda Road,Vidisha,Vidisha,Madhya Pradesh,464067,SUR-20266,KHA-50266,992.07,Industrial,Urban Parcel,23.5349,77.7825,"{""type"":""Polygon"",""coordinates"":[[[77.7825,23.5349],[77.78315,23.5349],[77.78315,23.53555],[77.7825,23.53555],[77.7825,23.5349]]]}",2025-12-18T12:00:00,2026-09-10T12:00:00,SYNTHETIC DEMO DATA — NOT OFFICIAL GOVERNMENT RECORDS
P1268,P1268,PERSON-068,Kavita Joshi 4,"Sector 18, Civil Lines Extension, Vidisha",4,Civil Lines Extension,Vidisha,Vidisha,Madhya Pradesh,464068,SUR-20267,KHA-50267,1039.84,Agricultural,Urban Parcel,23.53605,77.7825,"{""type"":""Polygon"",""coordinates"":[[[77.7825,23.53605],[77.78315,23.53605],[77.78315,23.5367],[77.7825,23.5367],[77.7825,23.53605]]]}",2025-12-17T12:00:00,2026-09-10T12:00:00,SYNTHETIC DEMO DATA — NOT OFFICIAL GOVERNMENT RECORDS
P1269,P1269,PERSON-069,Manoj Gupta 4,"Sector 19, Kachhi Khedi, Vidisha",5,Kachhi Khedi,Vidisha,Vidisha,Madhya Pradesh,464069,SUR-20268,KHA-50268,1086.48,Institutional,Urban Parcel,23.5372,77.7825,"{""type"":""Polygon"",""coordinates"":[[[77.7825,23.5372],[77.78315,23.5372],[77.78315,23.53785],[77.7825,23.53785],[77.7825,23.5372]]]}",2025-12-16T12:00:00,2026-09-10T12:00:00,SYNTHETIC DEMO DATA — NOT OFFICIAL GOVERNMENT RECORDS
P1270,P1270,PERSON-070,Ritu Mishra 4,"Sector 20, Madhav Nagar, Vidisha",6,Madhav Nagar,Vidisha,Vidisha,Madhya Pradesh,464070,SUR-20269,KHA-50269,1133.76,Mixed Use,Urban Parcel,23.53835,77.7825,"{""type"":""Polygon"",""coordinates"":[[[77.7825,23.53835],[77.78315,23.53835],[77.78315,23.539],[77.7825,23.539],[77.7825,23.53835]]]}",2025-12-15T12:00:00,2026-09-10T12:00:00,SYNTHETIC DEMO DATA — NOT OFFICIAL GOVERNMENT RECORDS
P1271,P1271,PERSON-071,Arjun Malviya 4,"Sector 21, Raisen Link, Vidisha",7,Raisen Link,Vidisha,Vidisha,Madhya Pradesh,464071,SUR-20270,KHA-50270,1180.99,Vacant Land,Urban Parcel,23.5395,77.7825,"{""type"":""Polygon"",""coordinates"":[[[77.7825,23.5395],[77.78315,23.5395],[77.78315,23.54015],[77.7825,23.54015],[77.7825,23.5395]]]}",2025-12-14T12:00:00,2026-09-10T12:00:00,SYNTHETIC DEMO DATA — NOT OFFICIAL GOVERNMENT RECORDS
P1272,P1272,PERSON-072,Pooja Thakur 4,"Sector 22, Vidisha Urban, Vidisha",8,Vidisha Urban,Vidisha,Vidisha,Madhya Pradesh,464072,SUR-20271,KHA-50271,1227.26,Public/Semi-Public,Urban Parcel,23.54065,77.7825,"{""type"":""Polygon"",""coordinates"":[[[77.7825,23.54065],[77.78315,23.54065],[77.78315,23.5413],[77.7825,23.5413],[77.7825,23.54065]]]}",2025-12-13T12:00:00,2026-09-10T12:00:00,SYNTHETIC DEMO DATA — NOT OFFICIAL GOVERNMENT RECORDS
P1273,P1273,PERSON-073,Nitin Saxena 4,"Sector 23, Sanchi Road, Vidisha",9,Sanchi Road,Vidisha,Vidisha,Madhya Pradesh,464073,SUR-20272,KHA-50272,1274.6,Residential,Urban Parcel,23.5418,77.7825,"{""type"":""Polygon"",""coordinates"":[[[77.7825,23.5418],[77.78315,23.5418],[77.78315,23.54245],[77.7825,23.54245],[77.7825,23.5418]]]}",2025-12-12T12:00:00,2026-09-10T12:00:00,SYNTHETIC DEMO DATA — NOT OFFICIAL GOVERNMENT RECORDS
P1274,P1274,PERSON-074,Meera Chouhan 4,"Sector 24, Betwa Nagar, Vidisha",10,Betwa Nagar,Vidisha,Vidisha,Madhya Pradesh,464074,SUR-20273,KHA-50273,1321.78,Commercial,Urban Parcel,23.54295,77.7825,"{""type"":""Polygon"",""coordinates"":[[[77.7825,23.54295],[77.78315,23.54295],[77.78315,23.5436],[77.7825,23.5436],[77.7825,23.54295]]]}",2025-12-11T12:00:00,2026-09-10T12:00:00,SYNTHETIC DEMO DATA — NOT OFFICIAL GOVERNMENT RECORDS
P1275,P1275,PERSON-075,Deepak Tiwari 4,"Sector 25, Ganj Basoda Road, Vidisha",11,Ganj Basoda Road,Vidisha,Vidisha,Madhya Pradesh,464075,SUR-20274,KHA-50274,1368.64,Industrial,Urban Parcel,23.5441,77.7825,"{""type"":""Polygon"",""coordinates"":[[[77.7825,23.5441],[77.78315,23.5441],[77.78315,23.54475],[77.7825,23.54475],[77.7825,23.5441]]]}",2025-12-10T12:00:00,2026-09-10T12:00:00,SYNTHETIC DEMO DATA — NOT OFFICIAL GOVERNMENT RECORDS
P1276,P1276,PERSON-076,Sunita Rathore 4,"Sector 1, Civil Lines Extension, Vidisha",12,Civil Lines Extension,Vidisha,Vidisha,Madhya Pradesh,464076,SUR-20275,KHA-50275,1415.16,Agricultural,Urban Parcel,23.54525,77.7825,"{""type"":""Polygon"",""coordinates"":[[[77.7825,23.54525],[77.78315,23.54525],[77.78315,23.5459],[77.7825,23.5459],[77.7825,23.54525]]]}",2025-12-09T12:00:00,2026-09-10T12:00:00,SYNTHETIC DEMO DATA — NOT OFFICIAL GOVERNMENT RECORDS
P1277,P1277,PERSON-077,Karan Dubey 4,"Sector 2, Kachhi Khedi, Vidisha",1,Kachhi Khedi,Vidisha,Vidisha,Madhya Pradesh,464077,SUR-20276,KHA-50276,1462.89,Institutional,Urban Parcel,23.5464,77.7825,"{""type"":""Polygon"",""coordinates"":[[[77.7825,23.5464],[77.78315,23.5464],[77.78315,23.54705],[77.7825,23.54705],[77.7825,23.5464]]]}",2025-12-08T12:00:00,2026-09-10T12:00:00,SYNTHETIC DEMO DATA — NOT OFFICIAL GOVERNMENT RECORDS
P1278,P1278,PERSON-078,Isha Kulkarni 4,"Sector 3, Madhav Nagar, Vidisha",2,Madhav Nagar,Vidisha,Vidisha,Madhya Pradesh,464078,SUR-20277,KHA-50277,1509.26,Mixed Use,Urban Parcel,23.54755,77.7825,"{""type"":""Polygon"",""coordinates"":[[[77.7825,23.54755],[77.78315,23.54755],[77.78315,23.5482],[77.7825,23.5482],[77.7825,23.54755]]]}",2025-12-07T12:00:00,2026-09-10T12:00:00,SYNTHETIC DEMO DATA — NOT OFFICIAL GOVERNMENT RECORDS
P1279,P1279,PERSON-079,Mohan Solanki 4,"Sector 4, Raisen Link, Vidisha",3,Raisen Link,Vidisha,Vidisha,Madhya Pradesh,464079,SUR-20278,KHA-50278,106.34,Vacant Land,Urban Parcel,23.5487,77.7825,"{""type"":""Polygon"",""coordinates"":[[[77.7825,23.5487],[77.78315,23.5487],[77.78315,23.54935],[77.7825,23.54935],[77.7825,23.5487]]]}",2025-12-06T12:00:00,2026-09-10T12:00:00,SYNTHETIC DEMO DATA — NOT OFFICIAL GOVERNMENT RECORDS
P1280,P1280,PERSON-080,Rekha Bansal 4,"Sector 5, Vidisha Urban, Vidisha",4,Vidisha Urban,Vidisha,Vidisha,Madhya Pradesh,464080,SUR-20279,KHA-50279,153.38,Public/Semi-Public,Urban Parcel,23.54985,77.7825,"{""type"":""Polygon"",""coordinates"":[[[77.7825,23.54985],[77.78315,23.54985],[77.78315,23.5505],[77.7825,23.5505],[77.7825,23.54985]]]}",2025-12-05T12:00:00,2026-09-10T12:00:00,SYNTHETIC DEMO DATA — NOT OFFICIAL GOVERNMENT RECORDS
P1281,P1281,PERSON-081,Rahul Sharma 5,"Sector 6, Sanchi Road, Vidisha",5,Sanchi Road,Vidisha,Vidisha,Madhya Pradesh,464081,SUR-20280,KHA-50280,200.16,Residential,Urban Parcel,23.505,77.78375,"{""type"":""Polygon"",""coordinates"":[[[77.78375,23.505],[77.7844,23.505],[77.7844,23.50565],[77.78375,23.50565],[77.78375,23.505]]]}",2025-12-04T12:00:00,2026-09-10T12:00:00,SYNTHETIC DEMO DATA — NOT OFFICIAL GOVERNMENT RECORDS
P1282,P1282,PERSON-082,Amit Verma 5,"Sector 7, Betwa Nagar, Vidisha",6,Betwa Nagar,Vidisha,Vidisha,Madhya Pradesh,464082,SUR-20281,KHA-50281,247.94,Commercial,Urban Parcel,23.50615,77.78375,"{""type"":""Polygon"",""coordinates"":[[[77.78375,23.50615],[77.7844,23.50615],[77.7844,23.5068],[77.78375,23.5068],[77.78375,23.50615]]]}",2025-12-03T12:00:00,2026-09-10T12:00:00,SYNTHETIC DEMO DATA — NOT OFFICIAL GOVERNMENT RECORDS
P1283,P1283,PERSON-083,Neha Patel 5,"Sector 8, Ganj Basoda Road, Vidisha",7,Ganj Basoda Road,Vidisha,Vidisha,Madhya Pradesh,464083,SUR-20282,KHA-50282,294.49,Industrial,Urban Parcel,23.5073,77.78375,"{""type"":""Polygon"",""coordinates"":[[[77.78375,23.5073],[77.7844,23.5073],[77.7844,23.50795],[77.78375,23.50795],[77.78375,23.5073]]]}",2025-12-02T12:00:00,2026-09-10T12:00:00,SYNTHETIC DEMO DATA — NOT OFFICIAL GOVERNMENT RECORDS
P1284,P1284,PERSON-084,Priya Singh 5,"Sector 9, Civil Lines Extension, Vidisha",8,Civil Lines Extension,Vidisha,Vidisha,Madhya Pradesh,464084,SUR-20283,KHA-50283,341.05,Agricultural,Urban Parcel,23.50845,77.78375,"{""type"":""Polygon"",""coordinates"":[[[77.78375,23.50845],[77.7844,23.50845],[77.7844,23.5091],[77.78375,23.5091],[77.78375,23.50845]]]}",2025-12-01T12:00:00,2026-09-10T12:00:00,SYNTHETIC DEMO DATA — NOT OFFICIAL GOVERNMENT RECORDS
P1285,P1285,PERSON-085,Suresh Yadav 5,"Sector 10, Kachhi Khedi, Vidisha",9,Kachhi Khedi,Vidisha,Vidisha,Madhya Pradesh,464085,SUR-20284,KHA-50284,388.78,Institutional,Urban Parcel,23.5096,77.78375,"{""type"":""Polygon"",""coordinates"":[[[77.78375,23.5096],[77.7844,23.5096],[77.7844,23.51025],[77.78375,23.51025],[77.78375,23.5096]]]}",2025-11-30T12:00:00,2026-09-10T12:00:00,SYNTHETIC DEMO DATA — NOT OFFICIAL GOVERNMENT RECORDS
P1286,P1286,PERSON-086,Anjali Jain 5,"Sector 11, Madhav Nagar, Vidisha",10,Madhav Nagar,Vidisha,Vidisha,Madhya Pradesh,464086,SUR-20285,KHA-50285,435.71,Mixed Use,Urban Parcel,23.51075,77.78375,"{""type"":""Polygon"",""coordinates"":[[[77.78375,23.51075],[77.7844,23.51075],[77.7844,23.5114],[77.78375,23.5114],[77.78375,23.51075]]]}",2025-11-29T12:00:00,2026-09-10T12:00:00,SYNTHETIC DEMO DATA — NOT OFFICIAL GOVERNMENT RECORDS
P1287,P1287,PERSON-087,Vikram Mehta 5,"Sector 12, Raisen Link, Vidisha",11,Raisen Link,Vidisha,Vidisha,Madhya Pradesh,464087,SUR-20286,KHA-50286,482.16,Vacant Land,Urban Parcel,23.5119,77.78375,"{""type"":""Polygon"",""coordinates"":[[[77.78375,23.5119],[77.7844,23.5119],[77.7844,23.51255],[77.78375,23.51255],[77.78375,23.5119]]]}",2025-11-28T12:00:00,2026-09-10T12:00:00,SYNTHETIC DEMO DATA — NOT OFFICIAL GOVERNMENT RECORDS
P1288,P1288,PERSON-088,Kavita Joshi 5,"Sector 13, Vidisha Urban, Vidisha",12,Vidisha Urban,Vidisha,Vidisha,Madhya Pradesh,464088,SUR-20287,KHA-50287,529.61,Public/Semi-Public,Urban Parcel,23.51305,77.78375,"{""type"":""Polygon"",""coordinates"":[[[77.78375,23.51305],[77.7844,23.51305],[77.7844,23.5137],[77.78375,23.5137],[77.78375,23.51305]]]}",2025-11-27T12:00:00,2026-09-10T12:00:00,SYNTHETIC DEMO DATA — NOT OFFICIAL GOVERNMENT RECORDS
P1289,P1289,PERSON-089,Manoj Gupta 5,"Sector 14, Sanchi Road, Vidisha",1,Sanchi Road,Vidisha,Vidisha,Madhya Pradesh,464089,SUR-20288,KHA-50288,576.01,Residential,Urban Parcel,23.5142,77.78375,"{""type"":""Polygon"",""coordinates"":[[[77.78375,23.5142],[77.7844,23.5142],[77.7844,23.51485],[77.78375,23.51485],[77.78375,23.5142]]]}",2025-11-26T12:00:00,2026-09-10T12:00:00,SYNTHETIC DEMO DATA — NOT OFFICIAL GOVERNMENT RECORDS
P1290,P1290,PERSON-090,Ritu Mishra 5,"Sector 15, Betwa Nagar, Vidisha",2,Betwa Nagar,Vidisha,Vidisha,Madhya Pradesh,464090,SUR-20289,KHA-50289,623.02,Commercial,Urban Parcel,23.51535,77.78375,"{""type"":""Polygon"",""coordinates"":[[[77.78375,23.51535],[77.7844,23.51535],[77.7844,23.516],[77.78375,23.516],[77.78375,23.51535]]]}",2025-11-25T12:00:00,2026-09-10T12:00:00,SYNTHETIC DEMO DATA — NOT OFFICIAL GOVERNMENT RECORDS
P1291,P1291,PERSON-091,Arjun Malviya 5,"Sector 16, Ganj Basoda Road, Vidisha",3,Ganj Basoda Road,Vidisha,Vidisha,Madhya Pradesh,464091,SUR-20290,KHA-50290,670.57,Industrial,Urban Parcel,23.5165,77.78375,"{""type"":""Polygon"",""coordinates"":[[[77.78375,23.5165],[77.7844,23.5165],[77.7844,23.51715],[77.78375,23.51715],[77.78375,23.5165]]]}",2025-11-24T12:00:00,2026-09-10T12:00:00,SYNTHETIC DEMO DATA — NOT OFFICIAL GOVERNMENT RECORDS
P1292,P1292,PERSON-092,Pooja Thakur 5,"Sector 17, Civil Lines Extension, Vidisha",4,Civil Lines Extension,Vidisha,Vidisha,Madhya Pradesh,464092,SUR-20291,KHA-50291,717.89,Agricultural,Urban Parcel,23.51765,77.78375,"{""type"":""Polygon"",""coordinates"":[[[77.78375,23.51765],[77.7844,23.51765],[77.7844,23.5183],[77.78375,23.5183],[77.78375,23.51765]]]}",2025-11-23T12:00:00,2026-09-10T12:00:00,SYNTHETIC DEMO DATA — NOT OFFICIAL GOVERNMENT RECORDS
P1293,P1293,PERSON-093,Nitin Saxena 5,"Sector 18, Kachhi Khedi, Vidisha",5,Kachhi Khedi,Vidisha,Vidisha,Madhya Pradesh,464093,SUR-20292,KHA-50292,764.97,Institutional,Urban Parcel,23.5188,77.78375,"{""type"":""Polygon"",""coordinates"":[[[77.78375,23.5188],[77.7844,23.5188],[77.7844,23.51945],[77.78375,23.51945],[77.78375,23.5188]]]}",2025-11-22T12:00:00,2026-09-10T12:00:00,SYNTHETIC DEMO DATA — NOT OFFICIAL GOVERNMENT RECORDS
P1294,P1294,PERSON-094,Meera Chouhan 5,"Sector 19, Madhav Nagar, Vidisha",6,Madhav Nagar,Vidisha,Vidisha,Madhya Pradesh,464094,SUR-20293,KHA-50293,811.11,Mixed Use,Urban Parcel,23.51995,77.78375,"{""type"":""Polygon"",""coordinates"":[[[77.78375,23.51995],[77.7844,23.51995],[77.7844,23.5206],[77.78375,23.5206],[77.78375,23.51995]]]}",2025-11-21T12:00:00,2026-09-10T12:00:00,SYNTHETIC DEMO DATA — NOT OFFICIAL GOVERNMENT RECORDS
P1295,P1295,PERSON-095,Deepak Tiwari 5,"Sector 20, Raisen Link, Vidisha",7,Raisen Link,Vidisha,Vidisha,Madhya Pradesh,464095,SUR-20294,KHA-50294,858.09,Vacant Land,Urban Parcel,23.5211,77.78375,"{""type"":""Polygon"",""coordinates"":[[[77.78375,23.5211],[77.7844,23.5211],[77.7844,23.52175],[77.78375,23.52175],[77.78375,23.5211]]]}",2025-11-20T12:00:00,2026-09-10T12:00:00,SYNTHETIC DEMO DATA — NOT OFFICIAL GOVERNMENT RECORDS
P1296,P1296,PERSON-096,Sunita Rathore 5,"Sector 21, Vidisha Urban, Vidisha",8,Vidisha Urban,Vidisha,Vidisha,Madhya Pradesh,464096,SUR-20295,KHA-50295,905.11,Public/Semi-Public,Urban Parcel,23.52225,77.78375,"{""type"":""Polygon"",""coordinates"":[[[77.78375,23.52225],[77.7844,23.52225],[77.7844,23.5229],[77.78375,23.5229],[77.78375,23.52225]]]}",2025-11-19T12:00:00,2026-09-10T12:00:00,SYNTHETIC DEMO DATA — NOT OFFICIAL GOVERNMENT RECORDS
P1297,P1297,PERSON-097,Karan Dubey 5,"Sector 22, Sanchi Road, Vidisha",9,Sanchi Road,Vidisha,Vidisha,Madhya Pradesh,464097,SUR-20296,KHA-50296,952.63,Residential,Urban Parcel,23.5234,77.78375,"{""type"":""Polygon"",""coordinates"":[[[77.78375,23.5234],[77.7844,23.5234],[77.7844,23.52405],[77.78375,23.52405],[77.78375,23.5234]]]}",2025-11-18T12:00:00,2026-09-10T12:00:00,SYNTHETIC DEMO DATA — NOT OFFICIAL GOVERNMENT RECORDS
P1298,P1298,PERSON-098,Isha Kulkarni 5,"Sector 23, Betwa Nagar, Vidisha",10,Betwa Nagar,Vidisha,Vidisha,Madhya Pradesh,464098,SUR-20297,KHA-50297,999.15,Commercial,Urban Parcel,23.52455,77.78375,"{""type"":""Polygon"",""coordinates"":[[[77.78375,23.52455],[77.7844,23.52455],[77.7844,23.5252],[77.78375,23.5252],[77.78375,23.52455]]]}",2025-11-17T12:00:00,2026-09-10T12:00:00,SYNTHETIC DEMO DATA — NOT OFFICIAL GOVERNMENT RECORDS
P1299,P1299,PERSON-099,Mohan Solanki 5,"Sector 24, Ganj Basoda Road, Vidisha",11,Ganj Basoda Road,Vidisha,Vidisha,Madhya Pradesh,464099,SUR-20298,KHA-50298,1046.36,Industrial,Urban Parcel,23.5257,77.78375,"{""type"":""Polygon"",""coordinates"":[[[77.78375,23.5257],[77.7844,23.5257],[77.7844,23.52635],[77.78375,23.52635],[77.78375,23.5257]]]}",2025-11-16T12:00:00,2026-09-10T12:00:00,SYNTHETIC DEMO DATA — NOT OFFICIAL GOVERNMENT RECORDS
P1300,P1300,PERSON-100,Rekha Bansal 5,"Sector 25, Civil Lines Extension, Vidisha",12,Civil Lines Extension,Vidisha,Vidisha,Madhya Pradesh,464000,SUR-20299,KHA-50299,1093.71,Agricultural,Urban Parcel,23.52685,77.78375,"{""type"":""Polygon"",""coordinates"":[[[77.78375,23.52685],[77.7844,23.52685],[77.7844,23.5275],[77.78375,23.5275],[77.78375,23.52685]]]}",2025-11-15T12:00:00,2026-09-10T12:00:00,SYNTHETIC DEMO DATA — NOT OFFICIAL GOVERNMENT RECORDS
P1301,P1301,PERSON-101,Rahul Sharma 6,"Sector 1, Kachhi Khedi, Vidisha",1,Kachhi Khedi,Vidisha,Vidisha,Madhya Pradesh,464001,SUR-20300,KHA-50300,1140.15,Institutional,Urban Parcel,23.528,77.78375,"{""type"":""Polygon"",""coordinates"":[[[77.78375,23.528],[77.7844,23.528],[77.7844,23.52865],[77.78375,23.52865],[77.78375,23.528]]]}",2025-11-14T12:00:00,2026-09-10T12:00:00,SYNTHETIC DEMO DATA — NOT OFFICIAL GOVERNMENT RECORDS
P1302,P1302,PERSON-102,Amit Verma 6,"Sector 2, Madhav Nagar, Vidisha",2,Madhav Nagar,Vidisha,Vidisha,Madhya Pradesh,464002,SUR-20301,KHA-50301,1187.15,Mixed Use,Urban Parcel,23.52915,77.78375,"{""type"":""Polygon"",""coordinates"":[[[77.78375,23.52915],[77.7844,23.52915],[77.7844,23.5298],[77.78375,23.5298],[77.78375,23.52915]]]}",2025-11-13T12:00:00,2026-09-10T12:00:00,SYNTHETIC DEMO DATA — NOT OFFICIAL GOVERNMENT RECORDS
P1303,P1303,PERSON-103,Neha Patel 6,"Sector 3, Raisen Link, Vidisha",3,Raisen Link,Vidisha,Vidisha,Madhya Pradesh,464003,SUR-20302,KHA-50302,1234.25,Vacant Land,Urban Parcel,23.5303,77.78375,"{""type"":""Polygon"",""coordinates"":[[[77.78375,23.5303],[77.7844,23.5303],[77.7844,23.53095],[77.78375,23.53095],[77.78375,23.5303]]]}",2025-11-12T12:00:00,2026-09-10T12:00:00,SYNTHETIC DEMO DATA — NOT OFFICIAL GOVERNMENT RECORDS
P1304,P1304,PERSON-104,Priya Singh 6,"Sector 4, Vidisha Urban, Vidisha",4,Vidisha Urban,Vidisha,Vidisha,Madhya Pradesh,464004,SUR-20303,KHA-50303,1282.0,Public/Semi-Public,Urban Parcel,23.53145,77.78375,"{""type"":""Polygon"",""coordinates"":[[[77.78375,23.53145],[77.7844,23.53145],[77.7844,23.5321],[77.78375,23.5321],[77.78375,23.53145]]]}",2025-11-11T12:00:00,2026-09-10T12:00:00,SYNTHETIC DEMO DATA — NOT OFFICIAL GOVERNMENT RECORDS
P1305,P1305,PERSON-105,Suresh Yadav 6,"Sector 5, Sanchi Road, Vidisha",5,Sanchi Road,Vidisha,Vidisha,Madhya Pradesh,464005,SUR-20304,KHA-50304,1328.1,Residential,Urban Parcel,23.5326,77.78375,"{""type"":""Polygon"",""coordinates"":[[[77.78375,23.5326],[77.7844,23.5326],[77.7844,23.53325],[77.78375,23.53325],[77.78375,23.5326]]]}",2025-11-10T12:00:00,2026-09-10T12:00:00,SYNTHETIC DEMO DATA — NOT OFFICIAL GOVERNMENT RECORDS
P1306,P1306,PERSON-106,Anjali Jain 6,"Sector 6, Betwa Nagar, Vidisha",6,Betwa Nagar,Vidisha,Vidisha,Madhya Pradesh,464006,SUR-20305,KHA-50305,1375.82,Commercial,Urban Parcel,23.53375,77.78375,"{""type"":""Polygon"",""coordinates"":[[[77.78375,23.53375],[77.7844,23.53375],[77.7844,23.5344],[77.78375,23.5344],[77.78375,23.53375]]]}",2025-11-09T12:00:00,2026-09-10T12:00:00,SYNTHETIC DEMO DATA — NOT OFFICIAL GOVERNMENT RECORDS
P1307,P1307,PERSON-107,Vikram Mehta 6,"Sector 7, Ganj Basoda Road, Vidisha",7,Ganj Basoda Road,Vidisha,Vidisha,Madhya Pradesh,464007,SUR-20306,KHA-50306,1422.43,Industrial,Urban Parcel,23.5349,77.78375,"{""type"":""Polygon"",""coordinates"":[[[77.78375,23.5349],[77.7844,23.5349],[77.7844,23.53555],[77.78375,23.53555],[77.78375,23.5349]]]}",2025-11-08T12:00:00,2026-09-10T12:00:00,SYNTHETIC DEMO DATA — NOT OFFICIAL GOVERNMENT RECORDS
P1308,P1308,PERSON-108,Kavita Joshi 6,"Sector 8, Civil Lines Extension, Vidisha",8,Civil Lines Extension,Vidisha,Vidisha,Madhya Pradesh,464008,SUR-20307,KHA-50307,1469.98,Agricultural,Urban Parcel,23.53605,77.78375,"{""type"":""Polygon"",""coordinates"":[[[77.78375,23.53605],[77.7844,23.53605],[77.7844,23.5367],[77.78375,23.5367],[77.78375,23.53605]]]}",2025-11-07T12:00:00,2026-09-10T12:00:00,SYNTHETIC DEMO DATA — NOT OFFICIAL GOVERNMENT RECORDS
P1309,P1309,PERSON-109,Manoj Gupta 6,"Sector 9, Kachhi Khedi, Vidisha",9,Kachhi Khedi,Vidisha,Vidisha,Madhya Pradesh,464009,SUR-20308,KHA-50308,1516.85,Institutional,Urban Parcel,23.5372,77.78375,"{""type"":""Polygon"",""coordinates"":[[[77.78375,23.5372],[77.7844,23.5372],[77.7844,23.53785],[77.78375,23.53785],[77.78375,23.5372]]]}",2025-11-06T12:00:00,2026-09-10T12:00:00,SYNTHETIC DEMO DATA — NOT OFFICIAL GOVERNMENT RECORDS
P1310,P1310,PERSON-110,Ritu Mishra 6,"Sector 10, Madhav Nagar, Vidisha",10,Madhav Nagar,Vidisha,Vidisha,Madhya Pradesh,464010,SUR-20309,KHA-50309,114.0,Mixed Use,Urban Parcel,23.53835,77.78375,"{""type"":""Polygon"",""coordinates"":[[[77.78375,23.53835],[77.7844,23.53835],[77.7844,23.539],[77.78375,23.539],[77.78375,23.53835]]]}",2025-11-05T12:00:00,2026-09-10T12:00:00,SYNTHETIC DEMO DATA — NOT OFFICIAL GOVERNMENT RECORDS
P1311,P1311,PERSON-111,Arjun Malviya 6,"Sector 11, Raisen Link, Vidisha",11,Raisen Link,Vidisha,Vidisha,Madhya Pradesh,464011,SUR-20310,KHA-50310,160.32,Vacant Land,Urban Parcel,23.5395,77.78375,"{""type"":""Polygon"",""coordinates"":[[[77.78375,23.5395],[77.7844,23.5395],[77.7844,23.54015],[77.78375,23.54015],[77.78375,23.5395]]]}",2025-11-04T12:00:00,2026-09-10T12:00:00,SYNTHETIC DEMO DATA — NOT OFFICIAL GOVERNMENT RECORDS
P1312,P1312,PERSON-112,Pooja Thakur 6,"Sector 12, Vidisha Urban, Vidisha",12,Vidisha Urban,Vidisha,Vidisha,Madhya Pradesh,464012,SUR-20311,KHA-50311,207.85,Public/Semi-Public,Urban Parcel,23.54065,77.78375,"{""type"":""Polygon"",""coordinates"":[[[77.78375,23.54065],[77.7844,23.54065],[77.7844,23.5413],[77.78375,23.5413],[77.78375,23.54065]]]}",2025-11-03T12:00:00,2026-09-10T12:00:00,SYNTHETIC DEMO DATA — NOT OFFICIAL GOVERNMENT RECORDS
P1313,P1313,PERSON-113,Nitin Saxena 6,"Sector 13, Sanchi Road, Vidisha",1,Sanchi Road,Vidisha,Vidisha,Madhya Pradesh,464013,SUR-20312,KHA-50312,254.48,Residential,Urban Parcel,23.5418,77.78375,"{""type"":""Polygon"",""coordinates"":[[[77.78375,23.5418],[77.7844,23.5418],[77.7844,23.54245],[77.78375,23.54245],[77.78375,23.5418]]]}",2025-11-02T12:00:00,2026-09-10T12:00:00,SYNTHETIC DEMO DATA — NOT OFFICIAL GOVERNMENT RECORDS
P1314,P1314,PERSON-114,Meera Chouhan 6,"Sector 14, Betwa Nagar, Vidisha",2,Betwa Nagar,Vidisha,Vidisha,Madhya Pradesh,464014,SUR-20313,KHA-50313,301.25,Commercial,Urban Parcel,23.54295,77.78375,"{""type"":""Polygon"",""coordinates"":[[[77.78375,23.54295],[77.7844,23.54295],[77.7844,23.5436],[77.78375,23.5436],[77.78375,23.54295]]]}",2025-11-01T12:00:00,2026-09-10T12:00:00,SYNTHETIC DEMO DATA — NOT OFFICIAL GOVERNMENT RECORDS
P1315,P1315,PERSON-115,Deepak Tiwari 6,"Sector 15, Ganj Basoda Road, Vidisha",3,Ganj Basoda Road,Vidisha,Vidisha,Madhya Pradesh,464015,SUR-20314,KHA-50314,348.88,Industrial,Urban Parcel,23.5441,77.78375,"{""type"":""Polygon"",""coordinates"":[[[77.78375,23.5441],[77.7844,23.5441],[77.7844,23.54475],[77.78375,23.54475],[77.78375,23.5441]]]}",2025-10-31T12:00:00,2026-09-10T12:00:00,SYNTHETIC DEMO DATA — NOT OFFICIAL GOVERNMENT RECORDS
P1316,P1316,PERSON-116,Sunita Rathore 6,"Sector 16, Civil Lines Extension, Vidisha",4,Civil Lines Extension,Vidisha,Vidisha,Madhya Pradesh,464016,SUR-20315,KHA-50315,395.55,Agricultural,Urban Parcel,23.54525,77.78375,"{""type"":""Polygon"",""coordinates"":[[[77.78375,23.54525],[77.7844,23.54525],[77.7844,23.5459],[77.78375,23.5459],[77.78375,23.54525]]]}",2025-10-30T12:00:00,2026-09-10T12:00:00,SYNTHETIC DEMO DATA — NOT OFFICIAL GOVERNMENT RECORDS
P1317,P1317,PERSON-117,Karan Dubey 6,"Sector 17, Kachhi Khedi, Vidisha",5,Kachhi Khedi,Vidisha,Vidisha,Madhya Pradesh,464017,SUR-20316,KHA-50316,442.67,Institutional,Urban Parcel,23.5464,77.78375,"{""type"":""Polygon"",""coordinates"":[[[77.78375,23.5464],[77.7844,23.5464],[77.7844,23.54705],[77.78375,23.54705],[77.78375,23.5464]]]}",2025-10-29T12:00:00,2026-09-10T12:00:00,SYNTHETIC DEMO DATA — NOT OFFICIAL GOVERNMENT RECORDS
P1318,P1318,PERSON-118,Isha Kulkarni 6,"Sector 18, Madhav Nagar, Vidisha",6,Madhav Nagar,Vidisha,Vidisha,Madhya Pradesh,464018,SUR-20317,KHA-50317,489.2,Mixed Use,Urban Parcel,23.54755,77.78375,"{""type"":""Polygon"",""coordinates"":[[[77.78375,23.54755],[77.7844,23.54755],[77.7844,23.5482],[77.78375,23.5482],[77.78375,23.54755]]]}",2025-10-28T12:00:00,2026-09-10T12:00:00,SYNTHETIC DEMO DATA — NOT OFFICIAL GOVERNMENT RECORDS
P1319,P1319,PERSON-119,Mohan Solanki 6,"Sector 19, Raisen Link, Vidisha",7,Raisen Link,Vidisha,Vidisha,Madhya Pradesh,464019,SUR-20318,KHA-50318,536.63,Vacant Land,Urban Parcel,23.5487,77.78375,"{""type"":""Polygon"",""coordinates"":[[[77.78375,23.5487],[77.7844,23.5487],[77.7844,23.54935],[77.78375,23.54935],[77.78375,23.5487]]]}",2025-10-27T12:00:00,2026-09-10T12:00:00,SYNTHETIC DEMO DATA — NOT OFFICIAL GOVERNMENT RECORDS
P1320,P1320,PERSON-120,Rekha Bansal 6,"Sector 20, Vidisha Urban, Vidisha",8,Vidisha Urban,Vidisha,Vidisha,Madhya Pradesh,464020,SUR-20319,KHA-50319,583.02,Public/Semi-Public,Urban Parcel,23.54985,77.78375,"{""type"":""Polygon"",""coordinates"":[[[77.78375,23.54985],[77.7844,23.54985],[77.7844,23.5505],[77.78375,23.5505],[77.78375,23.54985]]]}",2025-10-26T12:00:00,2026-09-10T12:00:00,SYNTHETIC DEMO DATA — NOT OFFICIAL GOVERNMENT RECORDS
P1321,P1321,PERSON-121,Rahul Sharma 7,"Sector 21, Sanchi Road, Vidisha",9,Sanchi Road,Vidisha,Vidisha,Madhya Pradesh,464021,SUR-20320,KHA-50320,630.62,Residential,Urban Parcel,23.505,77.785,"{""type"":""Polygon"",""coordinates"":[[[77.785,23.505],[77.78565,23.505],[77.78565,23.50565],[77.785,23.50565],[77.785,23.505]]]}",2025-10-25T12:00:00,2026-09-10T12:00:00,SYNTHETIC DEMO DATA — NOT OFFICIAL GOVERNMENT RECORDS
P1322,P1322,PERSON-122,Amit Verma 7,"Sector 22, Betwa Nagar, Vidisha",10,Betwa Nagar,Vidisha,Vidisha,Madhya Pradesh,464022,SUR-20321,KHA-50321,677.75,Commercial,Urban Parcel,23.50615,77.785,"{""type"":""Polygon"",""coordinates"":[[[77.785,23.50615],[77.78565,23.50615],[77.78565,23.5068],[77.785,23.5068],[77.785,23.50615]]]}",2025-10-24T12:00:00,2026-09-10T12:00:00,SYNTHETIC DEMO DATA — NOT OFFICIAL GOVERNMENT RECORDS
P1323,P1323,PERSON-123,Neha Patel 7,"Sector 23, Ganj Basoda Road, Vidisha",11,Ganj Basoda Road,Vidisha,Vidisha,Madhya Pradesh,464023,SUR-20322,KHA-50322,724.18,Industrial,Urban Parcel,23.5073,77.785,"{""type"":""Polygon"",""coordinates"":[[[77.785,23.5073],[77.78565,23.5073],[77.78565,23.50795],[77.785,23.50795],[77.785,23.5073]]]}",2025-10-23T12:00:00,2026-09-10T12:00:00,SYNTHETIC DEMO DATA — NOT OFFICIAL GOVERNMENT RECORDS
P1324,P1324,PERSON-124,Priya Singh 7,"Sector 24, Civil Lines Extension, Vidisha",12,Civil Lines Extension,Vidisha,Vidisha,Madhya Pradesh,464024,SUR-20323,KHA-50323,771.65,Agricultural,Urban Parcel,23.50845,77.785,"{""type"":""Polygon"",""coordinates"":[[[77.785,23.50845],[77.78565,23.50845],[77.78565,23.5091],[77.785,23.5091],[77.785,23.50845]]]}",2025-10-22T12:00:00,2026-09-10T12:00:00,SYNTHETIC DEMO DATA — NOT OFFICIAL GOVERNMENT RECORDS
P1325,P1325,PERSON-125,Suresh Yadav 7,"Sector 25, Kachhi Khedi, Vidisha",1,Kachhi Khedi,Vidisha,Vidisha,Madhya Pradesh,464025,SUR-20324,KHA-50324,818.99,Institutional,Urban Parcel,23.5096,77.785,"{""type"":""Polygon"",""coordinates"":[[[77.785,23.5096],[77.78565,23.5096],[77.78565,23.51025],[77.785,23.51025],[77.785,23.5096]]]}",2025-10-21T12:00:00,2026-09-10T12:00:00,SYNTHETIC DEMO DATA — NOT OFFICIAL GOVERNMENT RECORDS
P1326,P1326,PERSON-126,Anjali Jain 7,"Sector 1, Madhav Nagar, Vidisha",2,Madhav Nagar,Vidisha,Vidisha,Madhya Pradesh,464026,SUR-20325,KHA-50325,865.0,Mixed Use,Urban Parcel,23.51075,77.785,"{""type"":""Polygon"",""coordinates"":[[[77.785,23.51075],[77.78565,23.51075],[77.78565,23.5114],[77.785,23.5114],[77.785,23.51075]]]}",2025-10-20T12:00:00,2026-09-10T12:00:00,SYNTHETIC DEMO DATA — NOT OFFICIAL GOVERNMENT RECORDS
P1327,P1327,PERSON-127,Vikram Mehta 7,"Sector 2, Raisen Link, Vidisha",3,Raisen Link,Vidisha,Vidisha,Madhya Pradesh,464027,SUR-20326,KHA-50326,912.51,Vacant Land,Urban Parcel,23.5119,77.785,"{""type"":""Polygon"",""coordinates"":[[[77.785,23.5119],[77.78565,23.5119],[77.78565,23.51255],[77.785,23.51255],[77.785,23.5119]]]}",2025-10-19T12:00:00,2026-09-10T12:00:00,SYNTHETIC DEMO DATA — NOT OFFICIAL GOVERNMENT RECORDS
P1328,P1328,PERSON-128,Kavita Joshi 7,"Sector 3, Vidisha Urban, Vidisha",4,Vidisha Urban,Vidisha,Vidisha,Madhya Pradesh,464028,SUR-20327,KHA-50327,959.26,Public/Semi-Public,Urban Parcel,23.51305,77.785,"{""type"":""Polygon"",""coordinates"":[[[77.785,23.51305],[77.78565,23.51305],[77.78565,23.5137],[77.785,23.5137],[77.785,23.51305]]]}",2025-10-18T12:00:00,2026-09-10T12:00:00,SYNTHETIC DEMO DATA — NOT OFFICIAL GOVERNMENT RECORDS
P1329,P1329,PERSON-129,Manoj Gupta 7,"Sector 4, Sanchi Road, Vidisha",5,Sanchi Road,Vidisha,Vidisha,Madhya Pradesh,464029,SUR-20328,KHA-50328,1006.59,Residential,Urban Parcel,23.5142,77.785,"{""type"":""Polygon"",""coordinates"":[[[77.785,23.5142],[77.78565,23.5142],[77.78565,23.51485],[77.785,23.51485],[77.785,23.5142]]]}",2025-10-17T12:00:00,2026-09-10T12:00:00,SYNTHETIC DEMO DATA — NOT OFFICIAL GOVERNMENT RECORDS
P1330,P1330,PERSON-130,Ritu Mishra 7,"Sector 5, Betwa Nagar, Vidisha",6,Betwa Nagar,Vidisha,Vidisha,Madhya Pradesh,464030,SUR-20329,KHA-50329,1053.58,Commercial,Urban Parcel,23.51535,77.785,"{""type"":""Polygon"",""coordinates"":[[[77.785,23.51535],[77.78565,23.51535],[77.78565,23.516],[77.785,23.516],[77.785,23.51535]]]}",2025-10-16T12:00:00,2026-09-10T12:00:00,SYNTHETIC DEMO DATA — NOT OFFICIAL GOVERNMENT RECORDS
P1331,P1331,PERSON-131,Arjun Malviya 7,"Sector 6, Ganj Basoda Road, Vidisha",7,Ganj Basoda Road,Vidisha,Vidisha,Madhya Pradesh,464031,SUR-20330,KHA-50330,1100.12,Industrial,Urban Parcel,23.5165,77.785,"{""type"":""Polygon"",""coordinates"":[[[77.785,23.5165],[77.78565,23.5165],[77.78565,23.51715],[77.785,23.51715],[77.785,23.5165]]]}",2025-10-15T12:00:00,2026-09-10T12:00:00,SYNTHETIC DEMO DATA — NOT OFFICIAL GOVERNMENT RECORDS
P1332,P1332,PERSON-132,Pooja Thakur 7,"Sector 7, Civil Lines Extension, Vidisha",8,Civil Lines Extension,Vidisha,Vidisha,Madhya Pradesh,464032,SUR-20331,KHA-50331,1147.66,Agricultural,Urban Parcel,23.51765,77.785,"{""type"":""Polygon"",""coordinates"":[[[77.785,23.51765],[77.78565,23.51765],[77.78565,23.5183],[77.785,23.5183],[77.785,23.51765]]]}",2025-10-14T12:00:00,2026-09-10T12:00:00,SYNTHETIC DEMO DATA — NOT OFFICIAL GOVERNMENT RECORDS
P1333,P1333,PERSON-133,Nitin Saxena 7,"Sector 8, Kachhi Khedi, Vidisha",9,Kachhi Khedi,Vidisha,Vidisha,Madhya Pradesh,464033,SUR-20332,KHA-50332,1194.06,Institutional,Urban Parcel,23.5188,77.785,"{""type"":""Polygon"",""coordinates"":[[[77.785,23.5188],[77.78565,23.5188],[77.78565,23.51945],[77.785,23.51945],[77.785,23.5188]]]}",2025-10-13T12:00:00,2026-09-10T12:00:00,SYNTHETIC DEMO DATA — NOT OFFICIAL GOVERNMENT RECORDS
P1334,P1334,PERSON-134,Meera Chouhan 7,"Sector 9, Madhav Nagar, Vidisha",10,Madhav Nagar,Vidisha,Vidisha,Madhya Pradesh,464034,SUR-20333,KHA-50333,1241.97,Mixed Use,Urban Parcel,23.51995,77.785,"{""type"":""Polygon"",""coordinates"":[[[77.785,23.51995],[77.78565,23.51995],[77.78565,23.5206],[77.785,23.5206],[77.785,23.51995]]]}",2025-10-12T12:00:00,2026-09-10T12:00:00,SYNTHETIC DEMO DATA — NOT OFFICIAL GOVERNMENT RECORDS
P1335,P1335,PERSON-135,Deepak Tiwari 7,"Sector 10, Raisen Link, Vidisha",11,Raisen Link,Vidisha,Vidisha,Madhya Pradesh,464035,SUR-20334,KHA-50334,1288.32,Vacant Land,Urban Parcel,23.5211,77.785,"{""type"":""Polygon"",""coordinates"":[[[77.785,23.5211],[77.78565,23.5211],[77.78565,23.52175],[77.785,23.52175],[77.785,23.5211]]]}",2025-10-11T12:00:00,2026-09-10T12:00:00,SYNTHETIC DEMO DATA — NOT OFFICIAL GOVERNMENT RECORDS
P1336,P1336,PERSON-136,Sunita Rathore 7,"Sector 11, Vidisha Urban, Vidisha",12,Vidisha Urban,Vidisha,Vidisha,Madhya Pradesh,464036,SUR-20335,KHA-50335,1335.57,Public/Semi-Public,Urban Parcel,23.52225,77.785,"{""type"":""Polygon"",""coordinates"":[[[77.785,23.52225],[77.78565,23.52225],[77.78565,23.5229],[77.785,23.5229],[77.785,23.52225]]]}",2025-10-10T12:00:00,2026-09-10T12:00:00,SYNTHETIC DEMO DATA — NOT OFFICIAL GOVERNMENT RECORDS
P1337,P1337,PERSON-137,Karan Dubey 7,"Sector 12, Sanchi Road, Vidisha",1,Sanchi Road,Vidisha,Vidisha,Madhya Pradesh,464037,SUR-20336,KHA-50336,1382.71,Residential,Urban Parcel,23.5234,77.785,"{""type"":""Polygon"",""coordinates"":[[[77.785,23.5234],[77.78565,23.5234],[77.78565,23.52405],[77.785,23.52405],[77.785,23.5234]]]}",2025-10-09T12:00:00,2026-09-10T12:00:00,SYNTHETIC DEMO DATA — NOT OFFICIAL GOVERNMENT RECORDS
P1338,P1338,PERSON-138,Isha Kulkarni 7,"Sector 13, Betwa Nagar, Vidisha",2,Betwa Nagar,Vidisha,Vidisha,Madhya Pradesh,464038,SUR-20337,KHA-50337,1429.8,Commercial,Urban Parcel,23.52455,77.785,"{""type"":""Polygon"",""coordinates"":[[[77.785,23.52455],[77.78565,23.52455],[77.78565,23.5252],[77.785,23.5252],[77.785,23.52455]]]}",2025-10-08T12:00:00,2026-09-10T12:00:00,SYNTHETIC DEMO DATA — NOT OFFICIAL GOVERNMENT RECORDS
P1339,P1339,PERSON-139,Mohan Solanki 7,"Sector 14, Ganj Basoda Road, Vidisha",3,Ganj Basoda Road,Vidisha,Vidisha,Madhya Pradesh,464039,SUR-20338,KHA-50338,1476.92,Industrial,Urban Parcel,23.5257,77.785,"{""type"":""Polygon"",""coordinates"":[[[77.785,23.5257],[77.78565,23.5257],[77.78565,23.52635],[77.785,23.52635],[77.785,23.5257]]]}",2025-10-07T12:00:00,2026-09-10T12:00:00,SYNTHETIC DEMO DATA — NOT OFFICIAL GOVERNMENT RECORDS
P1340,P1340,PERSON-140,Rekha Bansal 7,"Sector 15, Civil Lines Extension, Vidisha",4,Civil Lines Extension,Vidisha,Vidisha,Madhya Pradesh,464040,SUR-20339,KHA-50339,1523.05,Agricultural,Urban Parcel,23.52685,77.785,"{""type"":""Polygon"",""coordinates"":[[[77.785,23.52685],[77.78565,23.52685],[77.78565,23.5275],[77.785,23.5275],[77.785,23.52685]]]}",2025-10-06T12:00:00,2026-09-10T12:00:00,SYNTHETIC DEMO DATA — NOT OFFICIAL GOVERNMENT RECORDS
P1341,P1341,PERSON-141,Rahul Sharma 8,"Sector 16, Kachhi Khedi, Vidisha",5,Kachhi Khedi,Vidisha,Vidisha,Madhya Pradesh,464041,SUR-20340,KHA-50340,120.43,Institutional,Urban Parcel,23.528,77.785,"{""type"":""Polygon"",""coordinates"":[[[77.785,23.528],[77.78565,23.528],[77.78565,23.52865],[77.785,23.52865],[77.785,23.528]]]}",2025-10-05T12:00:00,2026-09-10T12:00:00,SYNTHETIC DEMO DATA — NOT OFFICIAL GOVERNMENT RECORDS
P1342,P1342,PERSON-142,Amit Verma 8,"Sector 17, Madhav Nagar, Vidisha",6,Madhav Nagar,Vidisha,Vidisha,Madhya Pradesh,464042,SUR-20341,KHA-50341,167.65,Mixed Use,Urban Parcel,23.52915,77.785,"{""type"":""Polygon"",""coordinates"":[[[77.785,23.52915],[77.78565,23.52915],[77.78565,23.5298],[77.785,23.5298],[77.785,23.52915]]]}",2025-10-04T12:00:00,2026-09-10T12:00:00,SYNTHETIC DEMO DATA — NOT OFFICIAL GOVERNMENT RECORDS
P1343,P1343,PERSON-143,Neha Patel 8,"Sector 18, Raisen Link, Vidisha",7,Raisen Link,Vidisha,Vidisha,Madhya Pradesh,464043,SUR-20342,KHA-50342,214.38,Vacant Land,Urban Parcel,23.5303,77.785,"{""type"":""Polygon"",""coordinates"":[[[77.785,23.5303],[77.78565,23.5303],[77.78565,23.53095],[77.785,23.53095],[77.785,23.5303]]]}",2025-10-03T12:00:00,2026-09-10T12:00:00,SYNTHETIC DEMO DATA — NOT OFFICIAL GOVERNMENT RECORDS
P1344,P1344,PERSON-144,Priya Singh 8,"Sector 19, Vidisha Urban, Vidisha",8,Vidisha Urban,Vidisha,Vidisha,Madhya Pradesh,464044,SUR-20343,KHA-50343,261.44,Public/Semi-Public,Urban Parcel,23.53145,77.785,"{""type"":""Polygon"",""coordinates"":[[[77.785,23.53145],[77.78565,23.53145],[77.78565,23.5321],[77.785,23.5321],[77.785,23.53145]]]}",2025-10-02T12:00:00,2026-09-10T12:00:00,SYNTHETIC DEMO DATA — NOT OFFICIAL GOVERNMENT RECORDS
P1345,P1345,PERSON-145,Suresh Yadav 8,"Sector 20, Sanchi Road, Vidisha",9,Sanchi Road,Vidisha,Vidisha,Madhya Pradesh,464045,SUR-20344,KHA-50344,308.29,Residential,Urban Parcel,23.5326,77.785,"{""type"":""Polygon"",""coordinates"":[[[77.785,23.5326],[77.78565,23.5326],[77.78565,23.53325],[77.785,23.53325],[77.785,23.5326]]]}",2025-10-01T12:00:00,2026-09-10T12:00:00,SYNTHETIC DEMO DATA — NOT OFFICIAL GOVERNMENT RECORDS
P1346,P1346,PERSON-146,Anjali Jain 8,"Sector 21, Betwa Nagar, Vidisha",10,Betwa Nagar,Vidisha,Vidisha,Madhya Pradesh,464046,SUR-20345,KHA-50345,355.53,Commercial,Urban Parcel,23.53375,77.785,"{""type"":""Polygon"",""coordinates"":[[[77.785,23.53375],[77.78565,23.53375],[77.78565,23.5344],[77.785,23.5344],[77.785,23.53375]]]}",2025-09-30T12:00:00,2026-09-10T12:00:00,SYNTHETIC DEMO DATA — NOT OFFICIAL GOVERNMENT RECORDS
P1347,P1347,PERSON-147,Vikram Mehta 8,"Sector 22, Ganj Basoda Road, Vidisha",11,Ganj Basoda Road,Vidisha,Vidisha,Madhya Pradesh,464047,SUR-20346,KHA-50346,402.14,Industrial,Urban Parcel,23.5349,77.785,"{""type"":""Polygon"",""coordinates"":[[[77.785,23.5349],[77.78565,23.5349],[77.78565,23.53555],[77.785,23.53555],[77.785,23.5349]]]}",2025-09-29T12:00:00,2026-09-10T12:00:00,SYNTHETIC DEMO DATA — NOT OFFICIAL GOVERNMENT RECORDS
P1348,P1348,PERSON-148,Kavita Joshi 8,"Sector 23, Civil Lines Extension, Vidisha",12,Civil Lines Extension,Vidisha,Vidisha,Madhya Pradesh,464048,SUR-20347,KHA-50347,449.03,Agricultural,Urban Parcel,23.53605,77.785,"{""type"":""Polygon"",""coordinates"":[[[77.785,23.53605],[77.78565,23.53605],[77.78565,23.5367],[77.785,23.5367],[77.785,23.53605]]]}",2025-09-28T12:00:00,2026-09-10T12:00:00,SYNTHETIC DEMO DATA — NOT OFFICIAL GOVERNMENT RECORDS
P1349,P1349,PERSON-149,Manoj Gupta 8,"Sector 24, Kachhi Khedi, Vidisha",1,Kachhi Khedi,Vidisha,Vidisha,Madhya Pradesh,464049,SUR-20348,KHA-50348,496.18,Institutional,Urban Parcel,23.5372,77.785,"{""type"":""Polygon"",""coordinates"":[[[77.785,23.5372],[77.78565,23.5372],[77.78565,23.53785],[77.785,23.53785],[77.785,23.5372]]]}",2025-09-27T12:00:00,2026-09-10T12:00:00,SYNTHETIC DEMO DATA — NOT OFFICIAL GOVERNMENT RECORDS
P1350,P1350,PERSON-150,Ritu Mishra 8,"Sector 25, Madhav Nagar, Vidisha",2,Madhav Nagar,Vidisha,Vidisha,Madhya Pradesh,464050,SUR-20349,KHA-50349,543.03,Mixed Use,Urban Parcel,23.53835,77.785,"{""type"":""Polygon"",""coordinates"":[[[77.785,23.53835],[77.78565,23.53835],[77.78565,23.539],[77.785,23.539],[77.785,23.53835]]]}",2025-09-26T12:00:00,2026-09-10T12:00:00,SYNTHETIC DEMO DATA — NOT OFFICIAL GOVERNMENT RECORDS
P1351,P1351,PERSON-151,Arjun Malviya 8,"Sector 1, Raisen Link, Vidisha",3,Raisen Link,Vidisha,Vidisha,Madhya Pradesh,464051,SUR-20350,KHA-50350,590.08,Vacant Land,Urban Parcel,23.5395,77.785,"{""type"":""Polygon"",""coordinates"":[[[77.785,23.5395],[77.78565,23.5395],[77.78565,23.54015],[77.785,23.54015],[77.785,23.5395]]]}",2025-09-25T12:00:00,2026-09-10T12:00:00,SYNTHETIC DEMO DATA — NOT OFFICIAL GOVERNMENT RECORDS
P1352,P1352,PERSON-152,Pooja Thakur 8,"Sector 2, Vidisha Urban, Vidisha",4,Vidisha Urban,Vidisha,Vidisha,Madhya Pradesh,464052,SUR-20351,KHA-50351,637.55,Public/Semi-Public,Urban Parcel,23.54065,77.785,"{""type"":""Polygon"",""coordinates"":[[[77.785,23.54065],[77.78565,23.54065],[77.78565,23.5413],[77.785,23.5413],[77.785,23.54065]]]}",2025-09-24T12:00:00,2026-09-10T12:00:00,SYNTHETIC DEMO DATA — NOT OFFICIAL GOVERNMENT RECORDS
P1353,P1353,PERSON-153,Nitin Saxena 8,"Sector 3, Sanchi Road, Vidisha",5,Sanchi Road,Vidisha,Vidisha,Madhya Pradesh,464053,SUR-20352,KHA-50352,684.99,Residential,Urban Parcel,23.5418,77.785,"{""type"":""Polygon"",""coordinates"":[[[77.785,23.5418],[77.78565,23.5418],[77.78565,23.54245],[77.785,23.54245],[77.785,23.5418]]]}",2025-09-23T12:00:00,2026-09-10T12:00:00,SYNTHETIC DEMO DATA — NOT OFFICIAL GOVERNMENT RECORDS
P1354,P1354,PERSON-154,Meera Chouhan 8,"Sector 4, Betwa Nagar, Vidisha",6,Betwa Nagar,Vidisha,Vidisha,Madhya Pradesh,464054,SUR-20353,KHA-50353,731.49,Commercial,Urban Parcel,23.54295,77.785,"{""type"":""Polygon"",""coordinates"":[[[77.785,23.54295],[77.78565,23.54295],[77.78565,23.5436],[77.785,23.5436],[77.785,23.54295]]]}",2025-09-22T12:00:00,2026-09-10T12:00:00,SYNTHETIC DEMO DATA — NOT OFFICIAL GOVERNMENT RECORDS
P1355,P1355,PERSON-155,Deepak Tiwari 8,"Sector 5, Ganj Basoda Road, Vidisha",7,Ganj Basoda Road,Vidisha,Vidisha,Madhya Pradesh,464055,SUR-20354,KHA-50354,778.62,Industrial,Urban Parcel,23.5441,77.785,"{""type"":""Polygon"",""coordinates"":[[[77.785,23.5441],[77.78565,23.5441],[77.78565,23.54475],[77.785,23.54475],[77.785,23.5441]]]}",2025-09-21T12:00:00,2026-09-10T12:00:00,SYNTHETIC DEMO DATA — NOT OFFICIAL GOVERNMENT RECORDS
P1356,P1356,PERSON-156,Sunita Rathore 8,"Sector 6, Civil Lines Extension, Vidisha",8,Civil Lines Extension,Vidisha,Vidisha,Madhya Pradesh,464056,SUR-20355,KHA-50355,825.09,Agricultural,Urban Parcel,23.54525,77.785,"{""type"":""Polygon"",""coordinates"":[[[77.785,23.54525],[77.78565,23.54525],[77.78565,23.5459],[77.785,23.5459],[77.785,23.54525]]]}",2025-09-20T12:00:00,2026-09-10T12:00:00,SYNTHETIC DEMO DATA — NOT OFFICIAL GOVERNMENT RECORDS
P1357,P1357,PERSON-157,Karan Dubey 8,"Sector 7, Kachhi Khedi, Vidisha",9,Kachhi Khedi,Vidisha,Vidisha,Madhya Pradesh,464057,SUR-20356,KHA-50356,872.49,Institutional,Urban Parcel,23.5464,77.785,"{""type"":""Polygon"",""coordinates"":[[[77.785,23.5464],[77.78565,23.5464],[77.78565,23.54705],[77.785,23.54705],[77.785,23.5464]]]}",2025-09-19T12:00:00,2026-09-10T12:00:00,SYNTHETIC DEMO DATA — NOT OFFICIAL GOVERNMENT RECORDS
P1358,P1358,PERSON-158,Isha Kulkarni 8,"Sector 8, Madhav Nagar, Vidisha",10,Madhav Nagar,Vidisha,Vidisha,Madhya Pradesh,464058,SUR-20357,KHA-50357,919.29,Mixed Use,Urban Parcel,23.54755,77.785,"{""type"":""Polygon"",""coordinates"":[[[77.785,23.54755],[77.78565,23.54755],[77.78565,23.5482],[77.785,23.5482],[77.785,23.54755]]]}",2025-09-18T12:00:00,2026-09-10T12:00:00,SYNTHETIC DEMO DATA — NOT OFFICIAL GOVERNMENT RECORDS
P1359,P1359,PERSON-159,Mohan Solanki 8,"Sector 9, Raisen Link, Vidisha",11,Raisen Link,Vidisha,Vidisha,Madhya Pradesh,464059,SUR-20358,KHA-50358,966.61,Vacant Land,Urban Parcel,23.5487,77.785,"{""type"":""Polygon"",""coordinates"":[[[77.785,23.5487],[77.78565,23.5487],[77.78565,23.54935],[77.785,23.54935],[77.785,23.5487]]]}",2025-09-17T12:00:00,2026-09-10T12:00:00,SYNTHETIC DEMO DATA — NOT OFFICIAL GOVERNMENT RECORDS
P1360,P1360,PERSON-160,Rekha Bansal 8,"Sector 10, Vidisha Urban, Vidisha",12,Vidisha Urban,Vidisha,Vidisha,Madhya Pradesh,464060,SUR-20359,KHA-50359,1013.44,Public/Semi-Public,Urban Parcel,23.54985,77.785,"{""type"":""Polygon"",""coordinates"":[[[77.785,23.54985],[77.78565,23.54985],[77.78565,23.5505],[77.785,23.5505],[77.785,23.54985]]]}",2025-09-16T12:00:00,2026-09-10T12:00:00,SYNTHETIC DEMO DATA — NOT OFFICIAL GOVERNMENT RECORDS
P1361,P1361,PERSON-161,Rahul Sharma 9,"Sector 11, Sanchi Road, Vidisha",1,Sanchi Road,Vidisha,Vidisha,Madhya Pradesh,464061,SUR-20360,KHA-50360,1060.9,Residential,Urban Parcel,23.505,77.78625,"{""type"":""Polygon"",""coordinates"":[[[77.78625,23.505],[77.7869,23.505],[77.7869,23.50565],[77.78625,23.50565],[77.78625,23.505]]]}",2025-09-15T12:00:00,2026-09-10T12:00:00,SYNTHETIC DEMO DATA — NOT OFFICIAL GOVERNMENT RECORDS
P1362,P1362,PERSON-162,Amit Verma 9,"Sector 12, Betwa Nagar, Vidisha",2,Betwa Nagar,Vidisha,Vidisha,Madhya Pradesh,464062,SUR-20361,KHA-50361,1107.17,Commercial,Urban Parcel,23.50615,77.78625,"{""type"":""Polygon"",""coordinates"":[[[77.78625,23.50615],[77.7869,23.50615],[77.7869,23.5068],[77.78625,23.5068],[77.78625,23.50615]]]}",2025-09-14T12:00:00,2026-09-10T12:00:00,SYNTHETIC DEMO DATA — NOT OFFICIAL GOVERNMENT RECORDS
P1363,P1363,PERSON-163,Neha Patel 9,"Sector 13, Ganj Basoda Road, Vidisha",3,Ganj Basoda Road,Vidisha,Vidisha,Madhya Pradesh,464063,SUR-20362,KHA-50362,1154.79,Industrial,Urban Parcel,23.5073,77.78625,"{""type"":""Polygon"",""coordinates"":[[[77.78625,23.5073],[77.7869,23.5073],[77.7869,23.50795],[77.78625,23.50795],[77.78625,23.5073]]]}",2025-09-13T12:00:00,2026-09-10T12:00:00,SYNTHETIC DEMO DATA — NOT OFFICIAL GOVERNMENT RECORDS
P1364,P1364,PERSON-164,Priya Singh 9,"Sector 14, Civil Lines Extension, Vidisha",4,Civil Lines Extension,Vidisha,Vidisha,Madhya Pradesh,464064,SUR-20363,KHA-50363,1201.59,Agricultural,Urban Parcel,23.50845,77.78625,"{""type"":""Polygon"",""coordinates"":[[[77.78625,23.50845],[77.7869,23.50845],[77.7869,23.5091],[77.78625,23.5091],[77.78625,23.50845]]]}",2025-09-12T12:00:00,2026-09-10T12:00:00,SYNTHETIC DEMO DATA — NOT OFFICIAL GOVERNMENT RECORDS
P1365,P1365,PERSON-165,Suresh Yadav 9,"Sector 15, Kachhi Khedi, Vidisha",5,Kachhi Khedi,Vidisha,Vidisha,Madhya Pradesh,464065,SUR-20364,KHA-50364,1248.84,Institutional,Urban Parcel,23.5096,77.78625,"{""type"":""Polygon"",""coordinates"":[[[77.78625,23.5096],[77.7869,23.5096],[77.7869,23.51025],[77.78625,23.51025],[77.78625,23.5096]]]}",2025-09-11T12:00:00,2026-09-10T12:00:00,SYNTHETIC DEMO DATA — NOT OFFICIAL GOVERNMENT RECORDS
P1366,P1366,PERSON-166,Anjali Jain 9,"Sector 16, Madhav Nagar, Vidisha",6,Madhav Nagar,Vidisha,Vidisha,Madhya Pradesh,464066,SUR-20365,KHA-50365,1295.9,Mixed Use,Urban Parcel,23.51075,77.78625,"{""type"":""Polygon"",""coordinates"":[[[77.78625,23.51075],[77.7869,23.51075],[77.7869,23.5114],[77.78625,23.5114],[77.78625,23.51075]]]}",2025-09-10T12:00:00,2026-09-10T12:00:00,SYNTHETIC DEMO DATA — NOT OFFICIAL GOVERNMENT RECORDS
P1367,P1367,PERSON-167,Vikram Mehta 9,"Sector 17, Raisen Link, Vidisha",7,Raisen Link,Vidisha,Vidisha,Madhya Pradesh,464067,SUR-20366,KHA-50366,1342.59,Vacant Land,Urban Parcel,23.5119,77.78625,"{""type"":""Polygon"",""coordinates"":[[[77.78625,23.5119],[77.7869,23.5119],[77.7869,23.51255],[77.78625,23.51255],[77.78625,23.5119]]]}",2025-09-09T12:00:00,2026-09-10T12:00:00,SYNTHETIC DEMO DATA — NOT OFFICIAL GOVERNMENT RECORDS
P1368,P1368,PERSON-168,Kavita Joshi 9,"Sector 18, Vidisha Urban, Vidisha",8,Vidisha Urban,Vidisha,Vidisha,Madhya Pradesh,464068,SUR-20367,KHA-50367,1389.32,Public/Semi-Public,Urban Parcel,23.51305,77.78625,"{""type"":""Polygon"",""coordinates"":[[[77.78625,23.51305],[77.7869,23.51305],[77.7869,23.5137],[77.78625,23.5137],[77.78625,23.51305]]]}",2025-09-08T12:00:00,2026-09-10T12:00:00,SYNTHETIC DEMO DATA — NOT OFFICIAL GOVERNMENT RECORDS
P1369,P1369,PERSON-169,Manoj Gupta 9,"Sector 19, Sanchi Road, Vidisha",9,Sanchi Road,Vidisha,Vidisha,Madhya Pradesh,464069,SUR-20368,KHA-50368,1436.56,Residential,Urban Parcel,23.5142,77.78625,"{""type"":""Polygon"",""coordinates"":[[[77.78625,23.5142],[77.7869,23.5142],[77.7869,23.51485],[77.78625,23.51485],[77.78625,23.5142]]]}",2025-09-07T12:00:00,2026-09-10T12:00:00,SYNTHETIC DEMO DATA — NOT OFFICIAL GOVERNMENT RECORDS
P1370,P1370,PERSON-170,Ritu Mishra 9,"Sector 20, Betwa Nagar, Vidisha",10,Betwa Nagar,Vidisha,Vidisha,Madhya Pradesh,464070,SUR-20369,KHA-50369,1483.53,Commercial,Urban Parcel,23.51535,77.78625,"{""type"":""Polygon"",""coordinates"":[[[77.78625,23.51535],[77.7869,23.51535],[77.7869,23.516],[77.78625,23.516],[77.78625,23.51535]]]}",2025-09-06T12:00:00,2026-09-10T12:00:00,SYNTHETIC DEMO DATA — NOT OFFICIAL GOVERNMENT RECORDS
P1371,P1371,PERSON-171,Arjun Malviya 9,"Sector 21, Ganj Basoda Road, Vidisha",11,Ganj Basoda Road,Vidisha,Vidisha,Madhya Pradesh,464071,SUR-20370,KHA-50370,1530.45,Industrial,Urban Parcel,23.5165,77.78625,"{""type"":""Polygon"",""coordinates"":[[[77.78625,23.5165],[77.7869,23.5165],[77.7869,23.51715],[77.78625,23.51715],[77.78625,23.5165]]]}",2025-09-05T12:00:00,2026-09-10T12:00:00,SYNTHETIC DEMO DATA — NOT OFFICIAL GOVERNMENT RECORDS
P1372,P1372,PERSON-172,Pooja Thakur 9,"Sector 22, Civil Lines Extension, Vidisha",12,Civil Lines Extension,Vidisha,Vidisha,Madhya Pradesh,464072,SUR-20371,KHA-50371,127.05,Agricultural,Urban Parcel,23.51765,77.78625,"{""type"":""Polygon"",""coordinates"":[[[77.78625,23.51765],[77.7869,23.51765],[77.7869,23.5183],[77.78625,23.5183],[77.78625,23.51765]]]}",2025-09-04T12:00:00,2026-09-10T12:00:00,SYNTHETIC DEMO DATA — NOT OFFICIAL GOVERNMENT RECORDS
P1373,P1373,PERSON-173,Nitin Saxena 9,"Sector 23, Kachhi Khedi, Vidisha",1,Kachhi Khedi,Vidisha,Vidisha,Madhya Pradesh,464073,SUR-20372,KHA-50372,174.25,Institutional,Urban Parcel,23.5188,77.78625,"{""type"":""Polygon"",""coordinates"":[[[77.78625,23.5188],[77.7869,23.5188],[77.7869,23.51945],[77.78625,23.51945],[77.78625,23.5188]]]}",2025-09-03T12:00:00,2026-09-10T12:00:00,SYNTHETIC DEMO DATA — NOT OFFICIAL GOVERNMENT RECORDS
P1374,P1374,PERSON-174,Meera Chouhan 9,"Sector 24, Madhav Nagar, Vidisha",2,Madhav Nagar,Vidisha,Vidisha,Madhya Pradesh,464074,SUR-20373,KHA-50373,221.26,Mixed Use,Urban Parcel,23.51995,77.78625,"{""type"":""Polygon"",""coordinates"":[[[77.78625,23.51995],[77.7869,23.51995],[77.7869,23.5206],[77.78625,23.5206],[77.78625,23.51995]]]}",2025-09-02T12:00:00,2026-09-10T12:00:00,SYNTHETIC DEMO DATA — NOT OFFICIAL GOVERNMENT RECORDS
P1375,P1375,PERSON-175,Deepak Tiwari 9,"Sector 25, Raisen Link, Vidisha",3,Raisen Link,Vidisha,Vidisha,Madhya Pradesh,464075,SUR-20374,KHA-50374,268.48,Vacant Land,Urban Parcel,23.5211,77.78625,"{""type"":""Polygon"",""coordinates"":[[[77.78625,23.5211],[77.7869,23.5211],[77.7869,23.52175],[77.78625,23.52175],[77.78625,23.5211]]]}",2025-09-01T12:00:00,2026-09-10T12:00:00,SYNTHETIC DEMO DATA — NOT OFFICIAL GOVERNMENT RECORDS
P1376,P1376,PERSON-176,Sunita Rathore 9,"Sector 1, Vidisha Urban, Vidisha",4,Vidisha Urban,Vidisha,Vidisha,Madhya Pradesh,464076,SUR-20375,KHA-50375,315.46,Public/Semi-Public,Urban Parcel,23.52225,77.78625,"{""type"":""Polygon"",""coordinates"":[[[77.78625,23.52225],[77.7869,23.52225],[77.7869,23.5229],[77.78625,23.5229],[77.78625,23.52225]]]}",2025-08-31T12:00:00,2026-09-10T12:00:00,SYNTHETIC DEMO DATA — NOT OFFICIAL GOVERNMENT RECORDS
P1377,P1377,PERSON-177,Karan Dubey 9,"Sector 2, Sanchi Road, Vidisha",5,Sanchi Road,Vidisha,Vidisha,Madhya Pradesh,464077,SUR-20376,KHA-50376,362.85,Residential,Urban Parcel,23.5234,77.78625,"{""type"":""Polygon"",""coordinates"":[[[77.78625,23.5234],[77.7869,23.5234],[77.7869,23.52405],[77.78625,23.52405],[77.78625,23.5234]]]}",2025-08-30T12:00:00,2026-09-10T12:00:00,SYNTHETIC DEMO DATA — NOT OFFICIAL GOVERNMENT RECORDS
P1378,P1378,PERSON-178,Isha Kulkarni 9,"Sector 3, Betwa Nagar, Vidisha",6,Betwa Nagar,Vidisha,Vidisha,Madhya Pradesh,464078,SUR-20377,KHA-50377,409.62,Commercial,Urban Parcel,23.52455,77.78625,"{""type"":""Polygon"",""coordinates"":[[[77.78625,23.52455],[77.7869,23.52455],[77.7869,23.5252],[77.78625,23.5252],[77.78625,23.52455]]]}",2025-08-29T12:00:00,2026-09-10T12:00:00,SYNTHETIC DEMO DATA — NOT OFFICIAL GOVERNMENT RECORDS
P1379,P1379,PERSON-179,Mohan Solanki 9,"Sector 4, Ganj Basoda Road, Vidisha",7,Ganj Basoda Road,Vidisha,Vidisha,Madhya Pradesh,464079,SUR-20378,KHA-50378,456.22,Industrial,Urban Parcel,23.5257,77.78625,"{""type"":""Polygon"",""coordinates"":[[[77.78625,23.5257],[77.7869,23.5257],[77.7869,23.52635],[77.78625,23.52635],[77.78625,23.5257]]]}",2025-08-28T12:00:00,2026-09-10T12:00:00,SYNTHETIC DEMO DATA — NOT OFFICIAL GOVERNMENT RECORDS
P1380,P1380,PERSON-180,Rekha Bansal 9,"Sector 5, Civil Lines Extension, Vidisha",8,Civil Lines Extension,Vidisha,Vidisha,Madhya Pradesh,464080,SUR-20379,KHA-50379,503.87,Agricultural,Urban Parcel,23.52685,77.78625,"{""type"":""Polygon"",""coordinates"":[[[77.78625,23.52685],[77.7869,23.52685],[77.7869,23.5275],[77.78625,23.5275],[77.78625,23.52685]]]}",2025-08-27T12:00:00,2026-09-10T12:00:00,SYNTHETIC DEMO DATA — NOT OFFICIAL GOVERNMENT RECORDS
P1381,P1381,PERSON-181,Rahul Sharma 10,"Sector 6, Kachhi Khedi, Vidisha",9,Kachhi Khedi,Vidisha,Vidisha,Madhya Pradesh,464081,SUR-20380,KHA-50380,550.55,Institutional,Urban Parcel,23.528,77.78625,"{""type"":""Polygon"",""coordinates"":[[[77.78625,23.528],[77.7869,23.528],[77.7869,23.52865],[77.78625,23.52865],[77.78625,23.528]]]}",2025-08-26T12:00:00,2026-09-10T12:00:00,SYNTHETIC DEMO DATA — NOT OFFICIAL GOVERNMENT RECORDS
P1382,P1382,PERSON-182,Amit Verma 10,"Sector 7, Madhav Nagar, Vidisha",10,Madhav Nagar,Vidisha,Vidisha,Madhya Pradesh,464082,SUR-20381,KHA-50381,597.66,Mixed Use,Urban Parcel,23.52915,77.78625,"{""type"":""Polygon"",""coordinates"":[[[77.78625,23.52915],[77.7869,23.52915],[77.7869,23.5298],[77.78625,23.5298],[77.78625,23.52915]]]}",2025-08-25T12:00:00,2026-09-10T12:00:00,SYNTHETIC DEMO DATA — NOT OFFICIAL GOVERNMENT RECORDS
P1383,P1383,PERSON-183,Neha Patel 10,"Sector 8, Raisen Link, Vidisha",11,Raisen Link,Vidisha,Vidisha,Madhya Pradesh,464083,SUR-20382,KHA-50382,644.3,Vacant Land,Urban Parcel,23.5303,77.78625,"{""type"":""Polygon"",""coordinates"":[[[77.78625,23.5303],[77.7869,23.5303],[77.7869,23.53095],[77.78625,23.53095],[77.78625,23.5303]]]}",2025-08-24T12:00:00,2026-09-10T12:00:00,SYNTHETIC DEMO DATA — NOT OFFICIAL GOVERNMENT RECORDS
P1384,P1384,PERSON-184,Priya Singh 10,"Sector 9, Vidisha Urban, Vidisha",12,Vidisha Urban,Vidisha,Vidisha,Madhya Pradesh,464084,SUR-20383,KHA-50383,691.9,Public/Semi-Public,Urban Parcel,23.53145,77.78625,"{""type"":""Polygon"",""coordinates"":[[[77.78625,23.53145],[77.7869,23.53145],[77.7869,23.5321],[77.78625,23.5321],[77.78625,23.53145]]]}",2025-08-23T12:00:00,2026-09-10T12:00:00,SYNTHETIC DEMO DATA — NOT OFFICIAL GOVERNMENT RECORDS
P1385,P1385,PERSON-185,Suresh Yadav 10,"Sector 10, Sanchi Road, Vidisha",1,Sanchi Road,Vidisha,Vidisha,Madhya Pradesh,464085,SUR-20384,KHA-50384,738.44,Residential,Urban Parcel,23.5326,77.78625,"{""type"":""Polygon"",""coordinates"":[[[77.78625,23.5326],[77.7869,23.5326],[77.7869,23.53325],[77.78625,23.53325],[77.78625,23.5326]]]}",2025-08-22T12:00:00,2026-09-10T12:00:00,SYNTHETIC DEMO DATA — NOT OFFICIAL GOVERNMENT RECORDS
P1386,P1386,PERSON-186,Anjali Jain 10,"Sector 11, Betwa Nagar, Vidisha",2,Betwa Nagar,Vidisha,Vidisha,Madhya Pradesh,464086,SUR-20385,KHA-50385,785.59,Commercial,Urban Parcel,23.53375,77.78625,"{""type"":""Polygon"",""coordinates"":[[[77.78625,23.53375],[77.7869,23.53375],[77.7869,23.5344],[77.78625,23.5344],[77.78625,23.53375]]]}",2025-08-21T12:00:00,2026-09-10T12:00:00,SYNTHETIC DEMO DATA — NOT OFFICIAL GOVERNMENT RECORDS
P1387,P1387,PERSON-187,Vikram Mehta 10,"Sector 12, Ganj Basoda Road, Vidisha",3,Ganj Basoda Road,Vidisha,Vidisha,Madhya Pradesh,464087,SUR-20386,KHA-50386,832.37,Industrial,Urban Parcel,23.5349,77.78625,"{""type"":""Polygon"",""coordinates"":[[[77.78625,23.5349],[77.7869,23.5349],[77.7869,23.53555],[77.78625,23.53555],[77.78625,23.5349]]]}",2025-08-20T12:00:00,2026-09-10T12:00:00,SYNTHETIC DEMO DATA — NOT OFFICIAL GOVERNMENT RECORDS
P1388,P1388,PERSON-188,Kavita Joshi 10,"Sector 13, Civil Lines Extension, Vidisha",4,Civil Lines Extension,Vidisha,Vidisha,Madhya Pradesh,464088,SUR-20387,KHA-50387,879.52,Agricultural,Urban Parcel,23.53605,77.78625,"{""type"":""Polygon"",""coordinates"":[[[77.78625,23.53605],[77.7869,23.53605],[77.7869,23.5367],[77.78625,23.5367],[77.78625,23.53605]]]}",2025-08-19T12:00:00,2026-09-10T12:00:00,SYNTHETIC DEMO DATA — NOT OFFICIAL GOVERNMENT RECORDS
P1389,P1389,PERSON-189,Manoj Gupta 10,"Sector 14, Kachhi Khedi, Vidisha",5,Kachhi Khedi,Vidisha,Vidisha,Madhya Pradesh,464089,SUR-20388,KHA-50388,926.25,Institutional,Urban Parcel,23.5372,77.78625,"{""type"":""Polygon"",""coordinates"":[[[77.78625,23.5372],[77.7869,23.5372],[77.7869,23.53785],[77.78625,23.53785],[77.78625,23.5372]]]}",2025-08-18T12:00:00,2026-09-10T12:00:00,SYNTHETIC DEMO DATA — NOT OFFICIAL GOVERNMENT RECORDS
P1390,P1390,PERSON-190,Ritu Mishra 10,"Sector 15, Madhav Nagar, Vidisha",6,Madhav Nagar,Vidisha,Vidisha,Madhya Pradesh,464090,SUR-20389,KHA-50389,973.6,Mixed Use,Urban Parcel,23.53835,77.78625,"{""type"":""Polygon"",""coordinates"":[[[77.78625,23.53835],[77.7869,23.53835],[77.7869,23.539],[77.78625,23.539],[77.78625,23.53835]]]}",2025-08-17T12:00:00,2026-09-10T12:00:00,SYNTHETIC DEMO DATA — NOT OFFICIAL GOVERNMENT RECORDS
P1391,P1391,PERSON-191,Arjun Malviya 10,"Sector 16, Raisen Link, Vidisha",7,Raisen Link,Vidisha,Vidisha,Madhya Pradesh,464091,SUR-20390,KHA-50390,1020.73,Vacant Land,Urban Parcel,23.5395,77.78625,"{""type"":""Polygon"",""coordinates"":[[[77.78625,23.5395],[77.7869,23.5395],[77.7869,23.54015],[77.78625,23.54015],[77.78625,23.5395]]]}",2025-08-16T12:00:00,2026-09-10T12:00:00,SYNTHETIC DEMO DATA — NOT OFFICIAL GOVERNMENT RECORDS
P1392,P1392,PERSON-192,Pooja Thakur 10,"Sector 17, Vidisha Urban, Vidisha",8,Vidisha Urban,Vidisha,Vidisha,Madhya Pradesh,464092,SUR-20391,KHA-50391,1067.12,Public/Semi-Public,Urban Parcel,23.54065,77.78625,"{""type"":""Polygon"",""coordinates"":[[[77.78625,23.54065],[77.7869,23.54065],[77.7869,23.5413],[77.78625,23.5413],[77.78625,23.54065]]]}",2025-08-15T12:00:00,2026-09-10T12:00:00,SYNTHETIC DEMO DATA — NOT OFFICIAL GOVERNMENT RECORDS
P1393,P1393,PERSON-193,Nitin Saxena 10,"Sector 18, Sanchi Road, Vidisha",9,Sanchi Road,Vidisha,Vidisha,Madhya Pradesh,464093,SUR-20392,KHA-50392,1114.9,Residential,Urban Parcel,23.5418,77.78625,"{""type"":""Polygon"",""coordinates"":[[[77.78625,23.5418],[77.7869,23.5418],[77.7869,23.54245],[77.78625,23.54245],[77.78625,23.5418]]]}",2025-08-14T12:00:00,2026-09-10T12:00:00,SYNTHETIC DEMO DATA — NOT OFFICIAL GOVERNMENT RECORDS
P1394,P1394,PERSON-194,Meera Chouhan 10,"Sector 19, Betwa Nagar, Vidisha",10,Betwa Nagar,Vidisha,Vidisha,Madhya Pradesh,464094,SUR-20393,KHA-50393,1161.11,Commercial,Urban Parcel,23.54295,77.78625,"{""type"":""Polygon"",""coordinates"":[[[77.78625,23.54295],[77.7869,23.54295],[77.7869,23.5436],[77.78625,23.5436],[77.78625,23.54295]]]}",2025-08-13T12:00:00,2026-09-10T12:00:00,SYNTHETIC DEMO DATA — NOT OFFICIAL GOVERNMENT RECORDS
P1395,P1395,PERSON-195,Deepak Tiwari 10,"Sector 20, Ganj Basoda Road, Vidisha",11,Ganj Basoda Road,Vidisha,Vidisha,Madhya Pradesh,464095,SUR-20394,KHA-50394,1208.96,Industrial,Urban Parcel,23.5441,77.78625,"{""type"":""Polygon"",""coordinates"":[[[77.78625,23.5441],[77.7869,23.5441],[77.7869,23.54475],[77.78625,23.54475],[77.78625,23.5441]]]}",2025-08-12T12:00:00,2026-09-10T12:00:00,SYNTHETIC DEMO DATA — NOT OFFICIAL GOVERNMENT RECORDS
P1396,P1396,PERSON-196,Sunita Rathore 10,"Sector 21, Civil Lines Extension, Vidisha",12,Civil Lines Extension,Vidisha,Vidisha,Madhya Pradesh,464096,SUR-20395,KHA-50395,1255.22,Agricultural,Urban Parcel,23.54525,77.78625,"{""type"":""Polygon"",""coordinates"":[[[77.78625,23.54525],[77.7869,23.54525],[77.7869,23.5459],[77.78625,23.5459],[77.78625,23.54525]]]}",2025-08-11T12:00:00,2026-09-10T12:00:00,SYNTHETIC DEMO DATA — NOT OFFICIAL GOVERNMENT RECORDS
P1397,P1397,PERSON-197,Karan Dubey 10,"Sector 22, Kachhi Khedi, Vidisha",1,Kachhi Khedi,Vidisha,Vidisha,Madhya Pradesh,464097,SUR-20396,KHA-50396,1302.61,Institutional,Urban Parcel,23.5464,77.78625,"{""type"":""Polygon"",""coordinates"":[[[77.78625,23.5464],[77.7869,23.5464],[77.7869,23.54705],[77.78625,23.54705],[77.78625,23.5464]]]}",2025-08-10T12:00:00,2026-09-10T12:00:00,SYNTHETIC DEMO DATA — NOT OFFICIAL GOVERNMENT RECORDS
P1398,P1398,PERSON-198,Isha Kulkarni 10,"Sector 23, Madhav Nagar, Vidisha",2,Madhav Nagar,Vidisha,Vidisha,Madhya Pradesh,464098,SUR-20397,KHA-50397,1349.54,Mixed Use,Urban Parcel,23.54755,77.78625,"{""type"":""Polygon"",""coordinates"":[[[77.78625,23.54755],[77.7869,23.54755],[77.7869,23.5482],[77.78625,23.5482],[77.78625,23.54755]]]}",2025-08-09T12:00:00,2026-09-10T12:00:00,SYNTHETIC DEMO DATA — NOT OFFICIAL GOVERNMENT RECORDS
P1399,P1399,PERSON-199,Mohan Solanki 10,"Sector 24, Raisen Link, Vidisha",3,Raisen Link,Vidisha,Vidisha,Madhya Pradesh,464099,SUR-20398,KHA-50398,1396.13,Vacant Land,Urban Parcel,23.5487,77.78625,"{""type"":""Polygon"",""coordinates"":[[[77.78625,23.5487],[77.7869,23.5487],[77.7869,23.54935],[77.78625,23.54935],[77.78625,23.5487]]]}",2025-08-08T12:00:00,2026-09-10T12:00:00,SYNTHETIC DEMO DATA — NOT OFFICIAL GOVERNMENT RECORDS
P1400,P1400,PERSON-200,Rekha Bansal 10,"Sector 25, Vidisha Urban, Vidisha",4,Vidisha Urban,Vidisha,Vidisha,Madhya Pradesh,464000,SUR-20399,KHA-50399,1443.08,Public/Semi-Public,Urban Parcel,23.54985,77.78625,"{""type"":""Polygon"",""coordinates"":[[[77.78625,23.54985],[77.7869,23.54985],[77.7869,23.5505],[77.78625,23.5505],[77.78625,23.54985]]]}",2025-08-07T12:00:00,2026-09-10T12:00:00,SYNTHETIC DEMO DATA — NOT OFFICIAL GOVERNMENT RECORDS
P1401,P1401,PERSON-001,Rahul Sharma,"Sector 1, Sanchi Road, Vidisha",5,Sanchi Road,Vidisha,Vidisha,Madhya Pradesh,464001,SUR-20400,KHA-50400,1490.99,Residential,Urban Parcel,23.505,77.7875,"{""type"":""Polygon"",""coordinates"":[[[77.7875,23.505],[77.78815,23.505],[77.78815,23.50565],[77.7875,23.50565],[77.7875,23.505]]]}",2025-08-06T12:00:00,2026-09-10T12:00:00,SYNTHETIC DEMO DATA — NOT OFFICIAL GOVERNMENT RECORDS
P1402,P1402,PERSON-002,Amit Verma,"Sector 2, Betwa Nagar, Vidisha",6,Betwa Nagar,Vidisha,Vidisha,Madhya Pradesh,464002,SUR-20401,KHA-50401,1537.55,Commercial,Urban Parcel,23.50615,77.7875,"{""type"":""Polygon"",""coordinates"":[[[77.7875,23.50615],[77.78815,23.50615],[77.78815,23.5068],[77.7875,23.5068],[77.7875,23.50615]]]}",2025-08-05T12:00:00,2026-09-10T12:00:00,SYNTHETIC DEMO DATA — NOT OFFICIAL GOVERNMENT RECORDS
P1403,P1403,PERSON-003,Neha Patel,"Sector 3, Ganj Basoda Road, Vidisha",7,Ganj Basoda Road,Vidisha,Vidisha,Madhya Pradesh,464003,SUR-20402,KHA-50402,134.09,Industrial,Urban Parcel,23.5073,77.7875,"{""type"":""Polygon"",""coordinates"":[[[77.7875,23.5073],[77.78815,23.5073],[77.78815,23.50795],[77.7875,23.50795],[77.7875,23.5073]]]}",2025-08-04T12:00:00,2026-09-10T12:00:00,SYNTHETIC DEMO DATA — NOT OFFICIAL GOVERNMENT RECORDS
P1404,P1404,PERSON-004,Priya Singh,"Sector 4, Civil Lines Extension, Vidisha",8,Civil Lines Extension,Vidisha,Vidisha,Madhya Pradesh,464004,SUR-20403,KHA-50403,181.54,Agricultural,Urban Parcel,23.50845,77.7875,"{""type"":""Polygon"",""coordinates"":[[[77.7875,23.50845],[77.78815,23.50845],[77.78815,23.5091],[77.7875,23.5091],[77.7875,23.50845]]]}",2025-08-03T12:00:00,2026-09-10T12:00:00,SYNTHETIC DEMO DATA — NOT OFFICIAL GOVERNMENT RECORDS
P1405,P1405,PERSON-005,Suresh Yadav,"Sector 5, Kachhi Khedi, Vidisha",9,Kachhi Khedi,Vidisha,Vidisha,Madhya Pradesh,464005,SUR-20404,KHA-50404,228.62,Institutional,Urban Parcel,23.5096,77.7875,"{""type"":""Polygon"",""coordinates"":[[[77.7875,23.5096],[77.78815,23.5096],[77.78815,23.51025],[77.7875,23.51025],[77.7875,23.5096]]]}",2025-08-02T12:00:00,2026-09-10T12:00:00,SYNTHETIC DEMO DATA — NOT OFFICIAL GOVERNMENT RECORDS
P1406,P1406,PERSON-006,Anjali Jain,"Sector 6, Madhav Nagar, Vidisha",10,Madhav Nagar,Vidisha,Vidisha,Madhya Pradesh,464006,SUR-20405,KHA-50405,275.39,Mixed Use,Urban Parcel,23.51075,77.7875,"{""type"":""Polygon"",""coordinates"":[[[77.7875,23.51075],[77.78815,23.51075],[77.78815,23.5114],[77.7875,23.5114],[77.7875,23.51075]]]}",2025-08-01T12:00:00,2026-09-10T12:00:00,SYNTHETIC DEMO DATA — NOT OFFICIAL GOVERNMENT RECORDS
P1407,P1407,PERSON-007,Vikram Mehta,"Sector 7, Raisen Link, Vidisha",11,Raisen Link,Vidisha,Vidisha,Madhya Pradesh,464007,SUR-20406,KHA-50406,322.28,Vacant Land,Urban Parcel,23.5119,77.7875,"{""type"":""Polygon"",""coordinates"":[[[77.7875,23.5119],[77.78815,23.5119],[77.78815,23.51255],[77.7875,23.51255],[77.7875,23.5119]]]}",2025-07-31T12:00:00,2026-09-10T12:00:00,SYNTHETIC DEMO DATA — NOT OFFICIAL GOVERNMENT RECORDS
P1408,P1408,PERSON-008,Kavita Joshi,"Sector 8, Vidisha Urban, Vidisha",12,Vidisha Urban,Vidisha,Vidisha,Madhya Pradesh,464008,SUR-20407,KHA-50407,369.73,Public/Semi-Public,Urban Parcel,23.51305,77.7875,"{""type"":""Polygon"",""coordinates"":[[[77.7875,23.51305],[77.78815,23.51305],[77.78815,23.5137],[77.7875,23.5137],[77.7875,23.51305]]]}",2025-07-30T12:00:00,2026-09-10T12:00:00,SYNTHETIC DEMO DATA — NOT OFFICIAL GOVERNMENT RECORDS
P1409,P1409,PERSON-009,Manoj Gupta,"Sector 9, Sanchi Road, Vidisha",1,Sanchi Road,Vidisha,Vidisha,Madhya Pradesh,464009,SUR-20408,KHA-50408,416.77,Residential,Urban Parcel,23.5142,77.7875,"{""type"":""Polygon"",""coordinates"":[[[77.7875,23.5142],[77.78815,23.5142],[77.78815,23.51485],[77.7875,23.51485],[77.7875,23.5142]]]}",2025-07-29T12:00:00,2026-09-10T12:00:00,SYNTHETIC DEMO DATA — NOT OFFICIAL GOVERNMENT RECORDS
P1410,P1410,PERSON-010,Ritu Mishra,"Sector 10, Betwa Nagar, Vidisha",2,Betwa Nagar,Vidisha,Vidisha,Madhya Pradesh,464010,SUR-20409,KHA-50409,463.27,Commercial,Urban Parcel,23.51535,77.7875,"{""type"":""Polygon"",""coordinates"":[[[77.7875,23.51535],[77.78815,23.51535],[77.78815,23.516],[77.7875,23.516],[77.7875,23.51535]]]}",2025-07-28T12:00:00,2026-09-10T12:00:00,SYNTHETIC DEMO DATA — NOT OFFICIAL GOVERNMENT RECORDS
P1411,P1411,PERSON-011,Arjun Malviya,"Sector 11, Ganj Basoda Road, Vidisha",3,Ganj Basoda Road,Vidisha,Vidisha,Madhya Pradesh,464011,SUR-20410,KHA-50410,510.76,Industrial,Urban Parcel,23.5165,77.7875,"{""type"":""Polygon"",""coordinates"":[[[77.7875,23.5165],[77.78815,23.5165],[77.78815,23.51715],[77.7875,23.51715],[77.7875,23.5165]]]}",2025-07-27T12:00:00,2026-09-10T12:00:00,SYNTHETIC DEMO DATA — NOT OFFICIAL GOVERNMENT RECORDS
P1412,P1412,PERSON-012,Pooja Thakur,"Sector 12, Civil Lines Extension, Vidisha",4,Civil Lines Extension,Vidisha,Vidisha,Madhya Pradesh,464012,SUR-20411,KHA-50411,557.61,Agricultural,Urban Parcel,23.51765,77.7875,"{""type"":""Polygon"",""coordinates"":[[[77.7875,23.51765],[77.78815,23.51765],[77.78815,23.5183],[77.7875,23.5183],[77.7875,23.51765]]]}",2025-07-26T12:00:00,2026-09-10T12:00:00,SYNTHETIC DEMO DATA — NOT OFFICIAL GOVERNMENT RECORDS
P1413,P1413,PERSON-013,Nitin Saxena,"Sector 13, Kachhi Khedi, Vidisha",5,Kachhi Khedi,Vidisha,Vidisha,Madhya Pradesh,464013,SUR-20412,KHA-50412,604.71,Institutional,Urban Parcel,23.5188,77.7875,"{""type"":""Polygon"",""coordinates"":[[[77.7875,23.5188],[77.78815,23.5188],[77.78815,23.51945],[77.7875,23.51945],[77.7875,23.5188]]]}",2025-07-25T12:00:00,2026-09-10T12:00:00,SYNTHETIC DEMO DATA — NOT OFFICIAL GOVERNMENT RECORDS
P1414,P1414,PERSON-014,Meera Chouhan,"Sector 14, Madhav Nagar, Vidisha",6,Madhav Nagar,Vidisha,Vidisha,Madhya Pradesh,464014,SUR-20413,KHA-50413,651.93,Mixed Use,Urban Parcel,23.51995,77.7875,"{""type"":""Polygon"",""coordinates"":[[[77.7875,23.51995],[77.78815,23.51995],[77.78815,23.5206],[77.7875,23.5206],[77.7875,23.51995]]]}",2025-07-24T12:00:00,2026-09-10T12:00:00,SYNTHETIC DEMO DATA — NOT OFFICIAL GOVERNMENT RECORDS
P1415,P1415,PERSON-015,Deepak Tiwari,"Sector 15, Raisen Link, Vidisha",7,Raisen Link,Vidisha,Vidisha,Madhya Pradesh,464015,SUR-20414,KHA-50414,698.73,Vacant Land,Urban Parcel,23.5211,77.7875,"{""type"":""Polygon"",""coordinates"":[[[77.7875,23.5211],[77.78815,23.5211],[77.78815,23.52175],[77.7875,23.52175],[77.7875,23.5211]]]}",2025-07-23T12:00:00,2026-09-10T12:00:00,SYNTHETIC DEMO DATA — NOT OFFICIAL GOVERNMENT RECORDS
P1416,P1416,PERSON-016,Sunita Rathore,"Sector 16, Vidisha Urban, Vidisha",8,Vidisha Urban,Vidisha,Vidisha,Madhya Pradesh,464016,SUR-20415,KHA-50415,745.32,Public/Semi-Public,Urban Parcel,23.52225,77.7875,"{""type"":""Polygon"",""coordinates"":[[[77.7875,23.52225],[77.78815,23.52225],[77.78815,23.5229],[77.7875,23.5229],[77.7875,23.52225]]]}",2025-07-22T12:00:00,2026-09-10T12:00:00,SYNTHETIC DEMO DATA — NOT OFFICIAL GOVERNMENT RECORDS
P1417,P1417,PERSON-017,Karan Dubey,"Sector 17, Sanchi Road, Vidisha",9,Sanchi Road,Vidisha,Vidisha,Madhya Pradesh,464017,SUR-20416,KHA-50416,792.62,Residential,Urban Parcel,23.5234,77.7875,"{""type"":""Polygon"",""coordinates"":[[[77.7875,23.5234],[77.78815,23.5234],[77.78815,23.52405],[77.7875,23.52405],[77.7875,23.5234]]]}",2025-07-21T12:00:00,2026-09-10T12:00:00,SYNTHETIC DEMO DATA — NOT OFFICIAL GOVERNMENT RECORDS
P1418,P1418,PERSON-018,Isha Kulkarni,"Sector 18, Betwa Nagar, Vidisha",10,Betwa Nagar,Vidisha,Vidisha,Madhya Pradesh,464018,SUR-20417,KHA-50417,839.3,Commercial,Urban Parcel,23.52455,77.7875,"{""type"":""Polygon"",""coordinates"":[[[77.7875,23.52455],[77.78815,23.52455],[77.78815,23.5252],[77.7875,23.5252],[77.7875,23.52455]]]}",2025-07-20T12:00:00,2026-09-10T12:00:00,SYNTHETIC DEMO DATA — NOT OFFICIAL GOVERNMENT RECORDS
P1419,P1419,PERSON-019,Mohan Solanki,"Sector 19, Ganj Basoda Road, Vidisha",11,Ganj Basoda Road,Vidisha,Vidisha,Madhya Pradesh,464019,SUR-20418,KHA-50418,886.42,Industrial,Urban Parcel,23.5257,77.7875,"{""type"":""Polygon"",""coordinates"":[[[77.7875,23.5257],[77.78815,23.5257],[77.78815,23.52635],[77.7875,23.52635],[77.7875,23.5257]]]}",2025-07-19T12:00:00,2026-09-10T12:00:00,SYNTHETIC DEMO DATA — NOT OFFICIAL GOVERNMENT RECORDS
P1420,P1420,PERSON-020,Rekha Bansal,"Sector 20, Civil Lines Extension, Vidisha",12,Civil Lines Extension,Vidisha,Vidisha,Madhya Pradesh,464020,SUR-20419,KHA-50419,933.0,Agricultural,Urban Parcel,23.52685,77.7875,"{""type"":""Polygon"",""coordinates"":[[[77.7875,23.52685],[77.78815,23.52685],[77.78815,23.5275],[77.7875,23.5275],[77.7875,23.52685]]]}",2025-07-18T12:00:00,2026-09-10T12:00:00,SYNTHETIC DEMO DATA — NOT OFFICIAL GOVERNMENT RECORDS
P1421,P1421,PERSON-021,Rahul Sharma 2,"Sector 21, Kachhi Khedi, Vidisha",1,Kachhi Khedi,Vidisha,Vidisha,Madhya Pradesh,464021,SUR-20420,KHA-50420,980.47,Institutional,Urban Parcel,23.528,77.7875,"{""type"":""Polygon"",""coordinates"":[[[77.7875,23.528],[77.78815,23.528],[77.78815,23.52865],[77.7875,23.52865],[77.7875,23.528]]]}",2025-07-17T12:00:00,2026-09-10T12:00:00,SYNTHETIC DEMO DATA — NOT OFFICIAL GOVERNMENT RECORDS
P1422,P1422,PERSON-022,Amit Verma 2,"Sector 22, Madhav Nagar, Vidisha",2,Madhav Nagar,Vidisha,Vidisha,Madhya Pradesh,464022,SUR-20421,KHA-50421,1027.9,Mixed Use,Urban Parcel,23.52915,77.7875,"{""type"":""Polygon"",""coordinates"":[[[77.7875,23.52915],[77.78815,23.52915],[77.78815,23.5298],[77.7875,23.5298],[77.7875,23.52915]]]}",2025-07-16T12:00:00,2026-09-10T12:00:00,SYNTHETIC DEMO DATA — NOT OFFICIAL GOVERNMENT RECORDS
P1423,P1423,PERSON-023,Neha Patel 2,"Sector 23, Raisen Link, Vidisha",3,Raisen Link,Vidisha,Vidisha,Madhya Pradesh,464023,SUR-20422,KHA-50422,1074.78,Vacant Land,Urban Parcel,23.5303,77.7875,"{""type"":""Polygon"",""coordinates"":[[[77.7875,23.5303],[77.78815,23.5303],[77.78815,23.53095],[77.7875,23.53095],[77.7875,23.5303]]]}",2025-07-15T12:00:00,2026-09-10T12:00:00,SYNTHETIC DEMO DATA — NOT OFFICIAL GOVERNMENT RECORDS
P1424,P1424,PERSON-024,Priya Singh 2,"Sector 24, Vidisha Urban, Vidisha",4,Vidisha Urban,Vidisha,Vidisha,Madhya Pradesh,464024,SUR-20423,KHA-50423,1121.34,Public/Semi-Public,Urban Parcel,23.53145,77.7875,"{""type"":""Polygon"",""coordinates"":[[[77.7875,23.53145],[77.78815,23.53145],[77.78815,23.5321],[77.7875,23.5321],[77.7875,23.53145]]]}",2025-07-14T12:00:00,2026-09-10T12:00:00,SYNTHETIC DEMO DATA — NOT OFFICIAL GOVERNMENT RECORDS
P1425,P1425,PERSON-025,Suresh Yadav 2,"Sector 25, Sanchi Road, Vidisha",5,Sanchi Road,Vidisha,Vidisha,Madhya Pradesh,464025,SUR-20424,KHA-50424,1168.84,Residential,Urban Parcel,23.5326,77.7875,"{""type"":""Polygon"",""coordinates"":[[[77.7875,23.5326],[77.78815,23.5326],[77.78815,23.53325],[77.7875,23.53325],[77.7875,23.5326]]]}",2025-07-13T12:00:00,2026-09-10T12:00:00,SYNTHETIC DEMO DATA — NOT OFFICIAL GOVERNMENT RECORDS
P1426,P1426,PERSON-026,Anjali Jain 2,"Sector 1, Betwa Nagar, Vidisha",6,Betwa Nagar,Vidisha,Vidisha,Madhya Pradesh,464026,SUR-20425,KHA-50425,1215.91,Commercial,Urban Parcel,23.53375,77.7875,"{""type"":""Polygon"",""coordinates"":[[[77.7875,23.53375],[77.78815,23.53375],[77.78815,23.5344],[77.7875,23.5344],[77.7875,23.53375]]]}",2025-07-12T12:00:00,2026-09-10T12:00:00,SYNTHETIC DEMO DATA — NOT OFFICIAL GOVERNMENT RECORDS
P1427,P1427,PERSON-027,Vikram Mehta 2,"Sector 2, Ganj Basoda Road, Vidisha",7,Ganj Basoda Road,Vidisha,Vidisha,Madhya Pradesh,464027,SUR-20426,KHA-50426,1262.52,Industrial,Urban Parcel,23.5349,77.7875,"{""type"":""Polygon"",""coordinates"":[[[77.7875,23.5349],[77.78815,23.5349],[77.78815,23.53555],[77.7875,23.53555],[77.7875,23.5349]]]}",2025-07-11T12:00:00,2026-09-10T12:00:00,SYNTHETIC DEMO DATA — NOT OFFICIAL GOVERNMENT RECORDS
P1428,P1428,PERSON-028,Kavita Joshi 2,"Sector 3, Civil Lines Extension, Vidisha",8,Civil Lines Extension,Vidisha,Vidisha,Madhya Pradesh,464028,SUR-20427,KHA-50427,1309.68,Agricultural,Urban Parcel,23.53605,77.7875,"{""type"":""Polygon"",""coordinates"":[[[77.7875,23.53605],[77.78815,23.53605],[77.78815,23.5367],[77.7875,23.5367],[77.7875,23.53605]]]}",2025-07-10T12:00:00,2026-09-10T12:00:00,SYNTHETIC DEMO DATA — NOT OFFICIAL GOVERNMENT RECORDS
P1429,P1429,PERSON-029,Manoj Gupta 2,"Sector 4, Kachhi Khedi, Vidisha",9,Kachhi Khedi,Vidisha,Vidisha,Madhya Pradesh,464029,SUR-20428,KHA-50428,1356.38,Institutional,Urban Parcel,23.5372,77.7875,"{""type"":""Polygon"",""coordinates"":[[[77.7875,23.5372],[77.78815,23.5372],[77.78815,23.53785],[77.7875,23.53785],[77.7875,23.5372]]]}",2025-07-09T12:00:00,2026-09-10T12:00:00,SYNTHETIC DEMO DATA — NOT OFFICIAL GOVERNMENT RECORDS
P1430,P1430,PERSON-030,Ritu Mishra 2,"Sector 5, Madhav Nagar, Vidisha",10,Madhav Nagar,Vidisha,Vidisha,Madhya Pradesh,464030,SUR-20429,KHA-50429,1403.93,Mixed Use,Urban Parcel,23.53835,77.7875,"{""type"":""Polygon"",""coordinates"":[[[77.7875,23.53835],[77.78815,23.53835],[77.78815,23.539],[77.7875,23.539],[77.7875,23.53835]]]}",2025-07-08T12:00:00,2026-09-10T12:00:00,SYNTHETIC DEMO DATA — NOT OFFICIAL GOVERNMENT RECORDS
P1431,P1431,PERSON-031,Arjun Malviya 2,"Sector 6, Raisen Link, Vidisha",11,Raisen Link,Vidisha,Vidisha,Madhya Pradesh,464031,SUR-20430,KHA-50430,1450.35,Vacant Land,Urban Parcel,23.5395,77.7875,"{""type"":""Polygon"",""coordinates"":[[[77.7875,23.5395],[77.78815,23.5395],[77.78815,23.54015],[77.7875,23.54015],[77.7875,23.5395]]]}",2025-07-07T12:00:00,2026-09-10T12:00:00,SYNTHETIC DEMO DATA — NOT OFFICIAL GOVERNMENT RECORDS
P1432,P1432,PERSON-032,Pooja Thakur 2,"Sector 7, Vidisha Urban, Vidisha",12,Vidisha Urban,Vidisha,Vidisha,Madhya Pradesh,464032,SUR-20431,KHA-50431,1497.61,Public/Semi-Public,Urban Parcel,23.54065,77.7875,"{""type"":""Polygon"",""coordinates"":[[[77.7875,23.54065],[77.78815,23.54065],[77.78815,23.5413],[77.7875,23.5413],[77.7875,23.54065]]]}",2025-07-06T12:00:00,2026-09-10T12:00:00,SYNTHETIC DEMO DATA — NOT OFFICIAL GOVERNMENT RECORDS
P1433,P1433,PERSON-033,Nitin Saxena 2,"Sector 8, Sanchi Road, Vidisha",1,Sanchi Road,Vidisha,Vidisha,Madhya Pradesh,464033,SUR-20432,KHA-50432,94.61,Residential,Urban Parcel,23.5418,77.7875,"{""type"":""Polygon"",""coordinates"":[[[77.7875,23.5418],[77.78815,23.5418],[77.78815,23.54245],[77.7875,23.54245],[77.7875,23.5418]]]}",2025-07-05T12:00:00,2026-09-10T12:00:00,SYNTHETIC DEMO DATA — NOT OFFICIAL GOVERNMENT RECORDS
P1434,P1434,PERSON-034,Meera Chouhan 2,"Sector 9, Betwa Nagar, Vidisha",2,Betwa Nagar,Vidisha,Vidisha,Madhya Pradesh,464034,SUR-20433,KHA-50433,141.68,Commercial,Urban Parcel,23.54295,77.7875,"{""type"":""Polygon"",""coordinates"":[[[77.7875,23.54295],[77.78815,23.54295],[77.78815,23.5436],[77.7875,23.5436],[77.7875,23.54295]]]}",2025-07-04T12:00:00,2026-09-10T12:00:00,SYNTHETIC DEMO DATA — NOT OFFICIAL GOVERNMENT RECORDS
P1435,P1435,PERSON-035,Deepak Tiwari 2,"Sector 10, Ganj Basoda Road, Vidisha",3,Ganj Basoda Road,Vidisha,Vidisha,Madhya Pradesh,464035,SUR-20434,KHA-50434,188.69,Industrial,Urban Parcel,23.5441,77.7875,"{""type"":""Polygon"",""coordinates"":[[[77.7875,23.5441],[77.78815,23.5441],[77.78815,23.54475],[77.7875,23.54475],[77.7875,23.5441]]]}",2025-07-03T12:00:00,2026-09-10T12:00:00,SYNTHETIC DEMO DATA — NOT OFFICIAL GOVERNMENT RECORDS
P1436,P1436,PERSON-036,Sunita Rathore 2,"Sector 11, Civil Lines Extension, Vidisha",4,Civil Lines Extension,Vidisha,Vidisha,Madhya Pradesh,464036,SUR-20435,KHA-50435,235.38,Agricultural,Urban Parcel,23.54525,77.7875,"{""type"":""Polygon"",""coordinates"":[[[77.7875,23.54525],[77.78815,23.54525],[77.78815,23.5459],[77.7875,23.5459],[77.7875,23.54525]]]}",2025-07-02T12:00:00,2026-09-10T12:00:00,SYNTHETIC DEMO DATA — NOT OFFICIAL GOVERNMENT RECORDS
P1437,P1437,PERSON-037,Karan Dubey 2,"Sector 12, Kachhi Khedi, Vidisha",5,Kachhi Khedi,Vidisha,Vidisha,Madhya Pradesh,464037,SUR-20436,KHA-50436,282.62,Institutional,Urban Parcel,23.5464,77.7875,"{""type"":""Polygon"",""coordinates"":[[[77.7875,23.5464],[77.78815,23.5464],[77.78815,23.54705],[77.7875,23.54705],[77.7875,23.5464]]]}",2025-07-01T12:00:00,2026-09-10T12:00:00,SYNTHETIC DEMO DATA — NOT OFFICIAL GOVERNMENT RECORDS
P1438,P1438,PERSON-038,Isha Kulkarni 2,"Sector 13, Madhav Nagar, Vidisha",6,Madhav Nagar,Vidisha,Vidisha,Madhya Pradesh,464038,SUR-20437,KHA-50437,329.93,Mixed Use,Urban Parcel,23.54755,77.7875,"{""type"":""Polygon"",""coordinates"":[[[77.7875,23.54755],[77.78815,23.54755],[77.78815,23.5482],[77.7875,23.5482],[77.7875,23.54755]]]}",2025-06-30T12:00:00,2026-09-10T12:00:00,SYNTHETIC DEMO DATA — NOT OFFICIAL GOVERNMENT RECORDS
P1439,P1439,PERSON-039,Mohan Solanki 2,"Sector 14, Raisen Link, Vidisha",7,Raisen Link,Vidisha,Vidisha,Madhya Pradesh,464039,SUR-20438,KHA-50438,376.97,Vacant Land,Urban Parcel,23.5487,77.7875,"{""type"":""Polygon"",""coordinates"":[[[77.7875,23.5487],[77.78815,23.5487],[77.78815,23.54935],[77.7875,23.54935],[77.7875,23.5487]]]}",2025-06-29T12:00:00,2026-09-10T12:00:00,SYNTHETIC DEMO DATA — NOT OFFICIAL GOVERNMENT RECORDS
P1440,P1440,PERSON-040,Rekha Bansal 2,"Sector 15, Vidisha Urban, Vidisha",8,Vidisha Urban,Vidisha,Vidisha,Madhya Pradesh,464040,SUR-20439,KHA-50439,423.48,Public/Semi-Public,Urban Parcel,23.54985,77.7875,"{""type"":""Polygon"",""coordinates"":[[[77.7875,23.54985],[77.78815,23.54985],[77.78815,23.5505],[77.7875,23.5505],[77.7875,23.54985]]]}",2025-06-28T12:00:00,2026-09-10T12:00:00,SYNTHETIC DEMO DATA — NOT OFFICIAL GOVERNMENT RECORDS
P1441,P1441,PERSON-041,Rahul Sharma 3,"Sector 16, Sanchi Road, Vidisha",9,Sanchi Road,Vidisha,Vidisha,Madhya Pradesh,464041,SUR-20440,KHA-50440,470.13,Residential,Urban Parcel,23.505,77.78875,"{""type"":""Polygon"",""coordinates"":[[[77.78875,23.505],[77.7894,23.505],[77.7894,23.50565],[77.78875,23.50565],[77.78875,23.505]]]}",2025-06-27T12:00:00,2026-09-10T12:00:00,SYNTHETIC DEMO DATA — NOT OFFICIAL GOVERNMENT RECORDS
P1442,P1442,PERSON-042,Amit Verma 3,"Sector 17, Betwa Nagar, Vidisha",10,Betwa Nagar,Vidisha,Vidisha,Madhya Pradesh,464042,SUR-20441,KHA-50441,517.12,Commercial,Urban Parcel,23.50615,77.78875,"{""type"":""Polygon"",""coordinates"":[[[77.78875,23.50615],[77.7894,23.50615],[77.7894,23.5068],[77.78875,23.5068],[77.78875,23.50615]]]}",2025-06-26T12:00:00,2026-09-10T12:00:00,SYNTHETIC DEMO DATA — NOT OFFICIAL GOVERNMENT RECORDS
P1443,P1443,PERSON-043,Neha Patel 3,"Sector 18, Ganj Basoda Road, Vidisha",11,Ganj Basoda Road,Vidisha,Vidisha,Madhya Pradesh,464043,SUR-20442,KHA-50442,564.47,Industrial,Urban Parcel,23.5073,77.78875,"{""type"":""Polygon"",""coordinates"":[[[77.78875,23.5073],[77.7894,23.5073],[77.7894,23.50795],[77.78875,23.50795],[77.78875,23.5073]]]}",2025-06-25T12:00:00,2026-09-10T12:00:00,SYNTHETIC DEMO DATA — NOT OFFICIAL GOVERNMENT RECORDS
P1444,P1444,PERSON-044,Priya Singh 3,"Sector 19, Civil Lines Extension, Vidisha",12,Civil Lines Extension,Vidisha,Vidisha,Madhya Pradesh,464044,SUR-20443,KHA-50443,611.55,Agricultural,Urban Parcel,23.50845,77.78875,"{""type"":""Polygon"",""coordinates"":[[[77.78875,23.50845],[77.7894,23.50845],[77.7894,23.5091],[77.78875,23.5091],[77.78875,23.50845]]]}",2025-06-24T12:00:00,2026-09-10T12:00:00,SYNTHETIC DEMO DATA — NOT OFFICIAL GOVERNMENT RECORDS
P1445,P1445,PERSON-045,Suresh Yadav 3,"Sector 20, Kachhi Khedi, Vidisha",1,Kachhi Khedi,Vidisha,Vidisha,Madhya Pradesh,464045,SUR-20444,KHA-50444,658.98,Institutional,Urban Parcel,23.5096,77.78875,"{""type"":""Polygon"",""coordinates"":[[[77.78875,23.5096],[77.7894,23.5096],[77.7894,23.51025],[77.78875,23.51025],[77.78875,23.5096]]]}",2025-06-23T12:00:00,2026-09-10T12:00:00,SYNTHETIC DEMO DATA — NOT OFFICIAL GOVERNMENT RECORDS
P1446,P1446,PERSON-046,Anjali Jain 3,"Sector 21, Madhav Nagar, Vidisha",2,Madhav Nagar,Vidisha,Vidisha,Madhya Pradesh,464046,SUR-20445,KHA-50445,705.55,Mixed Use,Urban Parcel,23.51075,77.78875,"{""type"":""Polygon"",""coordinates"":[[[77.78875,23.51075],[77.7894,23.51075],[77.7894,23.5114],[77.78875,23.5114],[77.78875,23.51075]]]}",2025-06-22T12:00:00,2026-09-10T12:00:00,SYNTHETIC DEMO DATA — NOT OFFICIAL GOVERNMENT RECORDS
P1447,P1447,PERSON-047,Vikram Mehta 3,"Sector 22, Raisen Link, Vidisha",3,Raisen Link,Vidisha,Vidisha,Madhya Pradesh,464047,SUR-20446,KHA-50446,752.91,Vacant Land,Urban Parcel,23.5119,77.78875,"{""type"":""Polygon"",""coordinates"":[[[77.78875,23.5119],[77.7894,23.5119],[77.7894,23.51255],[77.78875,23.51255],[77.78875,23.5119]]]}",2025-06-21T12:00:00,2026-09-10T12:00:00,SYNTHETIC DEMO DATA — NOT OFFICIAL GOVERNMENT RECORDS
P1448,P1448,PERSON-048,Kavita Joshi 3,"Sector 23, Vidisha Urban, Vidisha",4,Vidisha Urban,Vidisha,Vidisha,Madhya Pradesh,464048,SUR-20447,KHA-50447,799.83,Public/Semi-Public,Urban Parcel,23.51305,77.78875,"{""type"":""Polygon"",""coordinates"":[[[77.78875,23.51305],[77.7894,23.51305],[77.7894,23.5137],[77.78875,23.5137],[77.78875,23.51305]]]}",2025-06-20T12:00:00,2026-09-10T12:00:00,SYNTHETIC DEMO DATA — NOT OFFICIAL GOVERNMENT RECORDS
P1449,P1449,PERSON-049,Manoj Gupta 3,"Sector 24, Sanchi Road, Vidisha",5,Sanchi Road,Vidisha,Vidisha,Madhya Pradesh,464049,SUR-20448,KHA-50448,846.11,Residential,Urban Parcel,23.5142,77.78875,"{""type"":""Polygon"",""coordinates"":[[[77.78875,23.5142],[77.7894,23.5142],[77.7894,23.51485],[77.78875,23.51485],[77.78875,23.5142]]]}",2025-06-19T12:00:00,2026-09-10T12:00:00,SYNTHETIC DEMO DATA — NOT OFFICIAL GOVERNMENT RECORDS
P1450,P1450,PERSON-050,Ritu Mishra 3,"Sector 25, Betwa Nagar, Vidisha",6,Betwa Nagar,Vidisha,Vidisha,Madhya Pradesh,464050,SUR-20449,KHA-50449,893.4,Commercial,Urban Parcel,23.51535,77.78875,"{""type"":""Polygon"",""coordinates"":[[[77.78875,23.51535],[77.7894,23.51535],[77.7894,23.516],[77.78875,23.516],[77.78875,23.51535]]]}",2025-06-18T12:00:00,2026-09-10T12:00:00,SYNTHETIC DEMO DATA — NOT OFFICIAL GOVERNMENT RECORDS
P1451,P1451,PERSON-051,Arjun Malviya 3,"Sector 1, Ganj Basoda Road, Vidisha",7,Ganj Basoda Road,Vidisha,Vidisha,Madhya Pradesh,464051,SUR-20450,KHA-50450,940.17,Industrial,Urban Parcel,23.5165,77.78875,"{""type"":""Polygon"",""coordinates"":[[[77.78875,23.5165],[77.7894,23.5165],[77.7894,23.51715],[77.78875,23.51715],[77.78875,23.5165]]]}",2025-06-17T12:00:00,2026-09-10T12:00:00,SYNTHETIC DEMO DATA — NOT OFFICIAL GOVERNMENT RECORDS
P1452,P1452,PERSON-052,Pooja Thakur 3,"Sector 2, Civil Lines Extension, Vidisha",8,Civil Lines Extension,Vidisha,Vidisha,Madhya Pradesh,464052,SUR-20451,KHA-50451,987.48,Agricultural,Urban Parcel,23.51765,77.78875,"{""type"":""Polygon"",""coordinates"":[[[77.78875,23.51765],[77.7894,23.51765],[77.7894,23.5183],[77.78875,23.5183],[77.78875,23.51765]]]}",2025-06-16T12:00:00,2026-09-10T12:00:00,SYNTHETIC DEMO DATA — NOT OFFICIAL GOVERNMENT RECORDS
P1453,P1453,PERSON-053,Nitin Saxena 3,"Sector 3, Kachhi Khedi, Vidisha",9,Kachhi Khedi,Vidisha,Vidisha,Madhya Pradesh,464053,SUR-20452,KHA-50452,1034.68,Institutional,Urban Parcel,23.5188,77.78875,"{""type"":""Polygon"",""coordinates"":[[[77.78875,23.5188],[77.7894,23.5188],[77.7894,23.51945],[77.78875,23.51945],[77.78875,23.5188]]]}",2025-06-15T12:00:00,2026-09-10T12:00:00,SYNTHETIC DEMO DATA — NOT OFFICIAL GOVERNMENT RECORDS
P1454,P1454,PERSON-054,Meera Chouhan 3,"Sector 4, Madhav Nagar, Vidisha",10,Madhav Nagar,Vidisha,Vidisha,Madhya Pradesh,464054,SUR-20453,KHA-50453,1081.17,Mixed Use,Urban Parcel,23.51995,77.78875,"{""type"":""Polygon"",""coordinates"":[[[77.78875,23.51995],[77.7894,23.51995],[77.7894,23.5206],[77.78875,23.5206],[77.78875,23.51995]]]}",2025-06-14T12:00:00,2026-09-10T12:00:00,SYNTHETIC DEMO DATA — NOT OFFICIAL GOVERNMENT RECORDS
P1455,P1455,PERSON-055,Deepak Tiwari 3,"Sector 5, Raisen Link, Vidisha",11,Raisen Link,Vidisha,Vidisha,Madhya Pradesh,464055,SUR-20454,KHA-50454,1128.88,Vacant Land,Urban Parcel,23.5211,77.78875,"{""type"":""Polygon"",""coordinates"":[[[77.78875,23.5211],[77.7894,23.5211],[77.7894,23.52175],[77.78875,23.52175],[77.78875,23.5211]]]}",2025-06-13T12:00:00,2026-09-10T12:00:00,SYNTHETIC DEMO DATA — NOT OFFICIAL GOVERNMENT RECORDS
P1456,P1456,PERSON-056,Sunita Rathore 3,"Sector 6, Vidisha Urban, Vidisha",12,Vidisha Urban,Vidisha,Vidisha,Madhya Pradesh,464056,SUR-20455,KHA-50455,1175.57,Public/Semi-Public,Urban Parcel,23.52225,77.78875,"{""type"":""Polygon"",""coordinates"":[[[77.78875,23.52225],[77.7894,23.52225],[77.7894,23.5229],[77.78875,23.5229],[77.78875,23.52225]]]}",2025-06-12T12:00:00,2026-09-10T12:00:00,SYNTHETIC DEMO DATA — NOT OFFICIAL GOVERNMENT RECORDS
P1457,P1457,PERSON-057,Karan Dubey 3,"Sector 7, Sanchi Road, Vidisha",1,Sanchi Road,Vidisha,Vidisha,Madhya Pradesh,464057,SUR-20456,KHA-50456,1222.61,Residential,Urban Parcel,23.5234,77.78875,"{""type"":""Polygon"",""coordinates"":[[[77.78875,23.5234],[77.7894,23.5234],[77.7894,23.52405],[77.78875,23.52405],[77.78875,23.5234]]]}",2025-06-11T12:00:00,2026-09-10T12:00:00,SYNTHETIC DEMO DATA — NOT OFFICIAL GOVERNMENT RECORDS
P1458,P1458,PERSON-058,Isha Kulkarni 3,"Sector 8, Betwa Nagar, Vidisha",2,Betwa Nagar,Vidisha,Vidisha,Madhya Pradesh,464058,SUR-20457,KHA-50457,1269.45,Commercial,Urban Parcel,23.52455,77.78875,"{""type"":""Polygon"",""coordinates"":[[[77.78875,23.52455],[77.7894,23.52455],[77.7894,23.5252],[77.78875,23.5252],[77.78875,23.52455]]]}",2025-06-10T12:00:00,2026-09-10T12:00:00,SYNTHETIC DEMO DATA — NOT OFFICIAL GOVERNMENT RECORDS
P1459,P1459,PERSON-059,Mohan Solanki 3,"Sector 9, Ganj Basoda Road, Vidisha",3,Ganj Basoda Road,Vidisha,Vidisha,Madhya Pradesh,464059,SUR-20458,KHA-50458,1316.1,Industrial,Urban Parcel,23.5257,77.78875,"{""type"":""Polygon"",""coordinates"":[[[77.78875,23.5257],[77.7894,23.5257],[77.7894,23.52635],[77.78875,23.52635],[77.78875,23.5257]]]}",2025-06-09T12:00:00,2026-09-10T12:00:00,SYNTHETIC DEMO DATA — NOT OFFICIAL GOVERNMENT RECORDS
P1460,P1460,PERSON-060,Rekha Bansal 3,"Sector 10, Civil Lines Extension, Vidisha",4,Civil Lines Extension,Vidisha,Vidisha,Madhya Pradesh,464060,SUR-20459,KHA-50459,1363.47,Agricultural,Urban Parcel,23.52685,77.78875,"{""type"":""Polygon"",""coordinates"":[[[77.78875,23.52685],[77.7894,23.52685],[77.7894,23.5275],[77.78875,23.5275],[77.78875,23.52685]]]}",2025-06-08T12:00:00,2026-09-10T12:00:00,SYNTHETIC DEMO DATA — NOT OFFICIAL GOVERNMENT RECORDS
P1461,P1461,PERSON-061,Rahul Sharma 4,"Sector 11, Kachhi Khedi, Vidisha",5,Kachhi Khedi,Vidisha,Vidisha,Madhya Pradesh,464061,SUR-20460,KHA-50460,1410.83,Institutional,Urban Parcel,23.528,77.78875,"{""type"":""Polygon"",""coordinates"":[[[77.78875,23.528],[77.7894,23.528],[77.7894,23.52865],[77.78875,23.52865],[77.78875,23.528]]]}",2025-06-07T12:00:00,2026-09-10T12:00:00,SYNTHETIC DEMO DATA — NOT OFFICIAL GOVERNMENT RECORDS
P1462,P1462,PERSON-062,Amit Verma 4,"Sector 12, Madhav Nagar, Vidisha",6,Madhav Nagar,Vidisha,Vidisha,Madhya Pradesh,464062,SUR-20461,KHA-50461,1457.24,Mixed Use,Urban Parcel,23.52915,77.78875,"{""type"":""Polygon"",""coordinates"":[[[77.78875,23.52915],[77.7894,23.52915],[77.7894,23.5298],[77.78875,23.5298],[77.78875,23.52915]]]}",2025-06-06T12:00:00,2026-09-10T12:00:00,SYNTHETIC DEMO DATA — NOT OFFICIAL GOVERNMENT RECORDS
P1463,P1463,PERSON-063,Neha Patel 4,"Sector 13, Raisen Link, Vidisha",7,Raisen Link,Vidisha,Vidisha,Madhya Pradesh,464063,SUR-20462,KHA-50462,1504.58,Vacant Land,Urban Parcel,23.5303,77.78875,"{""type"":""Polygon"",""coordinates"":[[[77.78875,23.5303],[77.7894,23.5303],[77.7894,23.53095],[77.78875,23.53095],[77.78875,23.5303]]]}",2025-06-05T12:00:00,2026-09-10T12:00:00,SYNTHETIC DEMO DATA — NOT OFFICIAL GOVERNMENT RECORDS
P1464,P1464,PERSON-064,Priya Singh 4,"Sector 14, Vidisha Urban, Vidisha",8,Vidisha Urban,Vidisha,Vidisha,Madhya Pradesh,464064,SUR-20463,KHA-50463,101.15,Public/Semi-Public,Urban Parcel,23.53145,77.78875,"{""type"":""Polygon"",""coordinates"":[[[77.78875,23.53145],[77.7894,23.53145],[77.7894,23.5321],[77.78875,23.5321],[77.78875,23.53145]]]}",2025-06-04T12:00:00,2026-09-10T12:00:00,SYNTHETIC DEMO DATA — NOT OFFICIAL GOVERNMENT RECORDS
P1465,P1465,PERSON-065,Suresh Yadav 4,"Sector 15, Sanchi Road, Vidisha",9,Sanchi Road,Vidisha,Vidisha,Madhya Pradesh,464065,SUR-20464,KHA-50464,148.83,Residential,Urban Parcel,23.5326,77.78875,"{""type"":""Polygon"",""coordinates"":[[[77.78875,23.5326],[77.7894,23.5326],[77.7894,23.53325],[77.78875,23.53325],[77.78875,23.5326]]]}",2025-06-03T12:00:00,2026-09-10T12:00:00,SYNTHETIC DEMO DATA — NOT OFFICIAL GOVERNMENT RECORDS
P1466,P1466,PERSON-066,Anjali Jain 4,"Sector 16, Betwa Nagar, Vidisha",10,Betwa Nagar,Vidisha,Vidisha,Madhya Pradesh,464066,SUR-20465,KHA-50465,195.53,Commercial,Urban Parcel,23.53375,77.78875,"{""type"":""Polygon"",""coordinates"":[[[77.78875,23.53375],[77.7894,23.53375],[77.7894,23.5344],[77.78875,23.5344],[77.78875,23.53375]]]}",2025-06-02T12:00:00,2026-09-10T12:00:00,SYNTHETIC DEMO DATA — NOT OFFICIAL GOVERNMENT RECORDS
P1467,P1467,PERSON-067,Vikram Mehta 4,"Sector 17, Ganj Basoda Road, Vidisha",11,Ganj Basoda Road,Vidisha,Vidisha,Madhya Pradesh,464067,SUR-20466,KHA-50466,242.16,Industrial,Urban Parcel,23.5349,77.78875,"{""type"":""Polygon"",""coordinates"":[[[77.78875,23.5349],[77.7894,23.5349],[77.7894,23.53555],[77.78875,23.53555],[77.78875,23.5349]]]}",2025-06-01T12:00:00,2026-09-10T12:00:00,SYNTHETIC DEMO DATA — NOT OFFICIAL GOVERNMENT RECORDS
P1468,P1468,PERSON-068,Kavita Joshi 4,"Sector 18, Civil Lines Extension, Vidisha",12,Civil Lines Extension,Vidisha,Vidisha,Madhya Pradesh,464068,SUR-20467,KHA-50467,289.56,Agricultural,Urban Parcel,23.53605,77.78875,"{""type"":""Polygon"",""coordinates"":[[[77.78875,23.53605],[77.7894,23.53605],[77.7894,23.5367],[77.78875,23.5367],[77.78875,23.53605]]]}",2025-05-31T12:00:00,2026-09-10T12:00:00,SYNTHETIC DEMO DATA — NOT OFFICIAL GOVERNMENT RECORDS
P1469,P1469,PERSON-069,Manoj Gupta 4,"Sector 19, Kachhi Khedi, Vidisha",1,Kachhi Khedi,Vidisha,Vidisha,Madhya Pradesh,464069,SUR-20468,KHA-50468,336.62,Institutional,Urban Parcel,23.5372,77.78875,"{""type"":""Polygon"",""coordinates"":[[[77.78875,23.5372],[77.7894,23.5372],[77.7894,23.53785],[77.78875,23.53785],[77.78875,23.5372]]]}",2025-05-30T12:00:00,2026-09-10T12:00:00,SYNTHETIC DEMO DATA — NOT OFFICIAL GOVERNMENT RECORDS
P1470,P1470,PERSON-070,Ritu Mishra 4,"Sector 20, Madhav Nagar, Vidisha",2,Madhav Nagar,Vidisha,Vidisha,Madhya Pradesh,464070,SUR-20469,KHA-50469,383.83,Mixed Use,Urban Parcel,23.53835,77.78875,"{""type"":""Polygon"",""coordinates"":[[[77.78875,23.53835],[77.7894,23.53835],[77.7894,23.539],[77.78875,23.539],[77.78875,23.53835]]]}",2025-05-29T12:00:00,2026-09-10T12:00:00,SYNTHETIC DEMO DATA — NOT OFFICIAL GOVERNMENT RECORDS
P1471,P1471,PERSON-071,Arjun Malviya 4,"Sector 21, Raisen Link, Vidisha",3,Raisen Link,Vidisha,Vidisha,Madhya Pradesh,464071,SUR-20470,KHA-50470,430.36,Vacant Land,Urban Parcel,23.5395,77.78875,"{""type"":""Polygon"",""coordinates"":[[[77.78875,23.5395],[77.7894,23.5395],[77.7894,23.54015],[77.78875,23.54015],[77.78875,23.5395]]]}",2025-05-28T12:00:00,2026-09-10T12:00:00,SYNTHETIC DEMO DATA — NOT OFFICIAL GOVERNMENT RECORDS
P1472,P1472,PERSON-072,Pooja Thakur 4,"Sector 22, Vidisha Urban, Vidisha",4,Vidisha Urban,Vidisha,Vidisha,Madhya Pradesh,464072,SUR-20471,KHA-50471,477.48,Public/Semi-Public,Urban Parcel,23.54065,77.78875,"{""type"":""Polygon"",""coordinates"":[[[77.78875,23.54065],[77.7894,23.54065],[77.7894,23.5413],[77.78875,23.5413],[77.78875,23.54065]]]}",2025-05-27T12:00:00,2026-09-10T12:00:00,SYNTHETIC DEMO DATA — NOT OFFICIAL GOVERNMENT RECORDS
P1473,P1473,PERSON-073,Nitin Saxena 4,"Sector 23, Sanchi Road, Vidisha",5,Sanchi Road,Vidisha,Vidisha,Madhya Pradesh,464073,SUR-20472,KHA-50472,524.14,Residential,Urban Parcel,23.5418,77.78875,"{""type"":""Polygon"",""coordinates"":[[[77.78875,23.5418],[77.7894,23.5418],[77.7894,23.54245],[77.78875,23.54245],[77.78875,23.5418]]]}",2025-05-26T12:00:00,2026-09-10T12:00:00,SYNTHETIC DEMO DATA — NOT OFFICIAL GOVERNMENT RECORDS
P1474,P1474,PERSON-074,Meera Chouhan 4,"Sector 24, Betwa Nagar, Vidisha",6,Betwa Nagar,Vidisha,Vidisha,Madhya Pradesh,464074,SUR-20473,KHA-50473,571.68,Commercial,Urban Parcel,23.54295,77.78875,"{""type"":""Polygon"",""coordinates"":[[[77.78875,23.54295],[77.7894,23.54295],[77.7894,23.5436],[77.78875,23.5436],[77.78875,23.54295]]]}",2025-05-25T12:00:00,2026-09-10T12:00:00,SYNTHETIC DEMO DATA — NOT OFFICIAL GOVERNMENT RECORDS
P1475,P1475,PERSON-075,Deepak Tiwari 4,"Sector 25, Ganj Basoda Road, Vidisha",7,Ganj Basoda Road,Vidisha,Vidisha,Madhya Pradesh,464075,SUR-20474,KHA-50474,618.16,Industrial,Urban Parcel,23.5441,77.78875,"{""type"":""Polygon"",""coordinates"":[[[77.78875,23.5441],[77.7894,23.5441],[77.7894,23.54475],[77.78875,23.54475],[77.78875,23.5441]]]}",2025-05-24T12:00:00,2026-09-10T12:00:00,SYNTHETIC DEMO DATA — NOT OFFICIAL GOVERNMENT RECORDS
P1476,P1476,PERSON-076,Sunita Rathore 4,"Sector 1, Civil Lines Extension, Vidisha",8,Civil Lines Extension,Vidisha,Vidisha,Madhya Pradesh,464076,SUR-20475,KHA-50475,665.0,Agricultural,Urban Parcel,23.54525,77.78875,"{""type"":""Polygon"",""coordinates"":[[[77.78875,23.54525],[77.7894,23.54525],[77.7894,23.5459],[77.78875,23.5459],[77.78875,23.54525]]]}",2025-05-23T12:00:00,2026-09-10T12:00:00,SYNTHETIC DEMO DATA — NOT OFFICIAL GOVERNMENT RECORDS
P1477,P1477,PERSON-077,Karan Dubey 4,"Sector 2, Kachhi Khedi, Vidisha",9,Kachhi Khedi,Vidisha,Vidisha,Madhya Pradesh,464077,SUR-20476,KHA-50476,712.42,Institutional,Urban Parcel,23.5464,77.78875,"{""type"":""Polygon"",""coordinates"":[[[77.78875,23.5464],[77.7894,23.5464],[77.7894,23.54705],[77.78875,23.54705],[77.78875,23.5464]]]}",2025-05-22T12:00:00,2026-09-10T12:00:00,SYNTHETIC DEMO DATA — NOT OFFICIAL GOVERNMENT RECORDS
P1478,P1478,PERSON-078,Isha Kulkarni 4,"Sector 3, Madhav Nagar, Vidisha",10,Madhav Nagar,Vidisha,Vidisha,Madhya Pradesh,464078,SUR-20477,KHA-50477,759.7,Mixed Use,Urban Parcel,23.54755,77.78875,"{""type"":""Polygon"",""coordinates"":[[[77.78875,23.54755],[77.7894,23.54755],[77.7894,23.5482],[77.78875,23.5482],[77.78875,23.54755]]]}",2025-05-21T12:00:00,2026-09-10T12:00:00,SYNTHETIC DEMO DATA — NOT OFFICIAL GOVERNMENT RECORDS
P1479,P1479,PERSON-079,Mohan Solanki 4,"Sector 4, Raisen Link, Vidisha",11,Raisen Link,Vidisha,Vidisha,Madhya Pradesh,464079,SUR-20478,KHA-50478,806.85,Vacant Land,Urban Parcel,23.5487,77.78875,"{""type"":""Polygon"",""coordinates"":[[[77.78875,23.5487],[77.7894,23.5487],[77.7894,23.54935],[77.78875,23.54935],[77.78875,23.5487]]]}",2025-05-20T12:00:00,2026-09-10T12:00:00,SYNTHETIC DEMO DATA — NOT OFFICIAL GOVERNMENT RECORDS
P1480,P1480,PERSON-080,Rekha Bansal 4,"Sector 5, Vidisha Urban, Vidisha",12,Vidisha Urban,Vidisha,Vidisha,Madhya Pradesh,464080,SUR-20479,KHA-50479,853.76,Public/Semi-Public,Urban Parcel,23.54985,77.78875,"{""type"":""Polygon"",""coordinates"":[[[77.78875,23.54985],[77.7894,23.54985],[77.7894,23.5505],[77.78875,23.5505],[77.78875,23.54985]]]}",2025-05-19T12:00:00,2026-09-10T12:00:00,SYNTHETIC DEMO DATA — NOT OFFICIAL GOVERNMENT RECORDS
P1481,P1481,PERSON-081,Rahul Sharma 5,"Sector 6, Sanchi Road, Vidisha",1,Sanchi Road,Vidisha,Vidisha,Madhya Pradesh,464081,SUR-20480,KHA-50480,900.29,Residential,Urban Parcel,23.505,77.79,"{""type"":""Polygon"",""coordinates"":[[[77.79,23.505],[77.79065,23.505],[77.79065,23.50565],[77.79,23.50565],[77.79,23.505]]]}",2025-05-18T12:00:00,2026-09-10T12:00:00,SYNTHETIC DEMO DATA — NOT OFFICIAL GOVERNMENT RECORDS
P1482,P1482,PERSON-082,Amit Verma 5,"Sector 7, Betwa Nagar, Vidisha",2,Betwa Nagar,Vidisha,Vidisha,Madhya Pradesh,464082,SUR-20481,KHA-50481,947.27,Commercial,Urban Parcel,23.50615,77.79,"{""type"":""Polygon"",""coordinates"":[[[77.79,23.50615],[77.79065,23.50615],[77.79065,23.5068],[77.79,23.5068],[77.79,23.50615]]]}",2025-05-17T12:00:00,2026-09-10T12:00:00,SYNTHETIC DEMO DATA — NOT OFFICIAL GOVERNMENT RECORDS
P1483,P1483,PERSON-083,Neha Patel 5,"Sector 8, Ganj Basoda Road, Vidisha",3,Ganj Basoda Road,Vidisha,Vidisha,Madhya Pradesh,464083,SUR-20482,KHA-50482,994.48,Industrial,Urban Parcel,23.5073,77.79,"{""type"":""Polygon"",""coordinates"":[[[77.79,23.5073],[77.79065,23.5073],[77.79065,23.50795],[77.79,23.50795],[77.79,23.5073]]]}",2025-05-16T12:00:00,2026-09-10T12:00:00,SYNTHETIC DEMO DATA — NOT OFFICIAL GOVERNMENT RECORDS
P1484,P1484,PERSON-084,Priya Singh 5,"Sector 9, Civil Lines Extension, Vidisha",4,Civil Lines Extension,Vidisha,Vidisha,Madhya Pradesh,464084,SUR-20483,KHA-50483,1041.65,Agricultural,Urban Parcel,23.50845,77.79,"{""type"":""Polygon"",""coordinates"":[[[77.79,23.50845],[77.79065,23.50845],[77.79065,23.5091],[77.79,23.5091],[77.79,23.50845]]]}",2025-05-15T12:00:00,2026-09-10T12:00:00,SYNTHETIC DEMO DATA — NOT OFFICIAL GOVERNMENT RECORDS
P1485,P1485,PERSON-085,Suresh Yadav 5,"Sector 10, Kachhi Khedi, Vidisha",5,Kachhi Khedi,Vidisha,Vidisha,Madhya Pradesh,464085,SUR-20484,KHA-50484,1088.16,Institutional,Urban Parcel,23.5096,77.79,"{""type"":""Polygon"",""coordinates"":[[[77.79,23.5096],[77.79065,23.5096],[77.79065,23.51025],[77.79,23.51025],[77.79,23.5096]]]}",2025-05-14T12:00:00,2026-09-10T12:00:00,SYNTHETIC DEMO DATA — NOT OFFICIAL GOVERNMENT RECORDS
P1486,P1486,PERSON-086,Anjali Jain 5,"Sector 11, Madhav Nagar, Vidisha",6,Madhav Nagar,Vidisha,Vidisha,Madhya Pradesh,464086,SUR-20485,KHA-50485,1135.79,Mixed Use,Urban Parcel,23.51075,77.79,"{""type"":""Polygon"",""coordinates"":[[[77.79,23.51075],[77.79065,23.51075],[77.79065,23.5114],[77.79,23.5114],[77.79,23.51075]]]}",2025-05-13T12:00:00,2026-09-10T12:00:00,SYNTHETIC DEMO DATA — NOT OFFICIAL GOVERNMENT RECORDS
P1487,P1487,PERSON-087,Vikram Mehta 5,"Sector 12, Raisen Link, Vidisha",7,Raisen Link,Vidisha,Vidisha,Madhya Pradesh,464087,SUR-20486,KHA-50486,1182.34,Vacant Land,Urban Parcel,23.5119,77.79,"{""type"":""Polygon"",""coordinates"":[[[77.79,23.5119],[77.79065,23.5119],[77.79065,23.51255],[77.79,23.51255],[77.79,23.5119]]]}",2025-05-12T12:00:00,2026-09-10T12:00:00,SYNTHETIC DEMO DATA — NOT OFFICIAL GOVERNMENT RECORDS
P1488,P1488,PERSON-088,Kavita Joshi 5,"Sector 13, Vidisha Urban, Vidisha",8,Vidisha Urban,Vidisha,Vidisha,Madhya Pradesh,464088,SUR-20487,KHA-50487,1229.34,Public/Semi-Public,Urban Parcel,23.51305,77.79,"{""type"":""Polygon"",""coordinates"":[[[77.79,23.51305],[77.79065,23.51305],[77.79065,23.5137],[77.79,23.5137],[77.79,23.51305]]]}",2025-05-11T12:00:00,2026-09-10T12:00:00,SYNTHETIC DEMO DATA — NOT OFFICIAL GOVERNMENT RECORDS
P1489,P1489,PERSON-089,Manoj Gupta 5,"Sector 14, Sanchi Road, Vidisha",9,Sanchi Road,Vidisha,Vidisha,Madhya Pradesh,464089,SUR-20488,KHA-50488,1276.21,Residential,Urban Parcel,23.5142,77.79,"{""type"":""Polygon"",""coordinates"":[[[77.79,23.5142],[77.79065,23.5142],[77.79065,23.51485],[77.79,23.51485],[77.79,23.5142]]]}",2025-05-10T12:00:00,2026-09-10T12:00:00,SYNTHETIC DEMO DATA — NOT OFFICIAL GOVERNMENT RECORDS
P1490,P1490,PERSON-090,Ritu Mishra 5,"Sector 15, Betwa Nagar, Vidisha",10,Betwa Nagar,Vidisha,Vidisha,Madhya Pradesh,464090,SUR-20489,KHA-50489,1323.15,Commercial,Urban Parcel,23.51535,77.79,"{""type"":""Polygon"",""coordinates"":[[[77.79,23.51535],[77.79065,23.51535],[77.79065,23.516],[77.79,23.516],[77.79,23.51535]]]}",2025-05-09T12:00:00,2026-09-10T12:00:00,SYNTHETIC DEMO DATA — NOT OFFICIAL GOVERNMENT RECORDS
P1491,P1491,PERSON-091,Arjun Malviya 5,"Sector 16, Ganj Basoda Road, Vidisha",11,Ganj Basoda Road,Vidisha,Vidisha,Madhya Pradesh,464091,SUR-20490,KHA-50490,1370.04,Industrial,Urban Parcel,23.5165,77.79,"{""type"":""Polygon"",""coordinates"":[[[77.79,23.5165],[77.79065,23.5165],[77.79065,23.51715],[77.79,23.51715],[77.79,23.5165]]]}",2025-05-08T12:00:00,2026-09-10T12:00:00,SYNTHETIC DEMO DATA — NOT OFFICIAL GOVERNMENT RECORDS
P1492,P1492,PERSON-092,Pooja Thakur 5,"Sector 17, Civil Lines Extension, Vidisha",12,Civil Lines Extension,Vidisha,Vidisha,Madhya Pradesh,464092,SUR-20491,KHA-50491,1417.77,Agricultural,Urban Parcel,23.51765,77.79,"{""type"":""Polygon"",""coordinates"":[[[77.79,23.51765],[77.79065,23.51765],[77.79065,23.5183],[77.79,23.5183],[77.79,23.51765]]]}",2025-05-07T12:00:00,2026-09-10T12:00:00,SYNTHETIC DEMO DATA — NOT OFFICIAL GOVERNMENT RECORDS
P1493,P1493,PERSON-093,Nitin Saxena 5,"Sector 18, Kachhi Khedi, Vidisha",1,Kachhi Khedi,Vidisha,Vidisha,Madhya Pradesh,464093,SUR-20492,KHA-50492,1464.88,Institutional,Urban Parcel,23.5188,77.79,"{""type"":""Polygon"",""coordinates"":[[[77.79,23.5188],[77.79065,23.5188],[77.79065,23.51945],[77.79,23.51945],[77.79,23.5188]]]}",2025-05-06T12:00:00,2026-09-10T12:00:00,SYNTHETIC DEMO DATA — NOT OFFICIAL GOVERNMENT RECORDS
P1494,P1494,PERSON-094,Meera Chouhan 5,"Sector 19, Madhav Nagar, Vidisha",2,Madhav Nagar,Vidisha,Vidisha,Madhya Pradesh,464094,SUR-20493,KHA-50493,1511.32,Mixed Use,Urban Parcel,23.51995,77.79,"{""type"":""Polygon"",""coordinates"":[[[77.79,23.51995],[77.79065,23.51995],[77.79065,23.5206],[77.79,23.5206],[77.79,23.51995]]]}",2025-05-05T12:00:00,2026-09-10T12:00:00,SYNTHETIC DEMO DATA — NOT OFFICIAL GOVERNMENT RECORDS
P1495,P1495,PERSON-095,Deepak Tiwari 5,"Sector 20, Raisen Link, Vidisha",3,Raisen Link,Vidisha,Vidisha,Madhya Pradesh,464095,SUR-20494,KHA-50494,108.67,Vacant Land,Urban Parcel,23.5211,77.79,"{""type"":""Polygon"",""coordinates"":[[[77.79,23.5211],[77.79065,23.5211],[77.79065,23.52175],[77.79,23.52175],[77.79,23.5211]]]}",2025-05-04T12:00:00,2026-09-10T12:00:00,SYNTHETIC DEMO DATA — NOT OFFICIAL GOVERNMENT RECORDS
P1496,P1496,PERSON-096,Sunita Rathore 5,"Sector 21, Vidisha Urban, Vidisha",4,Vidisha Urban,Vidisha,Vidisha,Madhya Pradesh,464096,SUR-20495,KHA-50495,155.15,Public/Semi-Public,Urban Parcel,23.52225,77.79,"{""type"":""Polygon"",""coordinates"":[[[77.79,23.52225],[77.79065,23.52225],[77.79065,23.5229],[77.79,23.5229],[77.79,23.52225]]]}",2025-05-03T12:00:00,2026-09-10T12:00:00,SYNTHETIC DEMO DATA — NOT OFFICIAL GOVERNMENT RECORDS
P1497,P1497,PERSON-097,Karan Dubey 5,"Sector 22, Sanchi Road, Vidisha",5,Sanchi Road,Vidisha,Vidisha,Madhya Pradesh,464097,SUR-20496,KHA-50496,202.99,Residential,Urban Parcel,23.5234,77.79,"{""type"":""Polygon"",""coordinates"":[[[77.79,23.5234],[77.79065,23.5234],[77.79065,23.52405],[77.79,23.52405],[77.79,23.5234]]]}",2025-05-02T12:00:00,2026-09-10T12:00:00,SYNTHETIC DEMO DATA — NOT OFFICIAL GOVERNMENT RECORDS
P1498,P1498,PERSON-098,Isha Kulkarni 5,"Sector 23, Betwa Nagar, Vidisha",6,Betwa Nagar,Vidisha,Vidisha,Madhya Pradesh,464098,SUR-20497,KHA-50497,249.92,Commercial,Urban Parcel,23.52455,77.79,"{""type"":""Polygon"",""coordinates"":[[[77.79,23.52455],[77.79065,23.52455],[77.79065,23.5252],[77.79,23.5252],[77.79,23.52455]]]}",2025-05-01T12:00:00,2026-09-10T12:00:00,SYNTHETIC DEMO DATA — NOT OFFICIAL GOVERNMENT RECORDS
P1499,P1499,PERSON-099,Mohan Solanki 5,"Sector 24, Ganj Basoda Road, Vidisha",7,Ganj Basoda Road,Vidisha,Vidisha,Madhya Pradesh,464099,SUR-20498,KHA-50498,297.0,Industrial,Urban Parcel,23.5257,77.79,"{""type"":""Polygon"",""coordinates"":[[[77.79,23.5257],[77.79065,23.5257],[77.79065,23.52635],[77.79,23.52635],[77.79,23.5257]]]}",2025-04-30T12:00:00,2026-09-10T12:00:00,SYNTHETIC DEMO DATA — NOT OFFICIAL GOVERNMENT RECORDS
P1500,P1500,PERSON-100,Rekha Bansal 5,"Sector 25, Civil Lines Extension, Vidisha",8,Civil Lines Extension,Vidisha,Vidisha,Madhya Pradesh,464000,SUR-20499,KHA-50499,343.21,Agricultural,Urban Parcel,23.52685,77.79,"{""type"":""Polygon"",""coordinates"":[[[77.79,23.52685],[77.79065,23.52685],[77.79065,23.5275],[77.79,23.5275],[77.79,23.52685]]]}",2025-04-29T12:00:00,2026-09-10T12:00:00,SYNTHETIC DEMO DATA — NOT OFFICIAL GOVERNMENT RECORDS
P1501,P1501,PERSON-101,Rahul Sharma 6,"Sector 1, Kachhi Khedi, Vidisha",9,Kachhi Khedi,Vidisha,Vidisha,Madhya Pradesh,464001,SUR-20500,KHA-50500,390.56,Institutional,Urban Parcel,23.528,77.79,"{""type"":""Polygon"",""coordinates"":[[[77.79,23.528],[77.79065,23.528],[77.79065,23.52865],[77.79,23.52865],[77.79,23.528]]]}",2025-04-28T12:00:00,2026-09-10T12:00:00,SYNTHETIC DEMO DATA — NOT OFFICIAL GOVERNMENT RECORDS
P1502,P1502,PERSON-102,Amit Verma 6,"Sector 2, Madhav Nagar, Vidisha",10,Madhav Nagar,Vidisha,Vidisha,Madhya Pradesh,464002,SUR-20501,KHA-50501,437.74,Mixed Use,Urban Parcel,23.52915,77.79,"{""type"":""Polygon"",""coordinates"":[[[77.79,23.52915],[77.79065,23.52915],[77.79065,23.5298],[77.79,23.5298],[77.79,23.52915]]]}",2025-04-27T12:00:00,2026-09-10T12:00:00,SYNTHETIC DEMO DATA — NOT OFFICIAL GOVERNMENT RECORDS
P1503,P1503,PERSON-103,Neha Patel 6,"Sector 3, Raisen Link, Vidisha",11,Raisen Link,Vidisha,Vidisha,Madhya Pradesh,464003,SUR-20502,KHA-50502,484.5,Vacant Land,Urban Parcel,23.5303,77.79,"{""type"":""Polygon"",""coordinates"":[[[77.79,23.5303],[77.79065,23.5303],[77.79065,23.53095],[77.79,23.53095],[77.79,23.5303]]]}",2025-04-26T12:00:00,2026-09-10T12:00:00,SYNTHETIC DEMO DATA — NOT OFFICIAL GOVERNMENT RECORDS
P1504,P1504,PERSON-104,Priya Singh 6,"Sector 4, Vidisha Urban, Vidisha",12,Vidisha Urban,Vidisha,Vidisha,Madhya Pradesh,464004,SUR-20503,KHA-50503,531.82,Public/Semi-Public,Urban Parcel,23.53145,77.79,"{""type"":""Polygon"",""coordinates"":[[[77.79,23.53145],[77.79065,23.53145],[77.79065,23.5321],[77.79,23.5321],[77.79,23.53145]]]}",2025-04-25T12:00:00,2026-09-10T12:00:00,SYNTHETIC DEMO DATA — NOT OFFICIAL GOVERNMENT RECORDS
P1505,P1505,PERSON-105,Suresh Yadav 6,"Sector 5, Sanchi Road, Vidisha",1,Sanchi Road,Vidisha,Vidisha,Madhya Pradesh,464005,SUR-20504,KHA-50504,578.59,Residential,Urban Parcel,23.5326,77.79,"{""type"":""Polygon"",""coordinates"":[[[77.79,23.5326],[77.79065,23.5326],[77.79065,23.53325],[77.79,23.53325],[77.79,23.5326]]]}",2025-04-24T12:00:00,2026-09-10T12:00:00,SYNTHETIC DEMO DATA — NOT OFFICIAL GOVERNMENT RECORDS
P1506,P1506,PERSON-106,Anjali Jain 6,"Sector 6, Betwa Nagar, Vidisha",2,Betwa Nagar,Vidisha,Vidisha,Madhya Pradesh,464006,SUR-20505,KHA-50505,625.41,Commercial,Urban Parcel,23.53375,77.79,"{""type"":""Polygon"",""coordinates"":[[[77.79,23.53375],[77.79065,23.53375],[77.79065,23.5344],[77.79,23.5344],[77.79,23.53375]]]}",2025-04-23T12:00:00,2026-09-10T12:00:00,SYNTHETIC DEMO DATA — NOT OFFICIAL GOVERNMENT RECORDS
P1507,P1507,PERSON-107,Vikram Mehta 6,"Sector 7, Ganj Basoda Road, Vidisha",3,Ganj Basoda Road,Vidisha,Vidisha,Madhya Pradesh,464007,SUR-20506,KHA-50506,672.5,Industrial,Urban Parcel,23.5349,77.79,"{""type"":""Polygon"",""coordinates"":[[[77.79,23.5349],[77.79065,23.5349],[77.79065,23.53555],[77.79,23.53555],[77.79,23.5349]]]}",2025-04-22T12:00:00,2026-09-10T12:00:00,SYNTHETIC DEMO DATA — NOT OFFICIAL GOVERNMENT RECORDS
P1508,P1508,PERSON-108,Kavita Joshi 6,"Sector 8, Civil Lines Extension, Vidisha",4,Civil Lines Extension,Vidisha,Vidisha,Madhya Pradesh,464008,SUR-20507,KHA-50507,719.73,Agricultural,Urban Parcel,23.53605,77.79,"{""type"":""Polygon"",""coordinates"":[[[77.79,23.53605],[77.79065,23.53605],[77.79065,23.5367],[77.79,23.5367],[77.79,23.53605]]]}",2025-04-21T12:00:00,2026-09-10T12:00:00,SYNTHETIC DEMO DATA — NOT OFFICIAL GOVERNMENT RECORDS
P1509,P1509,PERSON-109,Manoj Gupta 6,"Sector 9, Kachhi Khedi, Vidisha",5,Kachhi Khedi,Vidisha,Vidisha,Madhya Pradesh,464009,SUR-20508,KHA-50508,766.53,Institutional,Urban Parcel,23.5372,77.79,"{""type"":""Polygon"",""coordinates"":[[[77.79,23.5372],[77.79065,23.5372],[77.79065,23.53785],[77.79,23.53785],[77.79,23.5372]]]}",2025-04-20T12:00:00,2026-09-10T12:00:00,SYNTHETIC DEMO DATA — NOT OFFICIAL GOVERNMENT RECORDS
P1510,P1510,PERSON-110,Ritu Mishra 6,"Sector 10, Madhav Nagar, Vidisha",6,Madhav Nagar,Vidisha,Vidisha,Madhya Pradesh,464010,SUR-20509,KHA-50509,813.22,Mixed Use,Urban Parcel,23.53835,77.79,"{""type"":""Polygon"",""coordinates"":[[[77.79,23.53835],[77.79065,23.53835],[77.79065,23.539],[77.79,23.539],[77.79,23.53835]]]}",2025-04-19T12:00:00,2026-09-10T12:00:00,SYNTHETIC DEMO DATA — NOT OFFICIAL GOVERNMENT RECORDS
P1511,P1511,PERSON-111,Arjun Malviya 6,"Sector 11, Raisen Link, Vidisha",7,Raisen Link,Vidisha,Vidisha,Madhya Pradesh,464011,SUR-20510,KHA-50510,860.37,Vacant Land,Urban Parcel,23.5395,77.79,"{""type"":""Polygon"",""coordinates"":[[[77.79,23.5395],[77.79065,23.5395],[77.79065,23.54015],[77.79,23.54015],[77.79,23.5395]]]}",2025-04-18T12:00:00,2026-09-10T12:00:00,SYNTHETIC DEMO DATA — NOT OFFICIAL GOVERNMENT RECORDS
P1512,P1512,PERSON-112,Pooja Thakur 6,"Sector 12, Vidisha Urban, Vidisha",8,Vidisha Urban,Vidisha,Vidisha,Madhya Pradesh,464012,SUR-20511,KHA-50511,907.89,Public/Semi-Public,Urban Parcel,23.54065,77.79,"{""type"":""Polygon"",""coordinates"":[[[77.79,23.54065],[77.79065,23.54065],[77.79065,23.5413],[77.79,23.5413],[77.79,23.54065]]]}",2025-04-17T12:00:00,2026-09-10T12:00:00,SYNTHETIC DEMO DATA — NOT OFFICIAL GOVERNMENT RECORDS
P1513,P1513,PERSON-113,Nitin Saxena 6,"Sector 13, Sanchi Road, Vidisha",9,Sanchi Road,Vidisha,Vidisha,Madhya Pradesh,464013,SUR-20512,KHA-50512,954.36,Residential,Urban Parcel,23.5418,77.79,"{""type"":""Polygon"",""coordinates"":[[[77.79,23.5418],[77.79065,23.5418],[77.79065,23.54245],[77.79,23.54245],[77.79,23.5418]]]}",2025-04-16T12:00:00,2026-09-10T12:00:00,SYNTHETIC DEMO DATA — NOT OFFICIAL GOVERNMENT RECORDS
P1514,P1514,PERSON-114,Meera Chouhan 6,"Sector 14, Betwa Nagar, Vidisha",10,Betwa Nagar,Vidisha,Vidisha,Madhya Pradesh,464014,SUR-20513,KHA-50513,1001.13,Commercial,Urban Parcel,23.54295,77.79,"{""type"":""Polygon"",""coordinates"":[[[77.79,23.54295],[77.79065,23.54295],[77.79065,23.5436],[77.79,23.5436],[77.79,23.54295]]]}",2025-04-15T12:00:00,2026-09-10T12:00:00,SYNTHETIC DEMO DATA — NOT OFFICIAL GOVERNMENT RECORDS
P1515,P1515,PERSON-115,Deepak Tiwari 6,"Sector 15, Ganj Basoda Road, Vidisha",11,Ganj Basoda Road,Vidisha,Vidisha,Madhya Pradesh,464015,SUR-20514,KHA-50514,1048.7,Industrial,Urban Parcel,23.5441,77.79,"{""type"":""Polygon"",""coordinates"":[[[77.79,23.5441],[77.79065,23.5441],[77.79065,23.54475],[77.79,23.54475],[77.79,23.5441]]]}",2025-04-14T12:00:00,2026-09-10T12:00:00,SYNTHETIC DEMO DATA — NOT OFFICIAL GOVERNMENT RECORDS
P1516,P1516,PERSON-116,Sunita Rathore 6,"Sector 16, Civil Lines Extension, Vidisha",12,Civil Lines Extension,Vidisha,Vidisha,Madhya Pradesh,464016,SUR-20515,KHA-50515,1095.73,Agricultural,Urban Parcel,23.54525,77.79,"{""type"":""Polygon"",""coordinates"":[[[77.79,23.54525],[77.79065,23.54525],[77.79065,23.5459],[77.79,23.5459],[77.79,23.54525]]]}",2025-04-13T12:00:00,2026-09-10T12:00:00,SYNTHETIC DEMO DATA — NOT OFFICIAL GOVERNMENT RECORDS
P1517,P1517,PERSON-117,Karan Dubey 6,"Sector 17, Kachhi Khedi, Vidisha",1,Kachhi Khedi,Vidisha,Vidisha,Madhya Pradesh,464017,SUR-20516,KHA-50516,1142.3,Institutional,Urban Parcel,23.5464,77.79,"{""type"":""Polygon"",""coordinates"":[[[77.79,23.5464],[77.79065,23.5464],[77.79065,23.54705],[77.79,23.54705],[77.79,23.5464]]]}",2025-04-12T12:00:00,2026-09-10T12:00:00,SYNTHETIC DEMO DATA — NOT OFFICIAL GOVERNMENT RECORDS
P1518,P1518,PERSON-118,Isha Kulkarni 6,"Sector 18, Madhav Nagar, Vidisha",2,Madhav Nagar,Vidisha,Vidisha,Madhya Pradesh,464018,SUR-20517,KHA-50517,1189.07,Mixed Use,Urban Parcel,23.54755,77.79,"{""type"":""Polygon"",""coordinates"":[[[77.79,23.54755],[77.79065,23.54755],[77.79065,23.5482],[77.79,23.5482],[77.79,23.54755]]]}",2025-04-11T12:00:00,2026-09-10T12:00:00,SYNTHETIC DEMO DATA — NOT OFFICIAL GOVERNMENT RECORDS
P1519,P1519,PERSON-119,Mohan Solanki 6,"Sector 19, Raisen Link, Vidisha",3,Raisen Link,Vidisha,Vidisha,Madhya Pradesh,464019,SUR-20518,KHA-50518,1236.86,Vacant Land,Urban Parcel,23.5487,77.79,"{""type"":""Polygon"",""coordinates"":[[[77.79,23.5487],[77.79065,23.5487],[77.79065,23.54935],[77.79,23.54935],[77.79,23.5487]]]}",2025-04-10T12:00:00,2026-09-10T12:00:00,SYNTHETIC DEMO DATA — NOT OFFICIAL GOVERNMENT RECORDS
P1520,P1520,PERSON-120,Rekha Bansal 6,"Sector 20, Vidisha Urban, Vidisha",4,Vidisha Urban,Vidisha,Vidisha,Madhya Pradesh,464020,SUR-20519,KHA-50519,1283.83,Public/Semi-Public,Urban Parcel,23.54985,77.79,"{""type"":""Polygon"",""coordinates"":[[[77.79,23.54985],[77.79065,23.54985],[77.79065,23.5505],[77.79,23.5505],[77.79,23.54985]]]}",2025-04-09T12:00:00,2026-09-10T12:00:00,SYNTHETIC DEMO DATA — NOT OFFICIAL GOVERNMENT RECORDS
P1521,P1521,PERSON-121,Rahul Sharma 7,"Sector 21, Sanchi Road, Vidisha",5,Sanchi Road,Vidisha,Vidisha,Madhya Pradesh,464021,SUR-20520,KHA-50520,1330.9,Residential,Urban Parcel,23.505,77.79125,"{""type"":""Polygon"",""coordinates"":[[[77.79125,23.505],[77.7919,23.505],[77.7919,23.50565],[77.79125,23.50565],[77.79125,23.505]]]}",2025-04-08T12:00:00,2026-09-10T12:00:00,SYNTHETIC DEMO DATA — NOT OFFICIAL GOVERNMENT RECORDS
P1522,P1522,PERSON-122,Amit Verma 7,"Sector 22, Betwa Nagar, Vidisha",6,Betwa Nagar,Vidisha,Vidisha,Madhya Pradesh,464022,SUR-20521,KHA-50521,1377.14,Commercial,Urban Parcel,23.50615,77.79125,"{""type"":""Polygon"",""coordinates"":[[[77.79125,23.50615],[77.7919,23.50615],[77.7919,23.5068],[77.79125,23.5068],[77.79125,23.50615]]]}",2025-04-07T12:00:00,2026-09-10T12:00:00,SYNTHETIC DEMO DATA — NOT OFFICIAL GOVERNMENT RECORDS
P1523,P1523,PERSON-123,Neha Patel 7,"Sector 23, Ganj Basoda Road, Vidisha",7,Ganj Basoda Road,Vidisha,Vidisha,Madhya Pradesh,464023,SUR-20522,KHA-50522,1424.92,Industrial,Urban Parcel,23.5073,77.79125,"{""type"":""Polygon"",""coordinates"":[[[77.79125,23.5073],[77.7919,23.5073],[77.7919,23.50795],[77.79125,23.50795],[77.79125,23.5073]]]}",2025-04-06T12:00:00,2026-09-10T12:00:00,SYNTHETIC DEMO DATA — NOT OFFICIAL GOVERNMENT RECORDS
P1524,P1524,PERSON-124,Priya Singh 7,"Sector 24, Civil Lines Extension, Vidisha",8,Civil Lines Extension,Vidisha,Vidisha,Madhya Pradesh,464024,SUR-20523,KHA-50523,1471.35,Agricultural,Urban Parcel,23.50845,77.79125,"{""type"":""Polygon"",""coordinates"":[[[77.79125,23.50845],[77.7919,23.50845],[77.7919,23.5091],[77.79125,23.5091],[77.79125,23.50845]]]}",2025-04-05T12:00:00,2026-09-10T12:00:00,SYNTHETIC DEMO DATA — NOT OFFICIAL GOVERNMENT RECORDS
P1525,P1525,PERSON-125,Suresh Yadav 7,"Sector 25, Kachhi Khedi, Vidisha",9,Kachhi Khedi,Vidisha,Vidisha,Madhya Pradesh,464025,SUR-20524,KHA-50524,1518.11,Institutional,Urban Parcel,23.5096,77.79125,"{""type"":""Polygon"",""coordinates"":[[[77.79125,23.5096],[77.7919,23.5096],[77.7919,23.51025],[77.79125,23.51025],[77.79125,23.5096]]]}",2025-04-04T12:00:00,2026-09-10T12:00:00,SYNTHETIC DEMO DATA — NOT OFFICIAL GOVERNMENT RECORDS
P1526,P1526,PERSON-126,Anjali Jain 7,"Sector 1, Madhav Nagar, Vidisha",10,Madhav Nagar,Vidisha,Vidisha,Madhya Pradesh,464026,SUR-20525,KHA-50525,115.7,Mixed Use,Urban Parcel,23.51075,77.79125,"{""type"":""Polygon"",""coordinates"":[[[77.79125,23.51075],[77.7919,23.51075],[77.7919,23.5114],[77.79125,23.5114],[77.79125,23.51075]]]}",2025-04-03T12:00:00,2026-09-10T12:00:00,SYNTHETIC DEMO DATA — NOT OFFICIAL GOVERNMENT RECORDS
P1527,P1527,PERSON-127,Vikram Mehta 7,"Sector 2, Raisen Link, Vidisha",11,Raisen Link,Vidisha,Vidisha,Madhya Pradesh,464027,SUR-20526,KHA-50526,162.54,Vacant Land,Urban Parcel,23.5119,77.79125,"{""type"":""Polygon"",""coordinates"":[[[77.79125,23.5119],[77.7919,23.5119],[77.7919,23.51255],[77.79125,23.51255],[77.79125,23.5119]]]}",2025-04-02T12:00:00,2026-09-10T12:00:00,SYNTHETIC DEMO DATA — NOT OFFICIAL GOVERNMENT RECORDS
P1528,P1528,PERSON-128,Kavita Joshi 7,"Sector 3, Vidisha Urban, Vidisha",12,Vidisha Urban,Vidisha,Vidisha,Madhya Pradesh,464028,SUR-20527,KHA-50527,209.08,Public/Semi-Public,Urban Parcel,23.51305,77.79125,"{""type"":""Polygon"",""coordinates"":[[[77.79125,23.51305],[77.7919,23.51305],[77.7919,23.5137],[77.79125,23.5137],[77.79125,23.51305]]]}",2025-04-01T12:00:00,2026-09-10T12:00:00,SYNTHETIC DEMO DATA — NOT OFFICIAL GOVERNMENT RECORDS
P1529,P1529,PERSON-129,Manoj Gupta 7,"Sector 4, Sanchi Road, Vidisha",1,Sanchi Road,Vidisha,Vidisha,Madhya Pradesh,464029,SUR-20528,KHA-50528,256.49,Residential,Urban Parcel,23.5142,77.79125,"{""type"":""Polygon"",""coordinates"":[[[77.79125,23.5142],[77.7919,23.5142],[77.7919,23.51485],[77.79125,23.51485],[77.79125,23.5142]]]}",2025-03-31T12:00:00,2026-09-10T12:00:00,SYNTHETIC DEMO DATA — NOT OFFICIAL GOVERNMENT RECORDS
P1530,P1530,PERSON-130,Ritu Mishra 7,"Sector 5, Betwa Nagar, Vidisha",2,Betwa Nagar,Vidisha,Vidisha,Madhya Pradesh,464030,SUR-20529,KHA-50529,303.35,Commercial,Urban Parcel,23.51535,77.79125,"{""type"":""Polygon"",""coordinates"":[[[77.79125,23.51535],[77.7919,23.51535],[77.7919,23.516],[77.79125,23.516],[77.79125,23.51535]]]}",2025-03-30T12:00:00,2026-09-10T12:00:00,SYNTHETIC DEMO DATA — NOT OFFICIAL GOVERNMENT RECORDS
P1531,P1531,PERSON-131,Arjun Malviya 7,"Sector 6, Ganj Basoda Road, Vidisha",3,Ganj Basoda Road,Vidisha,Vidisha,Madhya Pradesh,464031,SUR-20530,KHA-50530,350.53,Industrial,Urban Parcel,23.5165,77.79125,"{""type"":""Polygon"",""coordinates"":[[[77.79125,23.5165],[77.7919,23.5165],[77.7919,23.51715],[77.79125,23.51715],[77.79125,23.5165]]]}",2025-03-29T12:00:00,2026-09-10T12:00:00,SYNTHETIC DEMO DATA — NOT OFFICIAL GOVERNMENT RECORDS
P1532,P1532,PERSON-132,Pooja Thakur 7,"Sector 7, Civil Lines Extension, Vidisha",4,Civil Lines Extension,Vidisha,Vidisha,Madhya Pradesh,464032,SUR-20531,KHA-50531,397.17,Agricultural,Urban Parcel,23.51765,77.79125,"{""type"":""Polygon"",""coordinates"":[[[77.79125,23.51765],[77.7919,23.51765],[77.7919,23.5183],[77.79125,23.5183],[77.79125,23.51765]]]}",2025-03-28T12:00:00,2026-09-10T12:00:00,SYNTHETIC DEMO DATA — NOT OFFICIAL GOVERNMENT RECORDS
P1533,P1533,PERSON-133,Nitin Saxena 7,"Sector 8, Kachhi Khedi, Vidisha",5,Kachhi Khedi,Vidisha,Vidisha,Madhya Pradesh,464033,SUR-20532,KHA-50532,444.14,Institutional,Urban Parcel,23.5188,77.79125,"{""type"":""Polygon"",""coordinates"":[[[77.79125,23.5188],[77.7919,23.5188],[77.7919,23.51945],[77.79125,23.51945],[77.79125,23.5188]]]}",2025-03-27T12:00:00,2026-09-10T12:00:00,SYNTHETIC DEMO DATA — NOT OFFICIAL GOVERNMENT RECORDS
P1534,P1534,PERSON-134,Meera Chouhan 7,"Sector 9, Madhav Nagar, Vidisha",6,Madhav Nagar,Vidisha,Vidisha,Madhya Pradesh,464034,SUR-20533,KHA-50533,491.43,Mixed Use,Urban Parcel,23.51995,77.79125,"{""type"":""Polygon"",""coordinates"":[[[77.79125,23.51995],[77.7919,23.51995],[77.7919,23.5206],[77.79125,23.5206],[77.79125,23.51995]]]}",2025-03-26T12:00:00,2026-09-10T12:00:00,SYNTHETIC DEMO DATA — NOT OFFICIAL GOVERNMENT RECORDS
P1535,P1535,PERSON-135,Deepak Tiwari 7,"Sector 10, Raisen Link, Vidisha",7,Raisen Link,Vidisha,Vidisha,Madhya Pradesh,464035,SUR-20534,KHA-50534,538.07,Vacant Land,Urban Parcel,23.5211,77.79125,"{""type"":""Polygon"",""coordinates"":[[[77.79125,23.5211],[77.7919,23.5211],[77.7919,23.52175],[77.79125,23.52175],[77.79125,23.5211]]]}",2025-03-25T12:00:00,2026-09-10T12:00:00,SYNTHETIC DEMO DATA — NOT OFFICIAL GOVERNMENT RECORDS
P1536,P1536,PERSON-136,Sunita Rathore 7,"Sector 11, Vidisha Urban, Vidisha",8,Vidisha Urban,Vidisha,Vidisha,Madhya Pradesh,464036,SUR-20535,KHA-50535,585.06,Public/Semi-Public,Urban Parcel,23.52225,77.79125,"{""type"":""Polygon"",""coordinates"":[[[77.79125,23.52225],[77.7919,23.52225],[77.7919,23.5229],[77.79125,23.5229],[77.79125,23.52225]]]}",2025-03-24T12:00:00,2026-09-10T12:00:00,SYNTHETIC DEMO DATA — NOT OFFICIAL GOVERNMENT RECORDS
P1537,P1537,PERSON-137,Karan Dubey 7,"Sector 12, Sanchi Road, Vidisha",9,Sanchi Road,Vidisha,Vidisha,Madhya Pradesh,464037,SUR-20536,KHA-50536,632.43,Residential,Urban Parcel,23.5234,77.79125,"{""type"":""Polygon"",""coordinates"":[[[77.79125,23.5234],[77.7919,23.5234],[77.7919,23.52405],[77.79125,23.52405],[77.79125,23.5234]]]}",2025-03-23T12:00:00,2026-09-10T12:00:00,SYNTHETIC DEMO DATA — NOT OFFICIAL GOVERNMENT RECORDS
P1538,P1538,PERSON-138,Isha Kulkarni 7,"Sector 13, Betwa Nagar, Vidisha",10,Betwa Nagar,Vidisha,Vidisha,Madhya Pradesh,464038,SUR-20537,KHA-50537,679.64,Commercial,Urban Parcel,23.52455,77.79125,"{""type"":""Polygon"",""coordinates"":[[[77.79125,23.52455],[77.7919,23.52455],[77.7919,23.5252],[77.79125,23.5252],[77.79125,23.52455]]]}",2025-03-22T12:00:00,2026-09-10T12:00:00,SYNTHETIC DEMO DATA — NOT OFFICIAL GOVERNMENT RECORDS
P1539,P1539,PERSON-139,Mohan Solanki 7,"Sector 14, Ganj Basoda Road, Vidisha",11,Ganj Basoda Road,Vidisha,Vidisha,Madhya Pradesh,464039,SUR-20538,KHA-50538,726.51,Industrial,Urban Parcel,23.5257,77.79125,"{""type"":""Polygon"",""coordinates"":[[[77.79125,23.5257],[77.7919,23.5257],[77.7919,23.52635],[77.79125,23.52635],[77.79125,23.5257]]]}",2025-03-21T12:00:00,2026-09-10T12:00:00,SYNTHETIC DEMO DATA — NOT OFFICIAL GOVERNMENT RECORDS
P1540,P1540,PERSON-140,Rekha Bansal 7,"Sector 15, Civil Lines Extension, Vidisha",12,Civil Lines Extension,Vidisha,Vidisha,Madhya Pradesh,464040,SUR-20539,KHA-50539,773.71,Agricultural,Urban Parcel,23.52685,77.79125,"{""type"":""Polygon"",""coordinates"":[[[77.79125,23.52685],[77.7919,23.52685],[77.7919,23.5275],[77.79125,23.5275],[77.79125,23.52685]]]}",2025-03-20T12:00:00,2026-09-10T12:00:00,SYNTHETIC DEMO DATA — NOT OFFICIAL GOVERNMENT RECORDS
P1541,P1541,PERSON-141,Rahul Sharma 8,"Sector 16, Kachhi Khedi, Vidisha",1,Kachhi Khedi,Vidisha,Vidisha,Madhya Pradesh,464041,SUR-20540,KHA-50540,820.28,Institutional,Urban Parcel,23.528,77.79125,"{""type"":""Polygon"",""coordinates"":[[[77.79125,23.528],[77.7919,23.528],[77.7919,23.52865],[77.79125,23.52865],[77.79125,23.528]]]}",2025-03-19T12:00:00,2026-09-10T12:00:00,SYNTHETIC DEMO DATA — NOT OFFICIAL GOVERNMENT RECORDS
P1542,P1542,PERSON-142,Amit Verma 8,"Sector 17, Madhav Nagar, Vidisha",2,Madhav Nagar,Vidisha,Vidisha,Madhya Pradesh,464042,SUR-20541,KHA-50541,867.66,Mixed Use,Urban Parcel,23.52915,77.79125,"{""type"":""Polygon"",""coordinates"":[[[77.79125,23.52915],[77.7919,23.52915],[77.7919,23.5298],[77.79125,23.5298],[77.79125,23.52915]]]}",2025-03-18T12:00:00,2026-09-10T12:00:00,SYNTHETIC DEMO DATA — NOT OFFICIAL GOVERNMENT RECORDS
P1543,P1543,PERSON-143,Neha Patel 8,"Sector 18, Raisen Link, Vidisha",3,Raisen Link,Vidisha,Vidisha,Madhya Pradesh,464043,SUR-20542,KHA-50542,914.45,Vacant Land,Urban Parcel,23.5303,77.79125,"{""type"":""Polygon"",""coordinates"":[[[77.79125,23.5303],[77.7919,23.5303],[77.7919,23.53095],[77.79125,23.53095],[77.79125,23.5303]]]}",2025-03-17T12:00:00,2026-09-10T12:00:00,SYNTHETIC DEMO DATA — NOT OFFICIAL GOVERNMENT RECORDS
P1544,P1544,PERSON-144,Priya Singh 8,"Sector 19, Vidisha Urban, Vidisha",4,Vidisha Urban,Vidisha,Vidisha,Madhya Pradesh,464044,SUR-20543,KHA-50543,961.49,Public/Semi-Public,Urban Parcel,23.53145,77.79125,"{""type"":""Polygon"",""coordinates"":[[[77.79125,23.53145],[77.7919,23.53145],[77.7919,23.5321],[77.79125,23.5321],[77.79125,23.53145]]]}",2025-03-16T12:00:00,2026-09-10T12:00:00,SYNTHETIC DEMO DATA — NOT OFFICIAL GOVERNMENT RECORDS
P1545,P1545,PERSON-145,Suresh Yadav 8,"Sector 20, Sanchi Road, Vidisha",5,Sanchi Road,Vidisha,Vidisha,Madhya Pradesh,464045,SUR-20544,KHA-50544,1008.57,Residential,Urban Parcel,23.5326,77.79125,"{""type"":""Polygon"",""coordinates"":[[[77.79125,23.5326],[77.7919,23.5326],[77.7919,23.53325],[77.79125,23.53325],[77.79125,23.5326]]]}",2025-03-15T12:00:00,2026-09-10T12:00:00,SYNTHETIC DEMO DATA — NOT OFFICIAL GOVERNMENT RECORDS
P1546,P1546,PERSON-146,Anjali Jain 8,"Sector 21, Betwa Nagar, Vidisha",6,Betwa Nagar,Vidisha,Vidisha,Madhya Pradesh,464046,SUR-20545,KHA-50545,1055.61,Commercial,Urban Parcel,23.53375,77.79125,"{""type"":""Polygon"",""coordinates"":[[[77.79125,23.53375],[77.7919,23.53375],[77.7919,23.5344],[77.79125,23.5344],[77.79125,23.53375]]]}",2025-03-14T12:00:00,2026-09-10T12:00:00,SYNTHETIC DEMO DATA — NOT OFFICIAL GOVERNMENT RECORDS
P1547,P1547,PERSON-147,Vikram Mehta 8,"Sector 22, Ganj Basoda Road, Vidisha",7,Ganj Basoda Road,Vidisha,Vidisha,Madhya Pradesh,464047,SUR-20546,KHA-50546,1102.66,Industrial,Urban Parcel,23.5349,77.79125,"{""type"":""Polygon"",""coordinates"":[[[77.79125,23.5349],[77.7919,23.5349],[77.7919,23.53555],[77.79125,23.53555],[77.79125,23.5349]]]}",2025-03-13T12:00:00,2026-09-10T12:00:00,SYNTHETIC DEMO DATA — NOT OFFICIAL GOVERNMENT RECORDS
P1548,P1548,PERSON-148,Kavita Joshi 8,"Sector 23, Civil Lines Extension, Vidisha",8,Civil Lines Extension,Vidisha,Vidisha,Madhya Pradesh,464048,SUR-20547,KHA-50547,1149.42,Agricultural,Urban Parcel,23.53605,77.79125,"{""type"":""Polygon"",""coordinates"":[[[77.79125,23.53605],[77.7919,23.53605],[77.7919,23.5367],[77.79125,23.5367],[77.79125,23.53605]]]}",2025-03-12T12:00:00,2026-09-10T12:00:00,SYNTHETIC DEMO DATA — NOT OFFICIAL GOVERNMENT RECORDS
P1549,P1549,PERSON-149,Manoj Gupta 8,"Sector 24, Kachhi Khedi, Vidisha",9,Kachhi Khedi,Vidisha,Vidisha,Madhya Pradesh,464049,SUR-20548,KHA-50548,1196.2,Institutional,Urban Parcel,23.5372,77.79125,"{""type"":""Polygon"",""coordinates"":[[[77.79125,23.5372],[77.7919,23.5372],[77.7919,23.53785],[77.79125,23.53785],[77.79125,23.5372]]]}",2025-03-11T12:00:00,2026-09-10T12:00:00,SYNTHETIC DEMO DATA — NOT OFFICIAL GOVERNMENT RECORDS
P1550,P1550,PERSON-150,Ritu Mishra 8,"Sector 25, Madhav Nagar, Vidisha",10,Madhav Nagar,Vidisha,Vidisha,Madhya Pradesh,464050,SUR-20549,KHA-50549,1243.31,Mixed Use,Urban Parcel,23.53835,77.79125,"{""type"":""Polygon"",""coordinates"":[[[77.79125,23.53835],[77.7919,23.53835],[77.7919,23.539],[77.79125,23.539],[77.79125,23.53835]]]}",2025-03-10T12:00:00,2026-09-10T12:00:00,SYNTHETIC DEMO DATA — NOT OFFICIAL GOVERNMENT RECORDS
P1551,P1551,PERSON-151,Arjun Malviya 8,"Sector 1, Raisen Link, Vidisha",11,Raisen Link,Vidisha,Vidisha,Madhya Pradesh,464051,SUR-20550,KHA-50550,1290.6,Vacant Land,Urban Parcel,23.5395,77.79125,"{""type"":""Polygon"",""coordinates"":[[[77.79125,23.5395],[77.7919,23.5395],[77.7919,23.54015],[77.79125,23.54015],[77.79125,23.5395]]]}",2025-03-09T12:00:00,2026-09-10T12:00:00,SYNTHETIC DEMO DATA — NOT OFFICIAL GOVERNMENT RECORDS
P1552,P1552,PERSON-152,Pooja Thakur 8,"Sector 2, Vidisha Urban, Vidisha",12,Vidisha Urban,Vidisha,Vidisha,Madhya Pradesh,464052,SUR-20551,KHA-50551,1337.6,Public/Semi-Public,Urban Parcel,23.54065,77.79125,"{""type"":""Polygon"",""coordinates"":[[[77.79125,23.54065],[77.7919,23.54065],[77.7919,23.5413],[77.79125,23.5413],[77.79125,23.54065]]]}",2025-03-08T12:00:00,2026-09-10T12:00:00,SYNTHETIC DEMO DATA — NOT OFFICIAL GOVERNMENT RECORDS
P1553,P1553,PERSON-153,Nitin Saxena 8,"Sector 3, Sanchi Road, Vidisha",1,Sanchi Road,Vidisha,Vidisha,Madhya Pradesh,464053,SUR-20552,KHA-50552,1384.65,Residential,Urban Parcel,23.5418,77.79125,"{""type"":""Polygon"",""coordinates"":[[[77.79125,23.5418],[77.7919,23.5418],[77.7919,23.54245],[77.79125,23.54245],[77.79125,23.5418]]]}",2025-03-07T12:00:00,2026-09-10T12:00:00,SYNTHETIC DEMO DATA — NOT OFFICIAL GOVERNMENT RECORDS
P1554,P1554,PERSON-154,Meera Chouhan 8,"Sector 4, Betwa Nagar, Vidisha",2,Betwa Nagar,Vidisha,Vidisha,Madhya Pradesh,464054,SUR-20553,KHA-50553,1431.93,Commercial,Urban Parcel,23.54295,77.79125,"{""type"":""Polygon"",""coordinates"":[[[77.79125,23.54295],[77.7919,23.54295],[77.7919,23.5436],[77.79125,23.5436],[77.79125,23.54295]]]}",2025-03-06T12:00:00,2026-09-10T12:00:00,SYNTHETIC DEMO DATA — NOT OFFICIAL GOVERNMENT RECORDS
P1555,P1555,PERSON-155,Deepak Tiwari 8,"Sector 5, Ganj Basoda Road, Vidisha",3,Ganj Basoda Road,Vidisha,Vidisha,Madhya Pradesh,464055,SUR-20554,KHA-50554,1478.99,Industrial,Urban Parcel,23.5441,77.79125,"{""type"":""Polygon"",""coordinates"":[[[77.79125,23.5441],[77.7919,23.5441],[77.7919,23.54475],[77.79125,23.54475],[77.79125,23.5441]]]}",2025-03-05T12:00:00,2026-09-10T12:00:00,SYNTHETIC DEMO DATA — NOT OFFICIAL GOVERNMENT RECORDS
P1556,P1556,PERSON-156,Sunita Rathore 8,"Sector 6, Civil Lines Extension, Vidisha",4,Civil Lines Extension,Vidisha,Vidisha,Madhya Pradesh,464056,SUR-20555,KHA-50555,1525.51,Agricultural,Urban Parcel,23.54525,77.79125,"{""type"":""Polygon"",""coordinates"":[[[77.79125,23.54525],[77.7919,23.54525],[77.7919,23.5459],[77.79125,23.5459],[77.79125,23.54525]]]}",2025-03-04T12:00:00,2026-09-10T12:00:00,SYNTHETIC DEMO DATA — NOT OFFICIAL GOVERNMENT RECORDS
P1557,P1557,PERSON-157,Karan Dubey 8,"Sector 7, Kachhi Khedi, Vidisha",5,Kachhi Khedi,Vidisha,Vidisha,Madhya Pradesh,464057,SUR-20556,KHA-50556,122.57,Institutional,Urban Parcel,23.5464,77.79125,"{""type"":""Polygon"",""coordinates"":[[[77.79125,23.5464],[77.7919,23.5464],[77.7919,23.54705],[77.79125,23.54705],[77.79125,23.5464]]]}",2025-03-03T12:00:00,2026-09-10T12:00:00,SYNTHETIC DEMO DATA — NOT OFFICIAL GOVERNMENT RECORDS
P1558,P1558,PERSON-158,Isha Kulkarni 8,"Sector 8, Madhav Nagar, Vidisha",6,Madhav Nagar,Vidisha,Vidisha,Madhya Pradesh,464058,SUR-20557,KHA-50557,169.77,Mixed Use,Urban Parcel,23.54755,77.79125,"{""type"":""Polygon"",""coordinates"":[[[77.79125,23.54755],[77.7919,23.54755],[77.7919,23.5482],[77.79125,23.5482],[77.79125,23.54755]]]}",2025-03-02T12:00:00,2026-09-10T12:00:00,SYNTHETIC DEMO DATA — NOT OFFICIAL GOVERNMENT RECORDS
P1559,P1559,PERSON-159,Mohan Solanki 8,"Sector 9, Raisen Link, Vidisha",7,Raisen Link,Vidisha,Vidisha,Madhya Pradesh,464059,SUR-20558,KHA-50558,216.69,Vacant Land,Urban Parcel,23.5487,77.79125,"{""type"":""Polygon"",""coordinates"":[[[77.79125,23.5487],[77.7919,23.5487],[77.7919,23.54935],[77.79125,23.54935],[77.79125,23.5487]]]}",2025-03-01T12:00:00,2026-09-10T12:00:00,SYNTHETIC DEMO DATA — NOT OFFICIAL GOVERNMENT RECORDS
P1560,P1560,PERSON-160,Rekha Bansal 8,"Sector 10, Vidisha Urban, Vidisha",8,Vidisha Urban,Vidisha,Vidisha,Madhya Pradesh,464060,SUR-20559,KHA-50559,263.05,Public/Semi-Public,Urban Parcel,23.54985,77.79125,"{""type"":""Polygon"",""coordinates"":[[[77.79125,23.54985],[77.7919,23.54985],[77.7919,23.5505],[77.79125,23.5505],[77.79125,23.54985]]]}",2025-02-28T12:00:00,2026-09-10T12:00:00,SYNTHETIC DEMO DATA — NOT OFFICIAL GOVERNMENT RECORDS
P1561,P1561,PERSON-161,Rahul Sharma 9,"Sector 11, Sanchi Road, Vidisha",9,Sanchi Road,Vidisha,Vidisha,Madhya Pradesh,464061,SUR-20560,KHA-50560,310.14,Residential,Urban Parcel,23.505,77.7925,"{""type"":""Polygon"",""coordinates"":[[[77.7925,23.505],[77.79315,23.505],[77.79315,23.50565],[77.7925,23.50565],[77.7925,23.505]]]}",2025-02-27T12:00:00,2026-09-10T12:00:00,SYNTHETIC DEMO DATA — NOT OFFICIAL GOVERNMENT RECORDS
P1562,P1562,PERSON-162,Amit Verma 9,"Sector 12, Betwa Nagar, Vidisha",10,Betwa Nagar,Vidisha,Vidisha,Madhya Pradesh,464062,SUR-20561,KHA-50561,357.39,Commercial,Urban Parcel,23.50615,77.7925,"{""type"":""Polygon"",""coordinates"":[[[77.7925,23.50615],[77.79315,23.50615],[77.79315,23.5068],[77.7925,23.5068],[77.7925,23.50615]]]}",2025-02-26T12:00:00,2026-09-10T12:00:00,SYNTHETIC DEMO DATA — NOT OFFICIAL GOVERNMENT RECORDS
P1563,P1563,PERSON-163,Neha Patel 9,"Sector 13, Ganj Basoda Road, Vidisha",11,Ganj Basoda Road,Vidisha,Vidisha,Madhya Pradesh,464063,SUR-20562,KHA-50562,404.35,Industrial,Urban Parcel,23.5073,77.7925,"{""type"":""Polygon"",""coordinates"":[[[77.7925,23.5073],[77.79315,23.5073],[77.79315,23.50795],[77.7925,23.50795],[77.7925,23.5073]]]}",2025-02-25T12:00:00,2026-09-10T12:00:00,SYNTHETIC DEMO DATA — NOT OFFICIAL GOVERNMENT RECORDS
P1564,P1564,PERSON-164,Priya Singh 9,"Sector 14, Civil Lines Extension, Vidisha",12,Civil Lines Extension,Vidisha,Vidisha,Madhya Pradesh,464064,SUR-20563,KHA-50563,451.48,Agricultural,Urban Parcel,23.50845,77.7925,"{""type"":""Polygon"",""coordinates"":[[[77.7925,23.50845],[77.79315,23.50845],[77.79315,23.5091],[77.7925,23.5091],[77.7925,23.50845]]]}",2025-02-24T12:00:00,2026-09-10T12:00:00,SYNTHETIC DEMO DATA — NOT OFFICIAL GOVERNMENT RECORDS
P1565,P1565,PERSON-165,Suresh Yadav 9,"Sector 15, Kachhi Khedi, Vidisha",1,Kachhi Khedi,Vidisha,Vidisha,Madhya Pradesh,464065,SUR-20564,KHA-50564,498.76,Institutional,Urban Parcel,23.5096,77.7925,"{""type"":""Polygon"",""coordinates"":[[[77.7925,23.5096],[77.79315,23.5096],[77.79315,23.51025],[77.7925,23.51025],[77.7925,23.5096]]]}",2025-02-23T12:00:00,2026-09-10T12:00:00,SYNTHETIC DEMO DATA — NOT OFFICIAL GOVERNMENT RECORDS
P1566,P1566,PERSON-166,Anjali Jain 9,"Sector 16, Madhav Nagar, Vidisha",2,Madhav Nagar,Vidisha,Vidisha,Madhya Pradesh,464066,SUR-20565,KHA-50565,545.04,Mixed Use,Urban Parcel,23.51075,77.7925,"{""type"":""Polygon"",""coordinates"":[[[77.7925,23.51075],[77.79315,23.51075],[77.79315,23.5114],[77.7925,23.5114],[77.7925,23.51075]]]}",2025-02-22T12:00:00,2026-09-10T12:00:00,SYNTHETIC DEMO DATA — NOT OFFICIAL GOVERNMENT RECORDS
P1567,P1567,PERSON-167,Vikram Mehta 9,"Sector 17, Raisen Link, Vidisha",3,Raisen Link,Vidisha,Vidisha,Madhya Pradesh,464067,SUR-20566,KHA-50566,592.3,Vacant Land,Urban Parcel,23.5119,77.7925,"{""type"":""Polygon"",""coordinates"":[[[77.7925,23.5119],[77.79315,23.5119],[77.79315,23.51255],[77.7925,23.51255],[77.7925,23.5119]]]}",2025-02-21T12:00:00,2026-09-10T12:00:00,SYNTHETIC DEMO DATA — NOT OFFICIAL GOVERNMENT RECORDS
P1568,P1568,PERSON-168,Kavita Joshi 9,"Sector 18, Vidisha Urban, Vidisha",4,Vidisha Urban,Vidisha,Vidisha,Madhya Pradesh,464068,SUR-20567,KHA-50567,639.95,Public/Semi-Public,Urban Parcel,23.51305,77.7925,"{""type"":""Polygon"",""coordinates"":[[[77.7925,23.51305],[77.79315,23.51305],[77.79315,23.5137],[77.7925,23.5137],[77.7925,23.51305]]]}",2025-02-20T12:00:00,2026-09-10T12:00:00,SYNTHETIC DEMO DATA — NOT OFFICIAL GOVERNMENT RECORDS
P1569,P1569,PERSON-169,Manoj Gupta 9,"Sector 19, Sanchi Road, Vidisha",5,Sanchi Road,Vidisha,Vidisha,Madhya Pradesh,464069,SUR-20568,KHA-50568,686.77,Residential,Urban Parcel,23.5142,77.7925,"{""type"":""Polygon"",""coordinates"":[[[77.7925,23.5142],[77.79315,23.5142],[77.79315,23.51485],[77.7925,23.51485],[77.7925,23.5142]]]}",2025-02-19T12:00:00,2026-09-10T12:00:00,SYNTHETIC DEMO DATA — NOT OFFICIAL GOVERNMENT RECORDS
P1570,P1570,PERSON-170,Ritu Mishra 9,"Sector 20, Betwa Nagar, Vidisha",6,Betwa Nagar,Vidisha,Vidisha,Madhya Pradesh,464070,SUR-20569,KHA-50569,733.68,Commercial,Urban Parcel,23.51535,77.7925,"{""type"":""Polygon"",""coordinates"":[[[77.7925,23.51535],[77.79315,23.51535],[77.79315,23.516],[77.7925,23.516],[77.7925,23.51535]]]}",2025-02-18T12:00:00,2026-09-10T12:00:00,SYNTHETIC DEMO DATA — NOT OFFICIAL GOVERNMENT RECORDS
P1571,P1571,PERSON-171,Arjun Malviya 9,"Sector 21, Ganj Basoda Road, Vidisha",7,Ganj Basoda Road,Vidisha,Vidisha,Madhya Pradesh,464071,SUR-20570,KHA-50570,780.71,Industrial,Urban Parcel,23.5165,77.7925,"{""type"":""Polygon"",""coordinates"":[[[77.7925,23.5165],[77.79315,23.5165],[77.79315,23.51715],[77.7925,23.51715],[77.7925,23.5165]]]}",2025-02-17T12:00:00,2026-09-10T12:00:00,SYNTHETIC DEMO DATA — NOT OFFICIAL GOVERNMENT RECORDS
P1572,P1572,PERSON-172,Pooja Thakur 9,"Sector 22, Civil Lines Extension, Vidisha",8,Civil Lines Extension,Vidisha,Vidisha,Madhya Pradesh,464072,SUR-20571,KHA-50571,827.24,Agricultural,Urban Parcel,23.51765,77.7925,"{""type"":""Polygon"",""coordinates"":[[[77.7925,23.51765],[77.79315,23.51765],[77.79315,23.5183],[77.7925,23.5183],[77.7925,23.51765]]]}",2025-02-16T12:00:00,2026-09-10T12:00:00,SYNTHETIC DEMO DATA — NOT OFFICIAL GOVERNMENT RECORDS
P1573,P1573,PERSON-173,Nitin Saxena 9,"Sector 23, Kachhi Khedi, Vidisha",9,Kachhi Khedi,Vidisha,Vidisha,Madhya Pradesh,464073,SUR-20572,KHA-50572,874.48,Institutional,Urban Parcel,23.5188,77.7925,"{""type"":""Polygon"",""coordinates"":[[[77.7925,23.5188],[77.79315,23.5188],[77.79315,23.51945],[77.7925,23.51945],[77.7925,23.5188]]]}",2025-02-15T12:00:00,2026-09-10T12:00:00,SYNTHETIC DEMO DATA — NOT OFFICIAL GOVERNMENT RECORDS
P1574,P1574,PERSON-174,Meera Chouhan 9,"Sector 24, Madhav Nagar, Vidisha",10,Madhav Nagar,Vidisha,Vidisha,Madhya Pradesh,464074,SUR-20573,KHA-50573,921.21,Mixed Use,Urban Parcel,23.51995,77.7925,"{""type"":""Polygon"",""coordinates"":[[[77.7925,23.51995],[77.79315,23.51995],[77.79315,23.5206],[77.7925,23.5206],[77.7925,23.51995]]]}",2025-02-14T12:00:00,2026-09-10T12:00:00,SYNTHETIC DEMO DATA — NOT OFFICIAL GOVERNMENT RECORDS
P1575,P1575,PERSON-175,Deepak Tiwari 9,"Sector 25, Raisen Link, Vidisha",11,Raisen Link,Vidisha,Vidisha,Madhya Pradesh,464075,SUR-20574,KHA-50574,968.41,Vacant Land,Urban Parcel,23.5211,77.7925,"{""type"":""Polygon"",""coordinates"":[[[77.7925,23.5211],[77.79315,23.5211],[77.79315,23.52175],[77.7925,23.52175],[77.7925,23.5211]]]}",2025-02-13T12:00:00,2026-09-10T12:00:00,SYNTHETIC DEMO DATA — NOT OFFICIAL GOVERNMENT RECORDS
P1576,P1576,PERSON-176,Sunita Rathore 9,"Sector 1, Vidisha Urban, Vidisha",12,Vidisha Urban,Vidisha,Vidisha,Madhya Pradesh,464076,SUR-20575,KHA-50575,1015.61,Public/Semi-Public,Urban Parcel,23.52225,77.7925,"{""type"":""Polygon"",""coordinates"":[[[77.7925,23.52225],[77.79315,23.52225],[77.79315,23.5229],[77.7925,23.5229],[77.7925,23.52225]]]}",2025-02-12T12:00:00,2026-09-10T12:00:00,SYNTHETIC DEMO DATA — NOT OFFICIAL GOVERNMENT RECORDS
P1577,P1577,PERSON-177,Karan Dubey 9,"Sector 2, Sanchi Road, Vidisha",1,Sanchi Road,Vidisha,Vidisha,Madhya Pradesh,464077,SUR-20576,KHA-50576,1062.84,Residential,Urban Parcel,23.5234,77.7925,"{""type"":""Polygon"",""coordinates"":[[[77.7925,23.5234],[77.79315,23.5234],[77.79315,23.52405],[77.7925,23.52405],[77.7925,23.5234]]]}",2025-02-11T12:00:00,2026-09-10T12:00:00,SYNTHETIC DEMO DATA — NOT OFFICIAL GOVERNMENT RECORDS
P1578,P1578,PERSON-178,Isha Kulkarni 9,"Sector 3, Betwa Nagar, Vidisha",2,Betwa Nagar,Vidisha,Vidisha,Madhya Pradesh,464078,SUR-20577,KHA-50577,1109.08,Commercial,Urban Parcel,23.52455,77.7925,"{""type"":""Polygon"",""coordinates"":[[[77.7925,23.52455],[77.79315,23.52455],[77.79315,23.5252],[77.7925,23.5252],[77.7925,23.52455]]]}",2025-02-10T12:00:00,2026-09-10T12:00:00,SYNTHETIC DEMO DATA — NOT OFFICIAL GOVERNMENT RECORDS
P1579,P1579,PERSON-179,Mohan Solanki 9,"Sector 4, Ganj Basoda Road, Vidisha",3,Ganj Basoda Road,Vidisha,Vidisha,Madhya Pradesh,464079,SUR-20578,KHA-50578,1156.44,Industrial,Urban Parcel,23.5257,77.7925,"{""type"":""Polygon"",""coordinates"":[[[77.7925,23.5257],[77.79315,23.5257],[77.79315,23.52635],[77.7925,23.52635],[77.7925,23.5257]]]}",2025-02-09T12:00:00,2026-09-10T12:00:00,SYNTHETIC DEMO DATA — NOT OFFICIAL GOVERNMENT RECORDS
P1580,P1580,PERSON-180,Rekha Bansal 9,"Sector 5, Civil Lines Extension, Vidisha",4,Civil Lines Extension,Vidisha,Vidisha,Madhya Pradesh,464080,SUR-20579,KHA-50579,1203.64,Agricultural,Urban Parcel,23.52685,77.7925,"{""type"":""Polygon"",""coordinates"":[[[77.7925,23.52685],[77.79315,23.52685],[77.79315,23.5275],[77.7925,23.5275],[77.7925,23.52685]]]}",2025-02-08T12:00:00,2026-09-10T12:00:00,SYNTHETIC DEMO DATA — NOT OFFICIAL GOVERNMENT RECORDS
P1581,P1581,PERSON-181,Rahul Sharma 10,"Sector 6, Kachhi Khedi, Vidisha",5,Kachhi Khedi,Vidisha,Vidisha,Madhya Pradesh,464081,SUR-20580,KHA-50580,1250.36,Institutional,Urban Parcel,23.528,77.7925,"{""type"":""Polygon"",""coordinates"":[[[77.7925,23.528],[77.79315,23.528],[77.79315,23.52865],[77.7925,23.52865],[77.7925,23.528]]]}",2025-02-07T12:00:00,2026-09-10T12:00:00,SYNTHETIC DEMO DATA — NOT OFFICIAL GOVERNMENT RECORDS
P1582,P1582,PERSON-182,Amit Verma 10,"Sector 7, Madhav Nagar, Vidisha",6,Madhav Nagar,Vidisha,Vidisha,Madhya Pradesh,464082,SUR-20581,KHA-50581,1297.68,Mixed Use,Urban Parcel,23.52915,77.7925,"{""type"":""Polygon"",""coordinates"":[[[77.7925,23.52915],[77.79315,23.52915],[77.79315,23.5298],[77.7925,23.5298],[77.7925,23.52915]]]}",2025-02-06T12:00:00,2026-09-10T12:00:00,SYNTHETIC DEMO DATA — NOT OFFICIAL GOVERNMENT RECORDS
P1583,P1583,PERSON-183,Neha Patel 10,"Sector 8, Raisen Link, Vidisha",7,Raisen Link,Vidisha,Vidisha,Madhya Pradesh,464083,SUR-20582,KHA-50582,1344.96,Vacant Land,Urban Parcel,23.5303,77.7925,"{""type"":""Polygon"",""coordinates"":[[[77.7925,23.5303],[77.79315,23.5303],[77.79315,23.53095],[77.7925,23.53095],[77.7925,23.5303]]]}",2025-02-05T12:00:00,2026-09-10T12:00:00,SYNTHETIC DEMO DATA — NOT OFFICIAL GOVERNMENT RECORDS
P1584,P1584,PERSON-184,Priya Singh 10,"Sector 9, Vidisha Urban, Vidisha",8,Vidisha Urban,Vidisha,Vidisha,Madhya Pradesh,464084,SUR-20583,KHA-50583,1391.47,Public/Semi-Public,Urban Parcel,23.53145,77.7925,"{""type"":""Polygon"",""coordinates"":[[[77.7925,23.53145],[77.79315,23.53145],[77.79315,23.5321],[77.7925,23.5321],[77.7925,23.53145]]]}",2025-02-04T12:00:00,2026-09-10T12:00:00,SYNTHETIC DEMO DATA — NOT OFFICIAL GOVERNMENT RECORDS
P1585,P1585,PERSON-185,Suresh Yadav 10,"Sector 10, Sanchi Road, Vidisha",9,Sanchi Road,Vidisha,Vidisha,Madhya Pradesh,464085,SUR-20584,KHA-50584,1438.46,Residential,Urban Parcel,23.5326,77.7925,"{""type"":""Polygon"",""coordinates"":[[[77.7925,23.5326],[77.79315,23.5326],[77.79315,23.53325],[77.7925,23.53325],[77.7925,23.5326]]]}",2025-02-03T12:00:00,2026-09-10T12:00:00,SYNTHETIC DEMO DATA — NOT OFFICIAL GOVERNMENT RECORDS
P1586,P1586,PERSON-186,Anjali Jain 10,"Sector 11, Betwa Nagar, Vidisha",10,Betwa Nagar,Vidisha,Vidisha,Madhya Pradesh,464086,SUR-20585,KHA-50585,1485.08,Commercial,Urban Parcel,23.53375,77.7925,"{""type"":""Polygon"",""coordinates"":[[[77.7925,23.53375],[77.79315,23.53375],[77.79315,23.5344],[77.7925,23.5344],[77.7925,23.53375]]]}",2025-02-02T12:00:00,2026-09-10T12:00:00,SYNTHETIC DEMO DATA — NOT OFFICIAL GOVERNMENT RECORDS
P1587,P1587,PERSON-187,Vikram Mehta 10,"Sector 12, Ganj Basoda Road, Vidisha",11,Ganj Basoda Road,Vidisha,Vidisha,Madhya Pradesh,464087,SUR-20586,KHA-50586,1532.15,Industrial,Urban Parcel,23.5349,77.7925,"{""type"":""Polygon"",""coordinates"":[[[77.7925,23.5349],[77.79315,23.5349],[77.79315,23.53555],[77.7925,23.53555],[77.7925,23.5349]]]}",2025-02-01T12:00:00,2026-09-10T12:00:00,SYNTHETIC DEMO DATA — NOT OFFICIAL GOVERNMENT RECORDS
P1588,P1588,PERSON-188,Kavita Joshi 10,"Sector 13, Civil Lines Extension, Vidisha",12,Civil Lines Extension,Vidisha,Vidisha,Madhya Pradesh,464088,SUR-20587,KHA-50587,129.89,Agricultural,Urban Parcel,23.53605,77.7925,"{""type"":""Polygon"",""coordinates"":[[[77.7925,23.53605],[77.79315,23.53605],[77.79315,23.5367],[77.7925,23.5367],[77.7925,23.53605]]]}",2025-01-31T12:00:00,2026-09-10T12:00:00,SYNTHETIC DEMO DATA — NOT OFFICIAL GOVERNMENT RECORDS
P1589,P1589,PERSON-189,Manoj Gupta 10,"Sector 14, Kachhi Khedi, Vidisha",1,Kachhi Khedi,Vidisha,Vidisha,Madhya Pradesh,464089,SUR-20588,KHA-50588,176.93,Institutional,Urban Parcel,23.5372,77.7925,"{""type"":""Polygon"",""coordinates"":[[[77.7925,23.5372],[77.79315,23.5372],[77.79315,23.53785],[77.7925,23.53785],[77.7925,23.5372]]]}",2025-01-30T12:00:00,2026-09-10T12:00:00,SYNTHETIC DEMO DATA — NOT OFFICIAL GOVERNMENT RECORDS
P1590,P1590,PERSON-190,Ritu Mishra 10,"Sector 15, Madhav Nagar, Vidisha",2,Madhav Nagar,Vidisha,Vidisha,Madhya Pradesh,464090,SUR-20589,KHA-50589,223.62,Mixed Use,Urban Parcel,23.53835,77.7925,"{""type"":""Polygon"",""coordinates"":[[[77.7925,23.53835],[77.79315,23.53835],[77.79315,23.539],[77.7925,23.539],[77.7925,23.53835]]]}",2025-01-29T12:00:00,2026-09-10T12:00:00,SYNTHETIC DEMO DATA — NOT OFFICIAL GOVERNMENT RECORDS
P1591,P1591,PERSON-191,Arjun Malviya 10,"Sector 16, Raisen Link, Vidisha",3,Raisen Link,Vidisha,Vidisha,Madhya Pradesh,464091,SUR-20590,KHA-50590,270.19,Vacant Land,Urban Parcel,23.5395,77.7925,"{""type"":""Polygon"",""coordinates"":[[[77.7925,23.5395],[77.79315,23.5395],[77.79315,23.54015],[77.7925,23.54015],[77.7925,23.5395]]]}",2025-01-28T12:00:00,2026-09-10T12:00:00,SYNTHETIC DEMO DATA — NOT OFFICIAL GOVERNMENT RECORDS
P1592,P1592,PERSON-192,Pooja Thakur 10,"Sector 17, Vidisha Urban, Vidisha",4,Vidisha Urban,Vidisha,Vidisha,Madhya Pradesh,464092,SUR-20591,KHA-50591,317.22,Public/Semi-Public,Urban Parcel,23.54065,77.7925,"{""type"":""Polygon"",""coordinates"":[[[77.7925,23.54065],[77.79315,23.54065],[77.79315,23.5413],[77.7925,23.5413],[77.7925,23.54065]]]}",2025-01-27T12:00:00,2026-09-10T12:00:00,SYNTHETIC DEMO DATA — NOT OFFICIAL GOVERNMENT RECORDS
P1593,P1593,PERSON-193,Nitin Saxena 10,"Sector 18, Sanchi Road, Vidisha",5,Sanchi Road,Vidisha,Vidisha,Madhya Pradesh,464093,SUR-20592,KHA-50592,364.09,Residential,Urban Parcel,23.5418,77.7925,"{""type"":""Polygon"",""coordinates"":[[[77.7925,23.5418],[77.79315,23.5418],[77.79315,23.54245],[77.7925,23.54245],[77.7925,23.5418]]]}",2025-01-26T12:00:00,2026-09-10T12:00:00,SYNTHETIC DEMO DATA — NOT OFFICIAL GOVERNMENT RECORDS
P1594,P1594,PERSON-194,Meera Chouhan 10,"Sector 19, Betwa Nagar, Vidisha",6,Betwa Nagar,Vidisha,Vidisha,Madhya Pradesh,464094,SUR-20593,KHA-50593,411.37,Commercial,Urban Parcel,23.54295,77.7925,"{""type"":""Polygon"",""coordinates"":[[[77.7925,23.54295],[77.79315,23.54295],[77.79315,23.5436],[77.7925,23.5436],[77.7925,23.54295]]]}",2025-01-25T12:00:00,2026-09-10T12:00:00,SYNTHETIC DEMO DATA — NOT OFFICIAL GOVERNMENT RECORDS
P1595,P1595,PERSON-195,Deepak Tiwari 10,"Sector 20, Ganj Basoda Road, Vidisha",7,Ganj Basoda Road,Vidisha,Vidisha,Madhya Pradesh,464095,SUR-20594,KHA-50594,458.82,Industrial,Urban Parcel,23.5441,77.7925,"{""type"":""Polygon"",""coordinates"":[[[77.7925,23.5441],[77.79315,23.5441],[77.79315,23.54475],[77.7925,23.54475],[77.7925,23.5441]]]}",2025-01-24T12:00:00,2026-09-10T12:00:00,SYNTHETIC DEMO DATA — NOT OFFICIAL GOVERNMENT RECORDS
P1596,P1596,PERSON-196,Sunita Rathore 10,"Sector 21, Civil Lines Extension, Vidisha",8,Civil Lines Extension,Vidisha,Vidisha,Madhya Pradesh,464096,SUR-20595,KHA-50595,505.45,Agricultural,Urban Parcel,23.54525,77.7925,"{""type"":""Polygon"",""coordinates"":[[[77.7925,23.54525],[77.79315,23.54525],[77.79315,23.5459],[77.7925,23.5459],[77.7925,23.54525]]]}",2025-01-23T12:00:00,2026-09-10T12:00:00,SYNTHETIC DEMO DATA — NOT OFFICIAL GOVERNMENT RECORDS
P1597,P1597,PERSON-197,Karan Dubey 10,"Sector 22, Kachhi Khedi, Vidisha",9,Kachhi Khedi,Vidisha,Vidisha,Madhya Pradesh,464097,SUR-20596,KHA-50596,552.2,Institutional,Urban Parcel,23.5464,77.7925,"{""type"":""Polygon"",""coordinates"":[[[77.7925,23.5464],[77.79315,23.5464],[77.79315,23.54705],[77.7925,23.54705],[77.7925,23.5464]]]}",2025-01-22T12:00:00,2026-09-10T12:00:00,SYNTHETIC DEMO DATA — NOT OFFICIAL GOVERNMENT RECORDS
P1598,P1598,PERSON-198,Isha Kulkarni 10,"Sector 23, Madhav Nagar, Vidisha",10,Madhav Nagar,Vidisha,Vidisha,Madhya Pradesh,464098,SUR-20597,KHA-50597,599.03,Mixed Use,Urban Parcel,23.54755,77.7925,"{""type"":""Polygon"",""coordinates"":[[[77.7925,23.54755],[77.79315,23.54755],[77.79315,23.5482],[77.7925,23.5482],[77.7925,23.54755]]]}",2025-01-21T12:00:00,2026-09-10T12:00:00,SYNTHETIC DEMO DATA — NOT OFFICIAL GOVERNMENT RECORDS
P1599,P1599,PERSON-199,Mohan Solanki 10,"Sector 24, Raisen Link, Vidisha",11,Raisen Link,Vidisha,Vidisha,Madhya Pradesh,464099,SUR-20598,KHA-50598,646.02,Vacant Land,Urban Parcel,23.5487,77.7925,"{""type"":""Polygon"",""coordinates"":[[[77.7925,23.5487],[77.79315,23.5487],[77.79315,23.54935],[77.7925,23.54935],[77.7925,23.5487]]]}",2025-01-20T12:00:00,2026-09-10T12:00:00,SYNTHETIC DEMO DATA — NOT OFFICIAL GOVERNMENT RECORDS
P1600,P1600,PERSON-200,Rekha Bansal 10,"Sector 25, Vidisha Urban, Vidisha",12,Vidisha Urban,Vidisha,Vidisha,Madhya Pradesh,464000,SUR-20599,KHA-50599,693.7,Public/Semi-Public,Urban Parcel,23.54985,77.7925,"{""type"":""Polygon"",""coordinates"":[[[77.7925,23.54985],[77.79315,23.54985],[77.79315,23.5505],[77.7925,23.5505],[77.7925,23.54985]]]}",2025-01-19T12:00:00,2026-09-10T12:00:00,SYNTHETIC DEMO DATA — NOT OFFICIAL GOVERNMENT RECORDS
P1601,P1601,PERSON-001,Rahul Sharma,"Sector 1, Sanchi Road, Vidisha",1,Sanchi Road,Vidisha,Vidisha,Madhya Pradesh,464001,SUR-20600,KHA-50600,740.82,Residential,Urban Parcel,23.505,77.79375,"{""type"":""Polygon"",""coordinates"":[[[77.79375,23.505],[77.7944,23.505],[77.7944,23.50565],[77.79375,23.50565],[77.79375,23.505]]]}",2025-01-18T12:00:00,2026-09-10T12:00:00,SYNTHETIC DEMO DATA — NOT OFFICIAL GOVERNMENT RECORDS
P1602,P1602,PERSON-002,Amit Verma,"Sector 2, Betwa Nagar, Vidisha",2,Betwa Nagar,Vidisha,Vidisha,Madhya Pradesh,464002,SUR-20601,KHA-50601,787.43,Commercial,Urban Parcel,23.50615,77.79375,"{""type"":""Polygon"",""coordinates"":[[[77.79375,23.50615],[77.7944,23.50615],[77.7944,23.5068],[77.79375,23.5068],[77.79375,23.50615]]]}",2025-01-17T12:00:00,2026-09-10T12:00:00,SYNTHETIC DEMO DATA — NOT OFFICIAL GOVERNMENT RECORDS
P1603,P1603,PERSON-003,Neha Patel,"Sector 3, Ganj Basoda Road, Vidisha",3,Ganj Basoda Road,Vidisha,Vidisha,Madhya Pradesh,464003,SUR-20602,KHA-50602,834.07,Industrial,Urban Parcel,23.5073,77.79375,"{""type"":""Polygon"",""coordinates"":[[[77.79375,23.5073],[77.7944,23.5073],[77.7944,23.50795],[77.79375,23.50795],[77.79375,23.5073]]]}",2025-01-16T12:00:00,2026-09-10T12:00:00,SYNTHETIC DEMO DATA — NOT OFFICIAL GOVERNMENT RECORDS
P1604,P1604,PERSON-004,Priya Singh,"Sector 4, Civil Lines Extension, Vidisha",4,Civil Lines Extension,Vidisha,Vidisha,Madhya Pradesh,464004,SUR-20603,KHA-50603,881.67,Agricultural,Urban Parcel,23.50845,77.79375,"{""type"":""Polygon"",""coordinates"":[[[77.79375,23.50845],[77.7944,23.50845],[77.7944,23.5091],[77.79375,23.5091],[77.79375,23.50845]]]}",2025-01-15T12:00:00,2026-09-10T12:00:00,SYNTHETIC DEMO DATA — NOT OFFICIAL GOVERNMENT RECORDS
P1605,P1605,PERSON-005,Suresh Yadav,"Sector 5, Kachhi Khedi, Vidisha",5,Kachhi Khedi,Vidisha,Vidisha,Madhya Pradesh,464005,SUR-20604,KHA-50604,928.05,Institutional,Urban Parcel,23.5096,77.79375,"{""type"":""Polygon"",""coordinates"":[[[77.79375,23.5096],[77.7944,23.5096],[77.7944,23.51025],[77.79375,23.51025],[77.79375,23.5096]]]}",2025-01-14T12:00:00,2026-09-10T12:00:00,SYNTHETIC DEMO DATA — NOT OFFICIAL GOVERNMENT RECORDS
P1606,P1606,PERSON-006,Anjali Jain,"Sector 6, Madhav Nagar, Vidisha",6,Madhav Nagar,Vidisha,Vidisha,Madhya Pradesh,464006,SUR-20605,KHA-50605,975.25,Mixed Use,Urban Parcel,23.51075,77.79375,"{""type"":""Polygon"",""coordinates"":[[[77.79375,23.51075],[77.7944,23.51075],[77.7944,23.5114],[77.79375,23.5114],[77.79375,23.51075]]]}",2025-01-13T12:00:00,2026-09-10T12:00:00,SYNTHETIC DEMO DATA — NOT OFFICIAL GOVERNMENT RECORDS
P1607,P1607,PERSON-007,Vikram Mehta,"Sector 7, Raisen Link, Vidisha",7,Raisen Link,Vidisha,Vidisha,Madhya Pradesh,464007,SUR-20606,KHA-50606,1022.05,Vacant Land,Urban Parcel,23.5119,77.79375,"{""type"":""Polygon"",""coordinates"":[[[77.79375,23.5119],[77.7944,23.5119],[77.7944,23.51255],[77.79375,23.51255],[77.79375,23.5119]]]}",2025-01-12T12:00:00,2026-09-10T12:00:00,SYNTHETIC DEMO DATA — NOT OFFICIAL GOVERNMENT RECORDS
P1608,P1608,PERSON-008,Kavita Joshi,"Sector 8, Vidisha Urban, Vidisha",8,Vidisha Urban,Vidisha,Vidisha,Madhya Pradesh,464008,SUR-20607,KHA-50607,1069.5,Public/Semi-Public,Urban Parcel,23.51305,77.79375,"{""type"":""Polygon"",""coordinates"":[[[77.79375,23.51305],[77.7944,23.51305],[77.7944,23.5137],[77.79375,23.5137],[77.79375,23.51305]]]}",2025-01-11T12:00:00,2026-09-10T12:00:00,SYNTHETIC DEMO DATA — NOT OFFICIAL GOVERNMENT RECORDS
P1609,P1609,PERSON-009,Manoj Gupta,"Sector 9, Sanchi Road, Vidisha",9,Sanchi Road,Vidisha,Vidisha,Madhya Pradesh,464009,SUR-20608,KHA-50608,1116.4,Residential,Urban Parcel,23.5142,77.79375,"{""type"":""Polygon"",""coordinates"":[[[77.79375,23.5142],[77.7944,23.5142],[77.7944,23.51485],[77.79375,23.51485],[77.79375,23.5142]]]}",2025-01-10T12:00:00,2026-09-10T12:00:00,SYNTHETIC DEMO DATA — NOT OFFICIAL GOVERNMENT RECORDS
P1610,P1610,PERSON-010,Ritu Mishra,"Sector 10, Betwa Nagar, Vidisha",10,Betwa Nagar,Vidisha,Vidisha,Madhya Pradesh,464010,SUR-20609,KHA-50609,1163.67,Commercial,Urban Parcel,23.51535,77.79375,"{""type"":""Polygon"",""coordinates"":[[[77.79375,23.51535],[77.7944,23.51535],[77.7944,23.516],[77.79375,23.516],[77.79375,23.51535]]]}",2025-01-09T12:00:00,2026-09-10T12:00:00,SYNTHETIC DEMO DATA — NOT OFFICIAL GOVERNMENT RECORDS
P1611,P1611,PERSON-011,Arjun Malviya,"Sector 11, Ganj Basoda Road, Vidisha",11,Ganj Basoda Road,Vidisha,Vidisha,Madhya Pradesh,464011,SUR-20610,KHA-50610,1210.51,Industrial,Urban Parcel,23.5165,77.79375,"{""type"":""Polygon"",""coordinates"":[[[77.79375,23.5165],[77.7944,23.5165],[77.7944,23.51715],[77.79375,23.51715],[77.79375,23.5165]]]}",2025-01-08T12:00:00,2026-09-10T12:00:00,SYNTHETIC DEMO DATA — NOT OFFICIAL GOVERNMENT RECORDS
P1612,P1612,PERSON-012,Pooja Thakur,"Sector 12, Civil Lines Extension, Vidisha",12,Civil Lines Extension,Vidisha,Vidisha,Madhya Pradesh,464012,SUR-20611,KHA-50611,1257.95,Agricultural,Urban Parcel,23.51765,77.79375,"{""type"":""Polygon"",""coordinates"":[[[77.79375,23.51765],[77.7944,23.51765],[77.7944,23.5183],[77.79375,23.5183],[77.79375,23.51765]]]}",2025-01-07T12:00:00,2026-09-10T12:00:00,SYNTHETIC DEMO DATA — NOT OFFICIAL GOVERNMENT RECORDS
P1613,P1613,PERSON-013,Nitin Saxena,"Sector 13, Kachhi Khedi, Vidisha",1,Kachhi Khedi,Vidisha,Vidisha,Madhya Pradesh,464013,SUR-20612,KHA-50612,1304.37,Institutional,Urban Parcel,23.5188,77.79375,"{""type"":""Polygon"",""coordinates"":[[[77.79375,23.5188],[77.7944,23.5188],[77.7944,23.51945],[77.79375,23.51945],[77.79375,23.5188]]]}",2025-01-06T12:00:00,2026-09-10T12:00:00,SYNTHETIC DEMO DATA — NOT OFFICIAL GOVERNMENT RECORDS
P1614,P1614,PERSON-014,Meera Chouhan,"Sector 14, Madhav Nagar, Vidisha",2,Madhav Nagar,Vidisha,Vidisha,Madhya Pradesh,464014,SUR-20613,KHA-50613,1351.74,Mixed Use,Urban Parcel,23.51995,77.79375,"{""type"":""Polygon"",""coordinates"":[[[77.79375,23.51995],[77.7944,23.51995],[77.7944,23.5206],[77.79375,23.5206],[77.79375,23.51995]]]}",2025-01-05T12:00:00,2026-09-10T12:00:00,SYNTHETIC DEMO DATA — NOT OFFICIAL GOVERNMENT RECORDS
P1615,P1615,PERSON-015,Deepak Tiwari,"Sector 15, Raisen Link, Vidisha",3,Raisen Link,Vidisha,Vidisha,Madhya Pradesh,464015,SUR-20614,KHA-50614,1398.43,Vacant Land,Urban Parcel,23.5211,77.79375,"{""type"":""Polygon"",""coordinates"":[[[77.79375,23.5211],[77.7944,23.5211],[77.7944,23.52175],[77.79375,23.52175],[77.79375,23.5211]]]}",2025-01-04T12:00:00,2026-09-10T12:00:00,SYNTHETIC DEMO DATA — NOT OFFICIAL GOVERNMENT RECORDS
P1616,P1616,PERSON-016,Sunita Rathore,"Sector 16, Vidisha Urban, Vidisha",4,Vidisha Urban,Vidisha,Vidisha,Madhya Pradesh,464016,SUR-20615,KHA-50615,1445.27,Public/Semi-Public,Urban Parcel,23.52225,77.79375,"{""type"":""Polygon"",""coordinates"":[[[77.79375,23.52225],[77.7944,23.52225],[77.7944,23.5229],[77.79375,23.5229],[77.79375,23.52225]]]}",2025-01-03T12:00:00,2026-09-10T12:00:00,SYNTHETIC DEMO DATA — NOT OFFICIAL GOVERNMENT RECORDS
P1617,P1617,PERSON-017,Karan Dubey,"Sector 17, Sanchi Road, Vidisha",5,Sanchi Road,Vidisha,Vidisha,Madhya Pradesh,464017,SUR-20616,KHA-50616,1492.37,Residential,Urban Parcel,23.5234,77.79375,"{""type"":""Polygon"",""coordinates"":[[[77.79375,23.5234],[77.7944,23.5234],[77.7944,23.52405],[77.79375,23.52405],[77.79375,23.5234]]]}",2025-01-02T12:00:00,2026-09-10T12:00:00,SYNTHETIC DEMO DATA — NOT OFFICIAL GOVERNMENT RECORDS
P1618,P1618,PERSON-018,Isha Kulkarni,"Sector 18, Betwa Nagar, Vidisha",6,Betwa Nagar,Vidisha,Vidisha,Madhya Pradesh,464018,SUR-20617,KHA-50617,1539.07,Commercial,Urban Parcel,23.52455,77.79375,"{""type"":""Polygon"",""coordinates"":[[[77.79375,23.52455],[77.7944,23.52455],[77.7944,23.5252],[77.79375,23.5252],[77.79375,23.52455]]]}",2025-01-01T12:00:00,2026-09-10T12:00:00,SYNTHETIC DEMO DATA — NOT OFFICIAL GOVERNMENT RECORDS
P1619,P1619,PERSON-019,Mohan Solanki,"Sector 19, Ganj Basoda Road, Vidisha",7,Ganj Basoda Road,Vidisha,Vidisha,Madhya Pradesh,464019,SUR-20618,KHA-50618,136.98,Industrial,Urban Parcel,23.5257,77.79375,"{""type"":""Polygon"",""coordinates"":[[[77.79375,23.5257],[77.7944,23.5257],[77.7944,23.52635],[77.79375,23.52635],[77.79375,23.5257]]]}",2024-12-31T12:00:00,2026-09-10T12:00:00,SYNTHETIC DEMO DATA — NOT OFFICIAL GOVERNMENT RECORDS
P1620,P1620,PERSON-020,Rekha Bansal,"Sector 20, Civil Lines Extension, Vidisha",8,Civil Lines Extension,Vidisha,Vidisha,Madhya Pradesh,464020,SUR-20619,KHA-50619,183.73,Agricultural,Urban Parcel,23.52685,77.79375,"{""type"":""Polygon"",""coordinates"":[[[77.79375,23.52685],[77.7944,23.52685],[77.7944,23.5275],[77.79375,23.5275],[77.79375,23.52685]]]}",2024-12-30T12:00:00,2026-09-10T12:00:00,SYNTHETIC DEMO DATA — NOT OFFICIAL GOVERNMENT RECORDS
P1621,P1621,PERSON-021,Rahul Sharma 2,"Sector 21, Kachhi Khedi, Vidisha",9,Kachhi Khedi,Vidisha,Vidisha,Madhya Pradesh,464021,SUR-20620,KHA-50620,230.93,Institutional,Urban Parcel,23.528,77.79375,"{""type"":""Polygon"",""coordinates"":[[[77.79375,23.528],[77.7944,23.528],[77.7944,23.52865],[77.79375,23.52865],[77.79375,23.528]]]}",2024-12-29T12:00:00,2026-09-10T12:00:00,SYNTHETIC DEMO DATA — NOT OFFICIAL GOVERNMENT RECORDS
P1622,P1622,PERSON-022,Amit Verma 2,"Sector 22, Madhav Nagar, Vidisha",10,Madhav Nagar,Vidisha,Vidisha,Madhya Pradesh,464022,SUR-20621,KHA-50621,277.42,Mixed Use,Urban Parcel,23.52915,77.79375,"{""type"":""Polygon"",""coordinates"":[[[77.79375,23.52915],[77.7944,23.52915],[77.7944,23.5298],[77.79375,23.5298],[77.79375,23.52915]]]}",2024-12-28T12:00:00,2026-09-10T12:00:00,SYNTHETIC DEMO DATA — NOT OFFICIAL GOVERNMENT RECORDS
P1623,P1623,PERSON-023,Neha Patel 2,"Sector 23, Raisen Link, Vidisha",11,Raisen Link,Vidisha,Vidisha,Madhya Pradesh,464023,SUR-20622,KHA-50622,324.61,Vacant Land,Urban Parcel,23.5303,77.79375,"{""type"":""Polygon"",""coordinates"":[[[77.79375,23.5303],[77.7944,23.5303],[77.7944,23.53095],[77.79375,23.53095],[77.79375,23.5303]]]}",2024-12-27T12:00:00,2026-09-10T12:00:00,SYNTHETIC DEMO DATA — NOT OFFICIAL GOVERNMENT RECORDS
P1624,P1624,PERSON-024,Priya Singh 2,"Sector 24, Vidisha Urban, Vidisha",12,Vidisha Urban,Vidisha,Vidisha,Madhya Pradesh,464024,SUR-20623,KHA-50623,371.08,Public/Semi-Public,Urban Parcel,23.53145,77.79375,"{""type"":""Polygon"",""coordinates"":[[[77.79375,23.53145],[77.7944,23.53145],[77.7944,23.5321],[77.79375,23.5321],[77.79375,23.53145]]]}",2024-12-26T12:00:00,2026-09-10T12:00:00,SYNTHETIC DEMO DATA — NOT OFFICIAL GOVERNMENT RECORDS
P1625,P1625,PERSON-025,Suresh Yadav 2,"Sector 25, Sanchi Road, Vidisha",1,Sanchi Road,Vidisha,Vidisha,Madhya Pradesh,464025,SUR-20624,KHA-50624,418.67,Residential,Urban Parcel,23.5326,77.79375,"{""type"":""Polygon"",""coordinates"":[[[77.79375,23.5326],[77.7944,23.5326],[77.7944,23.53325],[77.79375,23.53325],[77.79375,23.5326]]]}",2024-12-25T12:00:00,2026-09-10T12:00:00,SYNTHETIC DEMO DATA — NOT OFFICIAL GOVERNMENT RECORDS
P1626,P1626,PERSON-026,Anjali Jain 2,"Sector 1, Betwa Nagar, Vidisha",2,Betwa Nagar,Vidisha,Vidisha,Madhya Pradesh,464026,SUR-20625,KHA-50625,465.5,Commercial,Urban Parcel,23.53375,77.79375,"{""type"":""Polygon"",""coordinates"":[[[77.79375,23.53375],[77.7944,23.53375],[77.7944,23.5344],[77.79375,23.5344],[77.79375,23.53375]]]}",2024-12-24T12:00:00,2026-09-10T12:00:00,SYNTHETIC DEMO DATA — NOT OFFICIAL GOVERNMENT RECORDS
P1627,P1627,PERSON-027,Vikram Mehta 2,"Sector 2, Ganj Basoda Road, Vidisha",3,Ganj Basoda Road,Vidisha,Vidisha,Madhya Pradesh,464027,SUR-20626,KHA-50626,512.14,Industrial,Urban Parcel,23.5349,77.79375,"{""type"":""Polygon"",""coordinates"":[[[77.79375,23.5349],[77.7944,23.5349],[77.7944,23.53555],[77.79375,23.53555],[77.79375,23.5349]]]}",2024-12-23T12:00:00,2026-09-10T12:00:00,SYNTHETIC DEMO DATA — NOT OFFICIAL GOVERNMENT RECORDS
P1628,P1628,PERSON-028,Kavita Joshi 2,"Sector 3, Civil Lines Extension, Vidisha",4,Civil Lines Extension,Vidisha,Vidisha,Madhya Pradesh,464028,SUR-20627,KHA-50627,559.56,Agricultural,Urban Parcel,23.53605,77.79375,"{""type"":""Polygon"",""coordinates"":[[[77.79375,23.53605],[77.7944,23.53605],[77.7944,23.5367],[77.79375,23.5367],[77.79375,23.53605]]]}",2024-12-22T12:00:00,2026-09-10T12:00:00,SYNTHETIC DEMO DATA — NOT OFFICIAL GOVERNMENT RECORDS
P1629,P1629,PERSON-029,Manoj Gupta 2,"Sector 4, Kachhi Khedi, Vidisha",5,Kachhi Khedi,Vidisha,Vidisha,Madhya Pradesh,464029,SUR-20628,KHA-50628,606.62,Institutional,Urban Parcel,23.5372,77.79375,"{""type"":""Polygon"",""coordinates"":[[[77.79375,23.5372],[77.7944,23.5372],[77.7944,23.53785],[77.79375,23.53785],[77.79375,23.5372]]]}",2024-12-21T12:00:00,2026-09-10T12:00:00,SYNTHETIC DEMO DATA — NOT OFFICIAL GOVERNMENT RECORDS
P1630,P1630,PERSON-030,Ritu Mishra 2,"Sector 5, Madhav Nagar, Vidisha",6,Madhav Nagar,Vidisha,Vidisha,Madhya Pradesh,464030,SUR-20629,KHA-50629,653.39,Mixed Use,Urban Parcel,23.53835,77.79375,"{""type"":""Polygon"",""coordinates"":[[[77.79375,23.53835],[77.7944,23.53835],[77.7944,23.539],[77.79375,23.539],[77.79375,23.53835]]]}",2024-12-20T12:00:00,2026-09-10T12:00:00,SYNTHETIC DEMO DATA — NOT OFFICIAL GOVERNMENT RECORDS
P1631,P1631,PERSON-031,Arjun Malviya 2,"Sector 6, Raisen Link, Vidisha",7,Raisen Link,Vidisha,Vidisha,Madhya Pradesh,464031,SUR-20630,KHA-50630,700.05,Vacant Land,Urban Parcel,23.5395,77.79375,"{""type"":""Polygon"",""coordinates"":[[[77.79375,23.5395],[77.7944,23.5395],[77.7944,23.54015],[77.79375,23.54015],[77.79375,23.5395]]]}",2024-12-19T12:00:00,2026-09-10T12:00:00,SYNTHETIC DEMO DATA — NOT OFFICIAL GOVERNMENT RECORDS
P1632,P1632,PERSON-032,Pooja Thakur 2,"Sector 7, Vidisha Urban, Vidisha",8,Vidisha Urban,Vidisha,Vidisha,Madhya Pradesh,464032,SUR-20631,KHA-50631,747.57,Public/Semi-Public,Urban Parcel,23.54065,77.79375,"{""type"":""Polygon"",""coordinates"":[[[77.79375,23.54065],[77.7944,23.54065],[77.7944,23.5413],[77.79375,23.5413],[77.79375,23.54065]]]}",2024-12-18T12:00:00,2026-09-10T12:00:00,SYNTHETIC DEMO DATA — NOT OFFICIAL GOVERNMENT RECORDS
P1633,P1633,PERSON-033,Nitin Saxena 2,"Sector 8, Sanchi Road, Vidisha",9,Sanchi Road,Vidisha,Vidisha,Madhya Pradesh,464033,SUR-20632,KHA-50632,794.1,Residential,Urban Parcel,23.5418,77.79375,"{""type"":""Polygon"",""coordinates"":[[[77.79375,23.5418],[77.7944,23.5418],[77.7944,23.54245],[77.79375,23.54245],[77.79375,23.5418]]]}",2024-12-17T12:00:00,2026-09-10T12:00:00,SYNTHETIC DEMO DATA — NOT OFFICIAL GOVERNMENT RECORDS
P1634,P1634,PERSON-034,Meera Chouhan 2,"Sector 9, Betwa Nagar, Vidisha",10,Betwa Nagar,Vidisha,Vidisha,Madhya Pradesh,464034,SUR-20633,KHA-50633,841.73,Commercial,Urban Parcel,23.54295,77.79375,"{""type"":""Polygon"",""coordinates"":[[[77.79375,23.54295],[77.7944,23.54295],[77.7944,23.5436],[77.79375,23.5436],[77.79375,23.54295]]]}",2024-12-16T12:00:00,2026-09-10T12:00:00,SYNTHETIC DEMO DATA — NOT OFFICIAL GOVERNMENT RECORDS
P1635,P1635,PERSON-035,Deepak Tiwari 2,"Sector 10, Ganj Basoda Road, Vidisha",11,Ganj Basoda Road,Vidisha,Vidisha,Madhya Pradesh,464035,SUR-20634,KHA-50634,888.12,Industrial,Urban Parcel,23.5441,77.79375,"{""type"":""Polygon"",""coordinates"":[[[77.79375,23.5441],[77.7944,23.5441],[77.7944,23.54475],[77.79375,23.54475],[77.79375,23.5441]]]}",2024-12-15T12:00:00,2026-09-10T12:00:00,SYNTHETIC DEMO DATA — NOT OFFICIAL GOVERNMENT RECORDS
P1636,P1636,PERSON-036,Sunita Rathore 2,"Sector 11, Civil Lines Extension, Vidisha",12,Civil Lines Extension,Vidisha,Vidisha,Madhya Pradesh,464036,SUR-20635,KHA-50635,935.79,Agricultural,Urban Parcel,23.54525,77.79375,"{""type"":""Polygon"",""coordinates"":[[[77.79375,23.54525],[77.7944,23.54525],[77.7944,23.5459],[77.79375,23.5459],[77.79375,23.54525]]]}",2024-12-14T12:00:00,2026-09-10T12:00:00,SYNTHETIC DEMO DATA — NOT OFFICIAL GOVERNMENT RECORDS
P1637,P1637,PERSON-037,Karan Dubey 2,"Sector 12, Kachhi Khedi, Vidisha",1,Kachhi Khedi,Vidisha,Vidisha,Madhya Pradesh,464037,SUR-20636,KHA-50636,982.78,Institutional,Urban Parcel,23.5464,77.79375,"{""type"":""Polygon"",""coordinates"":[[[77.79375,23.5464],[77.7944,23.5464],[77.7944,23.54705],[77.79375,23.54705],[77.79375,23.5464]]]}",2024-12-13T12:00:00,2026-09-10T12:00:00,SYNTHETIC DEMO DATA — NOT OFFICIAL GOVERNMENT RECORDS
P1638,P1638,PERSON-038,Isha Kulkarni 2,"Sector 13, Madhav Nagar, Vidisha",2,Madhav Nagar,Vidisha,Vidisha,Madhya Pradesh,464038,SUR-20637,KHA-50637,1029.17,Mixed Use,Urban Parcel,23.54755,77.79375,"{""type"":""Polygon"",""coordinates"":[[[77.79375,23.54755],[77.7944,23.54755],[77.7944,23.5482],[77.79375,23.5482],[77.79375,23.54755]]]}",2024-12-12T12:00:00,2026-09-10T12:00:00,SYNTHETIC DEMO DATA — NOT OFFICIAL GOVERNMENT RECORDS
P1639,P1639,PERSON-039,Mohan Solanki 2,"Sector 14, Raisen Link, Vidisha",3,Raisen Link,Vidisha,Vidisha,Madhya Pradesh,464039,SUR-20638,KHA-50638,1076.58,Vacant Land,Urban Parcel,23.5487,77.79375,"{""type"":""Polygon"",""coordinates"":[[[77.79375,23.5487],[77.7944,23.5487],[77.7944,23.54935],[77.79375,23.54935],[77.79375,23.5487]]]}",2024-12-11T12:00:00,2026-09-10T12:00:00,SYNTHETIC DEMO DATA — NOT OFFICIAL GOVERNMENT RECORDS
P1640,P1640,PERSON-040,Rekha Bansal 2,"Sector 15, Vidisha Urban, Vidisha",4,Vidisha Urban,Vidisha,Vidisha,Madhya Pradesh,464040,SUR-20639,KHA-50639,1123.58,Public/Semi-Public,Urban Parcel,23.54985,77.79375,"{""type"":""Polygon"",""coordinates"":[[[77.79375,23.54985],[77.7944,23.54985],[77.7944,23.5505],[77.79375,23.5505],[77.79375,23.54985]]]}",2024-12-10T12:00:00,2026-09-10T12:00:00,SYNTHETIC DEMO DATA — NOT OFFICIAL GOVERNMENT RECORDS
P1641,P1641,PERSON-041,Rahul Sharma 3,"Sector 16, Sanchi Road, Vidisha",5,Sanchi Road,Vidisha,Vidisha,Madhya Pradesh,464041,SUR-20640,KHA-50640,1170.21,Residential,Urban Parcel,23.505,77.795,"{""type"":""Polygon"",""coordinates"":[[[77.795,23.505],[77.79565,23.505],[77.79565,23.50565],[77.795,23.50565],[77.795,23.505]]]}",2024-12-09T12:00:00,2026-09-10T12:00:00,SYNTHETIC DEMO DATA — NOT OFFICIAL GOVERNMENT RECORDS
P1642,P1642,PERSON-042,Amit Verma 3,"Sector 17, Betwa Nagar, Vidisha",6,Betwa Nagar,Vidisha,Vidisha,Madhya Pradesh,464042,SUR-20641,KHA-50641,1217.44,Commercial,Urban Parcel,23.50615,77.795,"{""type"":""Polygon"",""coordinates"":[[[77.795,23.50615],[77.79565,23.50615],[77.79565,23.5068],[77.795,23.5068],[77.795,23.50615]]]}",2024-12-08T12:00:00,2026-09-10T12:00:00,SYNTHETIC DEMO DATA — NOT OFFICIAL GOVERNMENT RECORDS
P1643,P1643,PERSON-043,Neha Patel 3,"Sector 18, Ganj Basoda Road, Vidisha",7,Ganj Basoda Road,Vidisha,Vidisha,Madhya Pradesh,464043,SUR-20642,KHA-50642,1264.47,Industrial,Urban Parcel,23.5073,77.795,"{""type"":""Polygon"",""coordinates"":[[[77.795,23.5073],[77.79565,23.5073],[77.79565,23.50795],[77.795,23.50795],[77.795,23.5073]]]}",2024-12-07T12:00:00,2026-09-10T12:00:00,SYNTHETIC DEMO DATA — NOT OFFICIAL GOVERNMENT RECORDS
P1644,P1644,PERSON-044,Priya Singh 3,"Sector 19, Civil Lines Extension, Vidisha",8,Civil Lines Extension,Vidisha,Vidisha,Madhya Pradesh,464044,SUR-20643,KHA-50643,1311.33,Agricultural,Urban Parcel,23.50845,77.795,"{""type"":""Polygon"",""coordinates"":[[[77.795,23.50845],[77.79565,23.50845],[77.79565,23.5091],[77.795,23.5091],[77.795,23.50845]]]}",2024-12-06T12:00:00,2026-09-10T12:00:00,SYNTHETIC DEMO DATA — NOT OFFICIAL GOVERNMENT RECORDS
P1645,P1645,PERSON-045,Suresh Yadav 3,"Sector 20, Kachhi Khedi, Vidisha",9,Kachhi Khedi,Vidisha,Vidisha,Madhya Pradesh,464045,SUR-20644,KHA-50644,1358.02,Institutional,Urban Parcel,23.5096,77.795,"{""type"":""Polygon"",""coordinates"":[[[77.795,23.5096],[77.79565,23.5096],[77.79565,23.51025],[77.795,23.51025],[77.795,23.5096]]]}",2024-12-05T12:00:00,2026-09-10T12:00:00,SYNTHETIC DEMO DATA — NOT OFFICIAL GOVERNMENT RECORDS
P1646,P1646,PERSON-046,Anjali Jain 3,"Sector 21, Madhav Nagar, Vidisha",10,Madhav Nagar,Vidisha,Vidisha,Madhya Pradesh,464046,SUR-20645,KHA-50645,1405.51,Mixed Use,Urban Parcel,23.51075,77.795,"{""type"":""Polygon"",""coordinates"":[[[77.795,23.51075],[77.79565,23.51075],[77.79565,23.5114],[77.795,23.5114],[77.795,23.51075]]]}",2024-12-04T12:00:00,2026-09-10T12:00:00,SYNTHETIC DEMO DATA — NOT OFFICIAL GOVERNMENT RECORDS
P1647,P1647,PERSON-047,Vikram Mehta 3,"Sector 22, Raisen Link, Vidisha",11,Raisen Link,Vidisha,Vidisha,Madhya Pradesh,464047,SUR-20646,KHA-50646,1452.65,Vacant Land,Urban Parcel,23.5119,77.795,"{""type"":""Polygon"",""coordinates"":[[[77.795,23.5119],[77.79565,23.5119],[77.79565,23.51255],[77.795,23.51255],[77.795,23.5119]]]}",2024-12-03T12:00:00,2026-09-10T12:00:00,SYNTHETIC DEMO DATA — NOT OFFICIAL GOVERNMENT RECORDS
P1648,P1648,PERSON-048,Kavita Joshi 3,"Sector 23, Vidisha Urban, Vidisha",12,Vidisha Urban,Vidisha,Vidisha,Madhya Pradesh,464048,SUR-20647,KHA-50647,1499.59,Public/Semi-Public,Urban Parcel,23.51305,77.795,"{""type"":""Polygon"",""coordinates"":[[[77.795,23.51305],[77.79565,23.51305],[77.79565,23.5137],[77.795,23.5137],[77.795,23.51305]]]}",2024-12-02T12:00:00,2026-09-10T12:00:00,SYNTHETIC DEMO DATA — NOT OFFICIAL GOVERNMENT RECORDS
P1649,P1649,PERSON-049,Manoj Gupta 3,"Sector 24, Sanchi Road, Vidisha",1,Sanchi Road,Vidisha,Vidisha,Madhya Pradesh,464049,SUR-20648,KHA-50648,96.15,Residential,Urban Parcel,23.5142,77.795,"{""type"":""Polygon"",""coordinates"":[[[77.795,23.5142],[77.79565,23.5142],[77.79565,23.51485],[77.795,23.51485],[77.795,23.5142]]]}",2024-12-01T12:00:00,2026-09-10T12:00:00,SYNTHETIC DEMO DATA — NOT OFFICIAL GOVERNMENT RECORDS
P1650,P1650,PERSON-050,Ritu Mishra 3,"Sector 25, Betwa Nagar, Vidisha",2,Betwa Nagar,Vidisha,Vidisha,Madhya Pradesh,464050,SUR-20649,KHA-50649,143.73,Commercial,Urban Parcel,23.51535,77.795,"{""type"":""Polygon"",""coordinates"":[[[77.795,23.51535],[77.79565,23.51535],[77.79565,23.516],[77.795,23.516],[77.795,23.51535]]]}",2024-11-30T12:00:00,2026-09-10T12:00:00,SYNTHETIC DEMO DATA — NOT OFFICIAL GOVERNMENT RECORDS
P1651,P1651,PERSON-051,Arjun Malviya 3,"Sector 1, Ganj Basoda Road, Vidisha",3,Ganj Basoda Road,Vidisha,Vidisha,Madhya Pradesh,464051,SUR-20650,KHA-50650,190.65,Industrial,Urban Parcel,23.5165,77.795,"{""type"":""Polygon"",""coordinates"":[[[77.795,23.5165],[77.79565,23.5165],[77.79565,23.51715],[77.795,23.51715],[77.795,23.5165]]]}",2024-11-29T12:00:00,2026-09-10T12:00:00,SYNTHETIC DEMO DATA — NOT OFFICIAL GOVERNMENT RECORDS
P1652,P1652,PERSON-052,Pooja Thakur 3,"Sector 2, Civil Lines Extension, Vidisha",4,Civil Lines Extension,Vidisha,Vidisha,Madhya Pradesh,464052,SUR-20651,KHA-50651,237.42,Agricultural,Urban Parcel,23.51765,77.795,"{""type"":""Polygon"",""coordinates"":[[[77.795,23.51765],[77.79565,23.51765],[77.79565,23.5183],[77.795,23.5183],[77.795,23.51765]]]}",2024-11-28T12:00:00,2026-09-10T12:00:00,SYNTHETIC DEMO DATA — NOT OFFICIAL GOVERNMENT RECORDS
P1653,P1653,PERSON-053,Nitin Saxena 3,"Sector 3, Kachhi Khedi, Vidisha",5,Kachhi Khedi,Vidisha,Vidisha,Madhya Pradesh,464053,SUR-20652,KHA-50652,284.2,Institutional,Urban Parcel,23.5188,77.795,"{""type"":""Polygon"",""coordinates"":[[[77.795,23.5188],[77.79565,23.5188],[77.79565,23.51945],[77.795,23.51945],[77.795,23.5188]]]}",2024-11-27T12:00:00,2026-09-10T12:00:00,SYNTHETIC DEMO DATA — NOT OFFICIAL GOVERNMENT RECORDS
P1654,P1654,PERSON-054,Meera Chouhan 3,"Sector 4, Madhav Nagar, Vidisha",6,Madhav Nagar,Vidisha,Vidisha,Madhya Pradesh,464054,SUR-20653,KHA-50653,331.05,Mixed Use,Urban Parcel,23.51995,77.795,"{""type"":""Polygon"",""coordinates"":[[[77.795,23.51995],[77.79565,23.51995],[77.79565,23.5206],[77.795,23.5206],[77.795,23.51995]]]}",2024-11-26T12:00:00,2026-09-10T12:00:00,SYNTHETIC DEMO DATA — NOT OFFICIAL GOVERNMENT RECORDS
P1655,P1655,PERSON-055,Deepak Tiwari 3,"Sector 5, Raisen Link, Vidisha",7,Raisen Link,Vidisha,Vidisha,Madhya Pradesh,464055,SUR-20654,KHA-50654,378.67,Vacant Land,Urban Parcel,23.5211,77.795,"{""type"":""Polygon"",""coordinates"":[[[77.795,23.5211],[77.79565,23.5211],[77.79565,23.52175],[77.795,23.52175],[77.795,23.5211]]]}",2024-11-25T12:00:00,2026-09-10T12:00:00,SYNTHETIC DEMO DATA — NOT OFFICIAL GOVERNMENT RECORDS
P1656,P1656,PERSON-056,Sunita Rathore 3,"Sector 6, Vidisha Urban, Vidisha",8,Vidisha Urban,Vidisha,Vidisha,Madhya Pradesh,464056,SUR-20655,KHA-50655,425.92,Public/Semi-Public,Urban Parcel,23.52225,77.795,"{""type"":""Polygon"",""coordinates"":[[[77.795,23.52225],[77.79565,23.52225],[77.79565,23.5229],[77.795,23.5229],[77.795,23.52225]]]}",2024-11-24T12:00:00,2026-09-10T12:00:00,SYNTHETIC DEMO DATA — NOT OFFICIAL GOVERNMENT RECORDS
P1657,P1657,PERSON-057,Karan Dubey 3,"Sector 7, Sanchi Road, Vidisha",9,Sanchi Road,Vidisha,Vidisha,Madhya Pradesh,464057,SUR-20656,KHA-50656,472.4,Residential,Urban Parcel,23.5234,77.795,"{""type"":""Polygon"",""coordinates"":[[[77.795,23.5234],[77.79565,23.5234],[77.79565,23.52405],[77.795,23.52405],[77.795,23.5234]]]}",2024-11-23T12:00:00,2026-09-10T12:00:00,SYNTHETIC DEMO DATA — NOT OFFICIAL GOVERNMENT RECORDS
P1658,P1658,PERSON-058,Isha Kulkarni 3,"Sector 8, Betwa Nagar, Vidisha",10,Betwa Nagar,Vidisha,Vidisha,Madhya Pradesh,464058,SUR-20657,KHA-50657,519.4,Commercial,Urban Parcel,23.52455,77.795,"{""type"":""Polygon"",""coordinates"":[[[77.795,23.52455],[77.79565,23.52455],[77.79565,23.5252],[77.795,23.5252],[77.795,23.52455]]]}",2024-11-22T12:00:00,2026-09-10T12:00:00,SYNTHETIC DEMO DATA — NOT OFFICIAL GOVERNMENT RECORDS
P1659,P1659,PERSON-059,Mohan Solanki 3,"Sector 9, Ganj Basoda Road, Vidisha",11,Ganj Basoda Road,Vidisha,Vidisha,Madhya Pradesh,464059,SUR-20658,KHA-50658,566.57,Industrial,Urban Parcel,23.5257,77.795,"{""type"":""Polygon"",""coordinates"":[[[77.795,23.5257],[77.79565,23.5257],[77.79565,23.52635],[77.795,23.52635],[77.795,23.5257]]]}",2024-11-21T12:00:00,2026-09-10T12:00:00,SYNTHETIC DEMO DATA — NOT OFFICIAL GOVERNMENT RECORDS
P1660,P1660,PERSON-060,Rekha Bansal 3,"Sector 10, Civil Lines Extension, Vidisha",12,Civil Lines Extension,Vidisha,Vidisha,Madhya Pradesh,464060,SUR-20659,KHA-50659,613.74,Agricultural,Urban Parcel,23.52685,77.795,"{""type"":""Polygon"",""coordinates"":[[[77.795,23.52685],[77.79565,23.52685],[77.79565,23.5275],[77.795,23.5275],[77.795,23.52685]]]}",2024-11-20T12:00:00,2026-09-10T12:00:00,SYNTHETIC DEMO DATA — NOT OFFICIAL GOVERNMENT RECORDS
P1661,P1661,PERSON-061,Rahul Sharma 4,"Sector 11, Kachhi Khedi, Vidisha",1,Kachhi Khedi,Vidisha,Vidisha,Madhya Pradesh,464061,SUR-20660,KHA-50660,660.53,Institutional,Urban Parcel,23.528,77.795,"{""type"":""Polygon"",""coordinates"":[[[77.795,23.528],[77.79565,23.528],[77.79565,23.52865],[77.795,23.52865],[77.795,23.528]]]}",2024-11-19T12:00:00,2026-09-10T12:00:00,SYNTHETIC DEMO DATA — NOT OFFICIAL GOVERNMENT RECORDS
P1662,P1662,PERSON-062,Amit Verma 4,"Sector 12, Madhav Nagar, Vidisha",2,Madhav Nagar,Vidisha,Vidisha,Madhya Pradesh,464062,SUR-20661,KHA-50661,707.6,Mixed Use,Urban Parcel,23.52915,77.795,"{""type"":""Polygon"",""coordinates"":[[[77.795,23.52915],[77.79565,23.52915],[77.79565,23.5298],[77.795,23.5298],[77.795,23.52915]]]}",2024-11-18T12:00:00,2026-09-10T12:00:00,SYNTHETIC DEMO DATA — NOT OFFICIAL GOVERNMENT RECORDS
P1663,P1663,PERSON-063,Neha Patel 4,"Sector 13, Raisen Link, Vidisha",3,Raisen Link,Vidisha,Vidisha,Madhya Pradesh,464063,SUR-20662,KHA-50662,754.66,Vacant Land,Urban Parcel,23.5303,77.795,"{""type"":""Polygon"",""coordinates"":[[[77.795,23.5303],[77.79565,23.5303],[77.79565,23.53095],[77.795,23.53095],[77.795,23.5303]]]}",2024-11-17T12:00:00,2026-09-10T12:00:00,SYNTHETIC DEMO DATA — NOT OFFICIAL GOVERNMENT RECORDS
P1664,P1664,PERSON-064,Priya Singh 4,"Sector 14, Vidisha Urban, Vidisha",4,Vidisha Urban,Vidisha,Vidisha,Madhya Pradesh,464064,SUR-20663,KHA-50663,801.7,Public/Semi-Public,Urban Parcel,23.53145,77.795,"{""type"":""Polygon"",""coordinates"":[[[77.795,23.53145],[77.79565,23.53145],[77.79565,23.5321],[77.795,23.5321],[77.795,23.53145]]]}",2024-11-16T12:00:00,2026-09-10T12:00:00,SYNTHETIC DEMO DATA — NOT OFFICIAL GOVERNMENT RECORDS
P1665,P1665,PERSON-065,Suresh Yadav 4,"Sector 15, Sanchi Road, Vidisha",5,Sanchi Road,Vidisha,Vidisha,Madhya Pradesh,464065,SUR-20664,KHA-50664,848.59,Residential,Urban Parcel,23.5326,77.795,"{""type"":""Polygon"",""coordinates"":[[[77.795,23.5326],[77.79565,23.5326],[77.79565,23.53325],[77.795,23.53325],[77.795,23.5326]]]}",2024-11-15T12:00:00,2026-09-10T12:00:00,SYNTHETIC DEMO DATA — NOT OFFICIAL GOVERNMENT RECORDS
P1666,P1666,PERSON-066,Anjali Jain 4,"Sector 16, Betwa Nagar, Vidisha",6,Betwa Nagar,Vidisha,Vidisha,Madhya Pradesh,464066,SUR-20665,KHA-50665,895.75,Commercial,Urban Parcel,23.53375,77.795,"{""type"":""Polygon"",""coordinates"":[[[77.795,23.53375],[77.79565,23.53375],[77.79565,23.5344],[77.795,23.5344],[77.795,23.53375]]]}",2024-11-14T12:00:00,2026-09-10T12:00:00,SYNTHETIC DEMO DATA — NOT OFFICIAL GOVERNMENT RECORDS
P1667,P1667,PERSON-067,Vikram Mehta 4,"Sector 17, Ganj Basoda Road, Vidisha",7,Ganj Basoda Road,Vidisha,Vidisha,Madhya Pradesh,464067,SUR-20666,KHA-50666,942.16,Industrial,Urban Parcel,23.5349,77.795,"{""type"":""Polygon"",""coordinates"":[[[77.795,23.5349],[77.79565,23.5349],[77.79565,23.53555],[77.795,23.53555],[77.795,23.5349]]]}",2024-11-13T12:00:00,2026-09-10T12:00:00,SYNTHETIC DEMO DATA — NOT OFFICIAL GOVERNMENT RECORDS
P1668,P1668,PERSON-068,Kavita Joshi 4,"Sector 18, Civil Lines Extension, Vidisha",8,Civil Lines Extension,Vidisha,Vidisha,Madhya Pradesh,464068,SUR-20667,KHA-50667,989.25,Agricultural,Urban Parcel,23.53605,77.795,"{""type"":""Polygon"",""coordinates"":[[[77.795,23.53605],[77.79565,23.53605],[77.79565,23.5367],[77.795,23.5367],[77.795,23.53605]]]}",2024-11-12T12:00:00,2026-09-10T12:00:00,SYNTHETIC DEMO DATA — NOT OFFICIAL GOVERNMENT RECORDS
P1669,P1669,PERSON-069,Manoj Gupta 4,"Sector 19, Kachhi Khedi, Vidisha",9,Kachhi Khedi,Vidisha,Vidisha,Madhya Pradesh,464069,SUR-20668,KHA-50668,1036.99,Institutional,Urban Parcel,23.5372,77.795,"{""type"":""Polygon"",""coordinates"":[[[77.795,23.5372],[77.79565,23.5372],[77.79565,23.53785],[77.795,23.53785],[77.795,23.5372]]]}",2024-11-11T12:00:00,2026-09-10T12:00:00,SYNTHETIC DEMO DATA — NOT OFFICIAL GOVERNMENT RECORDS
P1670,P1670,PERSON-070,Ritu Mishra 4,"Sector 20, Madhav Nagar, Vidisha",10,Madhav Nagar,Vidisha,Vidisha,Madhya Pradesh,464070,SUR-20669,KHA-50669,1083.28,Mixed Use,Urban Parcel,23.53835,77.795,"{""type"":""Polygon"",""coordinates"":[[[77.795,23.53835],[77.79565,23.53835],[77.79565,23.539],[77.795,23.539],[77.795,23.53835]]]}",2024-11-10T12:00:00,2026-09-10T12:00:00,SYNTHETIC DEMO DATA — NOT OFFICIAL GOVERNMENT RECORDS
P1671,P1671,PERSON-071,Arjun Malviya 4,"Sector 21, Raisen Link, Vidisha",11,Raisen Link,Vidisha,Vidisha,Madhya Pradesh,464071,SUR-20670,KHA-50670,1130.73,Vacant Land,Urban Parcel,23.5395,77.795,"{""type"":""Polygon"",""coordinates"":[[[77.795,23.5395],[77.79565,23.5395],[77.79565,23.54015],[77.795,23.54015],[77.795,23.5395]]]}",2024-11-09T12:00:00,2026-09-10T12:00:00,SYNTHETIC DEMO DATA — NOT OFFICIAL GOVERNMENT RECORDS
P1672,P1672,PERSON-072,Pooja Thakur 4,"Sector 22, Vidisha Urban, Vidisha",12,Vidisha Urban,Vidisha,Vidisha,Madhya Pradesh,464072,SUR-20671,KHA-50671,1177.15,Public/Semi-Public,Urban Parcel,23.54065,77.795,"{""type"":""Polygon"",""coordinates"":[[[77.795,23.54065],[77.79565,23.54065],[77.79565,23.5413],[77.795,23.5413],[77.795,23.54065]]]}",2024-11-08T12:00:00,2026-09-10T12:00:00,SYNTHETIC DEMO DATA — NOT OFFICIAL GOVERNMENT RECORDS
P1673,P1673,PERSON-073,Nitin Saxena 4,"Sector 23, Sanchi Road, Vidisha",1,Sanchi Road,Vidisha,Vidisha,Madhya Pradesh,464073,SUR-20672,KHA-50672,1224.05,Residential,Urban Parcel,23.5418,77.795,"{""type"":""Polygon"",""coordinates"":[[[77.795,23.5418],[77.79565,23.5418],[77.79565,23.54245],[77.795,23.54245],[77.795,23.5418]]]}",2024-11-07T12:00:00,2026-09-10T12:00:00,SYNTHETIC DEMO DATA — NOT OFFICIAL GOVERNMENT RECORDS
P1674,P1674,PERSON-074,Meera Chouhan 4,"Sector 24, Betwa Nagar, Vidisha",2,Betwa Nagar,Vidisha,Vidisha,Madhya Pradesh,464074,SUR-20673,KHA-50673,1271.84,Commercial,Urban Parcel,23.54295,77.795,"{""type"":""Polygon"",""coordinates"":[[[77.795,23.54295],[77.79565,23.54295],[77.79565,23.5436],[77.795,23.5436],[77.795,23.54295]]]}",2024-11-06T12:00:00,2026-09-10T12:00:00,SYNTHETIC DEMO DATA — NOT OFFICIAL GOVERNMENT RECORDS
P1675,P1675,PERSON-075,Deepak Tiwari 4,"Sector 25, Ganj Basoda Road, Vidisha",3,Ganj Basoda Road,Vidisha,Vidisha,Madhya Pradesh,464075,SUR-20674,KHA-50674,1318.97,Industrial,Urban Parcel,23.5441,77.795,"{""type"":""Polygon"",""coordinates"":[[[77.795,23.5441],[77.79565,23.5441],[77.79565,23.54475],[77.795,23.54475],[77.795,23.5441]]]}",2024-11-05T12:00:00,2026-09-10T12:00:00,SYNTHETIC DEMO DATA — NOT OFFICIAL GOVERNMENT RECORDS
P1676,P1676,PERSON-076,Sunita Rathore 4,"Sector 1, Civil Lines Extension, Vidisha",4,Civil Lines Extension,Vidisha,Vidisha,Madhya Pradesh,464076,SUR-20675,KHA-50675,1365.24,Agricultural,Urban Parcel,23.54525,77.795,"{""type"":""Polygon"",""coordinates"":[[[77.795,23.54525],[77.79565,23.54525],[77.79565,23.5459],[77.795,23.5459],[77.795,23.54525]]]}",2024-11-04T12:00:00,2026-09-10T12:00:00,SYNTHETIC DEMO DATA — NOT OFFICIAL GOVERNMENT RECORDS
P1677,P1677,PERSON-077,Karan Dubey 4,"Sector 2, Kachhi Khedi, Vidisha",5,Kachhi Khedi,Vidisha,Vidisha,Madhya Pradesh,464077,SUR-20676,KHA-50676,1412.33,Institutional,Urban Parcel,23.5464,77.795,"{""type"":""Polygon"",""coordinates"":[[[77.795,23.5464],[77.79565,23.5464],[77.79565,23.54705],[77.795,23.54705],[77.795,23.5464]]]}",2024-11-03T12:00:00,2026-09-10T12:00:00,SYNTHETIC DEMO DATA — NOT OFFICIAL GOVERNMENT RECORDS
P1678,P1678,PERSON-078,Isha Kulkarni 4,"Sector 3, Madhav Nagar, Vidisha",6,Madhav Nagar,Vidisha,Vidisha,Madhya Pradesh,464078,SUR-20677,KHA-50677,1459.44,Mixed Use,Urban Parcel,23.54755,77.795,"{""type"":""Polygon"",""coordinates"":[[[77.795,23.54755],[77.79565,23.54755],[77.79565,23.5482],[77.795,23.5482],[77.795,23.54755]]]}",2024-11-02T12:00:00,2026-09-10T12:00:00,SYNTHETIC DEMO DATA — NOT OFFICIAL GOVERNMENT RECORDS
P1679,P1679,PERSON-079,Mohan Solanki 4,"Sector 4, Raisen Link, Vidisha",7,Raisen Link,Vidisha,Vidisha,Madhya Pradesh,464079,SUR-20678,KHA-50678,1506.87,Vacant Land,Urban Parcel,23.5487,77.795,"{""type"":""Polygon"",""coordinates"":[[[77.795,23.5487],[77.79565,23.5487],[77.79565,23.54935],[77.795,23.54935],[77.795,23.5487]]]}",2024-11-01T12:00:00,2026-09-10T12:00:00,SYNTHETIC DEMO DATA — NOT OFFICIAL GOVERNMENT RECORDS
P1680,P1680,PERSON-080,Rekha Bansal 4,"Sector 5, Vidisha Urban, Vidisha",8,Vidisha Urban,Vidisha,Vidisha,Madhya Pradesh,464080,SUR-20679,KHA-50679,103.14,Public/Semi-Public,Urban Parcel,23.54985,77.795,"{""type"":""Polygon"",""coordinates"":[[[77.795,23.54985],[77.79565,23.54985],[77.79565,23.5505],[77.795,23.5505],[77.795,23.54985]]]}",2024-10-31T12:00:00,2026-09-10T12:00:00,SYNTHETIC DEMO DATA — NOT OFFICIAL GOVERNMENT RECORDS
P1681,P1681,PERSON-081,Rahul Sharma 5,"Sector 6, Sanchi Road, Vidisha",9,Sanchi Road,Vidisha,Vidisha,Madhya Pradesh,464081,SUR-20680,KHA-50680,150.08,Residential,Urban Parcel,23.505,77.79625,"{""type"":""Polygon"",""coordinates"":[[[77.79625,23.505],[77.7969,23.505],[77.7969,23.50565],[77.79625,23.50565],[77.79625,23.505]]]}",2024-10-30T12:00:00,2026-09-10T12:00:00,SYNTHETIC DEMO DATA — NOT OFFICIAL GOVERNMENT RECORDS
P1682,P1682,PERSON-082,Amit Verma 5,"Sector 7, Betwa Nagar, Vidisha",10,Betwa Nagar,Vidisha,Vidisha,Madhya Pradesh,464082,SUR-20681,KHA-50681,197.49,Commercial,Urban Parcel,23.50615,77.79625,"{""type"":""Polygon"",""coordinates"":[[[77.79625,23.50615],[77.7969,23.50615],[77.7969,23.5068],[77.79625,23.5068],[77.79625,23.50615]]]}",2024-10-29T12:00:00,2026-09-10T12:00:00,SYNTHETIC DEMO DATA — NOT OFFICIAL GOVERNMENT RECORDS
P1683,P1683,PERSON-083,Neha Patel 5,"Sector 8, Ganj Basoda Road, Vidisha",11,Ganj Basoda Road,Vidisha,Vidisha,Madhya Pradesh,464083,SUR-20682,KHA-50682,244.73,Industrial,Urban Parcel,23.5073,77.79625,"{""type"":""Polygon"",""coordinates"":[[[77.79625,23.5073],[77.7969,23.5073],[77.7969,23.50795],[77.79625,23.50795],[77.79625,23.5073]]]}",2024-10-28T12:00:00,2026-09-10T12:00:00,SYNTHETIC DEMO DATA — NOT OFFICIAL GOVERNMENT RECORDS
P1684,P1684,PERSON-084,Priya Singh 5,"Sector 9, Civil Lines Extension, Vidisha",12,Civil Lines Extension,Vidisha,Vidisha,Madhya Pradesh,464084,SUR-20683,KHA-50683,291.28,Agricultural,Urban Parcel,23.50845,77.79625,"{""type"":""Polygon"",""coordinates"":[[[77.79625,23.50845],[77.7969,23.50845],[77.7969,23.5091],[77.79625,23.5091],[77.79625,23.50845]]]}",2024-10-27T12:00:00,2026-09-10T12:00:00,SYNTHETIC DEMO DATA — NOT OFFICIAL GOVERNMENT RECORDS
P1685,P1685,PERSON-085,Suresh Yadav 5,"Sector 10, Kachhi Khedi, Vidisha",1,Kachhi Khedi,Vidisha,Vidisha,Madhya Pradesh,464085,SUR-20684,KHA-50684,338.97,Institutional,Urban Parcel,23.5096,77.79625,"{""type"":""Polygon"",""coordinates"":[[[77.79625,23.5096],[77.7969,23.5096],[77.7969,23.51025],[77.79625,23.51025],[77.79625,23.5096]]]}",2024-10-26T12:00:00,2026-09-10T12:00:00,SYNTHETIC DEMO DATA — NOT OFFICIAL GOVERNMENT RECORDS
P1686,P1686,PERSON-086,Anjali Jain 5,"Sector 11, Madhav Nagar, Vidisha",2,Madhav Nagar,Vidisha,Vidisha,Madhya Pradesh,464086,SUR-20685,KHA-50685,385.88,Mixed Use,Urban Parcel,23.51075,77.79625,"{""type"":""Polygon"",""coordinates"":[[[77.79625,23.51075],[77.7969,23.51075],[77.7969,23.5114],[77.79625,23.5114],[77.79625,23.51075]]]}",2024-10-25T12:00:00,2026-09-10T12:00:00,SYNTHETIC DEMO DATA — NOT OFFICIAL GOVERNMENT RECORDS
P1687,P1687,PERSON-087,Vikram Mehta 5,"Sector 12, Raisen Link, Vidisha",3,Raisen Link,Vidisha,Vidisha,Madhya Pradesh,464087,SUR-20686,KHA-50686,432.83,Vacant Land,Urban Parcel,23.5119,77.79625,"{""type"":""Polygon"",""coordinates"":[[[77.79625,23.5119],[77.7969,23.5119],[77.7969,23.51255],[77.79625,23.51255],[77.79625,23.5119]]]}",2024-10-24T12:00:00,2026-09-10T12:00:00,SYNTHETIC DEMO DATA — NOT OFFICIAL GOVERNMENT RECORDS
P1688,P1688,PERSON-088,Kavita Joshi 5,"Sector 13, Vidisha Urban, Vidisha",4,Vidisha Urban,Vidisha,Vidisha,Madhya Pradesh,464088,SUR-20687,KHA-50687,479.65,Public/Semi-Public,Urban Parcel,23.51305,77.79625,"{""type"":""Polygon"",""coordinates"":[[[77.79625,23.51305],[77.7969,23.51305],[77.7969,23.5137],[77.79625,23.5137],[77.79625,23.51305]]]}",2024-10-23T12:00:00,2026-09-10T12:00:00,SYNTHETIC DEMO DATA — NOT OFFICIAL GOVERNMENT RECORDS
P1689,P1689,PERSON-089,Manoj Gupta 5,"Sector 14, Sanchi Road, Vidisha",5,Sanchi Road,Vidisha,Vidisha,Madhya Pradesh,464089,SUR-20688,KHA-50688,526.46,Residential,Urban Parcel,23.5142,77.79625,"{""type"":""Polygon"",""coordinates"":[[[77.79625,23.5142],[77.7969,23.5142],[77.7969,23.51485],[77.79625,23.51485],[77.79625,23.5142]]]}",2024-10-22T12:00:00,2026-09-10T12:00:00,SYNTHETIC DEMO DATA — NOT OFFICIAL GOVERNMENT RECORDS
P1690,P1690,PERSON-090,Ritu Mishra 5,"Sector 15, Betwa Nagar, Vidisha",6,Betwa Nagar,Vidisha,Vidisha,Madhya Pradesh,464090,SUR-20689,KHA-50689,573.29,Commercial,Urban Parcel,23.51535,77.79625,"{""type"":""Polygon"",""coordinates"":[[[77.79625,23.51535],[77.7969,23.51535],[77.7969,23.516],[77.79625,23.516],[77.79625,23.51535]]]}",2024-10-21T12:00:00,2026-09-10T12:00:00,SYNTHETIC DEMO DATA — NOT OFFICIAL GOVERNMENT RECORDS
P1691,P1691,PERSON-091,Arjun Malviya 5,"Sector 16, Ganj Basoda Road, Vidisha",7,Ganj Basoda Road,Vidisha,Vidisha,Madhya Pradesh,464091,SUR-20690,KHA-50690,620.64,Industrial,Urban Parcel,23.5165,77.79625,"{""type"":""Polygon"",""coordinates"":[[[77.79625,23.5165],[77.7969,23.5165],[77.7969,23.51715],[77.79625,23.51715],[77.79625,23.5165]]]}",2024-10-20T12:00:00,2026-09-10T12:00:00,SYNTHETIC DEMO DATA — NOT OFFICIAL GOVERNMENT RECORDS
P1692,P1692,PERSON-092,Pooja Thakur 5,"Sector 17, Civil Lines Extension, Vidisha",8,Civil Lines Extension,Vidisha,Vidisha,Madhya Pradesh,464092,SUR-20691,KHA-50691,667.45,Agricultural,Urban Parcel,23.51765,77.79625,"{""type"":""Polygon"",""coordinates"":[[[77.79625,23.51765],[77.7969,23.51765],[77.7969,23.5183],[77.79625,23.5183],[77.79625,23.51765]]]}",2024-10-19T12:00:00,2026-09-10T12:00:00,SYNTHETIC DEMO DATA — NOT OFFICIAL GOVERNMENT RECORDS
P1693,P1693,PERSON-093,Nitin Saxena 5,"Sector 18, Kachhi Khedi, Vidisha",9,Kachhi Khedi,Vidisha,Vidisha,Madhya Pradesh,464093,SUR-20692,KHA-50692,714.01,Institutional,Urban Parcel,23.5188,77.79625,"{""type"":""Polygon"",""coordinates"":[[[77.79625,23.5188],[77.7969,23.5188],[77.7969,23.51945],[77.79625,23.51945],[77.79625,23.5188]]]}",2024-10-18T12:00:00,2026-09-10T12:00:00,SYNTHETIC DEMO DATA — NOT OFFICIAL GOVERNMENT RECORDS
P1694,P1694,PERSON-094,Meera Chouhan 5,"Sector 19, Madhav Nagar, Vidisha",10,Madhav Nagar,Vidisha,Vidisha,Madhya Pradesh,464094,SUR-20693,KHA-50693,761.56,Mixed Use,Urban Parcel,23.51995,77.79625,"{""type"":""Polygon"",""coordinates"":[[[77.79625,23.51995],[77.7969,23.51995],[77.7969,23.5206],[77.79625,23.5206],[77.79625,23.51995]]]}",2024-10-17T12:00:00,2026-09-10T12:00:00,SYNTHETIC DEMO DATA — NOT OFFICIAL GOVERNMENT RECORDS
P1695,P1695,PERSON-095,Deepak Tiwari 5,"Sector 20, Raisen Link, Vidisha",11,Raisen Link,Vidisha,Vidisha,Madhya Pradesh,464095,SUR-20694,KHA-50694,808.49,Vacant Land,Urban Parcel,23.5211,77.79625,"{""type"":""Polygon"",""coordinates"":[[[77.79625,23.5211],[77.7969,23.5211],[77.7969,23.52175],[77.79625,23.52175],[77.79625,23.5211]]]}",2024-10-16T12:00:00,2026-09-10T12:00:00,SYNTHETIC DEMO DATA — NOT OFFICIAL GOVERNMENT RECORDS
P1696,P1696,PERSON-096,Sunita Rathore 5,"Sector 21, Vidisha Urban, Vidisha",12,Vidisha Urban,Vidisha,Vidisha,Madhya Pradesh,464096,SUR-20695,KHA-50695,855.32,Public/Semi-Public,Urban Parcel,23.52225,77.79625,"{""type"":""Polygon"",""coordinates"":[[[77.79625,23.52225],[77.7969,23.52225],[77.7969,23.5229],[77.79625,23.5229],[77.79625,23.52225]]]}",2024-10-15T12:00:00,2026-09-10T12:00:00,SYNTHETIC DEMO DATA — NOT OFFICIAL GOVERNMENT RECORDS
P1697,P1697,PERSON-097,Karan Dubey 5,"Sector 22, Sanchi Road, Vidisha",1,Sanchi Road,Vidisha,Vidisha,Madhya Pradesh,464097,SUR-20696,KHA-50696,902.13,Residential,Urban Parcel,23.5234,77.79625,"{""type"":""Polygon"",""coordinates"":[[[77.79625,23.5234],[77.7969,23.5234],[77.7969,23.52405],[77.79625,23.52405],[77.79625,23.5234]]]}",2024-10-14T12:00:00,2026-09-10T12:00:00,SYNTHETIC DEMO DATA — NOT OFFICIAL GOVERNMENT RECORDS
P1698,P1698,PERSON-098,Isha Kulkarni 5,"Sector 23, Betwa Nagar, Vidisha",2,Betwa Nagar,Vidisha,Vidisha,Madhya Pradesh,464098,SUR-20697,KHA-50697,949.74,Commercial,Urban Parcel,23.52455,77.79625,"{""type"":""Polygon"",""coordinates"":[[[77.79625,23.52455],[77.7969,23.52455],[77.7969,23.5252],[77.79625,23.5252],[77.79625,23.52455]]]}",2024-10-13T12:00:00,2026-09-10T12:00:00,SYNTHETIC DEMO DATA — NOT OFFICIAL GOVERNMENT RECORDS
P1699,P1699,PERSON-099,Mohan Solanki 5,"Sector 24, Ganj Basoda Road, Vidisha",3,Ganj Basoda Road,Vidisha,Vidisha,Madhya Pradesh,464099,SUR-20698,KHA-50698,996.65,Industrial,Urban Parcel,23.5257,77.79625,"{""type"":""Polygon"",""coordinates"":[[[77.79625,23.5257],[77.7969,23.5257],[77.7969,23.52635],[77.79625,23.52635],[77.79625,23.5257]]]}",2024-10-12T12:00:00,2026-09-10T12:00:00,SYNTHETIC DEMO DATA — NOT OFFICIAL GOVERNMENT RECORDS
P1700,P1700,PERSON-100,Rekha Bansal 5,"Sector 25, Civil Lines Extension, Vidisha",4,Civil Lines Extension,Vidisha,Vidisha,Madhya Pradesh,464000,SUR-20699,KHA-50699,1043.06,Agricultural,Urban Parcel,23.52685,77.79625,"{""type"":""Polygon"",""coordinates"":[[[77.79625,23.52685],[77.7969,23.52685],[77.7969,23.5275],[77.79625,23.5275],[77.79625,23.52685]]]}",2024-10-11T12:00:00,2026-09-10T12:00:00,SYNTHETIC DEMO DATA — NOT OFFICIAL GOVERNMENT RECORDS
P1701,P1701,PERSON-101,Rahul Sharma 6,"Sector 1, Kachhi Khedi, Vidisha",5,Kachhi Khedi,Vidisha,Vidisha,Madhya Pradesh,464001,SUR-20700,KHA-50700,1090.73,Institutional,Urban Parcel,23.528,77.79625,"{""type"":""Polygon"",""coordinates"":[[[77.79625,23.528],[77.7969,23.528],[77.7969,23.52865],[77.79625,23.52865],[77.79625,23.528]]]}",2026-09-10T12:00:00,2026-09-10T12:00:00,SYNTHETIC DEMO DATA — NOT OFFICIAL GOVERNMENT RECORDS
P1702,P1702,PERSON-102,Amit Verma 6,"Sector 2, Madhav Nagar, Vidisha",6,Madhav Nagar,Vidisha,Vidisha,Madhya Pradesh,464002,SUR-20701,KHA-50701,1137.36,Mixed Use,Urban Parcel,23.52915,77.79625,"{""type"":""Polygon"",""coordinates"":[[[77.79625,23.52915],[77.7969,23.52915],[77.7969,23.5298],[77.79625,23.5298],[77.79625,23.52915]]]}",2026-09-09T12:00:00,2026-09-10T12:00:00,SYNTHETIC DEMO DATA — NOT OFFICIAL GOVERNMENT RECORDS
P1703,P1703,PERSON-103,Neha Patel 6,"Sector 3, Raisen Link, Vidisha",7,Raisen Link,Vidisha,Vidisha,Madhya Pradesh,464003,SUR-20702,KHA-50702,1184.09,Vacant Land,Urban Parcel,23.5303,77.79625,"{""type"":""Polygon"",""coordinates"":[[[77.79625,23.5303],[77.7969,23.5303],[77.7969,23.53095],[77.79625,23.53095],[77.79625,23.5303]]]}",2026-09-08T12:00:00,2026-09-10T12:00:00,SYNTHETIC DEMO DATA — NOT OFFICIAL GOVERNMENT RECORDS
P1704,P1704,PERSON-104,Priya Singh 6,"Sector 4, Vidisha Urban, Vidisha",8,Vidisha Urban,Vidisha,Vidisha,Madhya Pradesh,464004,SUR-20703,KHA-50703,1231.81,Public/Semi-Public,Urban Parcel,23.53145,77.79625,"{""type"":""Polygon"",""coordinates"":[[[77.79625,23.53145],[77.7969,23.53145],[77.7969,23.5321],[77.79625,23.5321],[77.79625,23.53145]]]}",2026-09-07T12:00:00,2026-09-10T12:00:00,SYNTHETIC DEMO DATA — NOT OFFICIAL GOVERNMENT RECORDS
P1705,P1705,PERSON-105,Suresh Yadav 6,"Sector 5, Sanchi Road, Vidisha",9,Sanchi Road,Vidisha,Vidisha,Madhya Pradesh,464005,SUR-20704,KHA-50704,1278.52,Residential,Urban Parcel,23.5326,77.79625,"{""type"":""Polygon"",""coordinates"":[[[77.79625,23.5326],[77.7969,23.5326],[77.7969,23.53325],[77.79625,23.53325],[77.79625,23.5326]]]}",2026-09-06T12:00:00,2026-09-10T12:00:00,SYNTHETIC DEMO DATA — NOT OFFICIAL GOVERNMENT RECORDS
P1706,P1706,PERSON-106,Anjali Jain 6,"Sector 6, Betwa Nagar, Vidisha",10,Betwa Nagar,Vidisha,Vidisha,Madhya Pradesh,464006,SUR-20705,KHA-50705,1325.04,Commercial,Urban Parcel,23.53375,77.79625,"{""type"":""Polygon"",""coordinates"":[[[77.79625,23.53375],[77.7969,23.53375],[77.7969,23.5344],[77.79625,23.5344],[77.79625,23.53375]]]}",2026-09-05T12:00:00,2026-09-10T12:00:00,SYNTHETIC DEMO DATA — NOT OFFICIAL GOVERNMENT RECORDS
P1707,P1707,PERSON-107,Vikram Mehta 6,"Sector 7, Ganj Basoda Road, Vidisha",11,Ganj Basoda Road,Vidisha,Vidisha,Madhya Pradesh,464007,SUR-20706,KHA-50706,1372.64,Industrial,Urban Parcel,23.5349,77.79625,"{""type"":""Polygon"",""coordinates"":[[[77.79625,23.5349],[77.7969,23.5349],[77.7969,23.53555],[77.79625,23.53555],[77.79625,23.5349]]]}",2026-09-04T12:00:00,2026-09-10T12:00:00,SYNTHETIC DEMO DATA — NOT OFFICIAL GOVERNMENT RECORDS
P1708,P1708,PERSON-108,Kavita Joshi 6,"Sector 8, Civil Lines Extension, Vidisha",12,Civil Lines Extension,Vidisha,Vidisha,Madhya Pradesh,464008,SUR-20707,KHA-50707,1419.28,Agricultural,Urban Parcel,23.53605,77.79625,"{""type"":""Polygon"",""coordinates"":[[[77.79625,23.53605],[77.7969,23.53605],[77.7969,23.5367],[77.79625,23.5367],[77.79625,23.53605]]]}",2026-09-03T12:00:00,2026-09-10T12:00:00,SYNTHETIC DEMO DATA — NOT OFFICIAL GOVERNMENT RECORDS
P1709,P1709,PERSON-109,Manoj Gupta 6,"Sector 9, Kachhi Khedi, Vidisha",1,Kachhi Khedi,Vidisha,Vidisha,Madhya Pradesh,464009,SUR-20708,KHA-50708,1466.97,Institutional,Urban Parcel,23.5372,77.79625,"{""type"":""Polygon"",""coordinates"":[[[77.79625,23.5372],[77.7969,23.5372],[77.7969,23.53785],[77.79625,23.53785],[77.79625,23.5372]]]}",2026-09-02T12:00:00,2026-09-10T12:00:00,SYNTHETIC DEMO DATA — NOT OFFICIAL GOVERNMENT RECORDS
P1710,P1710,PERSON-110,Ritu Mishra 6,"Sector 10, Madhav Nagar, Vidisha",2,Madhav Nagar,Vidisha,Vidisha,Madhya Pradesh,464010,SUR-20709,KHA-50709,1513.14,Mixed Use,Urban Parcel,23.53835,77.79625,"{""type"":""Polygon"",""coordinates"":[[[77.79625,23.53835],[77.7969,23.53835],[77.7969,23.539],[77.79625,23.539],[77.79625,23.53835]]]}",2026-09-01T12:00:00,2026-09-10T12:00:00,SYNTHETIC DEMO DATA — NOT OFFICIAL GOVERNMENT RECORDS
P1711,P1711,PERSON-111,Arjun Malviya 6,"Sector 11, Raisen Link, Vidisha",3,Raisen Link,Vidisha,Vidisha,Madhya Pradesh,464011,SUR-20710,KHA-50710,110.91,Vacant Land,Urban Parcel,23.5395,77.79625,"{""type"":""Polygon"",""coordinates"":[[[77.79625,23.5395],[77.7969,23.5395],[77.7969,23.54015],[77.79625,23.54015],[77.79625,23.5395]]]}",2026-08-31T12:00:00,2026-09-10T12:00:00,SYNTHETIC DEMO DATA — NOT OFFICIAL GOVERNMENT RECORDS
P1712,P1712,PERSON-112,Pooja Thakur 6,"Sector 12, Vidisha Urban, Vidisha",4,Vidisha Urban,Vidisha,Vidisha,Madhya Pradesh,464012,SUR-20711,KHA-50711,157.57,Public/Semi-Public,Urban Parcel,23.54065,77.79625,"{""type"":""Polygon"",""coordinates"":[[[77.79625,23.54065],[77.7969,23.54065],[77.7969,23.5413],[77.79625,23.5413],[77.79625,23.54065]]]}",2026-08-30T12:00:00,2026-09-10T12:00:00,SYNTHETIC DEMO DATA — NOT OFFICIAL GOVERNMENT RECORDS
P1713,P1713,PERSON-113,Nitin Saxena 6,"Sector 13, Sanchi Road, Vidisha",5,Sanchi Road,Vidisha,Vidisha,Madhya Pradesh,464013,SUR-20712,KHA-50712,204.05,Residential,Urban Parcel,23.5418,77.79625,"{""type"":""Polygon"",""coordinates"":[[[77.79625,23.5418],[77.7969,23.5418],[77.7969,23.54245],[77.79625,23.54245],[77.79625,23.5418]]]}",2026-08-29T12:00:00,2026-09-10T12:00:00,SYNTHETIC DEMO DATA — NOT OFFICIAL GOVERNMENT RECORDS
P1714,P1714,PERSON-114,Meera Chouhan 6,"Sector 14, Betwa Nagar, Vidisha",6,Betwa Nagar,Vidisha,Vidisha,Madhya Pradesh,464014,SUR-20713,KHA-50713,251.69,Commercial,Urban Parcel,23.54295,77.79625,"{""type"":""Polygon"",""coordinates"":[[[77.79625,23.54295],[77.7969,23.54295],[77.7969,23.5436],[77.79625,23.5436],[77.79625,23.54295]]]}",2026-08-28T12:00:00,2026-09-10T12:00:00,SYNTHETIC DEMO DATA — NOT OFFICIAL GOVERNMENT RECORDS
P1715,P1715,PERSON-115,Deepak Tiwari 6,"Sector 15, Ganj Basoda Road, Vidisha",7,Ganj Basoda Road,Vidisha,Vidisha,Madhya Pradesh,464015,SUR-20714,KHA-50714,298.29,Industrial,Urban Parcel,23.5441,77.79625,"{""type"":""Polygon"",""coordinates"":[[[77.79625,23.5441],[77.7969,23.5441],[77.7969,23.54475],[77.79625,23.54475],[77.79625,23.5441]]]}",2026-08-27T12:00:00,2026-09-10T12:00:00,SYNTHETIC DEMO DATA — NOT OFFICIAL GOVERNMENT RECORDS
P1716,P1716,PERSON-116,Sunita Rathore 6,"Sector 16, Civil Lines Extension, Vidisha",8,Civil Lines Extension,Vidisha,Vidisha,Madhya Pradesh,464016,SUR-20715,KHA-50715,345.03,Agricultural,Urban Parcel,23.54525,77.79625,"{""type"":""Polygon"",""coordinates"":[[[77.79625,23.54525],[77.7969,23.54525],[77.7969,23.5459],[77.79625,23.5459],[77.79625,23.54525]]]}",2026-08-26T12:00:00,2026-09-10T12:00:00,SYNTHETIC DEMO DATA — NOT OFFICIAL GOVERNMENT RECORDS
P1717,P1717,PERSON-117,Karan Dubey 6,"Sector 17, Kachhi Khedi, Vidisha",9,Kachhi Khedi,Vidisha,Vidisha,Madhya Pradesh,464017,SUR-20716,KHA-50716,392.19,Institutional,Urban Parcel,23.5464,77.79625,"{""type"":""Polygon"",""coordinates"":[[[77.79625,23.5464],[77.7969,23.5464],[77.7969,23.54705],[77.79625,23.54705],[77.79625,23.5464]]]}",2026-08-25T12:00:00,2026-09-10T12:00:00,SYNTHETIC DEMO DATA — NOT OFFICIAL GOVERNMENT RECORDS
P1718,P1718,PERSON-118,Isha Kulkarni 6,"Sector 18, Madhav Nagar, Vidisha",10,Madhav Nagar,Vidisha,Vidisha,Madhya Pradesh,464018,SUR-20717,KHA-50717,439.93,Mixed Use,Urban Parcel,23.54755,77.79625,"{""type"":""Polygon"",""coordinates"":[[[77.79625,23.54755],[77.7969,23.54755],[77.7969,23.5482],[77.79625,23.5482],[77.79625,23.54755]]]}",2026-08-24T12:00:00,2026-09-10T12:00:00,SYNTHETIC DEMO DATA — NOT OFFICIAL GOVERNMENT RECORDS
P1719,P1719,PERSON-119,Mohan Solanki 6,"Sector 19, Raisen Link, Vidisha",11,Raisen Link,Vidisha,Vidisha,Madhya Pradesh,464019,SUR-20718,KHA-50718,486.95,Vacant Land,Urban Parcel,23.5487,77.79625,"{""type"":""Polygon"",""coordinates"":[[[77.79625,23.5487],[77.7969,23.5487],[77.7969,23.54935],[77.79625,23.54935],[77.79625,23.5487]]]}",2026-08-23T12:00:00,2026-09-10T12:00:00,SYNTHETIC DEMO DATA — NOT OFFICIAL GOVERNMENT RECORDS
P1720,P1720,PERSON-120,Rekha Bansal 6,"Sector 20, Vidisha Urban, Vidisha",12,Vidisha Urban,Vidisha,Vidisha,Madhya Pradesh,464020,SUR-20719,KHA-50719,533.19,Public/Semi-Public,Urban Parcel,23.54985,77.79625,"{""type"":""Polygon"",""coordinates"":[[[77.79625,23.54985],[77.7969,23.54985],[77.7969,23.5505],[77.79625,23.5505],[77.79625,23.54985]]]}",2026-08-22T12:00:00,2026-09-10T12:00:00,SYNTHETIC DEMO DATA — NOT OFFICIAL GOVERNMENT RECORDS
P1721,P1721,PERSON-121,Rahul Sharma 7,"Sector 21, Sanchi Road, Vidisha",1,Sanchi Road,Vidisha,Vidisha,Madhya Pradesh,464021,SUR-20720,KHA-50720,580.84,Residential,Urban Parcel,23.505,77.7975,"{""type"":""Polygon"",""coordinates"":[[[77.7975,23.505],[77.79815,23.505],[77.79815,23.50565],[77.7975,23.50565],[77.7975,23.505]]]}",2026-08-21T12:00:00,2026-09-10T12:00:00,SYNTHETIC DEMO DATA — NOT OFFICIAL GOVERNMENT RECORDS
P1722,P1722,PERSON-122,Amit Verma 7,"Sector 22, Betwa Nagar, Vidisha",2,Betwa Nagar,Vidisha,Vidisha,Madhya Pradesh,464022,SUR-20721,KHA-50721,627.0,Commercial,Urban Parcel,23.50615,77.7975,"{""type"":""Polygon"",""coordinates"":[[[77.7975,23.50615],[77.79815,23.50615],[77.79815,23.5068],[77.7975,23.5068],[77.7975,23.50615]]]}",2026-08-20T12:00:00,2026-09-10T12:00:00,SYNTHETIC DEMO DATA — NOT OFFICIAL GOVERNMENT RECORDS
P1723,P1723,PERSON-123,Neha Patel 7,"Sector 23, Ganj Basoda Road, Vidisha",3,Ganj Basoda Road,Vidisha,Vidisha,Madhya Pradesh,464023,SUR-20722,KHA-50722,674.81,Industrial,Urban Parcel,23.5073,77.7975,"{""type"":""Polygon"",""coordinates"":[[[77.7975,23.5073],[77.79815,23.5073],[77.79815,23.50795],[77.7975,23.50795],[77.7975,23.5073]]]}",2026-08-19T12:00:00,2026-09-10T12:00:00,SYNTHETIC DEMO DATA — NOT OFFICIAL GOVERNMENT RECORDS
P1724,P1724,PERSON-124,Priya Singh 7,"Sector 24, Civil Lines Extension, Vidisha",4,Civil Lines Extension,Vidisha,Vidisha,Madhya Pradesh,464024,SUR-20723,KHA-50723,721.78,Agricultural,Urban Parcel,23.50845,77.7975,"{""type"":""Polygon"",""coordinates"":[[[77.7975,23.50845],[77.79815,23.50845],[77.79815,23.5091],[77.7975,23.5091],[77.7975,23.50845]]]}",2026-08-18T12:00:00,2026-09-10T12:00:00,SYNTHETIC DEMO DATA — NOT OFFICIAL GOVERNMENT RECORDS
P1725,P1725,PERSON-125,Suresh Yadav 7,"Sector 25, Kachhi Khedi, Vidisha",5,Kachhi Khedi,Vidisha,Vidisha,Madhya Pradesh,464025,SUR-20724,KHA-50724,768.2,Institutional,Urban Parcel,23.5096,77.7975,"{""type"":""Polygon"",""coordinates"":[[[77.7975,23.5096],[77.79815,23.5096],[77.79815,23.51025],[77.7975,23.51025],[77.7975,23.5096]]]}",2026-08-17T12:00:00,2026-09-10T12:00:00,SYNTHETIC DEMO DATA — NOT OFFICIAL GOVERNMENT RECORDS
P1726,P1726,PERSON-126,Anjali Jain 7,"Sector 1, Madhav Nagar, Vidisha",6,Madhav Nagar,Vidisha,Vidisha,Madhya Pradesh,464026,SUR-20725,KHA-50725,815.14,Mixed Use,Urban Parcel,23.51075,77.7975,"{""type"":""Polygon"",""coordinates"":[[[77.7975,23.51075],[77.79815,23.51075],[77.79815,23.5114],[77.7975,23.5114],[77.7975,23.51075]]]}",2026-08-16T12:00:00,2026-09-10T12:00:00,SYNTHETIC DEMO DATA — NOT OFFICIAL GOVERNMENT RECORDS
P1727,P1727,PERSON-127,Vikram Mehta 7,"Sector 2, Raisen Link, Vidisha",7,Raisen Link,Vidisha,Vidisha,Madhya Pradesh,464027,SUR-20726,KHA-50726,862.54,Vacant Land,Urban Parcel,23.5119,77.7975,"{""type"":""Polygon"",""coordinates"":[[[77.7975,23.5119],[77.79815,23.5119],[77.79815,23.51255],[77.7975,23.51255],[77.7975,23.5119]]]}",2026-08-15T12:00:00,2026-09-10T12:00:00,SYNTHETIC DEMO DATA — NOT OFFICIAL GOVERNMENT RECORDS
P1728,P1728,PERSON-128,Kavita Joshi 7,"Sector 3, Vidisha Urban, Vidisha",8,Vidisha Urban,Vidisha,Vidisha,Madhya Pradesh,464028,SUR-20727,KHA-50727,909.86,Public/Semi-Public,Urban Parcel,23.51305,77.7975,"{""type"":""Polygon"",""coordinates"":[[[77.7975,23.51305],[77.79815,23.51305],[77.79815,23.5137],[77.7975,23.5137],[77.7975,23.51305]]]}",2026-08-14T12:00:00,2026-09-10T12:00:00,SYNTHETIC DEMO DATA — NOT OFFICIAL GOVERNMENT RECORDS
P1729,P1729,PERSON-129,Manoj Gupta 7,"Sector 4, Sanchi Road, Vidisha",9,Sanchi Road,Vidisha,Vidisha,Madhya Pradesh,464029,SUR-20728,KHA-50728,956.73,Residential,Urban Parcel,23.5142,77.7975,"{""type"":""Polygon"",""coordinates"":[[[77.7975,23.5142],[77.79815,23.5142],[77.79815,23.51485],[77.7975,23.51485],[77.7975,23.5142]]]}",2026-08-13T12:00:00,2026-09-10T12:00:00,SYNTHETIC DEMO DATA — NOT OFFICIAL GOVERNMENT RECORDS
P1730,P1730,PERSON-130,Ritu Mishra 7,"Sector 5, Betwa Nagar, Vidisha",10,Betwa Nagar,Vidisha,Vidisha,Madhya Pradesh,464030,SUR-20729,KHA-50729,1003.77,Commercial,Urban Parcel,23.51535,77.7975,"{""type"":""Polygon"",""coordinates"":[[[77.7975,23.51535],[77.79815,23.51535],[77.79815,23.516],[77.7975,23.516],[77.7975,23.51535]]]}",2026-08-12T12:00:00,2026-09-10T12:00:00,SYNTHETIC DEMO DATA — NOT OFFICIAL GOVERNMENT RECORDS
P1731,P1731,PERSON-131,Arjun Malviya 7,"Sector 6, Ganj Basoda Road, Vidisha",11,Ganj Basoda Road,Vidisha,Vidisha,Madhya Pradesh,464031,SUR-20730,KHA-50730,1050.95,Industrial,Urban Parcel,23.5165,77.7975,"{""type"":""Polygon"",""coordinates"":[[[77.7975,23.5165],[77.79815,23.5165],[77.79815,23.51715],[77.7975,23.51715],[77.7975,23.5165]]]}",2026-08-11T12:00:00,2026-09-10T12:00:00,SYNTHETIC DEMO DATA — NOT OFFICIAL GOVERNMENT RECORDS
P1732,P1732,PERSON-132,Pooja Thakur 7,"Sector 7, Civil Lines Extension, Vidisha",12,Civil Lines Extension,Vidisha,Vidisha,Madhya Pradesh,464032,SUR-20731,KHA-50731,1097.14,Agricultural,Urban Parcel,23.51765,77.7975,"{""type"":""Polygon"",""coordinates"":[[[77.7975,23.51765],[77.79815,23.51765],[77.79815,23.5183],[77.7975,23.5183],[77.7975,23.51765]]]}",2026-08-10T12:00:00,2026-09-10T12:00:00,SYNTHETIC DEMO DATA — NOT OFFICIAL GOVERNMENT RECORDS
P1733,P1733,PERSON-133,Nitin Saxena 7,"Sector 8, Kachhi Khedi, Vidisha",1,Kachhi Khedi,Vidisha,Vidisha,Madhya Pradesh,464033,SUR-20732,KHA-50732,1144.88,Institutional,Urban Parcel,23.5188,77.7975,"{""type"":""Polygon"",""coordinates"":[[[77.7975,23.5188],[77.79815,23.5188],[77.79815,23.51945],[77.7975,23.51945],[77.7975,23.5188]]]}",2026-08-09T12:00:00,2026-09-10T12:00:00,SYNTHETIC DEMO DATA — NOT OFFICIAL GOVERNMENT RECORDS
P1734,P1734,PERSON-134,Meera Chouhan 7,"Sector 9, Madhav Nagar, Vidisha",2,Madhav Nagar,Vidisha,Vidisha,Madhya Pradesh,464034,SUR-20733,KHA-50733,1191.34,Mixed Use,Urban Parcel,23.51995,77.7975,"{""type"":""Polygon"",""coordinates"":[[[77.7975,23.51995],[77.79815,23.51995],[77.79815,23.5206],[77.7975,23.5206],[77.7975,23.51995]]]}",2026-08-08T12:00:00,2026-09-10T12:00:00,SYNTHETIC DEMO DATA — NOT OFFICIAL GOVERNMENT RECORDS
P1735,P1735,PERSON-135,Deepak Tiwari 7,"Sector 10, Raisen Link, Vidisha",3,Raisen Link,Vidisha,Vidisha,Madhya Pradesh,464035,SUR-20734,KHA-50734,1238.35,Vacant Land,Urban Parcel,23.5211,77.7975,"{""type"":""Polygon"",""coordinates"":[[[77.7975,23.5211],[77.79815,23.5211],[77.79815,23.52175],[77.7975,23.52175],[77.7975,23.5211]]]}",2026-08-07T12:00:00,2026-09-10T12:00:00,SYNTHETIC DEMO DATA — NOT OFFICIAL GOVERNMENT RECORDS
P1736,P1736,PERSON-136,Sunita Rathore 7,"Sector 11, Vidisha Urban, Vidisha",4,Vidisha Urban,Vidisha,Vidisha,Madhya Pradesh,464036,SUR-20735,KHA-50735,1285.28,Public/Semi-Public,Urban Parcel,23.52225,77.7975,"{""type"":""Polygon"",""coordinates"":[[[77.7975,23.52225],[77.79815,23.52225],[77.79815,23.5229],[77.7975,23.5229],[77.7975,23.52225]]]}",2026-08-06T12:00:00,2026-09-10T12:00:00,SYNTHETIC DEMO DATA — NOT OFFICIAL GOVERNMENT RECORDS
P1737,P1737,PERSON-137,Karan Dubey 7,"Sector 12, Sanchi Road, Vidisha",5,Sanchi Road,Vidisha,Vidisha,Madhya Pradesh,464037,SUR-20736,KHA-50736,1332.76,Residential,Urban Parcel,23.5234,77.7975,"{""type"":""Polygon"",""coordinates"":[[[77.7975,23.5234],[77.79815,23.5234],[77.79815,23.52405],[77.7975,23.52405],[77.7975,23.5234]]]}",2026-08-05T12:00:00,2026-09-10T12:00:00,SYNTHETIC DEMO DATA — NOT OFFICIAL GOVERNMENT RECORDS
P1738,P1738,PERSON-138,Isha Kulkarni 7,"Sector 13, Betwa Nagar, Vidisha",6,Betwa Nagar,Vidisha,Vidisha,Madhya Pradesh,464038,SUR-20737,KHA-50737,1379.07,Commercial,Urban Parcel,23.52455,77.7975,"{""type"":""Polygon"",""coordinates"":[[[77.7975,23.52455],[77.79815,23.52455],[77.79815,23.5252],[77.7975,23.5252],[77.7975,23.52455]]]}",2026-08-04T12:00:00,2026-09-10T12:00:00,SYNTHETIC DEMO DATA — NOT OFFICIAL GOVERNMENT RECORDS
P1739,P1739,PERSON-139,Mohan Solanki 7,"Sector 14, Ganj Basoda Road, Vidisha",7,Ganj Basoda Road,Vidisha,Vidisha,Madhya Pradesh,464039,SUR-20738,KHA-50738,1426.24,Industrial,Urban Parcel,23.5257,77.7975,"{""type"":""Polygon"",""coordinates"":[[[77.7975,23.5257],[77.79815,23.5257],[77.79815,23.52635],[77.7975,23.52635],[77.7975,23.5257]]]}",2026-08-03T12:00:00,2026-09-10T12:00:00,SYNTHETIC DEMO DATA — NOT OFFICIAL GOVERNMENT RECORDS
P1740,P1740,PERSON-140,Rekha Bansal 7,"Sector 15, Civil Lines Extension, Vidisha",8,Civil Lines Extension,Vidisha,Vidisha,Madhya Pradesh,464040,SUR-20739,KHA-50739,1473.18,Agricultural,Urban Parcel,23.52685,77.7975,"{""type"":""Polygon"",""coordinates"":[[[77.7975,23.52685],[77.79815,23.52685],[77.79815,23.5275],[77.7975,23.5275],[77.7975,23.52685]]]}",2026-08-02T12:00:00,2026-09-10T12:00:00,SYNTHETIC DEMO DATA — NOT OFFICIAL GOVERNMENT RECORDS
P1741,P1741,PERSON-141,Rahul Sharma 8,"Sector 16, Kachhi Khedi, Vidisha",9,Kachhi Khedi,Vidisha,Vidisha,Madhya Pradesh,464041,SUR-20740,KHA-50740,1520.33,Institutional,Urban Parcel,23.528,77.7975,"{""type"":""Polygon"",""coordinates"":[[[77.7975,23.528],[77.79815,23.528],[77.79815,23.52865],[77.7975,23.52865],[77.7975,23.528]]]}",2026-08-01T12:00:00,2026-09-10T12:00:00,SYNTHETIC DEMO DATA — NOT OFFICIAL GOVERNMENT RECORDS
P1742,P1742,PERSON-142,Amit Verma 8,"Sector 17, Madhav Nagar, Vidisha",10,Madhav Nagar,Vidisha,Vidisha,Madhya Pradesh,464042,SUR-20741,KHA-50741,117.44,Mixed Use,Urban Parcel,23.52915,77.7975,"{""type"":""Polygon"",""coordinates"":[[[77.7975,23.52915],[77.79815,23.52915],[77.79815,23.5298],[77.7975,23.5298],[77.7975,23.52915]]]}",2026-07-31T12:00:00,2026-09-10T12:00:00,SYNTHETIC DEMO DATA — NOT OFFICIAL GOVERNMENT RECORDS
P1743,P1743,PERSON-143,Neha Patel 8,"Sector 18, Raisen Link, Vidisha",11,Raisen Link,Vidisha,Vidisha,Madhya Pradesh,464043,SUR-20742,KHA-50742,164.93,Vacant Land,Urban Parcel,23.5303,77.7975,"{""type"":""Polygon"",""coordinates"":[[[77.7975,23.5303],[77.79815,23.5303],[77.79815,23.53095],[77.7975,23.53095],[77.7975,23.5303]]]}",2026-07-30T12:00:00,2026-09-10T12:00:00,SYNTHETIC DEMO DATA — NOT OFFICIAL GOVERNMENT RECORDS
P1744,P1744,PERSON-144,Priya Singh 8,"Sector 19, Vidisha Urban, Vidisha",12,Vidisha Urban,Vidisha,Vidisha,Madhya Pradesh,464044,SUR-20743,KHA-50743,211.04,Public/Semi-Public,Urban Parcel,23.53145,77.7975,"{""type"":""Polygon"",""coordinates"":[[[77.7975,23.53145],[77.79815,23.53145],[77.79815,23.5321],[77.7975,23.5321],[77.7975,23.53145]]]}",2026-07-29T12:00:00,2026-09-10T12:00:00,SYNTHETIC DEMO DATA — NOT OFFICIAL GOVERNMENT RECORDS
P1745,P1745,PERSON-145,Suresh Yadav 8,"Sector 20, Sanchi Road, Vidisha",1,Sanchi Road,Vidisha,Vidisha,Madhya Pradesh,464045,SUR-20744,KHA-50744,258.92,Residential,Urban Parcel,23.5326,77.7975,"{""type"":""Polygon"",""coordinates"":[[[77.7975,23.5326],[77.79815,23.5326],[77.79815,23.53325],[77.7975,23.53325],[77.7975,23.5326]]]}",2026-07-28T12:00:00,2026-09-10T12:00:00,SYNTHETIC DEMO DATA — NOT OFFICIAL GOVERNMENT RECORDS
P1746,P1746,PERSON-146,Anjali Jain 8,"Sector 21, Betwa Nagar, Vidisha",2,Betwa Nagar,Vidisha,Vidisha,Madhya Pradesh,464046,SUR-20745,KHA-50745,305.28,Commercial,Urban Parcel,23.53375,77.7975,"{""type"":""Polygon"",""coordinates"":[[[77.7975,23.53375],[77.79815,23.53375],[77.79815,23.5344],[77.7975,23.5344],[77.7975,23.53375]]]}",2026-07-27T12:00:00,2026-09-10T12:00:00,SYNTHETIC DEMO DATA — NOT OFFICIAL GOVERNMENT RECORDS
P1747,P1747,PERSON-147,Vikram Mehta 8,"Sector 22, Ganj Basoda Road, Vidisha",3,Ganj Basoda Road,Vidisha,Vidisha,Madhya Pradesh,464047,SUR-20746,KHA-50746,352.22,Industrial,Urban Parcel,23.5349,77.7975,"{""type"":""Polygon"",""coordinates"":[[[77.7975,23.5349],[77.79815,23.5349],[77.79815,23.53555],[77.7975,23.53555],[77.7975,23.5349]]]}",2026-07-26T12:00:00,2026-09-10T12:00:00,SYNTHETIC DEMO DATA — NOT OFFICIAL GOVERNMENT RECORDS
P1748,P1748,PERSON-148,Kavita Joshi 8,"Sector 23, Civil Lines Extension, Vidisha",4,Civil Lines Extension,Vidisha,Vidisha,Madhya Pradesh,464048,SUR-20747,KHA-50747,399.93,Agricultural,Urban Parcel,23.53605,77.7975,"{""type"":""Polygon"",""coordinates"":[[[77.7975,23.53605],[77.79815,23.53605],[77.79815,23.5367],[77.7975,23.5367],[77.7975,23.53605]]]}",2026-07-25T12:00:00,2026-09-10T12:00:00,SYNTHETIC DEMO DATA — NOT OFFICIAL GOVERNMENT RECORDS
P1749,P1749,PERSON-149,Manoj Gupta 8,"Sector 24, Kachhi Khedi, Vidisha",5,Kachhi Khedi,Vidisha,Vidisha,Madhya Pradesh,464049,SUR-20748,KHA-50748,446.93,Institutional,Urban Parcel,23.5372,77.7975,"{""type"":""Polygon"",""coordinates"":[[[77.7975,23.5372],[77.79815,23.5372],[77.79815,23.53785],[77.7975,23.53785],[77.7975,23.5372]]]}",2026-07-24T12:00:00,2026-09-10T12:00:00,SYNTHETIC DEMO DATA — NOT OFFICIAL GOVERNMENT RECORDS
P1750,P1750,PERSON-150,Ritu Mishra 8,"Sector 25, Madhav Nagar, Vidisha",6,Madhav Nagar,Vidisha,Vidisha,Madhya Pradesh,464050,SUR-20749,KHA-50749,493.27,Mixed Use,Urban Parcel,23.53835,77.7975,"{""type"":""Polygon"",""coordinates"":[[[77.7975,23.53835],[77.79815,23.53835],[77.79815,23.539],[77.7975,23.539],[77.7975,23.53835]]]}",2026-07-23T12:00:00,2026-09-10T12:00:00,SYNTHETIC DEMO DATA — NOT OFFICIAL GOVERNMENT RECORDS
P1751,P1751,PERSON-151,Arjun Malviya 8,"Sector 1, Raisen Link, Vidisha",7,Raisen Link,Vidisha,Vidisha,Madhya Pradesh,464051,SUR-20750,KHA-50750,540.45,Vacant Land,Urban Parcel,23.5395,77.7975,"{""type"":""Polygon"",""coordinates"":[[[77.7975,23.5395],[77.79815,23.5395],[77.79815,23.54015],[77.7975,23.54015],[77.7975,23.5395]]]}",2026-07-22T12:00:00,2026-09-10T12:00:00,SYNTHETIC DEMO DATA — NOT OFFICIAL GOVERNMENT RECORDS
P1752,P1752,PERSON-152,Pooja Thakur 8,"Sector 2, Vidisha Urban, Vidisha",8,Vidisha Urban,Vidisha,Vidisha,Madhya Pradesh,464052,SUR-20751,KHA-50751,587.57,Public/Semi-Public,Urban Parcel,23.54065,77.7975,"{""type"":""Polygon"",""coordinates"":[[[77.7975,23.54065],[77.79815,23.54065],[77.79815,23.5413],[77.7975,23.5413],[77.7975,23.54065]]]}",2026-07-21T12:00:00,2026-09-10T12:00:00,SYNTHETIC DEMO DATA — NOT OFFICIAL GOVERNMENT RECORDS
P1753,P1753,PERSON-153,Nitin Saxena 8,"Sector 3, Sanchi Road, Vidisha",9,Sanchi Road,Vidisha,Vidisha,Madhya Pradesh,464053,SUR-20752,KHA-50752,634.51,Residential,Urban Parcel,23.5418,77.7975,"{""type"":""Polygon"",""coordinates"":[[[77.7975,23.5418],[77.79815,23.5418],[77.79815,23.54245],[77.7975,23.54245],[77.7975,23.5418]]]}",2026-07-20T12:00:00,2026-09-10T12:00:00,SYNTHETIC DEMO DATA — NOT OFFICIAL GOVERNMENT RECORDS
P1754,P1754,PERSON-154,Meera Chouhan 8,"Sector 4, Betwa Nagar, Vidisha",10,Betwa Nagar,Vidisha,Vidisha,Madhya Pradesh,464054,SUR-20753,KHA-50753,681.12,Commercial,Urban Parcel,23.54295,77.7975,"{""type"":""Polygon"",""coordinates"":[[[77.7975,23.54295],[77.79815,23.54295],[77.79815,23.5436],[77.7975,23.5436],[77.7975,23.54295]]]}",2026-07-19T12:00:00,2026-09-10T12:00:00,SYNTHETIC DEMO DATA — NOT OFFICIAL GOVERNMENT RECORDS
P1755,P1755,PERSON-155,Deepak Tiwari 8,"Sector 5, Ganj Basoda Road, Vidisha",11,Ganj Basoda Road,Vidisha,Vidisha,Madhya Pradesh,464055,SUR-20754,KHA-50754,728.16,Industrial,Urban Parcel,23.5441,77.7975,"{""type"":""Polygon"",""coordinates"":[[[77.7975,23.5441],[77.79815,23.5441],[77.79815,23.54475],[77.7975,23.54475],[77.7975,23.5441]]]}",2026-07-18T12:00:00,2026-09-10T12:00:00,SYNTHETIC DEMO DATA — NOT OFFICIAL GOVERNMENT RECORDS
P1756,P1756,PERSON-156,Sunita Rathore 8,"Sector 6, Civil Lines Extension, Vidisha",12,Civil Lines Extension,Vidisha,Vidisha,Madhya Pradesh,464056,SUR-20755,KHA-50755,775.85,Agricultural,Urban Parcel,23.54525,77.7975,"{""type"":""Polygon"",""coordinates"":[[[77.7975,23.54525],[77.79815,23.54525],[77.79815,23.5459],[77.7975,23.5459],[77.7975,23.54525]]]}",2026-07-17T12:00:00,2026-09-10T12:00:00,SYNTHETIC DEMO DATA — NOT OFFICIAL GOVERNMENT RECORDS
P1757,P1757,PERSON-157,Karan Dubey 8,"Sector 7, Kachhi Khedi, Vidisha",1,Kachhi Khedi,Vidisha,Vidisha,Madhya Pradesh,464057,SUR-20756,KHA-50756,822.39,Institutional,Urban Parcel,23.5464,77.7975,"{""type"":""Polygon"",""coordinates"":[[[77.7975,23.5464],[77.79815,23.5464],[77.79815,23.54705],[77.7975,23.54705],[77.7975,23.5464]]]}",2026-07-16T12:00:00,2026-09-10T12:00:00,SYNTHETIC DEMO DATA — NOT OFFICIAL GOVERNMENT RECORDS
P1758,P1758,PERSON-158,Isha Kulkarni 8,"Sector 8, Madhav Nagar, Vidisha",2,Madhav Nagar,Vidisha,Vidisha,Madhya Pradesh,464058,SUR-20757,KHA-50757,869.35,Mixed Use,Urban Parcel,23.54755,77.7975,"{""type"":""Polygon"",""coordinates"":[[[77.7975,23.54755],[77.79815,23.54755],[77.79815,23.5482],[77.7975,23.5482],[77.7975,23.54755]]]}",2026-07-15T12:00:00,2026-09-10T12:00:00,SYNTHETIC DEMO DATA — NOT OFFICIAL GOVERNMENT RECORDS
P1759,P1759,PERSON-159,Mohan Solanki 8,"Sector 9, Raisen Link, Vidisha",3,Raisen Link,Vidisha,Vidisha,Madhya Pradesh,464059,SUR-20758,KHA-50758,916.94,Vacant Land,Urban Parcel,23.5487,77.7975,"{""type"":""Polygon"",""coordinates"":[[[77.7975,23.5487],[77.79815,23.5487],[77.79815,23.54935],[77.7975,23.54935],[77.7975,23.5487]]]}",2026-07-14T12:00:00,2026-09-10T12:00:00,SYNTHETIC DEMO DATA — NOT OFFICIAL GOVERNMENT RECORDS
P1760,P1760,PERSON-160,Rekha Bansal 8,"Sector 10, Vidisha Urban, Vidisha",4,Vidisha Urban,Vidisha,Vidisha,Madhya Pradesh,464060,SUR-20759,KHA-50759,963.04,Public/Semi-Public,Urban Parcel,23.54985,77.7975,"{""type"":""Polygon"",""coordinates"":[[[77.7975,23.54985],[77.79815,23.54985],[77.79815,23.5505],[77.7975,23.5505],[77.7975,23.54985]]]}",2026-07-13T12:00:00,2026-09-10T12:00:00,SYNTHETIC DEMO DATA — NOT OFFICIAL GOVERNMENT RECORDS
P1761,P1761,PERSON-161,Rahul Sharma 9,"Sector 11, Sanchi Road, Vidisha",5,Sanchi Road,Vidisha,Vidisha,Madhya Pradesh,464061,SUR-20760,KHA-50760,1010.05,Residential,Urban Parcel,23.505,77.79875,"{""type"":""Polygon"",""coordinates"":[[[77.79875,23.505],[77.7994,23.505],[77.7994,23.50565],[77.79875,23.50565],[77.79875,23.505]]]}",2026-07-12T12:00:00,2026-09-10T12:00:00,SYNTHETIC DEMO DATA — NOT OFFICIAL GOVERNMENT RECORDS
P1762,P1762,PERSON-162,Amit Verma 9,"Sector 12, Betwa Nagar, Vidisha",6,Betwa Nagar,Vidisha,Vidisha,Madhya Pradesh,464062,SUR-20761,KHA-50761,1057.88,Commercial,Urban Parcel,23.50615,77.79875,"{""type"":""Polygon"",""coordinates"":[[[77.79875,23.50615],[77.7994,23.50615],[77.7994,23.5068],[77.79875,23.5068],[77.79875,23.50615]]]}",2026-07-11T12:00:00,2026-09-10T12:00:00,SYNTHETIC DEMO DATA — NOT OFFICIAL GOVERNMENT RECORDS
P1763,P1763,PERSON-163,Neha Patel 9,"Sector 13, Ganj Basoda Road, Vidisha",7,Ganj Basoda Road,Vidisha,Vidisha,Madhya Pradesh,464063,SUR-20762,KHA-50762,1104.91,Industrial,Urban Parcel,23.5073,77.79875,"{""type"":""Polygon"",""coordinates"":[[[77.79875,23.5073],[77.7994,23.5073],[77.7994,23.50795],[77.79875,23.50795],[77.79875,23.5073]]]}",2026-07-10T12:00:00,2026-09-10T12:00:00,SYNTHETIC DEMO DATA — NOT OFFICIAL GOVERNMENT RECORDS
P1764,P1764,PERSON-164,Priya Singh 9,"Sector 14, Civil Lines Extension, Vidisha",8,Civil Lines Extension,Vidisha,Vidisha,Madhya Pradesh,464064,SUR-20763,KHA-50763,1151.14,Agricultural,Urban Parcel,23.50845,77.79875,"{""type"":""Polygon"",""coordinates"":[[[77.79875,23.50845],[77.7994,23.50845],[77.7994,23.5091],[77.79875,23.5091],[77.79875,23.50845]]]}",2026-07-09T12:00:00,2026-09-10T12:00:00,SYNTHETIC DEMO DATA — NOT OFFICIAL GOVERNMENT RECORDS
P1765,P1765,PERSON-165,Suresh Yadav 9,"Sector 15, Kachhi Khedi, Vidisha",9,Kachhi Khedi,Vidisha,Vidisha,Madhya Pradesh,464065,SUR-20764,KHA-50764,1198.62,Institutional,Urban Parcel,23.5096,77.79875,"{""type"":""Polygon"",""coordinates"":[[[77.79875,23.5096],[77.7994,23.5096],[77.7994,23.51025],[77.79875,23.51025],[77.79875,23.5096]]]}",2026-07-08T12:00:00,2026-09-10T12:00:00,SYNTHETIC DEMO DATA — NOT OFFICIAL GOVERNMENT RECORDS
P1766,P1766,PERSON-166,Anjali Jain 9,"Sector 16, Madhav Nagar, Vidisha",10,Madhav Nagar,Vidisha,Vidisha,Madhya Pradesh,464066,SUR-20765,KHA-50765,1245.26,Mixed Use,Urban Parcel,23.51075,77.79875,"{""type"":""Polygon"",""coordinates"":[[[77.79875,23.51075],[77.7994,23.51075],[77.7994,23.5114],[77.79875,23.5114],[77.79875,23.51075]]]}",2026-07-07T12:00:00,2026-09-10T12:00:00,SYNTHETIC DEMO DATA — NOT OFFICIAL GOVERNMENT RECORDS
P1767,P1767,PERSON-167,Vikram Mehta 9,"Sector 17, Raisen Link, Vidisha",11,Raisen Link,Vidisha,Vidisha,Madhya Pradesh,464067,SUR-20766,KHA-50766,1292.12,Vacant Land,Urban Parcel,23.5119,77.79875,"{""type"":""Polygon"",""coordinates"":[[[77.79875,23.5119],[77.7994,23.5119],[77.7994,23.51255],[77.79875,23.51255],[77.79875,23.5119]]]}",2026-07-06T12:00:00,2026-09-10T12:00:00,SYNTHETIC DEMO DATA — NOT OFFICIAL GOVERNMENT RECORDS
P1768,P1768,PERSON-168,Kavita Joshi 9,"Sector 18, Vidisha Urban, Vidisha",12,Vidisha Urban,Vidisha,Vidisha,Madhya Pradesh,464068,SUR-20767,KHA-50767,1339.31,Public/Semi-Public,Urban Parcel,23.51305,77.79875,"{""type"":""Polygon"",""coordinates"":[[[77.79875,23.51305],[77.7994,23.51305],[77.7994,23.5137],[77.79875,23.5137],[77.79875,23.51305]]]}",2026-07-05T12:00:00,2026-09-10T12:00:00,SYNTHETIC DEMO DATA — NOT OFFICIAL GOVERNMENT RECORDS
P1769,P1769,PERSON-169,Manoj Gupta 9,"Sector 19, Sanchi Road, Vidisha",1,Sanchi Road,Vidisha,Vidisha,Madhya Pradesh,464069,SUR-20768,KHA-50768,1386.65,Residential,Urban Parcel,23.5142,77.79875,"{""type"":""Polygon"",""coordinates"":[[[77.79875,23.5142],[77.7994,23.5142],[77.7994,23.51485],[77.79875,23.51485],[77.79875,23.5142]]]}",2026-07-04T12:00:00,2026-09-10T12:00:00,SYNTHETIC DEMO DATA — NOT OFFICIAL GOVERNMENT RECORDS
P1770,P1770,PERSON-170,Ritu Mishra 9,"Sector 20, Betwa Nagar, Vidisha",2,Betwa Nagar,Vidisha,Vidisha,Madhya Pradesh,464070,SUR-20769,KHA-50769,1433.16,Commercial,Urban Parcel,23.51535,77.79875,"{""type"":""Polygon"",""coordinates"":[[[77.79875,23.51535],[77.7994,23.51535],[77.7994,23.516],[77.79875,23.516],[77.79875,23.51535]]]}",2026-07-03T12:00:00,2026-09-10T12:00:00,SYNTHETIC DEMO DATA — NOT OFFICIAL GOVERNMENT RECORDS
P1771,P1771,PERSON-171,Arjun Malviya 9,"Sector 21, Ganj Basoda Road, Vidisha",3,Ganj Basoda Road,Vidisha,Vidisha,Madhya Pradesh,464071,SUR-20770,KHA-50770,1480.8,Industrial,Urban Parcel,23.5165,77.79875,"{""type"":""Polygon"",""coordinates"":[[[77.79875,23.5165],[77.7994,23.5165],[77.7994,23.51715],[77.79875,23.51715],[77.79875,23.5165]]]}",2026-07-02T12:00:00,2026-09-10T12:00:00,SYNTHETIC DEMO DATA — NOT OFFICIAL GOVERNMENT RECORDS
P1772,P1772,PERSON-172,Pooja Thakur 9,"Sector 22, Civil Lines Extension, Vidisha",4,Civil Lines Extension,Vidisha,Vidisha,Madhya Pradesh,464072,SUR-20771,KHA-50771,1527.81,Agricultural,Urban Parcel,23.51765,77.79875,"{""type"":""Polygon"",""coordinates"":[[[77.79875,23.51765],[77.7994,23.51765],[77.7994,23.5183],[77.79875,23.5183],[77.79875,23.51765]]]}",2026-07-01T12:00:00,2026-09-10T12:00:00,SYNTHETIC DEMO DATA — NOT OFFICIAL GOVERNMENT RECORDS
P1773,P1773,PERSON-173,Nitin Saxena 9,"Sector 23, Kachhi Khedi, Vidisha",5,Kachhi Khedi,Vidisha,Vidisha,Madhya Pradesh,464073,SUR-20772,KHA-50772,124.96,Institutional,Urban Parcel,23.5188,77.79875,"{""type"":""Polygon"",""coordinates"":[[[77.79875,23.5188],[77.7994,23.5188],[77.7994,23.51945],[77.79875,23.51945],[77.79875,23.5188]]]}",2026-06-30T12:00:00,2026-09-10T12:00:00,SYNTHETIC DEMO DATA — NOT OFFICIAL GOVERNMENT RECORDS
P1774,P1774,PERSON-174,Meera Chouhan 9,"Sector 24, Madhav Nagar, Vidisha",6,Madhav Nagar,Vidisha,Vidisha,Madhya Pradesh,464074,SUR-20773,KHA-50773,171.98,Mixed Use,Urban Parcel,23.51995,77.79875,"{""type"":""Polygon"",""coordinates"":[[[77.79875,23.51995],[77.7994,23.51995],[77.7994,23.5206],[77.79875,23.5206],[77.79875,23.51995]]]}",2026-06-29T12:00:00,2026-09-10T12:00:00,SYNTHETIC DEMO DATA — NOT OFFICIAL GOVERNMENT RECORDS
P1775,P1775,PERSON-175,Deepak Tiwari 9,"Sector 25, Raisen Link, Vidisha",7,Raisen Link,Vidisha,Vidisha,Madhya Pradesh,464075,SUR-20774,KHA-50774,218.56,Vacant Land,Urban Parcel,23.5211,77.79875,"{""type"":""Polygon"",""coordinates"":[[[77.79875,23.5211],[77.7994,23.5211],[77.7994,23.52175],[77.79875,23.52175],[77.79875,23.5211]]]}",2026-06-28T12:00:00,2026-09-10T12:00:00,SYNTHETIC DEMO DATA — NOT OFFICIAL GOVERNMENT RECORDS
P1776,P1776,PERSON-176,Sunita Rathore 9,"Sector 1, Vidisha Urban, Vidisha",8,Vidisha Urban,Vidisha,Vidisha,Madhya Pradesh,464076,SUR-20775,KHA-50775,265.98,Public/Semi-Public,Urban Parcel,23.52225,77.79875,"{""type"":""Polygon"",""coordinates"":[[[77.79875,23.52225],[77.7994,23.52225],[77.7994,23.5229],[77.79875,23.5229],[77.79875,23.52225]]]}",2026-06-27T12:00:00,2026-09-10T12:00:00,SYNTHETIC DEMO DATA — NOT OFFICIAL GOVERNMENT RECORDS
P1777,P1777,PERSON-177,Karan Dubey 9,"Sector 2, Sanchi Road, Vidisha",9,Sanchi Road,Vidisha,Vidisha,Madhya Pradesh,464077,SUR-20776,KHA-50776,312.79,Residential,Urban Parcel,23.5234,77.79875,"{""type"":""Polygon"",""coordinates"":[[[77.79875,23.5234],[77.7994,23.5234],[77.7994,23.52405],[77.79875,23.52405],[77.79875,23.5234]]]}",2026-06-26T12:00:00,2026-09-10T12:00:00,SYNTHETIC DEMO DATA — NOT OFFICIAL GOVERNMENT RECORDS
P1778,P1778,PERSON-178,Isha Kulkarni 9,"Sector 3, Betwa Nagar, Vidisha",10,Betwa Nagar,Vidisha,Vidisha,Madhya Pradesh,464078,SUR-20777,KHA-50777,359.79,Commercial,Urban Parcel,23.52455,77.79875,"{""type"":""Polygon"",""coordinates"":[[[77.79875,23.52455],[77.7994,23.52455],[77.7994,23.5252],[77.79875,23.5252],[77.79875,23.52455]]]}",2026-06-25T12:00:00,2026-09-10T12:00:00,SYNTHETIC DEMO DATA — NOT OFFICIAL GOVERNMENT RECORDS
P1779,P1779,PERSON-179,Mohan Solanki 9,"Sector 4, Ganj Basoda Road, Vidisha",11,Ganj Basoda Road,Vidisha,Vidisha,Madhya Pradesh,464079,SUR-20778,KHA-50778,406.92,Industrial,Urban Parcel,23.5257,77.79875,"{""type"":""Polygon"",""coordinates"":[[[77.79875,23.5257],[77.7994,23.5257],[77.7994,23.52635],[77.79875,23.52635],[77.79875,23.5257]]]}",2026-06-24T12:00:00,2026-09-10T12:00:00,SYNTHETIC DEMO DATA — NOT OFFICIAL GOVERNMENT RECORDS
P1780,P1780,PERSON-180,Rekha Bansal 9,"Sector 5, Civil Lines Extension, Vidisha",12,Civil Lines Extension,Vidisha,Vidisha,Madhya Pradesh,464080,SUR-20779,KHA-50779,453.96,Agricultural,Urban Parcel,23.52685,77.79875,"{""type"":""Polygon"",""coordinates"":[[[77.79875,23.52685],[77.7994,23.52685],[77.7994,23.5275],[77.79875,23.5275],[77.79875,23.52685]]]}",2026-06-23T12:00:00,2026-09-10T12:00:00,SYNTHETIC DEMO DATA — NOT OFFICIAL GOVERNMENT RECORDS
P1781,P1781,PERSON-181,Rahul Sharma 10,"Sector 6, Kachhi Khedi, Vidisha",1,Kachhi Khedi,Vidisha,Vidisha,Madhya Pradesh,464081,SUR-20780,KHA-50780,500.7,Institutional,Urban Parcel,23.528,77.79875,"{""type"":""Polygon"",""coordinates"":[[[77.79875,23.528],[77.7994,23.528],[77.7994,23.52865],[77.79875,23.52865],[77.79875,23.528]]]}",2026-06-22T12:00:00,2026-09-10T12:00:00,SYNTHETIC DEMO DATA — NOT OFFICIAL GOVERNMENT RECORDS
P1782,P1782,PERSON-182,Amit Verma 10,"Sector 7, Madhav Nagar, Vidisha",2,Madhav Nagar,Vidisha,Vidisha,Madhya Pradesh,464082,SUR-20781,KHA-50781,547.47,Mixed Use,Urban Parcel,23.52915,77.79875,"{""type"":""Polygon"",""coordinates"":[[[77.79875,23.52915],[77.7994,23.52915],[77.7994,23.5298],[77.79875,23.5298],[77.79875,23.52915]]]}",2026-06-21T12:00:00,2026-09-10T12:00:00,SYNTHETIC DEMO DATA — NOT OFFICIAL GOVERNMENT RECORDS
P1783,P1783,PERSON-183,Neha Patel 10,"Sector 8, Raisen Link, Vidisha",3,Raisen Link,Vidisha,Vidisha,Madhya Pradesh,464083,SUR-20782,KHA-50782,594.82,Vacant Land,Urban Parcel,23.5303,77.79875,"{""type"":""Polygon"",""coordinates"":[[[77.79875,23.5303],[77.7994,23.5303],[77.7994,23.53095],[77.79875,23.53095],[77.79875,23.5303]]]}",2026-06-20T12:00:00,2026-09-10T12:00:00,SYNTHETIC DEMO DATA — NOT OFFICIAL GOVERNMENT RECORDS
P1784,P1784,PERSON-184,Priya Singh 10,"Sector 9, Vidisha Urban, Vidisha",4,Vidisha Urban,Vidisha,Vidisha,Madhya Pradesh,464084,SUR-20783,KHA-50783,641.05,Public/Semi-Public,Urban Parcel,23.53145,77.79875,"{""type"":""Polygon"",""coordinates"":[[[77.79875,23.53145],[77.7994,23.53145],[77.7994,23.5321],[77.79875,23.5321],[77.79875,23.53145]]]}",2026-06-19T12:00:00,2026-09-10T12:00:00,SYNTHETIC DEMO DATA — NOT OFFICIAL GOVERNMENT RECORDS
P1785,P1785,PERSON-185,Suresh Yadav 10,"Sector 10, Sanchi Road, Vidisha",5,Sanchi Road,Vidisha,Vidisha,Madhya Pradesh,464085,SUR-20784,KHA-50784,688.69,Residential,Urban Parcel,23.5326,77.79875,"{""type"":""Polygon"",""coordinates"":[[[77.79875,23.5326],[77.7994,23.5326],[77.7994,23.53325],[77.79875,23.53325],[77.79875,23.5326]]]}",2026-06-18T12:00:00,2026-09-10T12:00:00,SYNTHETIC DEMO DATA — NOT OFFICIAL GOVERNMENT RECORDS
P1786,P1786,PERSON-186,Anjali Jain 10,"Sector 11, Betwa Nagar, Vidisha",6,Betwa Nagar,Vidisha,Vidisha,Madhya Pradesh,464086,SUR-20785,KHA-50785,735.37,Commercial,Urban Parcel,23.53375,77.79875,"{""type"":""Polygon"",""coordinates"":[[[77.79875,23.53375],[77.7994,23.53375],[77.7994,23.5344],[77.79875,23.5344],[77.79875,23.53375]]]}",2026-06-17T12:00:00,2026-09-10T12:00:00,SYNTHETIC DEMO DATA — NOT OFFICIAL GOVERNMENT RECORDS
P1787,P1787,PERSON-187,Vikram Mehta 10,"Sector 12, Ganj Basoda Road, Vidisha",7,Ganj Basoda Road,Vidisha,Vidisha,Madhya Pradesh,464087,SUR-20786,KHA-50786,782.86,Industrial,Urban Parcel,23.5349,77.79875,"{""type"":""Polygon"",""coordinates"":[[[77.79875,23.5349],[77.7994,23.5349],[77.7994,23.53555],[77.79875,23.53555],[77.79875,23.5349]]]}",2026-06-16T12:00:00,2026-09-10T12:00:00,SYNTHETIC DEMO DATA — NOT OFFICIAL GOVERNMENT RECORDS
P1788,P1788,PERSON-188,Kavita Joshi 10,"Sector 13, Civil Lines Extension, Vidisha",8,Civil Lines Extension,Vidisha,Vidisha,Madhya Pradesh,464088,SUR-20787,KHA-50787,829.09,Agricultural,Urban Parcel,23.53605,77.79875,"{""type"":""Polygon"",""coordinates"":[[[77.79875,23.53605],[77.7994,23.53605],[77.7994,23.5367],[77.79875,23.5367],[77.79875,23.53605]]]}",2026-06-15T12:00:00,2026-09-10T12:00:00,SYNTHETIC DEMO DATA — NOT OFFICIAL GOVERNMENT RECORDS
P1789,P1789,PERSON-189,Manoj Gupta 10,"Sector 14, Kachhi Khedi, Vidisha",9,Kachhi Khedi,Vidisha,Vidisha,Madhya Pradesh,464089,SUR-20788,KHA-50788,876.89,Institutional,Urban Parcel,23.5372,77.79875,"{""type"":""Polygon"",""coordinates"":[[[77.79875,23.5372],[77.7994,23.5372],[77.7994,23.53785],[77.79875,23.53785],[77.79875,23.5372]]]}",2026-06-14T12:00:00,2026-09-10T12:00:00,SYNTHETIC DEMO DATA — NOT OFFICIAL GOVERNMENT RECORDS
P1790,P1790,PERSON-190,Ritu Mishra 10,"Sector 15, Madhav Nagar, Vidisha",10,Madhav Nagar,Vidisha,Vidisha,Madhya Pradesh,464090,SUR-20789,KHA-50789,923.56,Mixed Use,Urban Parcel,23.53835,77.79875,"{""type"":""Polygon"",""coordinates"":[[[77.79875,23.53835],[77.7994,23.53835],[77.7994,23.539],[77.79875,23.539],[77.79875,23.53835]]]}",2026-06-13T12:00:00,2026-09-10T12:00:00,SYNTHETIC DEMO DATA — NOT OFFICIAL GOVERNMENT RECORDS
P1791,P1791,PERSON-191,Arjun Malviya 10,"Sector 16, Raisen Link, Vidisha",11,Raisen Link,Vidisha,Vidisha,Madhya Pradesh,464091,SUR-20790,KHA-50790,970.14,Vacant Land,Urban Parcel,23.5395,77.79875,"{""type"":""Polygon"",""coordinates"":[[[77.79875,23.5395],[77.7994,23.5395],[77.7994,23.54015],[77.79875,23.54015],[77.79875,23.5395]]]}",2026-06-12T12:00:00,2026-09-10T12:00:00,SYNTHETIC DEMO DATA — NOT OFFICIAL GOVERNMENT RECORDS
P1792,P1792,PERSON-192,Pooja Thakur 10,"Sector 17, Vidisha Urban, Vidisha",12,Vidisha Urban,Vidisha,Vidisha,Madhya Pradesh,464092,SUR-20791,KHA-50791,1017.91,Public/Semi-Public,Urban Parcel,23.54065,77.79875,"{""type"":""Polygon"",""coordinates"":[[[77.79875,23.54065],[77.7994,23.54065],[77.7994,23.5413],[77.79875,23.5413],[77.79875,23.54065]]]}",2026-06-11T12:00:00,2026-09-10T12:00:00,SYNTHETIC DEMO DATA — NOT OFFICIAL GOVERNMENT RECORDS
P1793,P1793,PERSON-193,Nitin Saxena 10,"Sector 18, Sanchi Road, Vidisha",1,Sanchi Road,Vidisha,Vidisha,Madhya Pradesh,464093,SUR-20792,KHA-50792,1064.13,Residential,Urban Parcel,23.5418,77.79875,"{""type"":""Polygon"",""coordinates"":[[[77.79875,23.5418],[77.7994,23.5418],[77.7994,23.54245],[77.79875,23.54245],[77.79875,23.5418]]]}",2026-06-10T12:00:00,2026-09-10T12:00:00,SYNTHETIC DEMO DATA — NOT OFFICIAL GOVERNMENT RECORDS
P1794,P1794,PERSON-194,Meera Chouhan 10,"Sector 19, Betwa Nagar, Vidisha",2,Betwa Nagar,Vidisha,Vidisha,Madhya Pradesh,464094,SUR-20793,KHA-50793,1111.82,Commercial,Urban Parcel,23.54295,77.79875,"{""type"":""Polygon"",""coordinates"":[[[77.79875,23.54295],[77.7994,23.54295],[77.7994,23.5436],[77.79875,23.5436],[77.79875,23.54295]]]}",2026-06-09T12:00:00,2026-09-10T12:00:00,SYNTHETIC DEMO DATA — NOT OFFICIAL GOVERNMENT RECORDS
P1795,P1795,PERSON-195,Deepak Tiwari 10,"Sector 20, Ganj Basoda Road, Vidisha",3,Ganj Basoda Road,Vidisha,Vidisha,Madhya Pradesh,464095,SUR-20794,KHA-50794,1158.4,Industrial,Urban Parcel,23.5441,77.79875,"{""type"":""Polygon"",""coordinates"":[[[77.79875,23.5441],[77.7994,23.5441],[77.7994,23.54475],[77.79875,23.54475],[77.79875,23.5441]]]}",2026-06-08T12:00:00,2026-09-10T12:00:00,SYNTHETIC DEMO DATA — NOT OFFICIAL GOVERNMENT RECORDS
P1796,P1796,PERSON-196,Sunita Rathore 10,"Sector 21, Civil Lines Extension, Vidisha",4,Civil Lines Extension,Vidisha,Vidisha,Madhya Pradesh,464096,SUR-20795,KHA-50795,1205.07,Agricultural,Urban Parcel,23.54525,77.79875,"{""type"":""Polygon"",""coordinates"":[[[77.79875,23.54525],[77.7994,23.54525],[77.7994,23.5459],[77.79875,23.5459],[77.79875,23.54525]]]}",2026-06-07T12:00:00,2026-09-10T12:00:00,SYNTHETIC DEMO DATA — NOT OFFICIAL GOVERNMENT RECORDS
P1797,P1797,PERSON-197,Karan Dubey 10,"Sector 22, Kachhi Khedi, Vidisha",5,Kachhi Khedi,Vidisha,Vidisha,Madhya Pradesh,464097,SUR-20796,KHA-50796,1252.05,Institutional,Urban Parcel,23.5464,77.79875,"{""type"":""Polygon"",""coordinates"":[[[77.79875,23.5464],[77.7994,23.5464],[77.7994,23.54705],[77.79875,23.54705],[77.79875,23.5464]]]}",2026-06-06T12:00:00,2026-09-10T12:00:00,SYNTHETIC DEMO DATA — NOT OFFICIAL GOVERNMENT RECORDS
P1798,P1798,PERSON-198,Isha Kulkarni 10,"Sector 23, Madhav Nagar, Vidisha",6,Madhav Nagar,Vidisha,Vidisha,Madhya Pradesh,464098,SUR-20797,KHA-50797,1299.45,Mixed Use,Urban Parcel,23.54755,77.79875,"{""type"":""Polygon"",""coordinates"":[[[77.79875,23.54755],[77.7994,23.54755],[77.7994,23.5482],[77.79875,23.5482],[77.79875,23.54755]]]}",2026-06-05T12:00:00,2026-09-10T12:00:00,SYNTHETIC DEMO DATA — NOT OFFICIAL GOVERNMENT RECORDS
P1799,P1799,PERSON-199,Mohan Solanki 10,"Sector 24, Raisen Link, Vidisha",7,Raisen Link,Vidisha,Vidisha,Madhya Pradesh,464099,SUR-20798,KHA-50798,1346.61,Vacant Land,Urban Parcel,23.5487,77.79875,"{""type"":""Polygon"",""coordinates"":[[[77.79875,23.5487],[77.7994,23.5487],[77.7994,23.54935],[77.79875,23.54935],[77.79875,23.5487]]]}",2026-06-04T12:00:00,2026-09-10T12:00:00,SYNTHETIC DEMO DATA — NOT OFFICIAL GOVERNMENT RECORDS
P1800,P1800,PERSON-200,Rekha Bansal 10,"Sector 25, Vidisha Urban, Vidisha",8,Vidisha Urban,Vidisha,Vidisha,Madhya Pradesh,464000,SUR-20799,KHA-50799,1393.35,Public/Semi-Public,Urban Parcel,23.54985,77.79875,"{""type"":""Polygon"",""coordinates"":[[[77.79875,23.54985],[77.7994,23.54985],[77.7994,23.5505],[77.79875,23.5505],[77.79875,23.54985]]]}",2026-06-03T12:00:00,2026-09-10T12:00:00,SYNTHETIC DEMO DATA — NOT OFFICIAL GOVERNMENT RECORDS
P1801,P1801,PERSON-001,Rahul Sharma,"Sector 1, Sanchi Road, Vidisha",9,Sanchi Road,Vidisha,Vidisha,Madhya Pradesh,464001,SUR-20800,KHA-50800,1440.98,Residential,Urban Parcel,23.505,77.8,"{""type"":""Polygon"",""coordinates"":[[[77.8,23.505],[77.80065,23.505],[77.80065,23.50565],[77.8,23.50565],[77.8,23.505]]]}",2026-06-02T12:00:00,2026-09-10T12:00:00,SYNTHETIC DEMO DATA — NOT OFFICIAL GOVERNMENT RECORDS
P1802,P1802,PERSON-002,Amit Verma,"Sector 2, Betwa Nagar, Vidisha",10,Betwa Nagar,Vidisha,Vidisha,Madhya Pradesh,464002,SUR-20801,KHA-50801,1487.32,Commercial,Urban Parcel,23.50615,77.8,"{""type"":""Polygon"",""coordinates"":[[[77.8,23.50615],[77.80065,23.50615],[77.80065,23.5068],[77.8,23.5068],[77.8,23.50615]]]}",2026-06-01T12:00:00,2026-09-10T12:00:00,SYNTHETIC DEMO DATA — NOT OFFICIAL GOVERNMENT RECORDS
P1803,P1803,PERSON-003,Neha Patel,"Sector 3, Ganj Basoda Road, Vidisha",11,Ganj Basoda Road,Vidisha,Vidisha,Madhya Pradesh,464003,SUR-20802,KHA-50802,1534.67,Industrial,Urban Parcel,23.5073,77.8,"{""type"":""Polygon"",""coordinates"":[[[77.8,23.5073],[77.80065,23.5073],[77.80065,23.50795],[77.8,23.50795],[77.8,23.5073]]]}",2026-05-31T12:00:00,2026-09-10T12:00:00,SYNTHETIC DEMO DATA — NOT OFFICIAL GOVERNMENT RECORDS
P1804,P1804,PERSON-004,Priya Singh,"Sector 4, Civil Lines Extension, Vidisha",12,Civil Lines Extension,Vidisha,Vidisha,Madhya Pradesh,464004,SUR-20803,KHA-50803,131.29,Agricultural,Urban Parcel,23.50845,77.8,"{""type"":""Polygon"",""coordinates"":[[[77.8,23.50845],[77.80065,23.50845],[77.80065,23.5091],[77.8,23.5091],[77.8,23.50845]]]}",2026-05-30T12:00:00,2026-09-10T12:00:00,SYNTHETIC DEMO DATA — NOT OFFICIAL GOVERNMENT RECORDS
P1805,P1805,PERSON-005,Suresh Yadav,"Sector 5, Kachhi Khedi, Vidisha",1,Kachhi Khedi,Vidisha,Vidisha,Madhya Pradesh,464005,SUR-20804,KHA-50804,178.89,Institutional,Urban Parcel,23.5096,77.8,"{""type"":""Polygon"",""coordinates"":[[[77.8,23.5096],[77.80065,23.5096],[77.80065,23.51025],[77.8,23.51025],[77.8,23.5096]]]}",2026-05-29T12:00:00,2026-09-10T12:00:00,SYNTHETIC DEMO DATA — NOT OFFICIAL GOVERNMENT RECORDS
P1806,P1806,PERSON-006,Anjali Jain,"Sector 6, Madhav Nagar, Vidisha",2,Madhav Nagar,Vidisha,Vidisha,Madhya Pradesh,464006,SUR-20805,KHA-50805,225.48,Mixed Use,Urban Parcel,23.51075,77.8,"{""type"":""Polygon"",""coordinates"":[[[77.8,23.51075],[77.80065,23.51075],[77.80065,23.5114],[77.8,23.5114],[77.8,23.51075]]]}",2026-05-28T12:00:00,2026-09-10T12:00:00,SYNTHETIC DEMO DATA — NOT OFFICIAL GOVERNMENT RECORDS
P1807,P1807,PERSON-007,Vikram Mehta,"Sector 7, Raisen Link, Vidisha",3,Raisen Link,Vidisha,Vidisha,Madhya Pradesh,464007,SUR-20806,KHA-50806,272.2,Vacant Land,Urban Parcel,23.5119,77.8,"{""type"":""Polygon"",""coordinates"":[[[77.8,23.5119],[77.80065,23.5119],[77.80065,23.51255],[77.8,23.51255],[77.8,23.5119]]]}",2026-05-27T12:00:00,2026-09-10T12:00:00,SYNTHETIC DEMO DATA — NOT OFFICIAL GOVERNMENT RECORDS
P1808,P1808,PERSON-008,Kavita Joshi,"Sector 8, Vidisha Urban, Vidisha",4,Vidisha Urban,Vidisha,Vidisha,Madhya Pradesh,464008,SUR-20807,KHA-50807,319.05,Public/Semi-Public,Urban Parcel,23.51305,77.8,"{""type"":""Polygon"",""coordinates"":[[[77.8,23.51305],[77.80065,23.51305],[77.80065,23.5137],[77.8,23.5137],[77.8,23.51305]]]}",2026-05-26T12:00:00,2026-09-10T12:00:00,SYNTHETIC DEMO DATA — NOT OFFICIAL GOVERNMENT RECORDS
P1809,P1809,PERSON-009,Manoj Gupta,"Sector 9, Sanchi Road, Vidisha",5,Sanchi Road,Vidisha,Vidisha,Madhya Pradesh,464009,SUR-20808,KHA-50808,366.39,Residential,Urban Parcel,23.5142,77.8,"{""type"":""Polygon"",""coordinates"":[[[77.8,23.5142],[77.80065,23.5142],[77.80065,23.51485],[77.8,23.51485],[77.8,23.5142]]]}",2026-05-25T12:00:00,2026-09-10T12:00:00,SYNTHETIC DEMO DATA — NOT OFFICIAL GOVERNMENT RECORDS
P1810,P1810,PERSON-010,Ritu Mishra,"Sector 10, Betwa Nagar, Vidisha",6,Betwa Nagar,Vidisha,Vidisha,Madhya Pradesh,464010,SUR-20809,KHA-50809,413.42,Commercial,Urban Parcel,23.51535,77.8,"{""type"":""Polygon"",""coordinates"":[[[77.8,23.51535],[77.80065,23.51535],[77.80065,23.516],[77.8,23.516],[77.8,23.51535]]]}",2026-05-24T12:00:00,2026-09-10T12:00:00,SYNTHETIC DEMO DATA — NOT OFFICIAL GOVERNMENT RECORDS
P1811,P1811,PERSON-011,Arjun Malviya,"Sector 11, Ganj Basoda Road, Vidisha",7,Ganj Basoda Road,Vidisha,Vidisha,Madhya Pradesh,464011,SUR-20810,KHA-50810,460.02,Industrial,Urban Parcel,23.5165,77.8,"{""type"":""Polygon"",""coordinates"":[[[77.8,23.5165],[77.80065,23.5165],[77.80065,23.51715],[77.8,23.51715],[77.8,23.5165]]]}",2026-05-23T12:00:00,2026-09-10T12:00:00,SYNTHETIC DEMO DATA — NOT OFFICIAL GOVERNMENT RECORDS
P1812,P1812,PERSON-012,Pooja Thakur,"Sector 12, Civil Lines Extension, Vidisha",8,Civil Lines Extension,Vidisha,Vidisha,Madhya Pradesh,464012,SUR-20811,KHA-50811,507.34,Agricultural,Urban Parcel,23.51765,77.8,"{""type"":""Polygon"",""coordinates"":[[[77.8,23.51765],[77.80065,23.51765],[77.80065,23.5183],[77.8,23.5183],[77.8,23.51765]]]}",2026-05-22T12:00:00,2026-09-10T12:00:00,SYNTHETIC DEMO DATA — NOT OFFICIAL GOVERNMENT RECORDS
P1813,P1813,PERSON-013,Nitin Saxena,"Sector 13, Kachhi Khedi, Vidisha",9,Kachhi Khedi,Vidisha,Vidisha,Madhya Pradesh,464013,SUR-20812,KHA-50812,554.25,Institutional,Urban Parcel,23.5188,77.8,"{""type"":""Polygon"",""coordinates"":[[[77.8,23.5188],[77.80065,23.5188],[77.80065,23.51945],[77.8,23.51945],[77.8,23.5188]]]}",2026-05-21T12:00:00,2026-09-10T12:00:00,SYNTHETIC DEMO DATA — NOT OFFICIAL GOVERNMENT RECORDS
P1814,P1814,PERSON-014,Meera Chouhan,"Sector 14, Madhav Nagar, Vidisha",10,Madhav Nagar,Vidisha,Vidisha,Madhya Pradesh,464014,SUR-20813,KHA-50813,601.82,Mixed Use,Urban Parcel,23.51995,77.8,"{""type"":""Polygon"",""coordinates"":[[[77.8,23.51995],[77.80065,23.51995],[77.80065,23.5206],[77.8,23.5206],[77.8,23.51995]]]}",2026-05-20T12:00:00,2026-09-10T12:00:00,SYNTHETIC DEMO DATA — NOT OFFICIAL GOVERNMENT RECORDS
P1815,P1815,PERSON-015,Deepak Tiwari,"Sector 15, Raisen Link, Vidisha",11,Raisen Link,Vidisha,Vidisha,Madhya Pradesh,464015,SUR-20814,KHA-50814,648.41,Vacant Land,Urban Parcel,23.5211,77.8,"{""type"":""Polygon"",""coordinates"":[[[77.8,23.5211],[77.80065,23.5211],[77.80065,23.52175],[77.8,23.52175],[77.8,23.5211]]]}",2026-05-19T12:00:00,2026-09-10T12:00:00,SYNTHETIC DEMO DATA — NOT OFFICIAL GOVERNMENT RECORDS
P1816,P1816,PERSON-016,Sunita Rathore,"Sector 16, Vidisha Urban, Vidisha",12,Vidisha Urban,Vidisha,Vidisha,Madhya Pradesh,464016,SUR-20815,KHA-50815,695.07,Public/Semi-Public,Urban Parcel,23.52225,77.8,"{""type"":""Polygon"",""coordinates"":[[[77.8,23.52225],[77.80065,23.52225],[77.80065,23.5229],[77.8,23.5229],[77.8,23.52225]]]}",2026-05-18T12:00:00,2026-09-10T12:00:00,SYNTHETIC DEMO DATA — NOT OFFICIAL GOVERNMENT RECORDS
P1817,P1817,PERSON-017,Karan Dubey,"Sector 17, Sanchi Road, Vidisha",1,Sanchi Road,Vidisha,Vidisha,Madhya Pradesh,464017,SUR-20816,KHA-50816,742.2,Residential,Urban Parcel,23.5234,77.8,"{""type"":""Polygon"",""coordinates"":[[[77.8,23.5234],[77.80065,23.5234],[77.80065,23.52405],[77.8,23.52405],[77.8,23.5234]]]}",2026-05-17T12:00:00,2026-09-10T12:00:00,SYNTHETIC DEMO DATA — NOT OFFICIAL GOVERNMENT RECORDS
P1818,P1818,PERSON-018,Isha Kulkarni,"Sector 18, Betwa Nagar, Vidisha",2,Betwa Nagar,Vidisha,Vidisha,Madhya Pradesh,464018,SUR-20817,KHA-50817,789.08,Commercial,Urban Parcel,23.52455,77.8,"{""type"":""Polygon"",""coordinates"":[[[77.8,23.52455],[77.80065,23.52455],[77.80065,23.5252],[77.8,23.5252],[77.8,23.52455]]]}",2026-05-16T12:00:00,2026-09-10T12:00:00,SYNTHETIC DEMO DATA — NOT OFFICIAL GOVERNMENT RECORDS
P1819,P1819,PERSON-019,Mohan Solanki,"Sector 19, Ganj Basoda Road, Vidisha",3,Ganj Basoda Road,Vidisha,Vidisha,Madhya Pradesh,464019,SUR-20818,KHA-50818,836.15,Industrial,Urban Parcel,23.5257,77.8,"{""type"":""Polygon"",""coordinates"":[[[77.8,23.5257],[77.80065,23.5257],[77.80065,23.52635],[77.8,23.52635],[77.8,23.5257]]]}",2026-05-15T12:00:00,2026-09-10T12:00:00,SYNTHETIC DEMO DATA — NOT OFFICIAL GOVERNMENT RECORDS
P1820,P1820,PERSON-020,Rekha Bansal,"Sector 20, Civil Lines Extension, Vidisha",4,Civil Lines Extension,Vidisha,Vidisha,Madhya Pradesh,464020,SUR-20819,KHA-50819,883.71,Agricultural,Urban Parcel,23.52685,77.8,"{""type"":""Polygon"",""coordinates"":[[[77.8,23.52685],[77.80065,23.52685],[77.80065,23.5275],[77.8,23.5275],[77.8,23.52685]]]}",2026-05-14T12:00:00,2026-09-10T12:00:00,SYNTHETIC DEMO DATA — NOT OFFICIAL GOVERNMENT RECORDS
P1821,P1821,PERSON-021,Rahul Sharma 2,"Sector 21, Kachhi Khedi, Vidisha",5,Kachhi Khedi,Vidisha,Vidisha,Madhya Pradesh,464021,SUR-20820,KHA-50820,930.13,Institutional,Urban Parcel,23.528,77.8,"{""type"":""Polygon"",""coordinates"":[[[77.8,23.528],[77.80065,23.528],[77.80065,23.52865],[77.8,23.52865],[77.8,23.528]]]}",2026-05-13T12:00:00,2026-09-10T12:00:00,SYNTHETIC DEMO DATA — NOT OFFICIAL GOVERNMENT RECORDS
P1822,P1822,PERSON-022,Amit Verma 2,"Sector 22, Madhav Nagar, Vidisha",6,Madhav Nagar,Vidisha,Vidisha,Madhya Pradesh,464022,SUR-20821,KHA-50821,977.22,Mixed Use,Urban Parcel,23.52915,77.8,"{""type"":""Polygon"",""coordinates"":[[[77.8,23.52915],[77.80065,23.52915],[77.80065,23.5298],[77.8,23.5298],[77.8,23.52915]]]}",2026-05-12T12:00:00,2026-09-10T12:00:00,SYNTHETIC DEMO DATA — NOT OFFICIAL GOVERNMENT RECORDS
P1823,P1823,PERSON-023,Neha Patel 2,"Sector 23, Raisen Link, Vidisha",7,Raisen Link,Vidisha,Vidisha,Madhya Pradesh,464023,SUR-20822,KHA-50822,1024.95,Vacant Land,Urban Parcel,23.5303,77.8,"{""type"":""Polygon"",""coordinates"":[[[77.8,23.5303],[77.80065,23.5303],[77.80065,23.53095],[77.8,23.53095],[77.8,23.5303]]]}",2026-05-11T12:00:00,2026-09-10T12:00:00,SYNTHETIC DEMO DATA — NOT OFFICIAL GOVERNMENT RECORDS
P1824,P1824,PERSON-024,Priya Singh 2,"Sector 24, Vidisha Urban, Vidisha",8,Vidisha Urban,Vidisha,Vidisha,Madhya Pradesh,464024,SUR-20823,KHA-50823,1071.2,Public/Semi-Public,Urban Parcel,23.53145,77.8,"{""type"":""Polygon"",""coordinates"":[[[77.8,23.53145],[77.80065,23.53145],[77.80065,23.5321],[77.8,23.5321],[77.8,23.53145]]]}",2026-05-10T12:00:00,2026-09-10T12:00:00,SYNTHETIC DEMO DATA — NOT OFFICIAL GOVERNMENT RECORDS
P1825,P1825,PERSON-025,Suresh Yadav 2,"Sector 25, Sanchi Road, Vidisha",9,Sanchi Road,Vidisha,Vidisha,Madhya Pradesh,464025,SUR-20824,KHA-50824,1118.78,Residential,Urban Parcel,23.5326,77.8,"{""type"":""Polygon"",""coordinates"":[[[77.8,23.5326],[77.80065,23.5326],[77.80065,23.53325],[77.8,23.53325],[77.8,23.5326]]]}",2026-05-09T12:00:00,2026-09-10T12:00:00,SYNTHETIC DEMO DATA — NOT OFFICIAL GOVERNMENT RECORDS
P1826,P1826,PERSON-026,Anjali Jain 2,"Sector 1, Betwa Nagar, Vidisha",10,Betwa Nagar,Vidisha,Vidisha,Madhya Pradesh,464026,SUR-20825,KHA-50825,1165.2,Commercial,Urban Parcel,23.53375,77.8,"{""type"":""Polygon"",""coordinates"":[[[77.8,23.53375],[77.80065,23.53375],[77.80065,23.5344],[77.8,23.5344],[77.8,23.53375]]]}",2026-05-08T12:00:00,2026-09-10T12:00:00,SYNTHETIC DEMO DATA — NOT OFFICIAL GOVERNMENT RECORDS
P1827,P1827,PERSON-027,Vikram Mehta 2,"Sector 2, Ganj Basoda Road, Vidisha",11,Ganj Basoda Road,Vidisha,Vidisha,Madhya Pradesh,464027,SUR-20826,KHA-50826,1212.45,Industrial,Urban Parcel,23.5349,77.8,"{""type"":""Polygon"",""coordinates"":[[[77.8,23.5349],[77.80065,23.5349],[77.80065,23.53555],[77.8,23.53555],[77.8,23.5349]]]}",2026-05-07T12:00:00,2026-09-10T12:00:00,SYNTHETIC DEMO DATA — NOT OFFICIAL GOVERNMENT RECORDS
P1828,P1828,PERSON-028,Kavita Joshi 2,"Sector 3, Civil Lines Extension, Vidisha",12,Civil Lines Extension,Vidisha,Vidisha,Madhya Pradesh,464028,SUR-20827,KHA-50827,1259.44,Agricultural,Urban Parcel,23.53605,77.8,"{""type"":""Polygon"",""coordinates"":[[[77.8,23.53605],[77.80065,23.53605],[77.80065,23.5367],[77.8,23.5367],[77.8,23.53605]]]}",2026-05-06T12:00:00,2026-09-10T12:00:00,SYNTHETIC DEMO DATA — NOT OFFICIAL GOVERNMENT RECORDS
P1829,P1829,PERSON-029,Manoj Gupta 2,"Sector 4, Kachhi Khedi, Vidisha",1,Kachhi Khedi,Vidisha,Vidisha,Madhya Pradesh,464029,SUR-20828,KHA-50828,1306.66,Institutional,Urban Parcel,23.5372,77.8,"{""type"":""Polygon"",""coordinates"":[[[77.8,23.5372],[77.80065,23.5372],[77.80065,23.53785],[77.8,23.53785],[77.8,23.5372]]]}",2026-05-05T12:00:00,2026-09-10T12:00:00,SYNTHETIC DEMO DATA — NOT OFFICIAL GOVERNMENT RECORDS
P1830,P1830,PERSON-030,Ritu Mishra 2,"Sector 5, Madhav Nagar, Vidisha",2,Madhav Nagar,Vidisha,Vidisha,Madhya Pradesh,464030,SUR-20829,KHA-50829,1353.95,Mixed Use,Urban Parcel,23.53835,77.8,"{""type"":""Polygon"",""coordinates"":[[[77.8,23.53835],[77.80065,23.53835],[77.80065,23.539],[77.8,23.539],[77.8,23.53835]]]}",2026-05-04T12:00:00,2026-09-10T12:00:00,SYNTHETIC DEMO DATA — NOT OFFICIAL GOVERNMENT RECORDS
P1831,P1831,PERSON-031,Arjun Malviya 2,"Sector 6, Raisen Link, Vidisha",3,Raisen Link,Vidisha,Vidisha,Madhya Pradesh,464031,SUR-20830,KHA-50830,1400.89,Vacant Land,Urban Parcel,23.5395,77.8,"{""type"":""Polygon"",""coordinates"":[[[77.8,23.5395],[77.80065,23.5395],[77.80065,23.54015],[77.8,23.54015],[77.8,23.5395]]]}",2026-05-03T12:00:00,2026-09-10T12:00:00,SYNTHETIC DEMO DATA — NOT OFFICIAL GOVERNMENT RECORDS
P1832,P1832,PERSON-032,Pooja Thakur 2,"Sector 7, Vidisha Urban, Vidisha",4,Vidisha Urban,Vidisha,Vidisha,Madhya Pradesh,464032,SUR-20831,KHA-50831,1447.53,Public/Semi-Public,Urban Parcel,23.54065,77.8,"{""type"":""Polygon"",""coordinates"":[[[77.8,23.54065],[77.80065,23.54065],[77.80065,23.5413],[77.8,23.5413],[77.8,23.54065]]]}",2026-05-02T12:00:00,2026-09-10T12:00:00,SYNTHETIC DEMO DATA — NOT OFFICIAL GOVERNMENT RECORDS
P1833,P1833,PERSON-033,Nitin Saxena 2,"Sector 8, Sanchi Road, Vidisha",5,Sanchi Road,Vidisha,Vidisha,Madhya Pradesh,464033,SUR-20832,KHA-50832,1494.78,Residential,Urban Parcel,23.5418,77.8,"{""type"":""Polygon"",""coordinates"":[[[77.8,23.5418],[77.80065,23.5418],[77.80065,23.54245],[77.8,23.54245],[77.8,23.5418]]]}",2026-05-01T12:00:00,2026-09-10T12:00:00,SYNTHETIC DEMO DATA — NOT OFFICIAL GOVERNMENT RECORDS
P1834,P1834,PERSON-034,Meera Chouhan 2,"Sector 9, Betwa Nagar, Vidisha",6,Betwa Nagar,Vidisha,Vidisha,Madhya Pradesh,464034,SUR-20833,KHA-50833,91.03,Commercial,Urban Parcel,23.54295,77.8,"{""type"":""Polygon"",""coordinates"":[[[77.8,23.54295],[77.80065,23.54295],[77.80065,23.5436],[77.8,23.5436],[77.8,23.54295]]]}",2026-04-30T12:00:00,2026-09-10T12:00:00,SYNTHETIC DEMO DATA — NOT OFFICIAL GOVERNMENT RECORDS
P1835,P1835,PERSON-035,Deepak Tiwari 2,"Sector 10, Ganj Basoda Road, Vidisha",7,Ganj Basoda Road,Vidisha,Vidisha,Madhya Pradesh,464035,SUR-20834,KHA-50834,138.26,Industrial,Urban Parcel,23.5441,77.8,"{""type"":""Polygon"",""coordinates"":[[[77.8,23.5441],[77.80065,23.5441],[77.80065,23.54475],[77.8,23.54475],[77.8,23.5441]]]}",2026-04-29T12:00:00,2026-09-10T12:00:00,SYNTHETIC DEMO DATA — NOT OFFICIAL GOVERNMENT RECORDS
P1836,P1836,PERSON-036,Sunita Rathore 2,"Sector 11, Civil Lines Extension, Vidisha",8,Civil Lines Extension,Vidisha,Vidisha,Madhya Pradesh,464036,SUR-20835,KHA-50835,185.44,Agricultural,Urban Parcel,23.54525,77.8,"{""type"":""Polygon"",""coordinates"":[[[77.8,23.54525],[77.80065,23.54525],[77.80065,23.5459],[77.8,23.5459],[77.8,23.54525]]]}",2026-04-28T12:00:00,2026-09-10T12:00:00,SYNTHETIC DEMO DATA — NOT OFFICIAL GOVERNMENT RECORDS
P1837,P1837,PERSON-037,Karan Dubey 2,"Sector 12, Kachhi Khedi, Vidisha",9,Kachhi Khedi,Vidisha,Vidisha,Madhya Pradesh,464037,SUR-20836,KHA-50836,232.76,Institutional,Urban Parcel,23.5464,77.8,"{""type"":""Polygon"",""coordinates"":[[[77.8,23.5464],[77.80065,23.5464],[77.80065,23.54705],[77.8,23.54705],[77.8,23.5464]]]}",2026-04-27T12:00:00,2026-09-10T12:00:00,SYNTHETIC DEMO DATA — NOT OFFICIAL GOVERNMENT RECORDS
P1838,P1838,PERSON-038,Isha Kulkarni 2,"Sector 13, Madhav Nagar, Vidisha",10,Madhav Nagar,Vidisha,Vidisha,Madhya Pradesh,464038,SUR-20837,KHA-50837,279.43,Mixed Use,Urban Parcel,23.54755,77.8,"{""type"":""Polygon"",""coordinates"":[[[77.8,23.54755],[77.80065,23.54755],[77.80065,23.5482],[77.8,23.5482],[77.8,23.54755]]]}",2026-04-26T12:00:00,2026-09-10T12:00:00,SYNTHETIC DEMO DATA — NOT OFFICIAL GOVERNMENT RECORDS
P1839,P1839,PERSON-039,Mohan Solanki 2,"Sector 14, Raisen Link, Vidisha",11,Raisen Link,Vidisha,Vidisha,Madhya Pradesh,464039,SUR-20838,KHA-50838,326.09,Vacant Land,Urban Parcel,23.5487,77.8,"{""type"":""Polygon"",""coordinates"":[[[77.8,23.5487],[77.80065,23.5487],[77.80065,23.54935],[77.8,23.54935],[77.8,23.5487]]]}",2026-04-25T12:00:00,2026-09-10T12:00:00,SYNTHETIC DEMO DATA — NOT OFFICIAL GOVERNMENT RECORDS
P1840,P1840,PERSON-040,Rekha Bansal 2,"Sector 15, Vidisha Urban, Vidisha",12,Vidisha Urban,Vidisha,Vidisha,Madhya Pradesh,464040,SUR-20839,KHA-50839,373.13,Public/Semi-Public,Urban Parcel,23.54985,77.8,"{""type"":""Polygon"",""coordinates"":[[[77.8,23.54985],[77.80065,23.54985],[77.80065,23.5505],[77.8,23.5505],[77.8,23.54985]]]}",2026-04-24T12:00:00,2026-09-10T12:00:00,SYNTHETIC DEMO DATA — NOT OFFICIAL GOVERNMENT RECORDS
P1841,P1841,PERSON-041,Rahul Sharma 3,"Sector 16, Sanchi Road, Vidisha",1,Sanchi Road,Vidisha,Vidisha,Madhya Pradesh,464041,SUR-20840,KHA-50840,420.4,Residential,Urban Parcel,23.505,77.80125,"{""type"":""Polygon"",""coordinates"":[[[77.80125,23.505],[77.8019,23.505],[77.8019,23.50565],[77.80125,23.50565],[77.80125,23.505]]]}",2026-04-23T12:00:00,2026-09-10T12:00:00,SYNTHETIC DEMO DATA — NOT OFFICIAL GOVERNMENT RECORDS
P1842,P1842,PERSON-042,Amit Verma 3,"Sector 17, Betwa Nagar, Vidisha",2,Betwa Nagar,Vidisha,Vidisha,Madhya Pradesh,464042,SUR-20841,KHA-50841,467.93,Commercial,Urban Parcel,23.50615,77.80125,"{""type"":""Polygon"",""coordinates"":[[[77.80125,23.50615],[77.8019,23.50615],[77.8019,23.5068],[77.80125,23.5068],[77.80125,23.50615]]]}",2026-04-22T12:00:00,2026-09-10T12:00:00,SYNTHETIC DEMO DATA — NOT OFFICIAL GOVERNMENT RECORDS
P1843,P1843,PERSON-043,Neha Patel 3,"Sector 18, Ganj Basoda Road, Vidisha",3,Ganj Basoda Road,Vidisha,Vidisha,Madhya Pradesh,464043,SUR-20842,KHA-50842,514.04,Industrial,Urban Parcel,23.5073,77.80125,"{""type"":""Polygon"",""coordinates"":[[[77.80125,23.5073],[77.8019,23.5073],[77.8019,23.50795],[77.80125,23.50795],[77.80125,23.5073]]]}",2026-04-21T12:00:00,2026-09-10T12:00:00,SYNTHETIC DEMO DATA — NOT OFFICIAL GOVERNMENT RECORDS
P1844,P1844,PERSON-044,Priya Singh 3,"Sector 19, Civil Lines Extension, Vidisha",4,Civil Lines Extension,Vidisha,Vidisha,Madhya Pradesh,464044,SUR-20843,KHA-50843,561.89,Agricultural,Urban Parcel,23.50845,77.80125,"{""type"":""Polygon"",""coordinates"":[[[77.80125,23.50845],[77.8019,23.50845],[77.8019,23.5091],[77.80125,23.5091],[77.80125,23.50845]]]}",2026-04-20T12:00:00,2026-09-10T12:00:00,SYNTHETIC DEMO DATA — NOT OFFICIAL GOVERNMENT RECORDS
P1845,P1845,PERSON-045,Suresh Yadav 3,"Sector 20, Kachhi Khedi, Vidisha",5,Kachhi Khedi,Vidisha,Vidisha,Madhya Pradesh,464045,SUR-20844,KHA-50844,608.84,Institutional,Urban Parcel,23.5096,77.80125,"{""type"":""Polygon"",""coordinates"":[[[77.80125,23.5096],[77.8019,23.5096],[77.8019,23.51025],[77.80125,23.51025],[77.80125,23.5096]]]}",2026-04-19T12:00:00,2026-09-10T12:00:00,SYNTHETIC DEMO DATA — NOT OFFICIAL GOVERNMENT RECORDS
P1846,P1846,PERSON-046,Anjali Jain 3,"Sector 21, Madhav Nagar, Vidisha",6,Madhav Nagar,Vidisha,Vidisha,Madhya Pradesh,464046,SUR-20845,KHA-50845,655.09,Mixed Use,Urban Parcel,23.51075,77.80125,"{""type"":""Polygon"",""coordinates"":[[[77.80125,23.51075],[77.8019,23.51075],[77.8019,23.5114],[77.80125,23.5114],[77.80125,23.51075]]]}",2026-04-18T12:00:00,2026-09-10T12:00:00,SYNTHETIC DEMO DATA — NOT OFFICIAL GOVERNMENT RECORDS
P1847,P1847,PERSON-047,Vikram Mehta 3,"Sector 22, Raisen Link, Vidisha",7,Raisen Link,Vidisha,Vidisha,Madhya Pradesh,464047,SUR-20846,KHA-50846,702.91,Vacant Land,Urban Parcel,23.5119,77.80125,"{""type"":""Polygon"",""coordinates"":[[[77.80125,23.5119],[77.8019,23.5119],[77.8019,23.51255],[77.80125,23.51255],[77.80125,23.5119]]]}",2026-04-17T12:00:00,2026-09-10T12:00:00,SYNTHETIC DEMO DATA — NOT OFFICIAL GOVERNMENT RECORDS
P1848,P1848,PERSON-048,Kavita Joshi 3,"Sector 23, Vidisha Urban, Vidisha",8,Vidisha Urban,Vidisha,Vidisha,Madhya Pradesh,464048,SUR-20847,KHA-50847,749.28,Public/Semi-Public,Urban Parcel,23.51305,77.80125,"{""type"":""Polygon"",""coordinates"":[[[77.80125,23.51305],[77.8019,23.51305],[77.8019,23.5137],[77.80125,23.5137],[77.80125,23.51305]]]}",2026-04-16T12:00:00,2026-09-10T12:00:00,SYNTHETIC DEMO DATA — NOT OFFICIAL GOVERNMENT RECORDS
P1849,P1849,PERSON-049,Manoj Gupta 3,"Sector 24, Sanchi Road, Vidisha",9,Sanchi Road,Vidisha,Vidisha,Madhya Pradesh,464049,SUR-20848,KHA-50848,796.16,Residential,Urban Parcel,23.5142,77.80125,"{""type"":""Polygon"",""coordinates"":[[[77.80125,23.5142],[77.8019,23.5142],[77.8019,23.51485],[77.80125,23.51485],[77.80125,23.5142]]]}",2026-04-15T12:00:00,2026-09-10T12:00:00,SYNTHETIC DEMO DATA — NOT OFFICIAL GOVERNMENT RECORDS
P1850,P1850,PERSON-050,Ritu Mishra 3,"Sector 25, Betwa Nagar, Vidisha",10,Betwa Nagar,Vidisha,Vidisha,Madhya Pradesh,464050,SUR-20849,KHA-50849,843.16,Commercial,Urban Parcel,23.51535,77.80125,"{""type"":""Polygon"",""coordinates"":[[[77.80125,23.51535],[77.8019,23.51535],[77.8019,23.516],[77.80125,23.516],[77.80125,23.51535]]]}",2026-04-14T12:00:00,2026-09-10T12:00:00,SYNTHETIC DEMO DATA — NOT OFFICIAL GOVERNMENT RECORDS
P1851,P1851,PERSON-051,Arjun Malviya 3,"Sector 1, Ganj Basoda Road, Vidisha",11,Ganj Basoda Road,Vidisha,Vidisha,Madhya Pradesh,464051,SUR-20850,KHA-50850,890.95,Industrial,Urban Parcel,23.5165,77.80125,"{""type"":""Polygon"",""coordinates"":[[[77.80125,23.5165],[77.8019,23.5165],[77.8019,23.51715],[77.80125,23.51715],[77.80125,23.5165]]]}",2026-04-13T12:00:00,2026-09-10T12:00:00,SYNTHETIC DEMO DATA — NOT OFFICIAL GOVERNMENT RECORDS
P1852,P1852,PERSON-052,Pooja Thakur 3,"Sector 2, Civil Lines Extension, Vidisha",12,Civil Lines Extension,Vidisha,Vidisha,Madhya Pradesh,464052,SUR-20851,KHA-50851,937.66,Agricultural,Urban Parcel,23.51765,77.80125,"{""type"":""Polygon"",""coordinates"":[[[77.80125,23.51765],[77.8019,23.51765],[77.8019,23.5183],[77.80125,23.5183],[77.80125,23.51765]]]}",2026-04-12T12:00:00,2026-09-10T12:00:00,SYNTHETIC DEMO DATA — NOT OFFICIAL GOVERNMENT RECORDS
P1853,P1853,PERSON-053,Nitin Saxena 3,"Sector 3, Kachhi Khedi, Vidisha",1,Kachhi Khedi,Vidisha,Vidisha,Madhya Pradesh,464053,SUR-20852,KHA-50852,984.53,Institutional,Urban Parcel,23.5188,77.80125,"{""type"":""Polygon"",""coordinates"":[[[77.80125,23.5188],[77.8019,23.5188],[77.8019,23.51945],[77.80125,23.51945],[77.80125,23.5188]]]}",2026-04-11T12:00:00,2026-09-10T12:00:00,SYNTHETIC DEMO DATA — NOT OFFICIAL GOVERNMENT RECORDS
P1854,P1854,PERSON-054,Meera Chouhan 3,"Sector 4, Madhav Nagar, Vidisha",2,Madhav Nagar,Vidisha,Vidisha,Madhya Pradesh,464054,SUR-20853,KHA-50853,1031.16,Mixed Use,Urban Parcel,23.51995,77.80125,"{""type"":""Polygon"",""coordinates"":[[[77.80125,23.51995],[77.8019,23.51995],[77.8019,23.5206],[77.80125,23.5206],[77.80125,23.51995]]]}",2026-04-10T12:00:00,2026-09-10T12:00:00,SYNTHETIC DEMO DATA — NOT OFFICIAL GOVERNMENT RECORDS
P1855,P1855,PERSON-055,Deepak Tiwari 3,"Sector 5, Raisen Link, Vidisha",3,Raisen Link,Vidisha,Vidisha,Madhya Pradesh,464055,SUR-20854,KHA-50854,1078.0,Vacant Land,Urban Parcel,23.5211,77.80125,"{""type"":""Polygon"",""coordinates"":[[[77.80125,23.5211],[77.8019,23.5211],[77.8019,23.52175],[77.80125,23.52175],[77.80125,23.5211]]]}",2026-04-09T12:00:00,2026-09-10T12:00:00,SYNTHETIC DEMO DATA — NOT OFFICIAL GOVERNMENT RECORDS
P1856,P1856,PERSON-056,Sunita Rathore 3,"Sector 6, Vidisha Urban, Vidisha",4,Vidisha Urban,Vidisha,Vidisha,Madhya Pradesh,464056,SUR-20855,KHA-50855,1125.31,Public/Semi-Public,Urban Parcel,23.52225,77.80125,"{""type"":""Polygon"",""coordinates"":[[[77.80125,23.52225],[77.8019,23.52225],[77.8019,23.5229],[77.80125,23.5229],[77.80125,23.52225]]]}",2026-04-08T12:00:00,2026-09-10T12:00:00,SYNTHETIC DEMO DATA — NOT OFFICIAL GOVERNMENT RECORDS
P1857,P1857,PERSON-057,Karan Dubey 3,"Sector 7, Sanchi Road, Vidisha",5,Sanchi Road,Vidisha,Vidisha,Madhya Pradesh,464057,SUR-20856,KHA-50856,1172.49,Residential,Urban Parcel,23.5234,77.80125,"{""type"":""Polygon"",""coordinates"":[[[77.80125,23.5234],[77.8019,23.5234],[77.8019,23.52405],[77.80125,23.52405],[77.80125,23.5234]]]}",2026-04-07T12:00:00,2026-09-10T12:00:00,SYNTHETIC DEMO DATA — NOT OFFICIAL GOVERNMENT RECORDS
P1858,P1858,PERSON-058,Isha Kulkarni 3,"Sector 8, Betwa Nagar, Vidisha",6,Betwa Nagar,Vidisha,Vidisha,Madhya Pradesh,464058,SUR-20857,KHA-50857,1219.52,Commercial,Urban Parcel,23.52455,77.80125,"{""type"":""Polygon"",""coordinates"":[[[77.80125,23.52455],[77.8019,23.52455],[77.8019,23.5252],[77.80125,23.5252],[77.80125,23.52455]]]}",2026-04-06T12:00:00,2026-09-10T12:00:00,SYNTHETIC DEMO DATA — NOT OFFICIAL GOVERNMENT RECORDS
P1859,P1859,PERSON-059,Mohan Solanki 3,"Sector 9, Ganj Basoda Road, Vidisha",7,Ganj Basoda Road,Vidisha,Vidisha,Madhya Pradesh,464059,SUR-20858,KHA-50858,1266.78,Industrial,Urban Parcel,23.5257,77.80125,"{""type"":""Polygon"",""coordinates"":[[[77.80125,23.5257],[77.8019,23.5257],[77.8019,23.52635],[77.80125,23.52635],[77.80125,23.5257]]]}",2026-04-05T12:00:00,2026-09-10T12:00:00,SYNTHETIC DEMO DATA — NOT OFFICIAL GOVERNMENT RECORDS
P1860,P1860,PERSON-060,Rekha Bansal 3,"Sector 10, Civil Lines Extension, Vidisha",8,Civil Lines Extension,Vidisha,Vidisha,Madhya Pradesh,464060,SUR-20859,KHA-50859,1313.32,Agricultural,Urban Parcel,23.52685,77.80125,"{""type"":""Polygon"",""coordinates"":[[[77.80125,23.52685],[77.8019,23.52685],[77.8019,23.5275],[77.80125,23.5275],[77.80125,23.52685]]]}",2026-04-04T12:00:00,2026-09-10T12:00:00,SYNTHETIC DEMO DATA — NOT OFFICIAL GOVERNMENT RECORDS
P1861,P1861,PERSON-061,Rahul Sharma 4,"Sector 11, Kachhi Khedi, Vidisha",9,Kachhi Khedi,Vidisha,Vidisha,Madhya Pradesh,464061,SUR-20860,KHA-50860,1360.92,Institutional,Urban Parcel,23.528,77.80125,"{""type"":""Polygon"",""coordinates"":[[[77.80125,23.528],[77.8019,23.528],[77.8019,23.52865],[77.80125,23.52865],[77.80125,23.528]]]}",2026-04-03T12:00:00,2026-09-10T12:00:00,SYNTHETIC DEMO DATA — NOT OFFICIAL GOVERNMENT RECORDS
P1862,P1862,PERSON-062,Amit Verma 4,"Sector 12, Madhav Nagar, Vidisha",10,Madhav Nagar,Vidisha,Vidisha,Madhya Pradesh,464062,SUR-20861,KHA-50861,1407.43,Mixed Use,Urban Parcel,23.52915,77.80125,"{""type"":""Polygon"",""coordinates"":[[[77.80125,23.52915],[77.8019,23.52915],[77.8019,23.5298],[77.80125,23.5298],[77.80125,23.52915]]]}",2026-04-02T12:00:00,2026-09-10T12:00:00,SYNTHETIC DEMO DATA — NOT OFFICIAL GOVERNMENT RECORDS
P1863,P1863,PERSON-063,Neha Patel 4,"Sector 13, Raisen Link, Vidisha",11,Raisen Link,Vidisha,Vidisha,Madhya Pradesh,464063,SUR-20862,KHA-50862,1454.47,Vacant Land,Urban Parcel,23.5303,77.80125,"{""type"":""Polygon"",""coordinates"":[[[77.80125,23.5303],[77.8019,23.5303],[77.8019,23.53095],[77.80125,23.53095],[77.80125,23.5303]]]}",2026-04-01T12:00:00,2026-09-10T12:00:00,SYNTHETIC DEMO DATA — NOT OFFICIAL GOVERNMENT RECORDS
P1864,P1864,PERSON-064,Priya Singh 4,"Sector 14, Vidisha Urban, Vidisha",12,Vidisha Urban,Vidisha,Vidisha,Madhya Pradesh,464064,SUR-20863,KHA-50863,1501.65,Public/Semi-Public,Urban Parcel,23.53145,77.80125,"{""type"":""Polygon"",""coordinates"":[[[77.80125,23.53145],[77.8019,23.53145],[77.8019,23.5321],[77.80125,23.5321],[77.80125,23.53145]]]}",2026-03-31T12:00:00,2026-09-10T12:00:00,SYNTHETIC DEMO DATA — NOT OFFICIAL GOVERNMENT RECORDS
P1865,P1865,PERSON-065,Suresh Yadav 4,"Sector 15, Sanchi Road, Vidisha",1,Sanchi Road,Vidisha,Vidisha,Madhya Pradesh,464065,SUR-20864,KHA-50864,98.93,Residential,Urban Parcel,23.5326,77.80125,"{""type"":""Polygon"",""coordinates"":[[[77.80125,23.5326],[77.8019,23.5326],[77.8019,23.53325],[77.80125,23.53325],[77.80125,23.5326]]]}",2026-03-30T12:00:00,2026-09-10T12:00:00,SYNTHETIC DEMO DATA — NOT OFFICIAL GOVERNMENT RECORDS
P1866,P1866,PERSON-066,Anjali Jain 4,"Sector 16, Betwa Nagar, Vidisha",2,Betwa Nagar,Vidisha,Vidisha,Madhya Pradesh,464066,SUR-20865,KHA-50865,145.45,Commercial,Urban Parcel,23.53375,77.80125,"{""type"":""Polygon"",""coordinates"":[[[77.80125,23.53375],[77.8019,23.53375],[77.8019,23.5344],[77.80125,23.5344],[77.80125,23.53375]]]}",2026-03-29T12:00:00,2026-09-10T12:00:00,SYNTHETIC DEMO DATA — NOT OFFICIAL GOVERNMENT RECORDS
P1867,P1867,PERSON-067,Vikram Mehta 4,"Sector 17, Ganj Basoda Road, Vidisha",3,Ganj Basoda Road,Vidisha,Vidisha,Madhya Pradesh,464067,SUR-20866,KHA-50866,192.67,Industrial,Urban Parcel,23.5349,77.80125,"{""type"":""Polygon"",""coordinates"":[[[77.80125,23.5349],[77.8019,23.5349],[77.8019,23.53555],[77.80125,23.53555],[77.80125,23.5349]]]}",2026-03-28T12:00:00,2026-09-10T12:00:00,SYNTHETIC DEMO DATA — NOT OFFICIAL GOVERNMENT RECORDS
P1868,P1868,PERSON-068,Kavita Joshi 4,"Sector 18, Civil Lines Extension, Vidisha",4,Civil Lines Extension,Vidisha,Vidisha,Madhya Pradesh,464068,SUR-20867,KHA-50867,239.52,Agricultural,Urban Parcel,23.53605,77.80125,"{""type"":""Polygon"",""coordinates"":[[[77.80125,23.53605],[77.8019,23.53605],[77.8019,23.5367],[77.80125,23.5367],[77.80125,23.53605]]]}",2026-03-27T12:00:00,2026-09-10T12:00:00,SYNTHETIC DEMO DATA — NOT OFFICIAL GOVERNMENT RECORDS
P1869,P1869,PERSON-069,Manoj Gupta 4,"Sector 19, Kachhi Khedi, Vidisha",5,Kachhi Khedi,Vidisha,Vidisha,Madhya Pradesh,464069,SUR-20868,KHA-50868,286.15,Institutional,Urban Parcel,23.5372,77.80125,"{""type"":""Polygon"",""coordinates"":[[[77.80125,23.5372],[77.8019,23.5372],[77.8019,23.53785],[77.80125,23.53785],[77.80125,23.5372]]]}",2026-03-26T12:00:00,2026-09-10T12:00:00,SYNTHETIC DEMO DATA — NOT OFFICIAL GOVERNMENT RECORDS
P1870,P1870,PERSON-070,Ritu Mishra 4,"Sector 20, Madhav Nagar, Vidisha",6,Madhav Nagar,Vidisha,Vidisha,Madhya Pradesh,464070,SUR-20869,KHA-50869,333.09,Mixed Use,Urban Parcel,23.53835,77.80125,"{""type"":""Polygon"",""coordinates"":[[[77.80125,23.53835],[77.8019,23.53835],[77.8019,23.539],[77.80125,23.539],[77.80125,23.53835]]]}",2026-03-25T12:00:00,2026-09-10T12:00:00,SYNTHETIC DEMO DATA — NOT OFFICIAL GOVERNMENT RECORDS
P1871,P1871,PERSON-071,Arjun Malviya 4,"Sector 21, Raisen Link, Vidisha",7,Raisen Link,Vidisha,Vidisha,Madhya Pradesh,464071,SUR-20870,KHA-50870,380.62,Vacant Land,Urban Parcel,23.5395,77.80125,"{""type"":""Polygon"",""coordinates"":[[[77.80125,23.5395],[77.8019,23.5395],[77.8019,23.54015],[77.80125,23.54015],[77.80125,23.5395]]]}",2026-03-24T12:00:00,2026-09-10T12:00:00,SYNTHETIC DEMO DATA — NOT OFFICIAL GOVERNMENT RECORDS
P1872,P1872,PERSON-072,Pooja Thakur 4,"Sector 22, Vidisha Urban, Vidisha",8,Vidisha Urban,Vidisha,Vidisha,Madhya Pradesh,464072,SUR-20871,KHA-50871,427.59,Public/Semi-Public,Urban Parcel,23.54065,77.80125,"{""type"":""Polygon"",""coordinates"":[[[77.80125,23.54065],[77.8019,23.54065],[77.8019,23.5413],[77.80125,23.5413],[77.80125,23.54065]]]}",2026-03-23T12:00:00,2026-09-10T12:00:00,SYNTHETIC DEMO DATA — NOT OFFICIAL GOVERNMENT RECORDS
P1873,P1873,PERSON-073,Nitin Saxena 4,"Sector 23, Sanchi Road, Vidisha",9,Sanchi Road,Vidisha,Vidisha,Madhya Pradesh,464073,SUR-20872,KHA-50872,474.3,Residential,Urban Parcel,23.5418,77.80125,"{""type"":""Polygon"",""coordinates"":[[[77.80125,23.5418],[77.8019,23.5418],[77.8019,23.54245],[77.80125,23.54245],[77.80125,23.5418]]]}",2026-03-22T12:00:00,2026-09-10T12:00:00,SYNTHETIC DEMO DATA — NOT OFFICIAL GOVERNMENT RECORDS
P1874,P1874,PERSON-074,Meera Chouhan 4,"Sector 24, Betwa Nagar, Vidisha",10,Betwa Nagar,Vidisha,Vidisha,Madhya Pradesh,464074,SUR-20873,KHA-50873,521.2,Commercial,Urban Parcel,23.54295,77.80125,"{""type"":""Polygon"",""coordinates"":[[[77.80125,23.54295],[77.8019,23.54295],[77.8019,23.5436],[77.80125,23.5436],[77.80125,23.54295]]]}",2026-03-21T12:00:00,2026-09-10T12:00:00,SYNTHETIC DEMO DATA — NOT OFFICIAL GOVERNMENT RECORDS
P1875,P1875,PERSON-075,Deepak Tiwari 4,"Sector 25, Ganj Basoda Road, Vidisha",11,Ganj Basoda Road,Vidisha,Vidisha,Madhya Pradesh,464075,SUR-20874,KHA-50874,568.6,Industrial,Urban Parcel,23.5441,77.80125,"{""type"":""Polygon"",""coordinates"":[[[77.80125,23.5441],[77.8019,23.5441],[77.8019,23.54475],[77.80125,23.54475],[77.80125,23.5441]]]}",2026-03-20T12:00:00,2026-09-10T12:00:00,SYNTHETIC DEMO DATA — NOT OFFICIAL GOVERNMENT RECORDS
P1876,P1876,PERSON-076,Sunita Rathore 4,"Sector 1, Civil Lines Extension, Vidisha",12,Civil Lines Extension,Vidisha,Vidisha,Madhya Pradesh,464076,SUR-20875,KHA-50875,615.32,Agricultural,Urban Parcel,23.54525,77.80125,"{""type"":""Polygon"",""coordinates"":[[[77.80125,23.54525],[77.8019,23.54525],[77.8019,23.5459],[77.80125,23.5459],[77.80125,23.54525]]]}",2026-03-19T12:00:00,2026-09-10T12:00:00,SYNTHETIC DEMO DATA — NOT OFFICIAL GOVERNMENT RECORDS
P1877,P1877,PERSON-077,Karan Dubey 4,"Sector 2, Kachhi Khedi, Vidisha",1,Kachhi Khedi,Vidisha,Vidisha,Madhya Pradesh,464077,SUR-20876,KHA-50876,662.67,Institutional,Urban Parcel,23.5464,77.80125,"{""type"":""Polygon"",""coordinates"":[[[77.80125,23.5464],[77.8019,23.5464],[77.8019,23.54705],[77.80125,23.54705],[77.80125,23.5464]]]}",2026-03-18T12:00:00,2026-09-10T12:00:00,SYNTHETIC DEMO DATA — NOT OFFICIAL GOVERNMENT RECORDS
P1878,P1878,PERSON-078,Isha Kulkarni 4,"Sector 3, Madhav Nagar, Vidisha",2,Madhav Nagar,Vidisha,Vidisha,Madhya Pradesh,464078,SUR-20877,KHA-50877,709.26,Mixed Use,Urban Parcel,23.54755,77.80125,"{""type"":""Polygon"",""coordinates"":[[[77.80125,23.54755],[77.8019,23.54755],[77.8019,23.5482],[77.80125,23.5482],[77.80125,23.54755]]]}",2026-03-17T12:00:00,2026-09-10T12:00:00,SYNTHETIC DEMO DATA — NOT OFFICIAL GOVERNMENT RECORDS
P1879,P1879,PERSON-079,Mohan Solanki 4,"Sector 4, Raisen Link, Vidisha",3,Raisen Link,Vidisha,Vidisha,Madhya Pradesh,464079,SUR-20878,KHA-50878,756.8,Vacant Land,Urban Parcel,23.5487,77.80125,"{""type"":""Polygon"",""coordinates"":[[[77.80125,23.5487],[77.8019,23.5487],[77.8019,23.54935],[77.80125,23.54935],[77.80125,23.5487]]]}",2026-03-16T12:00:00,2026-09-10T12:00:00,SYNTHETIC DEMO DATA — NOT OFFICIAL GOVERNMENT RECORDS
P1880,P1880,PERSON-080,Rekha Bansal 4,"Sector 5, Vidisha Urban, Vidisha",4,Vidisha Urban,Vidisha,Vidisha,Madhya Pradesh,464080,SUR-20879,KHA-50879,803.07,Public/Semi-Public,Urban Parcel,23.54985,77.80125,"{""type"":""Polygon"",""coordinates"":[[[77.80125,23.54985],[77.8019,23.54985],[77.8019,23.5505],[77.80125,23.5505],[77.80125,23.54985]]]}",2026-03-15T12:00:00,2026-09-10T12:00:00,SYNTHETIC DEMO DATA — NOT OFFICIAL GOVERNMENT RECORDS
P1881,P1881,PERSON-081,Rahul Sharma 5,"Sector 6, Sanchi Road, Vidisha",5,Sanchi Road,Vidisha,Vidisha,Madhya Pradesh,464081,SUR-20880,KHA-50880,850.44,Residential,Urban Parcel,23.505,77.8025,"{""type"":""Polygon"",""coordinates"":[[[77.8025,23.505],[77.80315,23.505],[77.80315,23.50565],[77.8025,23.50565],[77.8025,23.505]]]}",2026-03-14T12:00:00,2026-09-10T12:00:00,SYNTHETIC DEMO DATA — NOT OFFICIAL GOVERNMENT RECORDS
P1882,P1882,PERSON-082,Amit Verma 5,"Sector 7, Betwa Nagar, Vidisha",6,Betwa Nagar,Vidisha,Vidisha,Madhya Pradesh,464082,SUR-20881,KHA-50881,897.94,Commercial,Urban Parcel,23.50615,77.8025,"{""type"":""Polygon"",""coordinates"":[[[77.8025,23.50615],[77.80315,23.50615],[77.80315,23.5068],[77.8025,23.5068],[77.8025,23.50615]]]}",2026-03-13T12:00:00,2026-09-10T12:00:00,SYNTHETIC DEMO DATA — NOT OFFICIAL GOVERNMENT RECORDS
P1883,P1883,PERSON-083,Neha Patel 5,"Sector 8, Ganj Basoda Road, Vidisha",7,Ganj Basoda Road,Vidisha,Vidisha,Madhya Pradesh,464083,SUR-20882,KHA-50882,944.05,Industrial,Urban Parcel,23.5073,77.8025,"{""type"":""Polygon"",""coordinates"":[[[77.8025,23.5073],[77.80315,23.5073],[77.80315,23.50795],[77.8025,23.50795],[77.8025,23.5073]]]}",2026-03-12T12:00:00,2026-09-10T12:00:00,SYNTHETIC DEMO DATA — NOT OFFICIAL GOVERNMENT RECORDS
P1884,P1884,PERSON-084,Priya Singh 5,"Sector 9, Civil Lines Extension, Vidisha",8,Civil Lines Extension,Vidisha,Vidisha,Madhya Pradesh,464084,SUR-20883,KHA-50883,991.82,Agricultural,Urban Parcel,23.50845,77.8025,"{""type"":""Polygon"",""coordinates"":[[[77.8025,23.50845],[77.80315,23.50845],[77.80315,23.5091],[77.8025,23.5091],[77.8025,23.50845]]]}",2026-03-11T12:00:00,2026-09-10T12:00:00,SYNTHETIC DEMO DATA — NOT OFFICIAL GOVERNMENT RECORDS
P1885,P1885,PERSON-085,Suresh Yadav 5,"Sector 10, Kachhi Khedi, Vidisha",9,Kachhi Khedi,Vidisha,Vidisha,Madhya Pradesh,464085,SUR-20884,KHA-50884,1038.62,Institutional,Urban Parcel,23.5096,77.8025,"{""type"":""Polygon"",""coordinates"":[[[77.8025,23.5096],[77.80315,23.5096],[77.80315,23.51025],[77.8025,23.51025],[77.8025,23.5096]]]}",2026-03-10T12:00:00,2026-09-10T12:00:00,SYNTHETIC DEMO DATA — NOT OFFICIAL GOVERNMENT RECORDS
P1886,P1886,PERSON-086,Anjali Jain 5,"Sector 11, Madhav Nagar, Vidisha",10,Madhav Nagar,Vidisha,Vidisha,Madhya Pradesh,464086,SUR-20885,KHA-50885,1085.33,Mixed Use,Urban Parcel,23.51075,77.8025,"{""type"":""Polygon"",""coordinates"":[[[77.8025,23.51075],[77.80315,23.51075],[77.80315,23.5114],[77.8025,23.5114],[77.8025,23.51075]]]}",2026-03-09T12:00:00,2026-09-10T12:00:00,SYNTHETIC DEMO DATA — NOT OFFICIAL GOVERNMENT RECORDS
P1887,P1887,PERSON-087,Vikram Mehta 5,"Sector 12, Raisen Link, Vidisha",11,Raisen Link,Vidisha,Vidisha,Madhya Pradesh,464087,SUR-20886,KHA-50886,1132.36,Vacant Land,Urban Parcel,23.5119,77.8025,"{""type"":""Polygon"",""coordinates"":[[[77.8025,23.5119],[77.80315,23.5119],[77.80315,23.51255],[77.8025,23.51255],[77.8025,23.5119]]]}",2026-03-08T12:00:00,2026-09-10T12:00:00,SYNTHETIC DEMO DATA — NOT OFFICIAL GOVERNMENT RECORDS
P1888,P1888,PERSON-088,Kavita Joshi 5,"Sector 13, Vidisha Urban, Vidisha",12,Vidisha Urban,Vidisha,Vidisha,Madhya Pradesh,464088,SUR-20887,KHA-50887,1179.22,Public/Semi-Public,Urban Parcel,23.51305,77.8025,"{""type"":""Polygon"",""coordinates"":[[[77.8025,23.51305],[77.80315,23.51305],[77.80315,23.5137],[77.8025,23.5137],[77.8025,23.51305]]]}",2026-03-07T12:00:00,2026-09-10T12:00:00,SYNTHETIC DEMO DATA — NOT OFFICIAL GOVERNMENT RECORDS
P1889,P1889,PERSON-089,Manoj Gupta 5,"Sector 14, Sanchi Road, Vidisha",1,Sanchi Road,Vidisha,Vidisha,Madhya Pradesh,464089,SUR-20888,KHA-50888,1226.64,Residential,Urban Parcel,23.5142,77.8025,"{""type"":""Polygon"",""coordinates"":[[[77.8025,23.5142],[77.80315,23.5142],[77.80315,23.51485],[77.8025,23.51485],[77.8025,23.5142]]]}",2026-03-06T12:00:00,2026-09-10T12:00:00,SYNTHETIC DEMO DATA — NOT OFFICIAL GOVERNMENT RECORDS
P1890,P1890,PERSON-090,Ritu Mishra 5,"Sector 15, Betwa Nagar, Vidisha",2,Betwa Nagar,Vidisha,Vidisha,Madhya Pradesh,464090,SUR-20889,KHA-50889,1273.21,Commercial,Urban Parcel,23.51535,77.8025,"{""type"":""Polygon"",""coordinates"":[[[77.8025,23.51535],[77.80315,23.51535],[77.80315,23.516],[77.8025,23.516],[77.8025,23.51535]]]}",2026-03-05T12:00:00,2026-09-10T12:00:00,SYNTHETIC DEMO DATA — NOT OFFICIAL GOVERNMENT RECORDS
P1891,P1891,PERSON-091,Arjun Malviya 5,"Sector 16, Ganj Basoda Road, Vidisha",3,Ganj Basoda Road,Vidisha,Vidisha,Madhya Pradesh,464091,SUR-20890,KHA-50890,1320.97,Industrial,Urban Parcel,23.5165,77.8025,"{""type"":""Polygon"",""coordinates"":[[[77.8025,23.5165],[77.80315,23.5165],[77.80315,23.51715],[77.8025,23.51715],[77.8025,23.5165]]]}",2026-03-04T12:00:00,2026-09-10T12:00:00,SYNTHETIC DEMO DATA — NOT OFFICIAL GOVERNMENT RECORDS
P1892,P1892,PERSON-092,Pooja Thakur 5,"Sector 17, Civil Lines Extension, Vidisha",4,Civil Lines Extension,Vidisha,Vidisha,Madhya Pradesh,464092,SUR-20891,KHA-50891,1367.75,Agricultural,Urban Parcel,23.51765,77.8025,"{""type"":""Polygon"",""coordinates"":[[[77.8025,23.51765],[77.80315,23.51765],[77.80315,23.5183],[77.8025,23.5183],[77.8025,23.51765]]]}",2026-03-03T12:00:00,2026-09-10T12:00:00,SYNTHETIC DEMO DATA — NOT OFFICIAL GOVERNMENT RECORDS
P1893,P1893,PERSON-093,Nitin Saxena 5,"Sector 18, Kachhi Khedi, Vidisha",5,Kachhi Khedi,Vidisha,Vidisha,Madhya Pradesh,464093,SUR-20892,KHA-50892,1414.36,Institutional,Urban Parcel,23.5188,77.8025,"{""type"":""Polygon"",""coordinates"":[[[77.8025,23.5188],[77.80315,23.5188],[77.80315,23.51945],[77.8025,23.51945],[77.8025,23.5188]]]}",2026-03-02T12:00:00,2026-09-10T12:00:00,SYNTHETIC DEMO DATA — NOT OFFICIAL GOVERNMENT RECORDS
P1894,P1894,PERSON-094,Meera Chouhan 5,"Sector 19, Madhav Nagar, Vidisha",6,Madhav Nagar,Vidisha,Vidisha,Madhya Pradesh,464094,SUR-20893,KHA-50893,1461.65,Mixed Use,Urban Parcel,23.51995,77.8025,"{""type"":""Polygon"",""coordinates"":[[[77.8025,23.51995],[77.80315,23.51995],[77.80315,23.5206],[77.8025,23.5206],[77.8025,23.51995]]]}",2026-03-01T12:00:00,2026-09-10T12:00:00,SYNTHETIC DEMO DATA — NOT OFFICIAL GOVERNMENT RECORDS
P1895,P1895,PERSON-095,Deepak Tiwari 5,"Sector 20, Raisen Link, Vidisha",7,Raisen Link,Vidisha,Vidisha,Madhya Pradesh,464095,SUR-20894,KHA-50894,1508.38,Vacant Land,Urban Parcel,23.5211,77.8025,"{""type"":""Polygon"",""coordinates"":[[[77.8025,23.5211],[77.80315,23.5211],[77.80315,23.52175],[77.8025,23.52175],[77.8025,23.5211]]]}",2026-02-28T12:00:00,2026-09-10T12:00:00,SYNTHETIC DEMO DATA — NOT OFFICIAL GOVERNMENT RECORDS
P1896,P1896,PERSON-096,Sunita Rathore 5,"Sector 21, Vidisha Urban, Vidisha",8,Vidisha Urban,Vidisha,Vidisha,Madhya Pradesh,464096,SUR-20895,KHA-50895,105.15,Public/Semi-Public,Urban Parcel,23.52225,77.8025,"{""type"":""Polygon"",""coordinates"":[[[77.8025,23.52225],[77.80315,23.52225],[77.80315,23.5229],[77.8025,23.5229],[77.8025,23.52225]]]}",2026-02-27T12:00:00,2026-09-10T12:00:00,SYNTHETIC DEMO DATA — NOT OFFICIAL GOVERNMENT RECORDS
P1897,P1897,PERSON-097,Karan Dubey 5,"Sector 22, Sanchi Road, Vidisha",9,Sanchi Road,Vidisha,Vidisha,Madhya Pradesh,464097,SUR-20896,KHA-50896,152.5,Residential,Urban Parcel,23.5234,77.8025,"{""type"":""Polygon"",""coordinates"":[[[77.8025,23.5234],[77.80315,23.5234],[77.80315,23.52405],[77.8025,23.52405],[77.8025,23.5234]]]}",2026-02-26T12:00:00,2026-09-10T12:00:00,SYNTHETIC DEMO DATA — NOT OFFICIAL GOVERNMENT RECORDS
P1898,P1898,PERSON-098,Isha Kulkarni 5,"Sector 23, Betwa Nagar, Vidisha",10,Betwa Nagar,Vidisha,Vidisha,Madhya Pradesh,464098,SUR-20897,KHA-50897,199.05,Commercial,Urban Parcel,23.52455,77.8025,"{""type"":""Polygon"",""coordinates"":[[[77.8025,23.52455],[77.80315,23.52455],[77.80315,23.5252],[77.8025,23.5252],[77.8025,23.52455]]]}",2026-02-25T12:00:00,2026-09-10T12:00:00,SYNTHETIC DEMO DATA — NOT OFFICIAL GOVERNMENT RECORDS
P1899,P1899,PERSON-099,Mohan Solanki 5,"Sector 24, Ganj Basoda Road, Vidisha",11,Ganj Basoda Road,Vidisha,Vidisha,Madhya Pradesh,464099,SUR-20898,KHA-50898,246.37,Industrial,Urban Parcel,23.5257,77.8025,"{""type"":""Polygon"",""coordinates"":[[[77.8025,23.5257],[77.80315,23.5257],[77.80315,23.52635],[77.8025,23.52635],[77.8025,23.5257]]]}",2026-02-24T12:00:00,2026-09-10T12:00:00,SYNTHETIC DEMO DATA — NOT OFFICIAL GOVERNMENT RECORDS
P1900,P1900,PERSON-100,Rekha Bansal 5,"Sector 25, Civil Lines Extension, Vidisha",12,Civil Lines Extension,Vidisha,Vidisha,Madhya Pradesh,464000,SUR-20899,KHA-50899,293.74,Agricultural,Urban Parcel,23.52685,77.8025,"{""type"":""Polygon"",""coordinates"":[[[77.8025,23.52685],[77.80315,23.52685],[77.80315,23.5275],[77.8025,23.5275],[77.8025,23.52685]]]}",2026-02-23T12:00:00,2026-09-10T12:00:00,SYNTHETIC DEMO DATA — NOT OFFICIAL GOVERNMENT RECORDS
P1901,P1901,PERSON-101,Rahul Sharma 6,"Sector 1, Kachhi Khedi, Vidisha",1,Kachhi Khedi,Vidisha,Vidisha,Madhya Pradesh,464001,SUR-20900,KHA-50900,340.72,Institutional,Urban Parcel,23.528,77.8025,"{""type"":""Polygon"",""coordinates"":[[[77.8025,23.528],[77.80315,23.528],[77.80315,23.52865],[77.8025,23.52865],[77.8025,23.528]]]}",2026-02-22T12:00:00,2026-09-10T12:00:00,SYNTHETIC DEMO DATA — NOT OFFICIAL GOVERNMENT RECORDS
P1902,P1902,PERSON-102,Amit Verma 6,"Sector 2, Madhav Nagar, Vidisha",2,Madhav Nagar,Vidisha,Vidisha,Madhya Pradesh,464002,SUR-20901,KHA-50901,387.58,Mixed Use,Urban Parcel,23.52915,77.8025,"{""type"":""Polygon"",""coordinates"":[[[77.8025,23.52915],[77.80315,23.52915],[77.80315,23.5298],[77.8025,23.5298],[77.8025,23.52915]]]}",2026-02-21T12:00:00,2026-09-10T12:00:00,SYNTHETIC DEMO DATA — NOT OFFICIAL GOVERNMENT RECORDS
P1903,P1903,PERSON-103,Neha Patel 6,"Sector 3, Raisen Link, Vidisha",3,Raisen Link,Vidisha,Vidisha,Madhya Pradesh,464003,SUR-20902,KHA-50902,434.63,Vacant Land,Urban Parcel,23.5303,77.8025,"{""type"":""Polygon"",""coordinates"":[[[77.8025,23.5303],[77.80315,23.5303],[77.80315,23.53095],[77.8025,23.53095],[77.8025,23.5303]]]}",2026-02-20T12:00:00,2026-09-10T12:00:00,SYNTHETIC DEMO DATA — NOT OFFICIAL GOVERNMENT RECORDS
P1904,P1904,PERSON-104,Priya Singh 6,"Sector 4, Vidisha Urban, Vidisha",4,Vidisha Urban,Vidisha,Vidisha,Madhya Pradesh,464004,SUR-20903,KHA-50903,481.04,Public/Semi-Public,Urban Parcel,23.53145,77.8025,"{""type"":""Polygon"",""coordinates"":[[[77.8025,23.53145],[77.80315,23.53145],[77.80315,23.5321],[77.8025,23.5321],[77.8025,23.53145]]]}",2026-02-19T12:00:00,2026-09-10T12:00:00,SYNTHETIC DEMO DATA — NOT OFFICIAL GOVERNMENT RECORDS
P1905,P1905,PERSON-105,Suresh Yadav 6,"Sector 5, Sanchi Road, Vidisha",5,Sanchi Road,Vidisha,Vidisha,Madhya Pradesh,464005,SUR-20904,KHA-50904,528.55,Residential,Urban Parcel,23.5326,77.8025,"{""type"":""Polygon"",""coordinates"":[[[77.8025,23.5326],[77.80315,23.5326],[77.80315,23.53325],[77.8025,23.53325],[77.8025,23.5326]]]}",2026-02-18T12:00:00,2026-09-10T12:00:00,SYNTHETIC DEMO DATA — NOT OFFICIAL GOVERNMENT RECORDS
P1906,P1906,PERSON-106,Anjali Jain 6,"Sector 6, Betwa Nagar, Vidisha",6,Betwa Nagar,Vidisha,Vidisha,Madhya Pradesh,464006,SUR-20905,KHA-50905,575.17,Commercial,Urban Parcel,23.53375,77.8025,"{""type"":""Polygon"",""coordinates"":[[[77.8025,23.53375],[77.80315,23.53375],[77.80315,23.5344],[77.8025,23.5344],[77.8025,23.53375]]]}",2026-02-17T12:00:00,2026-09-10T12:00:00,SYNTHETIC DEMO DATA — NOT OFFICIAL GOVERNMENT RECORDS
P1907,P1907,PERSON-107,Vikram Mehta 6,"Sector 7, Ganj Basoda Road, Vidisha",7,Ganj Basoda Road,Vidisha,Vidisha,Madhya Pradesh,464007,SUR-20906,KHA-50906,622.93,Industrial,Urban Parcel,23.5349,77.8025,"{""type"":""Polygon"",""coordinates"":[[[77.8025,23.5349],[77.80315,23.5349],[77.80315,23.53555],[77.8025,23.53555],[77.8025,23.5349]]]}",2026-02-16T12:00:00,2026-09-10T12:00:00,SYNTHETIC DEMO DATA — NOT OFFICIAL GOVERNMENT RECORDS
P1908,P1908,PERSON-108,Kavita Joshi 6,"Sector 8, Civil Lines Extension, Vidisha",8,Civil Lines Extension,Vidisha,Vidisha,Madhya Pradesh,464008,SUR-20907,KHA-50907,669.64,Agricultural,Urban Parcel,23.53605,77.8025,"{""type"":""Polygon"",""coordinates"":[[[77.8025,23.53605],[77.80315,23.53605],[77.80315,23.5367],[77.8025,23.5367],[77.8025,23.53605]]]}",2026-02-15T12:00:00,2026-09-10T12:00:00,SYNTHETIC DEMO DATA — NOT OFFICIAL GOVERNMENT RECORDS
P1909,P1909,PERSON-109,Manoj Gupta 6,"Sector 9, Kachhi Khedi, Vidisha",9,Kachhi Khedi,Vidisha,Vidisha,Madhya Pradesh,464009,SUR-20908,KHA-50908,716.36,Institutional,Urban Parcel,23.5372,77.8025,"{""type"":""Polygon"",""coordinates"":[[[77.8025,23.5372],[77.80315,23.5372],[77.80315,23.53785],[77.8025,23.53785],[77.8025,23.5372]]]}",2026-02-14T12:00:00,2026-09-10T12:00:00,SYNTHETIC DEMO DATA — NOT OFFICIAL GOVERNMENT RECORDS
P1910,P1910,PERSON-110,Ritu Mishra 6,"Sector 10, Madhav Nagar, Vidisha",10,Madhav Nagar,Vidisha,Vidisha,Madhya Pradesh,464010,SUR-20909,KHA-50909,763.27,Mixed Use,Urban Parcel,23.53835,77.8025,"{""type"":""Polygon"",""coordinates"":[[[77.8025,23.53835],[77.80315,23.53835],[77.80315,23.539],[77.8025,23.539],[77.8025,23.53835]]]}",2026-02-13T12:00:00,2026-09-10T12:00:00,SYNTHETIC DEMO DATA — NOT OFFICIAL GOVERNMENT RECORDS
P1911,P1911,PERSON-111,Arjun Malviya 6,"Sector 11, Raisen Link, Vidisha",11,Raisen Link,Vidisha,Vidisha,Madhya Pradesh,464011,SUR-20910,KHA-50910,810.27,Vacant Land,Urban Parcel,23.5395,77.8025,"{""type"":""Polygon"",""coordinates"":[[[77.8025,23.5395],[77.80315,23.5395],[77.80315,23.54015],[77.8025,23.54015],[77.8025,23.5395]]]}",2026-02-12T12:00:00,2026-09-10T12:00:00,SYNTHETIC DEMO DATA — NOT OFFICIAL GOVERNMENT RECORDS
P1912,P1912,PERSON-112,Pooja Thakur 6,"Sector 12, Vidisha Urban, Vidisha",12,Vidisha Urban,Vidisha,Vidisha,Madhya Pradesh,464012,SUR-20911,KHA-50911,857.82,Public/Semi-Public,Urban Parcel,23.54065,77.8025,"{""type"":""Polygon"",""coordinates"":[[[77.8025,23.54065],[77.80315,23.54065],[77.80315,23.5413],[77.8025,23.5413],[77.8025,23.54065]]]}",2026-02-11T12:00:00,2026-09-10T12:00:00,SYNTHETIC DEMO DATA — NOT OFFICIAL GOVERNMENT RECORDS
P1913,P1913,PERSON-113,Nitin Saxena 6,"Sector 13, Sanchi Road, Vidisha",1,Sanchi Road,Vidisha,Vidisha,Madhya Pradesh,464013,SUR-20912,KHA-50912,904.9,Residential,Urban Parcel,23.5418,77.8025,"{""type"":""Polygon"",""coordinates"":[[[77.8025,23.5418],[77.80315,23.5418],[77.80315,23.54245],[77.8025,23.54245],[77.8025,23.5418]]]}",2026-02-10T12:00:00,2026-09-10T12:00:00,SYNTHETIC DEMO DATA — NOT OFFICIAL GOVERNMENT RECORDS
P1914,P1914,PERSON-114,Meera Chouhan 6,"Sector 14, Betwa Nagar, Vidisha",2,Betwa Nagar,Vidisha,Vidisha,Madhya Pradesh,464014,SUR-20913,KHA-50913,951.66,Commercial,Urban Parcel,23.54295,77.8025,"{""type"":""Polygon"",""coordinates"":[[[77.8025,23.54295],[77.80315,23.54295],[77.80315,23.5436],[77.8025,23.5436],[77.8025,23.54295]]]}",2026-02-09T12:00:00,2026-09-10T12:00:00,SYNTHETIC DEMO DATA — NOT OFFICIAL GOVERNMENT RECORDS
P1915,P1915,PERSON-115,Deepak Tiwari 6,"Sector 15, Ganj Basoda Road, Vidisha",3,Ganj Basoda Road,Vidisha,Vidisha,Madhya Pradesh,464015,SUR-20914,KHA-50914,998.8,Industrial,Urban Parcel,23.5441,77.8025,"{""type"":""Polygon"",""coordinates"":[[[77.8025,23.5441],[77.80315,23.5441],[77.80315,23.54475],[77.8025,23.54475],[77.8025,23.5441]]]}",2026-02-08T12:00:00,2026-09-10T12:00:00,SYNTHETIC DEMO DATA — NOT OFFICIAL GOVERNMENT RECORDS
P1916,P1916,PERSON-116,Sunita Rathore 6,"Sector 16, Civil Lines Extension, Vidisha",4,Civil Lines Extension,Vidisha,Vidisha,Madhya Pradesh,464016,SUR-20915,KHA-50915,1045.8,Agricultural,Urban Parcel,23.54525,77.8025,"{""type"":""Polygon"",""coordinates"":[[[77.8025,23.54525],[77.80315,23.54525],[77.80315,23.5459],[77.8025,23.5459],[77.8025,23.54525]]]}",2026-02-07T12:00:00,2026-09-10T12:00:00,SYNTHETIC DEMO DATA — NOT OFFICIAL GOVERNMENT RECORDS
P1917,P1917,PERSON-117,Karan Dubey 6,"Sector 17, Kachhi Khedi, Vidisha",5,Kachhi Khedi,Vidisha,Vidisha,Madhya Pradesh,464017,SUR-20916,KHA-50916,1092.96,Institutional,Urban Parcel,23.5464,77.8025,"{""type"":""Polygon"",""coordinates"":[[[77.8025,23.5464],[77.80315,23.5464],[77.80315,23.54705],[77.8025,23.54705],[77.8025,23.5464]]]}",2026-02-06T12:00:00,2026-09-10T12:00:00,SYNTHETIC DEMO DATA — NOT OFFICIAL GOVERNMENT RECORDS
P1918,P1918,PERSON-118,Isha Kulkarni 6,"Sector 18, Madhav Nagar, Vidisha",6,Madhav Nagar,Vidisha,Vidisha,Madhya Pradesh,464018,SUR-20917,KHA-50917,1139.45,Mixed Use,Urban Parcel,23.54755,77.8025,"{""type"":""Polygon"",""coordinates"":[[[77.8025,23.54755],[77.80315,23.54755],[77.80315,23.5482],[77.8025,23.5482],[77.8025,23.54755]]]}",2026-02-05T12:00:00,2026-09-10T12:00:00,SYNTHETIC DEMO DATA — NOT OFFICIAL GOVERNMENT RECORDS
P1919,P1919,PERSON-119,Mohan Solanki 6,"Sector 19, Raisen Link, Vidisha",7,Raisen Link,Vidisha,Vidisha,Madhya Pradesh,464019,SUR-20918,KHA-50918,1186.27,Vacant Land,Urban Parcel,23.5487,77.8025,"{""type"":""Polygon"",""coordinates"":[[[77.8025,23.5487],[77.80315,23.5487],[77.80315,23.54935],[77.8025,23.54935],[77.8025,23.5487]]]}",2026-02-04T12:00:00,2026-09-10T12:00:00,SYNTHETIC DEMO DATA — NOT OFFICIAL GOVERNMENT RECORDS
P1920,P1920,PERSON-120,Rekha Bansal 6,"Sector 20, Vidisha Urban, Vidisha",8,Vidisha Urban,Vidisha,Vidisha,Madhya Pradesh,464020,SUR-20919,KHA-50919,1233.05,Public/Semi-Public,Urban Parcel,23.54985,77.8025,"{""type"":""Polygon"",""coordinates"":[[[77.8025,23.54985],[77.80315,23.54985],[77.80315,23.5505],[77.8025,23.5505],[77.8025,23.54985]]]}",2026-02-03T12:00:00,2026-09-10T12:00:00,SYNTHETIC DEMO DATA — NOT OFFICIAL GOVERNMENT RECORDS
P1921,P1921,PERSON-121,Rahul Sharma 7,"Sector 21, Sanchi Road, Vidisha",9,Sanchi Road,Vidisha,Vidisha,Madhya Pradesh,464021,SUR-20920,KHA-50920,1280.19,Residential,Urban Parcel,23.505,77.80375,"{""type"":""Polygon"",""coordinates"":[[[77.80375,23.505],[77.8044,23.505],[77.8044,23.50565],[77.80375,23.50565],[77.80375,23.505]]]}",2026-02-02T12:00:00,2026-09-10T12:00:00,SYNTHETIC DEMO DATA — NOT OFFICIAL GOVERNMENT RECORDS
P1922,P1922,PERSON-122,Amit Verma 7,"Sector 22, Betwa Nagar, Vidisha",10,Betwa Nagar,Vidisha,Vidisha,Madhya Pradesh,464022,SUR-20921,KHA-50921,1327.65,Commercial,Urban Parcel,23.50615,77.80375,"{""type"":""Polygon"",""coordinates"":[[[77.80375,23.50615],[77.8044,23.50615],[77.8044,23.5068],[77.80375,23.5068],[77.80375,23.50615]]]}",2026-02-01T12:00:00,2026-09-10T12:00:00,SYNTHETIC DEMO DATA — NOT OFFICIAL GOVERNMENT RECORDS
P1923,P1923,PERSON-123,Neha Patel 7,"Sector 23, Ganj Basoda Road, Vidisha",11,Ganj Basoda Road,Vidisha,Vidisha,Madhya Pradesh,464023,SUR-20922,KHA-50922,1374.08,Industrial,Urban Parcel,23.5073,77.80375,"{""type"":""Polygon"",""coordinates"":[[[77.80375,23.5073],[77.8044,23.5073],[77.8044,23.50795],[77.80375,23.50795],[77.80375,23.5073]]]}",2026-01-31T12:00:00,2026-09-10T12:00:00,SYNTHETIC DEMO DATA — NOT OFFICIAL GOVERNMENT RECORDS
P1924,P1924,PERSON-124,Priya Singh 7,"Sector 24, Civil Lines Extension, Vidisha",12,Civil Lines Extension,Vidisha,Vidisha,Madhya Pradesh,464024,SUR-20923,KHA-50923,1421.28,Agricultural,Urban Parcel,23.50845,77.80375,"{""type"":""Polygon"",""coordinates"":[[[77.80375,23.50845],[77.8044,23.50845],[77.8044,23.5091],[77.80375,23.5091],[77.80375,23.50845]]]}",2026-01-30T12:00:00,2026-09-10T12:00:00,SYNTHETIC DEMO DATA — NOT OFFICIAL GOVERNMENT RECORDS
P1925,P1925,PERSON-125,Suresh Yadav 7,"Sector 25, Kachhi Khedi, Vidisha",1,Kachhi Khedi,Vidisha,Vidisha,Madhya Pradesh,464025,SUR-20924,KHA-50924,1468.21,Institutional,Urban Parcel,23.5096,77.80375,"{""type"":""Polygon"",""coordinates"":[[[77.80375,23.5096],[77.8044,23.5096],[77.8044,23.51025],[77.80375,23.51025],[77.80375,23.5096]]]}",2026-01-29T12:00:00,2026-09-10T12:00:00,SYNTHETIC DEMO DATA — NOT OFFICIAL GOVERNMENT RECORDS
P1926,P1926,PERSON-126,Anjali Jain 7,"Sector 1, Madhav Nagar, Vidisha",2,Madhav Nagar,Vidisha,Vidisha,Madhya Pradesh,464026,SUR-20925,KHA-50925,1515.47,Mixed Use,Urban Parcel,23.51075,77.80375,"{""type"":""Polygon"",""coordinates"":[[[77.80375,23.51075],[77.8044,23.51075],[77.8044,23.5114],[77.80375,23.5114],[77.80375,23.51075]]]}",2026-01-28T12:00:00,2026-09-10T12:00:00,SYNTHETIC DEMO DATA — NOT OFFICIAL GOVERNMENT RECORDS
P1927,P1927,PERSON-127,Vikram Mehta 7,"Sector 2, Raisen Link, Vidisha",3,Raisen Link,Vidisha,Vidisha,Madhya Pradesh,464027,SUR-20926,KHA-50926,112.23,Vacant Land,Urban Parcel,23.5119,77.80375,"{""type"":""Polygon"",""coordinates"":[[[77.80375,23.5119],[77.8044,23.5119],[77.8044,23.51255],[77.80375,23.51255],[77.80375,23.5119]]]}",2026-01-27T12:00:00,2026-09-10T12:00:00,SYNTHETIC DEMO DATA — NOT OFFICIAL GOVERNMENT RECORDS
P1928,P1928,PERSON-128,Kavita Joshi 7,"Sector 3, Vidisha Urban, Vidisha",4,Vidisha Urban,Vidisha,Vidisha,Madhya Pradesh,464028,SUR-20927,KHA-50927,159.91,Public/Semi-Public,Urban Parcel,23.51305,77.80375,"{""type"":""Polygon"",""coordinates"":[[[77.80375,23.51305],[77.8044,23.51305],[77.8044,23.5137],[77.80375,23.5137],[77.80375,23.51305]]]}",2026-01-26T12:00:00,2026-09-10T12:00:00,SYNTHETIC DEMO DATA — NOT OFFICIAL GOVERNMENT RECORDS
P1929,P1929,PERSON-129,Manoj Gupta 7,"Sector 4, Sanchi Road, Vidisha",5,Sanchi Road,Vidisha,Vidisha,Madhya Pradesh,464029,SUR-20928,KHA-50928,206.8,Residential,Urban Parcel,23.5142,77.80375,"{""type"":""Polygon"",""coordinates"":[[[77.80375,23.5142],[77.8044,23.5142],[77.8044,23.51485],[77.80375,23.51485],[77.80375,23.5142]]]}",2026-01-25T12:00:00,2026-09-10T12:00:00,SYNTHETIC DEMO DATA — NOT OFFICIAL GOVERNMENT RECORDS
P1930,P1930,PERSON-130,Ritu Mishra 7,"Sector 5, Betwa Nagar, Vidisha",6,Betwa Nagar,Vidisha,Vidisha,Madhya Pradesh,464030,SUR-20929,KHA-50929,253.01,Commercial,Urban Parcel,23.51535,77.80375,"{""type"":""Polygon"",""coordinates"":[[[77.80375,23.51535],[77.8044,23.51535],[77.8044,23.516],[77.80375,23.516],[77.80375,23.51535]]]}",2026-01-24T12:00:00,2026-09-10T12:00:00,SYNTHETIC DEMO DATA — NOT OFFICIAL GOVERNMENT RECORDS
P1931,P1931,PERSON-131,Arjun Malviya 7,"Sector 6, Ganj Basoda Road, Vidisha",7,Ganj Basoda Road,Vidisha,Vidisha,Madhya Pradesh,464031,SUR-20930,KHA-50930,300.09,Industrial,Urban Parcel,23.5165,77.80375,"{""type"":""Polygon"",""coordinates"":[[[77.80375,23.5165],[77.8044,23.5165],[77.8044,23.51715],[77.80375,23.51715],[77.80375,23.5165]]]}",2026-01-23T12:00:00,2026-09-10T12:00:00,SYNTHETIC DEMO DATA — NOT OFFICIAL GOVERNMENT RECORDS
P1932,P1932,PERSON-132,Pooja Thakur 7,"Sector 7, Civil Lines Extension, Vidisha",8,Civil Lines Extension,Vidisha,Vidisha,Madhya Pradesh,464032,SUR-20931,KHA-50931,347.87,Agricultural,Urban Parcel,23.51765,77.80375,"{""type"":""Polygon"",""coordinates"":[[[77.80375,23.51765],[77.8044,23.51765],[77.8044,23.5183],[77.80375,23.5183],[77.80375,23.51765]]]}",2026-01-22T12:00:00,2026-09-10T12:00:00,SYNTHETIC DEMO DATA — NOT OFFICIAL GOVERNMENT RECORDS
P1933,P1933,PERSON-133,Nitin Saxena 7,"Sector 8, Kachhi Khedi, Vidisha",9,Kachhi Khedi,Vidisha,Vidisha,Madhya Pradesh,464033,SUR-20932,KHA-50932,394.65,Institutional,Urban Parcel,23.5188,77.80375,"{""type"":""Polygon"",""coordinates"":[[[77.80375,23.5188],[77.8044,23.5188],[77.8044,23.51945],[77.80375,23.51945],[77.80375,23.5188]]]}",2026-01-21T12:00:00,2026-09-10T12:00:00,SYNTHETIC DEMO DATA — NOT OFFICIAL GOVERNMENT RECORDS
P1934,P1934,PERSON-134,Meera Chouhan 7,"Sector 9, Madhav Nagar, Vidisha",10,Madhav Nagar,Vidisha,Vidisha,Madhya Pradesh,464034,SUR-20933,KHA-50933,441.69,Mixed Use,Urban Parcel,23.51995,77.80375,"{""type"":""Polygon"",""coordinates"":[[[77.80375,23.51995],[77.8044,23.51995],[77.8044,23.5206],[77.80375,23.5206],[77.80375,23.51995]]]}",2026-01-20T12:00:00,2026-09-10T12:00:00,SYNTHETIC DEMO DATA — NOT OFFICIAL GOVERNMENT RECORDS
P1935,P1935,PERSON-135,Deepak Tiwari 7,"Sector 10, Raisen Link, Vidisha",11,Raisen Link,Vidisha,Vidisha,Madhya Pradesh,464035,SUR-20934,KHA-50934,488.76,Vacant Land,Urban Parcel,23.5211,77.80375,"{""type"":""Polygon"",""coordinates"":[[[77.80375,23.5211],[77.8044,23.5211],[77.8044,23.52175],[77.80375,23.52175],[77.80375,23.5211]]]}",2026-01-19T12:00:00,2026-09-10T12:00:00,SYNTHETIC DEMO DATA — NOT OFFICIAL GOVERNMENT RECORDS
P1936,P1936,PERSON-136,Sunita Rathore 7,"Sector 11, Vidisha Urban, Vidisha",12,Vidisha Urban,Vidisha,Vidisha,Madhya Pradesh,464036,SUR-20935,KHA-50935,535.38,Public/Semi-Public,Urban Parcel,23.52225,77.80375,"{""type"":""Polygon"",""coordinates"":[[[77.80375,23.52225],[77.8044,23.52225],[77.8044,23.5229],[77.80375,23.5229],[77.80375,23.52225]]]}",2026-01-18T12:00:00,2026-09-10T12:00:00,SYNTHETIC DEMO DATA — NOT OFFICIAL GOVERNMENT RECORDS
P1937,P1937,PERSON-137,Karan Dubey 7,"Sector 12, Sanchi Road, Vidisha",1,Sanchi Road,Vidisha,Vidisha,Madhya Pradesh,464037,SUR-20936,KHA-50936,582.5,Residential,Urban Parcel,23.5234,77.80375,"{""type"":""Polygon"",""coordinates"":[[[77.80375,23.5234],[77.8044,23.5234],[77.8044,23.52405],[77.80375,23.52405],[77.80375,23.5234]]]}",2026-01-17T12:00:00,2026-09-10T12:00:00,SYNTHETIC DEMO DATA — NOT OFFICIAL GOVERNMENT RECORDS
P1938,P1938,PERSON-138,Isha Kulkarni 7,"Sector 13, Betwa Nagar, Vidisha",2,Betwa Nagar,Vidisha,Vidisha,Madhya Pradesh,464038,SUR-20937,KHA-50937,629.64,Commercial,Urban Parcel,23.52455,77.80375,"{""type"":""Polygon"",""coordinates"":[[[77.80375,23.52455],[77.8044,23.52455],[77.8044,23.5252],[77.80375,23.5252],[77.80375,23.52455]]]}",2026-01-16T12:00:00,2026-09-10T12:00:00,SYNTHETIC DEMO DATA — NOT OFFICIAL GOVERNMENT RECORDS
P1939,P1939,PERSON-139,Mohan Solanki 7,"Sector 14, Ganj Basoda Road, Vidisha",3,Ganj Basoda Road,Vidisha,Vidisha,Madhya Pradesh,464039,SUR-20938,KHA-50938,676.01,Industrial,Urban Parcel,23.5257,77.80375,"{""type"":""Polygon"",""coordinates"":[[[77.80375,23.5257],[77.8044,23.5257],[77.8044,23.52635],[77.80375,23.52635],[77.80375,23.5257]]]}",2026-01-15T12:00:00,2026-09-10T12:00:00,SYNTHETIC DEMO DATA — NOT OFFICIAL GOVERNMENT RECORDS
P1940,P1940,PERSON-140,Rekha Bansal 7,"Sector 15, Civil Lines Extension, Vidisha",4,Civil Lines Extension,Vidisha,Vidisha,Madhya Pradesh,464040,SUR-20939,KHA-50939,723.39,Agricultural,Urban Parcel,23.52685,77.80375,"{""type"":""Polygon"",""coordinates"":[[[77.80375,23.52685],[77.8044,23.52685],[77.8044,23.5275],[77.80375,23.5275],[77.80375,23.52685]]]}",2026-01-14T12:00:00,2026-09-10T12:00:00,SYNTHETIC DEMO DATA — NOT OFFICIAL GOVERNMENT RECORDS
P1941,P1941,PERSON-141,Rahul Sharma 8,"Sector 16, Kachhi Khedi, Vidisha",5,Kachhi Khedi,Vidisha,Vidisha,Madhya Pradesh,464041,SUR-20940,KHA-50940,770.49,Institutional,Urban Parcel,23.528,77.80375,"{""type"":""Polygon"",""coordinates"":[[[77.80375,23.528],[77.8044,23.528],[77.8044,23.52865],[77.80375,23.52865],[77.80375,23.528]]]}",2026-01-13T12:00:00,2026-09-10T12:00:00,SYNTHETIC DEMO DATA — NOT OFFICIAL GOVERNMENT RECORDS
P1942,P1942,PERSON-142,Amit Verma 8,"Sector 17, Madhav Nagar, Vidisha",6,Madhav Nagar,Vidisha,Vidisha,Madhya Pradesh,464042,SUR-20941,KHA-50941,817.82,Mixed Use,Urban Parcel,23.52915,77.80375,"{""type"":""Polygon"",""coordinates"":[[[77.80375,23.52915],[77.8044,23.52915],[77.8044,23.5298],[77.80375,23.5298],[77.80375,23.52915]]]}",2026-01-12T12:00:00,2026-09-10T12:00:00,SYNTHETIC DEMO DATA — NOT OFFICIAL GOVERNMENT RECORDS
P1943,P1943,PERSON-143,Neha Patel 8,"Sector 18, Raisen Link, Vidisha",7,Raisen Link,Vidisha,Vidisha,Madhya Pradesh,464043,SUR-20942,KHA-50942,864.81,Vacant Land,Urban Parcel,23.5303,77.80375,"{""type"":""Polygon"",""coordinates"":[[[77.80375,23.5303],[77.8044,23.5303],[77.8044,23.53095],[77.80375,23.53095],[77.80375,23.5303]]]}",2026-01-11T12:00:00,2026-09-10T12:00:00,SYNTHETIC DEMO DATA — NOT OFFICIAL GOVERNMENT RECORDS
P1944,P1944,PERSON-144,Priya Singh 8,"Sector 19, Vidisha Urban, Vidisha",8,Vidisha Urban,Vidisha,Vidisha,Madhya Pradesh,464044,SUR-20943,KHA-50943,911.06,Public/Semi-Public,Urban Parcel,23.53145,77.80375,"{""type"":""Polygon"",""coordinates"":[[[77.80375,23.53145],[77.8044,23.53145],[77.8044,23.5321],[77.80375,23.5321],[77.80375,23.53145]]]}",2026-01-10T12:00:00,2026-09-10T12:00:00,SYNTHETIC DEMO DATA — NOT OFFICIAL GOVERNMENT RECORDS
P1945,P1945,PERSON-145,Suresh Yadav 8,"Sector 20, Sanchi Road, Vidisha",9,Sanchi Road,Vidisha,Vidisha,Madhya Pradesh,464045,SUR-20944,KHA-50944,958.8,Residential,Urban Parcel,23.5326,77.80375,"{""type"":""Polygon"",""coordinates"":[[[77.80375,23.5326],[77.8044,23.5326],[77.8044,23.53325],[77.80375,23.53325],[77.80375,23.5326]]]}",2026-01-09T12:00:00,2026-09-10T12:00:00,SYNTHETIC DEMO DATA — NOT OFFICIAL GOVERNMENT RECORDS
P1946,P1946,PERSON-146,Anjali Jain 8,"Sector 21, Betwa Nagar, Vidisha",10,Betwa Nagar,Vidisha,Vidisha,Madhya Pradesh,464046,SUR-20945,KHA-50945,1005.69,Commercial,Urban Parcel,23.53375,77.80375,"{""type"":""Polygon"",""coordinates"":[[[77.80375,23.53375],[77.8044,23.53375],[77.8044,23.5344],[77.80375,23.5344],[77.80375,23.53375]]]}",2026-01-08T12:00:00,2026-09-10T12:00:00,SYNTHETIC DEMO DATA — NOT OFFICIAL GOVERNMENT RECORDS
P1947,P1947,PERSON-147,Vikram Mehta 8,"Sector 22, Ganj Basoda Road, Vidisha",11,Ganj Basoda Road,Vidisha,Vidisha,Madhya Pradesh,464047,SUR-20946,KHA-50946,1052.31,Industrial,Urban Parcel,23.5349,77.80375,"{""type"":""Polygon"",""coordinates"":[[[77.80375,23.5349],[77.8044,23.5349],[77.8044,23.53555],[77.80375,23.53555],[77.80375,23.5349]]]}",2026-01-07T12:00:00,2026-09-10T12:00:00,SYNTHETIC DEMO DATA — NOT OFFICIAL GOVERNMENT RECORDS
P1948,P1948,PERSON-148,Kavita Joshi 8,"Sector 23, Civil Lines Extension, Vidisha",12,Civil Lines Extension,Vidisha,Vidisha,Madhya Pradesh,464048,SUR-20947,KHA-50947,1099.39,Agricultural,Urban Parcel,23.53605,77.80375,"{""type"":""Polygon"",""coordinates"":[[[77.80375,23.53605],[77.8044,23.53605],[77.8044,23.5367],[77.80375,23.5367],[77.80375,23.53605]]]}",2026-01-06T12:00:00,2026-09-10T12:00:00,SYNTHETIC DEMO DATA — NOT OFFICIAL GOVERNMENT RECORDS
P1949,P1949,PERSON-149,Manoj Gupta 8,"Sector 24, Kachhi Khedi, Vidisha",1,Kachhi Khedi,Vidisha,Vidisha,Madhya Pradesh,464049,SUR-20948,KHA-50948,1146.41,Institutional,Urban Parcel,23.5372,77.80375,"{""type"":""Polygon"",""coordinates"":[[[77.80375,23.5372],[77.8044,23.5372],[77.8044,23.53785],[77.80375,23.53785],[77.80375,23.5372]]]}",2026-01-05T12:00:00,2026-09-10T12:00:00,SYNTHETIC DEMO DATA — NOT OFFICIAL GOVERNMENT RECORDS
P1950,P1950,PERSON-150,Ritu Mishra 8,"Sector 25, Madhav Nagar, Vidisha",2,Madhav Nagar,Vidisha,Vidisha,Madhya Pradesh,464050,SUR-20949,KHA-50949,1193.89,Mixed Use,Urban Parcel,23.53835,77.80375,"{""type"":""Polygon"",""coordinates"":[[[77.80375,23.53835],[77.8044,23.53835],[77.8044,23.539],[77.80375,23.539],[77.80375,23.53835]]]}",2026-01-04T12:00:00,2026-09-10T12:00:00,SYNTHETIC DEMO DATA — NOT OFFICIAL GOVERNMENT RECORDS
P1951,P1951,PERSON-151,Arjun Malviya 8,"Sector 1, Raisen Link, Vidisha",3,Raisen Link,Vidisha,Vidisha,Madhya Pradesh,464051,SUR-20950,KHA-50950,1240.54,Vacant Land,Urban Parcel,23.5395,77.80375,"{""type"":""Polygon"",""coordinates"":[[[77.80375,23.5395],[77.8044,23.5395],[77.8044,23.54015],[77.80375,23.54015],[77.80375,23.5395]]]}",2026-01-03T12:00:00,2026-09-10T12:00:00,SYNTHETIC DEMO DATA — NOT OFFICIAL GOVERNMENT RECORDS
P1952,P1952,PERSON-152,Pooja Thakur 8,"Sector 2, Vidisha Urban, Vidisha",4,Vidisha Urban,Vidisha,Vidisha,Madhya Pradesh,464052,SUR-20951,KHA-50951,1287.71,Public/Semi-Public,Urban Parcel,23.54065,77.80375,"{""type"":""Polygon"",""coordinates"":[[[77.80375,23.54065],[77.8044,23.54065],[77.8044,23.5413],[77.80375,23.5413],[77.80375,23.54065]]]}",2026-01-02T12:00:00,2026-09-10T12:00:00,SYNTHETIC DEMO DATA — NOT OFFICIAL GOVERNMENT RECORDS
P1953,P1953,PERSON-153,Nitin Saxena 8,"Sector 3, Sanchi Road, Vidisha",5,Sanchi Road,Vidisha,Vidisha,Madhya Pradesh,464053,SUR-20952,KHA-50952,1334.71,Residential,Urban Parcel,23.5418,77.80375,"{""type"":""Polygon"",""coordinates"":[[[77.80375,23.5418],[77.8044,23.5418],[77.8044,23.54245],[77.80375,23.54245],[77.80375,23.5418]]]}",2026-01-01T12:00:00,2026-09-10T12:00:00,SYNTHETIC DEMO DATA — NOT OFFICIAL GOVERNMENT RECORDS
P1954,P1954,PERSON-154,Meera Chouhan 8,"Sector 4, Betwa Nagar, Vidisha",6,Betwa Nagar,Vidisha,Vidisha,Madhya Pradesh,464054,SUR-20953,KHA-50953,1381.96,Commercial,Urban Parcel,23.54295,77.80375,"{""type"":""Polygon"",""coordinates"":[[[77.80375,23.54295],[77.8044,23.54295],[77.8044,23.5436],[77.80375,23.5436],[77.80375,23.54295]]]}",2025-12-31T12:00:00,2026-09-10T12:00:00,SYNTHETIC DEMO DATA — NOT OFFICIAL GOVERNMENT RECORDS
P1955,P1955,PERSON-155,Deepak Tiwari 8,"Sector 5, Ganj Basoda Road, Vidisha",7,Ganj Basoda Road,Vidisha,Vidisha,Madhya Pradesh,464055,SUR-20954,KHA-50954,1428.01,Industrial,Urban Parcel,23.5441,77.80375,"{""type"":""Polygon"",""coordinates"":[[[77.80375,23.5441],[77.8044,23.5441],[77.8044,23.54475],[77.80375,23.54475],[77.80375,23.5441]]]}",2025-12-30T12:00:00,2026-09-10T12:00:00,SYNTHETIC DEMO DATA — NOT OFFICIAL GOVERNMENT RECORDS
P1956,P1956,PERSON-156,Sunita Rathore 8,"Sector 6, Civil Lines Extension, Vidisha",8,Civil Lines Extension,Vidisha,Vidisha,Madhya Pradesh,464056,SUR-20955,KHA-50955,1475.45,Agricultural,Urban Parcel,23.54525,77.80375,"{""type"":""Polygon"",""coordinates"":[[[77.80375,23.54525],[77.8044,23.54525],[77.8044,23.5459],[77.80375,23.5459],[77.80375,23.54525]]]}",2025-12-29T12:00:00,2026-09-10T12:00:00,SYNTHETIC DEMO DATA — NOT OFFICIAL GOVERNMENT RECORDS
P1957,P1957,PERSON-157,Karan Dubey 8,"Sector 7, Kachhi Khedi, Vidisha",9,Kachhi Khedi,Vidisha,Vidisha,Madhya Pradesh,464057,SUR-20956,KHA-50956,1522.21,Institutional,Urban Parcel,23.5464,77.80375,"{""type"":""Polygon"",""coordinates"":[[[77.80375,23.5464],[77.8044,23.5464],[77.8044,23.54705],[77.80375,23.54705],[77.80375,23.5464]]]}",2025-12-28T12:00:00,2026-09-10T12:00:00,SYNTHETIC DEMO DATA — NOT OFFICIAL GOVERNMENT RECORDS
P1958,P1958,PERSON-158,Isha Kulkarni 8,"Sector 8, Madhav Nagar, Vidisha",10,Madhav Nagar,Vidisha,Vidisha,Madhya Pradesh,464058,SUR-20957,KHA-50957,119.46,Mixed Use,Urban Parcel,23.54755,77.80375,"{""type"":""Polygon"",""coordinates"":[[[77.80375,23.54755],[77.8044,23.54755],[77.8044,23.5482],[77.80375,23.5482],[77.80375,23.54755]]]}",2025-12-27T12:00:00,2026-09-10T12:00:00,SYNTHETIC DEMO DATA — NOT OFFICIAL GOVERNMENT RECORDS
P1959,P1959,PERSON-159,Mohan Solanki 8,"Sector 9, Raisen Link, Vidisha",11,Raisen Link,Vidisha,Vidisha,Madhya Pradesh,464059,SUR-20958,KHA-50958,166.34,Vacant Land,Urban Parcel,23.5487,77.80375,"{""type"":""Polygon"",""coordinates"":[[[77.80375,23.5487],[77.8044,23.5487],[77.8044,23.54935],[77.80375,23.54935],[77.80375,23.5487]]]}",2025-12-26T12:00:00,2026-09-10T12:00:00,SYNTHETIC DEMO DATA — NOT OFFICIAL GOVERNMENT RECORDS
P1960,P1960,PERSON-160,Rekha Bansal 8,"Sector 10, Vidisha Urban, Vidisha",12,Vidisha Urban,Vidisha,Vidisha,Madhya Pradesh,464060,SUR-20959,KHA-50959,213.68,Public/Semi-Public,Urban Parcel,23.54985,77.80375,"{""type"":""Polygon"",""coordinates"":[[[77.80375,23.54985],[77.8044,23.54985],[77.8044,23.5505],[77.80375,23.5505],[77.80375,23.54985]]]}",2025-12-25T12:00:00,2026-09-10T12:00:00,SYNTHETIC DEMO DATA — NOT OFFICIAL GOVERNMENT RECORDS
P1961,P1961,PERSON-161,Rahul Sharma 9,"Sector 11, Sanchi Road, Vidisha",1,Sanchi Road,Vidisha,Vidisha,Madhya Pradesh,464061,SUR-20960,KHA-50960,260.89,Residential,Urban Parcel,23.505,77.805,"{""type"":""Polygon"",""coordinates"":[[[77.805,23.505],[77.80565,23.505],[77.80565,23.50565],[77.805,23.50565],[77.805,23.505]]]}",2025-12-24T12:00:00,2026-09-10T12:00:00,SYNTHETIC DEMO DATA — NOT OFFICIAL GOVERNMENT RECORDS
P1962,P1962,PERSON-162,Amit Verma 9,"Sector 12, Betwa Nagar, Vidisha",2,Betwa Nagar,Vidisha,Vidisha,Madhya Pradesh,464062,SUR-20961,KHA-50961,307.47,Commercial,Urban Parcel,23.50615,77.805,"{""type"":""Polygon"",""coordinates"":[[[77.805,23.50615],[77.80565,23.50615],[77.80565,23.5068],[77.805,23.5068],[77.805,23.50615]]]}",2025-12-23T12:00:00,2026-09-10T12:00:00,SYNTHETIC DEMO DATA — NOT OFFICIAL GOVERNMENT RECORDS
P1963,P1963,PERSON-163,Neha Patel 9,"Sector 13, Ganj Basoda Road, Vidisha",3,Ganj Basoda Road,Vidisha,Vidisha,Madhya Pradesh,464063,SUR-20962,KHA-50962,354.3,Industrial,Urban Parcel,23.5073,77.805,"{""type"":""Polygon"",""coordinates"":[[[77.805,23.5073],[77.80565,23.5073],[77.80565,23.50795],[77.805,23.50795],[77.805,23.5073]]]}",2025-12-22T12:00:00,2026-09-10T12:00:00,SYNTHETIC DEMO DATA — NOT OFFICIAL GOVERNMENT RECORDS
P1964,P1964,PERSON-164,Priya Singh 9,"Sector 14, Civil Lines Extension, Vidisha",4,Civil Lines Extension,Vidisha,Vidisha,Madhya Pradesh,464064,SUR-20963,KHA-50963,401.2,Agricultural,Urban Parcel,23.50845,77.805,"{""type"":""Polygon"",""coordinates"":[[[77.805,23.50845],[77.80565,23.50845],[77.80565,23.5091],[77.805,23.5091],[77.805,23.50845]]]}",2025-12-21T12:00:00,2026-09-10T12:00:00,SYNTHETIC DEMO DATA — NOT OFFICIAL GOVERNMENT RECORDS
P1965,P1965,PERSON-165,Suresh Yadav 9,"Sector 15, Kachhi Khedi, Vidisha",5,Kachhi Khedi,Vidisha,Vidisha,Madhya Pradesh,464065,SUR-20964,KHA-50964,448.7,Institutional,Urban Parcel,23.5096,77.805,"{""type"":""Polygon"",""coordinates"":[[[77.805,23.5096],[77.80565,23.5096],[77.80565,23.51025],[77.805,23.51025],[77.805,23.5096]]]}",2025-12-20T12:00:00,2026-09-10T12:00:00,SYNTHETIC DEMO DATA — NOT OFFICIAL GOVERNMENT RECORDS
P1966,P1966,PERSON-166,Anjali Jain 9,"Sector 16, Madhav Nagar, Vidisha",6,Madhav Nagar,Vidisha,Vidisha,Madhya Pradesh,464066,SUR-20965,KHA-50965,495.76,Mixed Use,Urban Parcel,23.51075,77.805,"{""type"":""Polygon"",""coordinates"":[[[77.805,23.51075],[77.80565,23.51075],[77.80565,23.5114],[77.805,23.5114],[77.805,23.51075]]]}",2025-12-19T12:00:00,2026-09-10T12:00:00,SYNTHETIC DEMO DATA — NOT OFFICIAL GOVERNMENT RECORDS
P1967,P1967,PERSON-167,Vikram Mehta 9,"Sector 17, Raisen Link, Vidisha",7,Raisen Link,Vidisha,Vidisha,Madhya Pradesh,464067,SUR-20966,KHA-50966,542.24,Vacant Land,Urban Parcel,23.5119,77.805,"{""type"":""Polygon"",""coordinates"":[[[77.805,23.5119],[77.80565,23.5119],[77.80565,23.51255],[77.805,23.51255],[77.805,23.5119]]]}",2025-12-18T12:00:00,2026-09-10T12:00:00,SYNTHETIC DEMO DATA — NOT OFFICIAL GOVERNMENT RECORDS
P1968,P1968,PERSON-168,Kavita Joshi 9,"Sector 18, Vidisha Urban, Vidisha",8,Vidisha Urban,Vidisha,Vidisha,Madhya Pradesh,464068,SUR-20967,KHA-50967,589.35,Public/Semi-Public,Urban Parcel,23.51305,77.805,"{""type"":""Polygon"",""coordinates"":[[[77.805,23.51305],[77.80565,23.51305],[77.80565,23.5137],[77.805,23.5137],[77.805,23.51305]]]}",2025-12-17T12:00:00,2026-09-10T12:00:00,SYNTHETIC DEMO DATA — NOT OFFICIAL GOVERNMENT RECORDS
P1969,P1969,PERSON-169,Manoj Gupta 9,"Sector 19, Sanchi Road, Vidisha",9,Sanchi Road,Vidisha,Vidisha,Madhya Pradesh,464069,SUR-20968,KHA-50968,636.41,Residential,Urban Parcel,23.5142,77.805,"{""type"":""Polygon"",""coordinates"":[[[77.805,23.5142],[77.80565,23.5142],[77.80565,23.51485],[77.805,23.51485],[77.805,23.5142]]]}",2025-12-16T12:00:00,2026-09-10T12:00:00,SYNTHETIC DEMO DATA — NOT OFFICIAL GOVERNMENT RECORDS
P1970,P1970,PERSON-170,Ritu Mishra 9,"Sector 20, Betwa Nagar, Vidisha",10,Betwa Nagar,Vidisha,Vidisha,Madhya Pradesh,464070,SUR-20969,KHA-50969,683.24,Commercial,Urban Parcel,23.51535,77.805,"{""type"":""Polygon"",""coordinates"":[[[77.805,23.51535],[77.80565,23.51535],[77.80565,23.516],[77.805,23.516],[77.805,23.51535]]]}",2025-12-15T12:00:00,2026-09-10T12:00:00,SYNTHETIC DEMO DATA — NOT OFFICIAL GOVERNMENT RECORDS
P1971,P1971,PERSON-171,Arjun Malviya 9,"Sector 21, Ganj Basoda Road, Vidisha",11,Ganj Basoda Road,Vidisha,Vidisha,Madhya Pradesh,464071,SUR-20970,KHA-50970,730.49,Industrial,Urban Parcel,23.5165,77.805,"{""type"":""Polygon"",""coordinates"":[[[77.805,23.5165],[77.80565,23.5165],[77.80565,23.51715],[77.805,23.51715],[77.805,23.5165]]]}",2025-12-14T12:00:00,2026-09-10T12:00:00,SYNTHETIC DEMO DATA — NOT OFFICIAL GOVERNMENT RECORDS
P1972,P1972,PERSON-172,Pooja Thakur 9,"Sector 22, Civil Lines Extension, Vidisha",12,Civil Lines Extension,Vidisha,Vidisha,Madhya Pradesh,464072,SUR-20971,KHA-50971,777.07,Agricultural,Urban Parcel,23.51765,77.805,"{""type"":""Polygon"",""coordinates"":[[[77.805,23.51765],[77.80565,23.51765],[77.80565,23.5183],[77.805,23.5183],[77.805,23.51765]]]}",2025-12-13T12:00:00,2026-09-10T12:00:00,SYNTHETIC DEMO DATA — NOT OFFICIAL GOVERNMENT RECORDS
P1973,P1973,PERSON-173,Nitin Saxena 9,"Sector 23, Kachhi Khedi, Vidisha",1,Kachhi Khedi,Vidisha,Vidisha,Madhya Pradesh,464073,SUR-20972,KHA-50972,824.31,Institutional,Urban Parcel,23.5188,77.805,"{""type"":""Polygon"",""coordinates"":[[[77.805,23.5188],[77.80565,23.5188],[77.80565,23.51945],[77.805,23.51945],[77.805,23.5188]]]}",2025-12-12T12:00:00,2026-09-10T12:00:00,SYNTHETIC DEMO DATA — NOT OFFICIAL GOVERNMENT RECORDS
P1974,P1974,PERSON-174,Meera Chouhan 9,"Sector 24, Madhav Nagar, Vidisha",2,Madhav Nagar,Vidisha,Vidisha,Madhya Pradesh,464074,SUR-20973,KHA-50973,871.54,Mixed Use,Urban Parcel,23.51995,77.805,"{""type"":""Polygon"",""coordinates"":[[[77.805,23.51995],[77.80565,23.51995],[77.80565,23.5206],[77.805,23.5206],[77.805,23.51995]]]}",2025-12-11T12:00:00,2026-09-10T12:00:00,SYNTHETIC DEMO DATA — NOT OFFICIAL GOVERNMENT RECORDS
P1975,P1975,PERSON-175,Deepak Tiwari 9,"Sector 25, Raisen Link, Vidisha",3,Raisen Link,Vidisha,Vidisha,Madhya Pradesh,464075,SUR-20974,KHA-50974,918.04,Vacant Land,Urban Parcel,23.5211,77.805,"{""type"":""Polygon"",""coordinates"":[[[77.805,23.5211],[77.80565,23.5211],[77.80565,23.52175],[77.805,23.52175],[77.805,23.5211]]]}",2025-12-10T12:00:00,2026-09-10T12:00:00,SYNTHETIC DEMO DATA — NOT OFFICIAL GOVERNMENT RECORDS
P1976,P1976,PERSON-176,Sunita Rathore 9,"Sector 1, Vidisha Urban, Vidisha",4,Vidisha Urban,Vidisha,Vidisha,Madhya Pradesh,464076,SUR-20975,KHA-50975,965.81,Public/Semi-Public,Urban Parcel,23.52225,77.805,"{""type"":""Polygon"",""coordinates"":[[[77.805,23.52225],[77.80565,23.52225],[77.80565,23.5229],[77.805,23.5229],[77.805,23.52225]]]}",2025-12-09T12:00:00,2026-09-10T12:00:00,SYNTHETIC DEMO DATA — NOT OFFICIAL GOVERNMENT RECORDS
P1977,P1977,PERSON-177,Karan Dubey 9,"Sector 2, Sanchi Road, Vidisha",5,Sanchi Road,Vidisha,Vidisha,Madhya Pradesh,464077,SUR-20976,KHA-50976,1012.98,Residential,Urban Parcel,23.5234,77.805,"{""type"":""Polygon"",""coordinates"":[[[77.805,23.5234],[77.80565,23.5234],[77.80565,23.52405],[77.805,23.52405],[77.805,23.5234]]]}",2025-12-08T12:00:00,2026-09-10T12:00:00,SYNTHETIC DEMO DATA — NOT OFFICIAL GOVERNMENT RECORDS
P1978,P1978,PERSON-178,Isha Kulkarni 9,"Sector 3, Betwa Nagar, Vidisha",6,Betwa Nagar,Vidisha,Vidisha,Madhya Pradesh,464078,SUR-20977,KHA-50977,1059.15,Commercial,Urban Parcel,23.52455,77.805,"{""type"":""Polygon"",""coordinates"":[[[77.805,23.52455],[77.80565,23.52455],[77.80565,23.5252],[77.805,23.5252],[77.805,23.52455]]]}",2025-12-07T12:00:00,2026-09-10T12:00:00,SYNTHETIC DEMO DATA — NOT OFFICIAL GOVERNMENT RECORDS
P1979,P1979,PERSON-179,Mohan Solanki 9,"Sector 4, Ganj Basoda Road, Vidisha",7,Ganj Basoda Road,Vidisha,Vidisha,Madhya Pradesh,464079,SUR-20978,KHA-50978,1106.15,Industrial,Urban Parcel,23.5257,77.805,"{""type"":""Polygon"",""coordinates"":[[[77.805,23.5257],[77.80565,23.5257],[77.80565,23.52635],[77.805,23.52635],[77.805,23.5257]]]}",2025-12-06T12:00:00,2026-09-10T12:00:00,SYNTHETIC DEMO DATA — NOT OFFICIAL GOVERNMENT RECORDS
P1980,P1980,PERSON-180,Rekha Bansal 9,"Sector 5, Civil Lines Extension, Vidisha",8,Civil Lines Extension,Vidisha,Vidisha,Madhya Pradesh,464080,SUR-20979,KHA-50979,1153.15,Agricultural,Urban Parcel,23.52685,77.805,"{""type"":""Polygon"",""coordinates"":[[[77.805,23.52685],[77.80565,23.52685],[77.80565,23.5275],[77.805,23.5275],[77.805,23.52685]]]}",2025-12-05T12:00:00,2026-09-10T12:00:00,SYNTHETIC DEMO DATA — NOT OFFICIAL GOVERNMENT RECORDS
P1981,P1981,PERSON-181,Rahul Sharma 10,"Sector 6, Kachhi Khedi, Vidisha",9,Kachhi Khedi,Vidisha,Vidisha,Madhya Pradesh,464081,SUR-20980,KHA-50980,1200.63,Institutional,Urban Parcel,23.528,77.805,"{""type"":""Polygon"",""coordinates"":[[[77.805,23.528],[77.80565,23.528],[77.80565,23.52865],[77.805,23.52865],[77.805,23.528]]]}",2025-12-04T12:00:00,2026-09-10T12:00:00,SYNTHETIC DEMO DATA — NOT OFFICIAL GOVERNMENT RECORDS
P1982,P1982,PERSON-182,Amit Verma 10,"Sector 7, Madhav Nagar, Vidisha",10,Madhav Nagar,Vidisha,Vidisha,Madhya Pradesh,464082,SUR-20981,KHA-50981,1247.57,Mixed Use,Urban Parcel,23.52915,77.805,"{""type"":""Polygon"",""coordinates"":[[[77.805,23.52915],[77.80565,23.52915],[77.80565,23.5298],[77.805,23.5298],[77.805,23.52915]]]}",2025-12-03T12:00:00,2026-09-10T12:00:00,SYNTHETIC DEMO DATA — NOT OFFICIAL GOVERNMENT RECORDS
P1983,P1983,PERSON-183,Neha Patel 10,"Sector 8, Raisen Link, Vidisha",11,Raisen Link,Vidisha,Vidisha,Madhya Pradesh,464083,SUR-20982,KHA-50982,1294.67,Vacant Land,Urban Parcel,23.5303,77.805,"{""type"":""Polygon"",""coordinates"":[[[77.805,23.5303],[77.80565,23.5303],[77.80565,23.53095],[77.805,23.53095],[77.805,23.5303]]]}",2025-12-02T12:00:00,2026-09-10T12:00:00,SYNTHETIC DEMO DATA — NOT OFFICIAL GOVERNMENT RECORDS
P1984,P1984,PERSON-184,Priya Singh 10,"Sector 9, Vidisha Urban, Vidisha",12,Vidisha Urban,Vidisha,Vidisha,Madhya Pradesh,464084,SUR-20983,KHA-50983,1341.61,Public/Semi-Public,Urban Parcel,23.53145,77.805,"{""type"":""Polygon"",""coordinates"":[[[77.805,23.53145],[77.80565,23.53145],[77.80565,23.5321],[77.805,23.5321],[77.805,23.53145]]]}",2025-12-01T12:00:00,2026-09-10T12:00:00,SYNTHETIC DEMO DATA — NOT OFFICIAL GOVERNMENT RECORDS
P1985,P1985,PERSON-185,Suresh Yadav 10,"Sector 10, Sanchi Road, Vidisha",1,Sanchi Road,Vidisha,Vidisha,Madhya Pradesh,464085,SUR-20984,KHA-50984,1388.39,Residential,Urban Parcel,23.5326,77.805,"{""type"":""Polygon"",""coordinates"":[[[77.805,23.5326],[77.80565,23.5326],[77.80565,23.53325],[77.805,23.53325],[77.805,23.5326]]]}",2025-11-30T12:00:00,2026-09-10T12:00:00,SYNTHETIC DEMO DATA — NOT OFFICIAL GOVERNMENT RECORDS
P1986,P1986,PERSON-186,Anjali Jain 10,"Sector 11, Betwa Nagar, Vidisha",2,Betwa Nagar,Vidisha,Vidisha,Madhya Pradesh,464086,SUR-20985,KHA-50985,1435.72,Commercial,Urban Parcel,23.53375,77.805,"{""type"":""Polygon"",""coordinates"":[[[77.805,23.53375],[77.80565,23.53375],[77.80565,23.5344],[77.805,23.5344],[77.805,23.53375]]]}",2025-11-29T12:00:00,2026-09-10T12:00:00,SYNTHETIC DEMO DATA — NOT OFFICIAL GOVERNMENT RECORDS
P1987,P1987,PERSON-187,Vikram Mehta 10,"Sector 12, Ganj Basoda Road, Vidisha",3,Ganj Basoda Road,Vidisha,Vidisha,Madhya Pradesh,464087,SUR-20986,KHA-50986,1482.21,Industrial,Urban Parcel,23.5349,77.805,"{""type"":""Polygon"",""coordinates"":[[[77.805,23.5349],[77.80565,23.5349],[77.80565,23.53555],[77.805,23.53555],[77.805,23.5349]]]}",2025-11-28T12:00:00,2026-09-10T12:00:00,SYNTHETIC DEMO DATA — NOT OFFICIAL GOVERNMENT RECORDS
P1988,P1988,PERSON-188,Kavita Joshi 10,"Sector 13, Civil Lines Extension, Vidisha",4,Civil Lines Extension,Vidisha,Vidisha,Madhya Pradesh,464088,SUR-20987,KHA-50987,1529.65,Agricultural,Urban Parcel,23.53605,77.805,"{""type"":""Polygon"",""coordinates"":[[[77.805,23.53605],[77.80565,23.53605],[77.80565,23.5367],[77.805,23.5367],[77.805,23.53605]]]}",2025-11-27T12:00:00,2026-09-10T12:00:00,SYNTHETIC DEMO DATA — NOT OFFICIAL GOVERNMENT RECORDS
P1989,P1989,PERSON-189,Manoj Gupta 10,"Sector 14, Kachhi Khedi, Vidisha",5,Kachhi Khedi,Vidisha,Vidisha,Madhya Pradesh,464089,SUR-20988,KHA-50988,126.74,Institutional,Urban Parcel,23.5372,77.805,"{""type"":""Polygon"",""coordinates"":[[[77.805,23.5372],[77.80565,23.5372],[77.80565,23.53785],[77.805,23.53785],[77.805,23.5372]]]}",2025-11-26T12:00:00,2026-09-10T12:00:00,SYNTHETIC DEMO DATA — NOT OFFICIAL GOVERNMENT RECORDS
P1990,P1990,PERSON-190,Ritu Mishra 10,"Sector 15, Madhav Nagar, Vidisha",6,Madhav Nagar,Vidisha,Vidisha,Madhya Pradesh,464090,SUR-20989,KHA-50989,173.08,Mixed Use,Urban Parcel,23.53835,77.805,"{""type"":""Polygon"",""coordinates"":[[[77.805,23.53835],[77.80565,23.53835],[77.80565,23.539],[77.805,23.539],[77.805,23.53835]]]}",2025-11-25T12:00:00,2026-09-10T12:00:00,SYNTHETIC DEMO DATA — NOT OFFICIAL GOVERNMENT RECORDS
P1991,P1991,PERSON-191,Arjun Malviya 10,"Sector 16, Raisen Link, Vidisha",7,Raisen Link,Vidisha,Vidisha,Madhya Pradesh,464091,SUR-20990,KHA-50990,220.35,Vacant Land,Urban Parcel,23.5395,77.805,"{""type"":""Polygon"",""coordinates"":[[[77.805,23.5395],[77.80565,23.5395],[77.80565,23.54015],[77.805,23.54015],[77.805,23.5395]]]}",2025-11-24T12:00:00,2026-09-10T12:00:00,SYNTHETIC DEMO DATA — NOT OFFICIAL GOVERNMENT RECORDS
P1992,P1992,PERSON-192,Pooja Thakur 10,"Sector 17, Vidisha Urban, Vidisha",8,Vidisha Urban,Vidisha,Vidisha,Madhya Pradesh,464092,SUR-20991,KHA-50991,267.31,Public/Semi-Public,Urban Parcel,23.54065,77.805,"{""type"":""Polygon"",""coordinates"":[[[77.805,23.54065],[77.80565,23.54065],[77.80565,23.5413],[77.805,23.5413],[77.805,23.54065]]]}",2025-11-23T12:00:00,2026-09-10T12:00:00,SYNTHETIC DEMO DATA — NOT OFFICIAL GOVERNMENT RECORDS
P1993,P1993,PERSON-193,Nitin Saxena 10,"Sector 18, Sanchi Road, Vidisha",9,Sanchi Road,Vidisha,Vidisha,Madhya Pradesh,464093,SUR-20992,KHA-50992,314.78,Residential,Urban Parcel,23.5418,77.805,"{""type"":""Polygon"",""coordinates"":[[[77.805,23.5418],[77.80565,23.5418],[77.80565,23.54245],[77.805,23.54245],[77.805,23.5418]]]}",2025-11-22T12:00:00,2026-09-10T12:00:00,SYNTHETIC DEMO DATA — NOT OFFICIAL GOVERNMENT RECORDS
P1994,P1994,PERSON-194,Meera Chouhan 10,"Sector 19, Betwa Nagar, Vidisha",10,Betwa Nagar,Vidisha,Vidisha,Madhya Pradesh,464094,SUR-20993,KHA-50993,361.79,Commercial,Urban Parcel,23.54295,77.805,"{""type"":""Polygon"",""coordinates"":[[[77.805,23.54295],[77.80565,23.54295],[77.80565,23.5436],[77.805,23.5436],[77.805,23.54295]]]}",2025-11-21T12:00:00,2026-09-10T12:00:00,SYNTHETIC DEMO DATA — NOT OFFICIAL GOVERNMENT RECORDS
P1995,P1995,PERSON-195,Deepak Tiwari 10,"Sector 20, Ganj Basoda Road, Vidisha",11,Ganj Basoda Road,Vidisha,Vidisha,Madhya Pradesh,464095,SUR-20994,KHA-50994,408.28,Industrial,Urban Parcel,23.5441,77.805,"{""type"":""Polygon"",""coordinates"":[[[77.805,23.5441],[77.80565,23.5441],[77.80565,23.54475],[77.805,23.54475],[77.805,23.5441]]]}",2025-11-20T12:00:00,2026-09-10T12:00:00,SYNTHETIC DEMO DATA — NOT OFFICIAL GOVERNMENT RECORDS
P1996,P1996,PERSON-196,Sunita Rathore 10,"Sector 21, Civil Lines Extension, Vidisha",12,Civil Lines Extension,Vidisha,Vidisha,Madhya Pradesh,464096,SUR-20995,KHA-50995,455.19,Agricultural,Urban Parcel,23.54525,77.805,"{""type"":""Polygon"",""coordinates"":[[[77.805,23.54525],[77.80565,23.54525],[77.80565,23.5459],[77.805,23.5459],[77.805,23.54525]]]}",2025-11-19T12:00:00,2026-09-10T12:00:00,SYNTHETIC DEMO DATA — NOT OFFICIAL GOVERNMENT RECORDS
P1997,P1997,PERSON-197,Karan Dubey 10,"Sector 22, Kachhi Khedi, Vidisha",1,Kachhi Khedi,Vidisha,Vidisha,Madhya Pradesh,464097,SUR-20996,KHA-50996,502.04,Institutional,Urban Parcel,23.5464,77.805,"{""type"":""Polygon"",""coordinates"":[[[77.805,23.5464],[77.80565,23.5464],[77.80565,23.54705],[77.805,23.54705],[77.805,23.5464]]]}",2025-11-18T12:00:00,2026-09-10T12:00:00,SYNTHETIC DEMO DATA — NOT OFFICIAL GOVERNMENT RECORDS
P1998,P1998,PERSON-198,Isha Kulkarni 10,"Sector 23, Madhav Nagar, Vidisha",2,Madhav Nagar,Vidisha,Vidisha,Madhya Pradesh,464098,SUR-20997,KHA-50997,549.07,Mixed Use,Urban Parcel,23.54755,77.805,"{""type"":""Polygon"",""coordinates"":[[[77.805,23.54755],[77.80565,23.54755],[77.80565,23.5482],[77.805,23.5482],[77.805,23.54755]]]}",2025-11-17T12:00:00,2026-09-10T12:00:00,SYNTHETIC DEMO DATA — NOT OFFICIAL GOVERNMENT RECORDS
P1999,P1999,PERSON-199,Mohan Solanki 10,"Sector 24, Raisen Link, Vidisha",3,Raisen Link,Vidisha,Vidisha,Madhya Pradesh,464099,SUR-20998,KHA-50998,596.17,Vacant Land,Urban Parcel,23.5487,77.805,"{""type"":""Polygon"",""coordinates"":[[[77.805,23.5487],[77.80565,23.5487],[77.80565,23.54935],[77.805,23.54935],[77.805,23.5487]]]}",2025-11-16T12:00:00,2026-09-10T12:00:00,SYNTHETIC DEMO DATA — NOT OFFICIAL GOVERNMENT RECORDS
P2000,P2000,PERSON-200,Rekha Bansal 10,"Sector 25, Vidisha Urban, Vidisha",4,Vidisha Urban,Vidisha,Vidisha,Madhya Pradesh,464000,SUR-20999,KHA-50999,643.8,Public/Semi-Public,Urban Parcel,23.54985,77.805,"{""type"":""Polygon"",""coordinates"":[[[77.805,23.54985],[77.80565,23.54985],[77.80565,23.5505],[77.805,23.5505],[77.805,23.54985]]]}",2025-11-15T12:00:00,2026-09-10T12:00:00,SYNTHETIC DEMO DATA — NOT OFFICIAL GOVERNMENT RECORDS
