tax_record_id,property_id,assessment_number,owner_name,assessed_area_sq_m,annual_tax,tax_status,financial_year,property_category,data_type
TAX-1001,P1001,ASSESS-1001,Rahul Sharma,90.88,390.78,PAID,2025-26,Residential,SYNTHETIC DEMO DATA — NOT OFFICIAL GOVERNMENT RECORDS
TAX-1002,P1002,ASSESS-1002,Amit Verma,137.25,590.17,PARTIALLY_PAID,2025-26,Commercial,SYNTHETIC DEMO DATA — NOT OFFICIAL GOVERNMENT RECORDS
TAX-1003,P1003,ASSESS-1003,Neha Patel,184.16,791.89,PENDING,2025-26,Industrial,SYNTHETIC DEMO DATA — NOT OFFICIAL GOVERNMENT RECORDS
TAX-1004,P1004,ASSESS-1004,Priya Singh,231.68,996.22,OVERDUE,2025-26,Agricultural,SYNTHETIC DEMO DATA — NOT OFFICIAL GOVERNMENT RECORDS
TAX-1005,P1005,ASSESS-1005,Suresh Yadav,278.72,1198.5,PAID,2025-26,Institutional,SYNTHETIC DEMO DATA — NOT OFFICIAL GOVERNMENT RECORDS
TAX-1006,P1006,ASSESS-1006,Anjali Jain,325.57,1399.95,PARTIALLY_PAID,2025-26,Mixed Use,SYNTHETIC DEMO DATA — NOT OFFICIAL GOVERNMENT RECORDS
TAX-1007,P1007,ASSESS-1007,Vikram Mehta,372.83,1603.17,PENDING,2025-26,Vacant Land,SYNTHETIC DEMO DATA — NOT OFFICIAL GOVERNMENT RECORDS
TAX-1008,P1008,ASSESS-1008,Kavita Joshi,419.09,1802.09,OVERDUE,2025-26,Public/Semi-Public,SYNTHETIC DEMO DATA — NOT OFFICIAL GOVERNMENT RECORDS
TAX-1009,P1009,ASSESS-1009,Manoj Gupta,466.19,2004.62,PAID,2025-26,Residential,SYNTHETIC DEMO DATA — NOT OFFICIAL GOVERNMENT RECORDS
TAX-1010,P1010,ASSESS-1010,Ritu Mishra,513.13,2206.46,PARTIALLY_PAID,2025-26,Commercial,SYNTHETIC DEMO DATA — NOT OFFICIAL GOVERNMENT RECORDS
TAX-1011,P1011,ASSESS-1011,Arjun Malviya,560.69,2410.97,PENDING,2025-26,Industrial,SYNTHETIC DEMO DATA — NOT OFFICIAL GOVERNMENT RECORDS
TAX-1012,P1012,ASSESS-1012,Pooja Thakur,607.79,2613.5,OVERDUE,2025-26,Agricultural,SYNTHETIC DEMO DATA — NOT OFFICIAL GOVERNMENT RECORDS
TAX-1013,P1013,ASSESS-1013,Nitin Saxena,654.36,2813.75,PAID,2025-26,Institutional,SYNTHETIC DEMO DATA — NOT OFFICIAL GOVERNMENT RECORDS
TAX-1014,P1014,ASSESS-1014,Meera Chouhan,701.09,3014.69,PARTIALLY_PAID,2025-26,Mixed Use,SYNTHETIC DEMO DATA — NOT OFFICIAL GOVERNMENT RECORDS
TAX-1015,P1015,ASSESS-1015,Deepak Tiwari,748.74,3219.58,PENDING,2025-26,Vacant Land,SYNTHETIC DEMO DATA — NOT OFFICIAL GOVERNMENT RECORDS
TAX-1016,P1016,ASSESS-1016,Sunita Rathore,795.25,3419.57,OVERDUE,2025-26,Public/Semi-Public,SYNTHETIC DEMO DATA — NOT OFFICIAL GOVERNMENT RECORDS
TAX-1017,P1017,ASSESS-1017,Karan Dubey,842.14,3621.2,PAID,2025-26,Residential,SYNTHETIC DEMO DATA — NOT OFFICIAL GOVERNMENT RECORDS
TAX-1018,P1018,ASSESS-1018,Isha Kulkarni,889.28,3823.9,PARTIALLY_PAID,2025-26,Commercial,SYNTHETIC DEMO DATA — NOT OFFICIAL GOVERNMENT RECORDS
TAX-1019,P1019,ASSESS-1019,Mohan Solanki,936.22,4025.75,PENDING,2025-26,Industrial,SYNTHETIC DEMO DATA — NOT OFFICIAL GOVERNMENT RECORDS
TAX-1020,P1020,ASSESS-1020,Rekha Bansal,983.44,4228.79,OVERDUE,2025-26,Agricultural,SYNTHETIC DEMO DATA — NOT OFFICIAL GOVERNMENT RECORDS
TAX-1021,P1021,ASSESS-1021,Rahul Sharma 2,1030.79,4432.4,PAID,2025-26,Institutional,SYNTHETIC DEMO DATA — NOT OFFICIAL GOVERNMENT RECORDS
TAX-1022,P1022,ASSESS-1022,Amit Verma 2,1077.67,4633.98,PARTIALLY_PAID,2025-26,Mixed Use,SYNTHETIC DEMO DATA — NOT OFFICIAL GOVERNMENT RECORDS
TAX-1023,P1023,ASSESS-1023,Neha Patel 2,1124.92,4837.16,PENDING,2025-26,Vacant Land,SYNTHETIC DEMO DATA — NOT OFFICIAL GOVERNMENT RECORDS
TAX-1024,P1024,ASSESS-1024,Priya Singh 2,1171.61,5037.92,OVERDUE,2025-26,Public/Semi-Public,SYNTHETIC DEMO DATA — NOT OFFICIAL GOVERNMENT RECORDS
TAX-1025,P1025,ASSESS-1025,Suresh Yadav 2,1218.57,5239.85,PAID,2025-26,Residential,SYNTHETIC DEMO DATA — NOT OFFICIAL GOVERNMENT RECORDS
TAX-1026,P1026,ASSESS-1026,Anjali Jain 2,1265.17,5440.23,PARTIALLY_PAID,2025-26,Commercial,SYNTHETIC DEMO DATA — NOT OFFICIAL GOVERNMENT RECORDS
TAX-1027,P1027,ASSESS-1027,Vikram Mehta 2,1312.64,5644.35,PENDING,2025-26,Industrial,SYNTHETIC DEMO DATA — NOT OFFICIAL GOVERNMENT RECORDS
TAX-1028,P1028,ASSESS-1028,Kavita Joshi 2,1359.6,5846.28,OVERDUE,2025-26,Agricultural,SYNTHETIC DEMO DATA — NOT OFFICIAL GOVERNMENT RECORDS
TAX-1029,P1029,ASSESS-1029,Manoj Gupta 2,1406.98,6050.01,PAID,2025-26,Institutional,SYNTHETIC DEMO DATA — NOT OFFICIAL GOVERNMENT RECORDS
TAX-1030,P1030,ASSESS-1030,Ritu Mishra 2,1453.01,6247.94,PARTIALLY_PAID,2025-26,Mixed Use,SYNTHETIC DEMO DATA — NOT OFFICIAL GOVERNMENT RECORDS
TAX-1031,P1031,ASSESS-1031,Arjun Malviya 2,1500.38,6451.63,PENDING,2025-26,Vacant Land,SYNTHETIC DEMO DATA — NOT OFFICIAL GOVERNMENT RECORDS
TAX-1032,P1032,ASSESS-1032,Pooja Thakur 2,97.67,419.98,OVERDUE,2025-26,Public/Semi-Public,SYNTHETIC DEMO DATA — NOT OFFICIAL GOVERNMENT RECORDS
TAX-1033,P1033,ASSESS-1033,Nitin Saxena 2,144.26,620.32,PAID,2025-26,Residential,SYNTHETIC DEMO DATA — NOT OFFICIAL GOVERNMENT RECORDS
TAX-1034,P1034,ASSESS-1034,Meera Chouhan 2,191.99,825.56,PARTIALLY_PAID,2025-26,Commercial,SYNTHETIC DEMO DATA — NOT OFFICIAL GOVERNMENT RECORDS
TAX-1035,P1035,ASSESS-1035,Deepak Tiwari 2,238.22,1024.35,PENDING,2025-26,Industrial,SYNTHETIC DEMO DATA — NOT OFFICIAL GOVERNMENT RECORDS
TAX-1036,P1036,ASSESS-1036,Sunita Rathore 2,285.46,1227.48,OVERDUE,2025-26,Agricultural,SYNTHETIC DEMO DATA — NOT OFFICIAL GOVERNMENT RECORDS
TAX-1037,P1037,ASSESS-1037,Karan Dubey 2,332.5,1429.75,PAID,2025-26,Institutional,SYNTHETIC DEMO DATA — NOT OFFICIAL GOVERNMENT RECORDS
TAX-1038,P1038,ASSESS-1038,Isha Kulkarni 2,379.33,1631.12,PARTIALLY_PAID,2025-26,Mixed Use,SYNTHETIC DEMO DATA — NOT OFFICIAL GOVERNMENT RECORDS
TAX-1039,P1039,ASSESS-1039,Mohan Solanki 2,426.94,1835.84,PENDING,2025-26,Vacant Land,SYNTHETIC DEMO DATA — NOT OFFICIAL GOVERNMENT RECORDS
TAX-1040,P1040,ASSESS-1040,Rekha Bansal 2,473.48,2035.96,OVERDUE,2025-26,Public/Semi-Public,SYNTHETIC DEMO DATA — NOT OFFICIAL GOVERNMENT RECORDS
TAX-1041,P1041,ASSESS-1041,Rahul Sharma 3,520.68,2238.92,PAID,2025-26,Residential,SYNTHETIC DEMO DATA — NOT OFFICIAL GOVERNMENT RECORDS
TAX-1042,P1042,ASSESS-1042,Amit Verma 3,567.61,2440.72,PARTIALLY_PAID,2025-26,Commercial,SYNTHETIC DEMO DATA — NOT OFFICIAL GOVERNMENT RECORDS
TAX-1043,P1043,ASSESS-1043,Neha Patel 3,614.88,2643.98,PENDING,2025-26,Industrial,SYNTHETIC DEMO DATA — NOT OFFICIAL GOVERNMENT RECORDS
TAX-1044,P1044,ASSESS-1044,Priya Singh 3,661.88,2846.08,OVERDUE,2025-26,Agricultural,SYNTHETIC DEMO DATA — NOT OFFICIAL GOVERNMENT RECORDS
TAX-1045,P1045,ASSESS-1045,Suresh Yadav 3,708.81,3047.88,PAID,2025-26,Institutional,SYNTHETIC DEMO DATA — NOT OFFICIAL GOVERNMENT RECORDS
TAX-1046,P1046,ASSESS-1046,Anjali Jain 3,755.67,3249.38,PARTIALLY_PAID,2025-26,Mixed Use,SYNTHETIC DEMO DATA — NOT OFFICIAL GOVERNMENT RECORDS
TAX-1047,P1047,ASSESS-1047,Vikram Mehta 3,802.03,3448.73,PENDING,2025-26,Vacant Land,SYNTHETIC DEMO DATA — NOT OFFICIAL GOVERNMENT RECORDS
TAX-1048,P1048,ASSESS-1048,Kavita Joshi 3,849.82,3654.23,OVERDUE,2025-26,Public/Semi-Public,SYNTHETIC DEMO DATA — NOT OFFICIAL GOVERNMENT RECORDS
TAX-1049,P1049,ASSESS-1049,Manoj Gupta 3,896.78,3856.15,PAID,2025-26,Residential,SYNTHETIC DEMO DATA — NOT OFFICIAL GOVERNMENT RECORDS
TAX-1050,P1050,ASSESS-1050,Ritu Mishra 3,943.76,4058.17,PARTIALLY_PAID,2025-26,Commercial,SYNTHETIC DEMO DATA — NOT OFFICIAL GOVERNMENT RECORDS
TAX-1051,P1051,ASSESS-1051,Arjun Malviya 3,990.52,4259.24,PENDING,2025-26,Industrial,SYNTHETIC DEMO DATA — NOT OFFICIAL GOVERNMENT RECORDS
TAX-1052,P1052,ASSESS-1052,Pooja Thakur 3,1037.57,4461.55,OVERDUE,2025-26,Agricultural,SYNTHETIC DEMO DATA — NOT OFFICIAL GOVERNMENT RECORDS
TAX-1053,P1053,ASSESS-1053,Nitin Saxena 3,1084.23,4662.19,PAID,2025-26,Institutional,SYNTHETIC DEMO DATA — NOT OFFICIAL GOVERNMENT RECORDS
TAX-1054,P1054,ASSESS-1054,Meera Chouhan 3,1131.82,4866.83,PARTIALLY_PAID,2025-26,Mixed Use,SYNTHETIC DEMO DATA — NOT OFFICIAL GOVERNMENT RECORDS
TAX-1055,P1055,ASSESS-1055,Deepak Tiwari 3,1178.24,5066.43,PENDING,2025-26,Vacant Land,SYNTHETIC DEMO DATA — NOT OFFICIAL GOVERNMENT RECORDS
TAX-1056,P1056,ASSESS-1056,Sunita Rathore 3,1225.89,5271.33,OVERDUE,2025-26,Public/Semi-Public,SYNTHETIC DEMO DATA — NOT OFFICIAL GOVERNMENT RECORDS
TAX-1057,P1057,ASSESS-1057,Karan Dubey 3,1272.69,5472.57,PAID,2025-26,Residential,SYNTHETIC DEMO DATA — NOT OFFICIAL GOVERNMENT RECORDS
TAX-1058,P1058,ASSESS-1058,Isha Kulkarni 3,1319.45,5673.64,PARTIALLY_PAID,2025-26,Commercial,SYNTHETIC DEMO DATA — NOT OFFICIAL GOVERNMENT RECORDS
TAX-1059,P1059,ASSESS-1059,Mohan Solanki 3,1366.86,5877.5,PENDING,2025-26,Industrial,SYNTHETIC DEMO DATA — NOT OFFICIAL GOVERNMENT RECORDS
TAX-1060,P1060,ASSESS-1060,Rekha Bansal 3,1413.98,6080.11,OVERDUE,2025-26,Agricultural,SYNTHETIC DEMO DATA — NOT OFFICIAL GOVERNMENT RECORDS
TAX-1061,P1061,ASSESS-1061,Rahul Sharma 4,1460.33,6279.42,PAID,2025-26,Institutional,SYNTHETIC DEMO DATA — NOT OFFICIAL GOVERNMENT RECORDS
TAX-1062,P1062,ASSESS-1062,Amit Verma 4,1507.23,6481.09,PARTIALLY_PAID,2025-26,Mixed Use,SYNTHETIC DEMO DATA — NOT OFFICIAL GOVERNMENT RECORDS
TAX-1063,P1063,ASSESS-1063,Neha Patel 4,104.14,447.8,PENDING,2025-26,Vacant Land,SYNTHETIC DEMO DATA — NOT OFFICIAL GOVERNMENT RECORDS
TAX-1064,P1064,ASSESS-1064,Priya Singh 4,151.74,652.48,OVERDUE,2025-26,Public/Semi-Public,SYNTHETIC DEMO DATA — NOT OFFICIAL GOVERNMENT RECORDS
TAX-1065,P1065,ASSESS-1065,Suresh Yadav 4,198.7,854.41,PAID,2025-26,Residential,SYNTHETIC DEMO DATA — NOT OFFICIAL GOVERNMENT RECORDS
TAX-1066,P1066,ASSESS-1066,Anjali Jain 4,245.28,1054.7,PARTIALLY_PAID,2025-26,Commercial,SYNTHETIC DEMO DATA — NOT OFFICIAL GOVERNMENT RECORDS
TAX-1067,P1067,ASSESS-1067,Vikram Mehta 4,292.04,1255.77,PENDING,2025-26,Industrial,SYNTHETIC DEMO DATA — NOT OFFICIAL GOVERNMENT RECORDS
TAX-1068,P1068,ASSESS-1068,Kavita Joshi 4,339.25,1458.77,OVERDUE,2025-26,Agricultural,SYNTHETIC DEMO DATA — NOT OFFICIAL GOVERNMENT RECORDS
TAX-1069,P1069,ASSESS-1069,Manoj Gupta 4,386.33,1661.22,PAID,2025-26,Institutional,SYNTHETIC DEMO DATA — NOT OFFICIAL GOVERNMENT RECORDS
TAX-1070,P1070,ASSESS-1070,Ritu Mishra 4,433.63,1864.61,PARTIALLY_PAID,2025-26,Mixed Use,SYNTHETIC DEMO DATA — NOT OFFICIAL GOVERNMENT RECORDS
TAX-1071,P1071,ASSESS-1071,Arjun Malviya 4,480.55,2066.36,PENDING,2025-26,Vacant Land,SYNTHETIC DEMO DATA — NOT OFFICIAL GOVERNMENT RECORDS
TAX-1072,P1072,ASSESS-1072,Pooja Thakur 4,527.82,2269.63,OVERDUE,2025-26,Public/Semi-Public,SYNTHETIC DEMO DATA — NOT OFFICIAL GOVERNMENT RECORDS
TAX-1073,P1073,ASSESS-1073,Nitin Saxena 4,574.46,2470.18,PAID,2025-26,Residential,SYNTHETIC DEMO DATA — NOT OFFICIAL GOVERNMENT RECORDS
TAX-1074,P1074,ASSESS-1074,Meera Chouhan 4,621.89,2674.13,PARTIALLY_PAID,2025-26,Commercial,SYNTHETIC DEMO DATA — NOT OFFICIAL GOVERNMENT RECORDS
TAX-1075,P1075,ASSESS-1075,Deepak Tiwari 4,668.94,2876.44,PENDING,2025-26,Industrial,SYNTHETIC DEMO DATA — NOT OFFICIAL GOVERNMENT RECORDS
TAX-1076,P1076,ASSESS-1076,Sunita Rathore 4,715.16,3075.19,OVERDUE,2025-26,Agricultural,SYNTHETIC DEMO DATA — NOT OFFICIAL GOVERNMENT RECORDS
TAX-1077,P1077,ASSESS-1077,Karan Dubey 4,762.06,3276.86,PAID,2025-26,Institutional,SYNTHETIC DEMO DATA — NOT OFFICIAL GOVERNMENT RECORDS
TAX-1078,P1078,ASSESS-1078,Isha Kulkarni 4,809.51,3480.89,PARTIALLY_PAID,2025-26,Mixed Use,SYNTHETIC DEMO DATA — NOT OFFICIAL GOVERNMENT RECORDS
TAX-1079,P1079,ASSESS-1079,Mohan Solanki 4,856.52,3683.04,PENDING,2025-26,Vacant Land,SYNTHETIC DEMO DATA — NOT OFFICIAL GOVERNMENT RECORDS
TAX-1080,P1080,ASSESS-1080,Rekha Bansal 4,903.94,3886.94,OVERDUE,2025-26,Public/Semi-Public,SYNTHETIC DEMO DATA — NOT OFFICIAL GOVERNMENT RECORDS
TAX-1081,P1081,ASSESS-1081,Rahul Sharma 5,950.53,4087.28,PAID,2025-26,Residential,SYNTHETIC DEMO DATA — NOT OFFICIAL GOVERNMENT RECORDS
TAX-1082,P1082,ASSESS-1082,Amit Verma 5,997.89,4290.93,PARTIALLY_PAID,2025-26,Commercial,SYNTHETIC DEMO DATA — NOT OFFICIAL GOVERNMENT RECORDS
TAX-1083,P1083,ASSESS-1083,Neha Patel 5,1044.03,4489.33,PENDING,2025-26,Industrial,SYNTHETIC DEMO DATA — NOT OFFICIAL GOVERNMENT RECORDS
TAX-1084,P1084,ASSESS-1084,Priya Singh 5,1091.37,4692.89,OVERDUE,2025-26,Agricultural,SYNTHETIC DEMO DATA — NOT OFFICIAL GOVERNMENT RECORDS
TAX-1085,P1085,ASSESS-1085,Suresh Yadav 5,1138.72,4896.5,PAID,2025-26,Institutional,SYNTHETIC DEMO DATA — NOT OFFICIAL GOVERNMENT RECORDS
TAX-1086,P1086,ASSESS-1086,Anjali Jain 5,1185.37,5097.09,PARTIALLY_PAID,2025-26,Mixed Use,SYNTHETIC DEMO DATA — NOT OFFICIAL GOVERNMENT RECORDS
TAX-1087,P1087,ASSESS-1087,Vikram Mehta 5,1232.22,5298.55,PENDING,2025-26,Vacant Land,SYNTHETIC DEMO DATA — NOT OFFICIAL GOVERNMENT RECORDS
TAX-1088,P1088,ASSESS-1088,Kavita Joshi 5,1279.91,5503.61,OVERDUE,2025-26,Public/Semi-Public,SYNTHETIC DEMO DATA — NOT OFFICIAL GOVERNMENT RECORDS
TAX-1089,P1089,ASSESS-1089,Manoj Gupta 5,1326.48,5703.86,PAID,2025-26,Residential,SYNTHETIC DEMO DATA — NOT OFFICIAL GOVERNMENT RECORDS
TAX-1090,P1090,ASSESS-1090,Ritu Mishra 5,1373.11,5904.37,PARTIALLY_PAID,2025-26,Commercial,SYNTHETIC DEMO DATA — NOT OFFICIAL GOVERNMENT RECORDS
TAX-1091,P1091,ASSESS-1091,Arjun Malviya 5,1420.24,6107.03,PENDING,2025-26,Industrial,SYNTHETIC DEMO DATA — NOT OFFICIAL GOVERNMENT RECORDS
TAX-1092,P1092,ASSESS-1092,Pooja Thakur 5,1467.59,6310.64,OVERDUE,2025-26,Agricultural,SYNTHETIC DEMO DATA — NOT OFFICIAL GOVERNMENT RECORDS
TAX-1093,P1093,ASSESS-1093,Nitin Saxena 5,1514.35,6511.7,PAID,2025-26,Institutional,SYNTHETIC DEMO DATA — NOT OFFICIAL GOVERNMENT RECORDS
TAX-1094,P1094,ASSESS-1094,Meera Chouhan 5,111.85,480.95,PARTIALLY_PAID,2025-26,Mixed Use,SYNTHETIC DEMO DATA — NOT OFFICIAL GOVERNMENT RECORDS
TAX-1095,P1095,ASSESS-1095,Deepak Tiwari 5,158.13,679.96,PENDING,2025-26,Vacant Land,SYNTHETIC DEMO DATA — NOT OFFICIAL GOVERNMENT RECORDS
TAX-1096,P1096,ASSESS-1096,Sunita Rathore 5,205.62,884.17,OVERDUE,2025-26,Public/Semi-Public,SYNTHETIC DEMO DATA — NOT OFFICIAL GOVERNMENT RECORDS
TAX-1097,P1097,ASSESS-1097,Karan Dubey 5,252.66,1086.44,PAID,2025-26,Residential,SYNTHETIC DEMO DATA — NOT OFFICIAL GOVERNMENT RECORDS
TAX-1098,P1098,ASSESS-1098,Isha Kulkarni 5,299.83,1289.27,PARTIALLY_PAID,2025-26,Commercial,SYNTHETIC DEMO DATA — NOT OFFICIAL GOVERNMENT RECORDS
TAX-1099,P1099,ASSESS-1099,Mohan Solanki 5,346.42,1489.61,PENDING,2025-26,Industrial,SYNTHETIC DEMO DATA — NOT OFFICIAL GOVERNMENT RECORDS
TAX-1100,P1100,ASSESS-1100,Rekha Bansal 5,393.74,1693.08,OVERDUE,2025-26,Agricultural,SYNTHETIC DEMO DATA — NOT OFFICIAL GOVERNMENT RECORDS
TAX-1101,P1101,ASSESS-1101,Rahul Sharma 6,440.38,1893.63,PAID,2025-26,Institutional,SYNTHETIC DEMO DATA — NOT OFFICIAL GOVERNMENT RECORDS
TAX-1102,P1102,ASSESS-1102,Amit Verma 6,487.18,2094.87,PARTIALLY_PAID,2025-26,Mixed Use,SYNTHETIC DEMO DATA — NOT OFFICIAL GOVERNMENT RECORDS
TAX-1103,P1103,ASSESS-1103,Neha Patel 6,534.05,2296.41,PENDING,2025-26,Vacant Land,SYNTHETIC DEMO DATA — NOT OFFICIAL GOVERNMENT RECORDS
TAX-1104,P1104,ASSESS-1104,Priya Singh 6,581.01,2498.34,OVERDUE,2025-26,Public/Semi-Public,SYNTHETIC DEMO DATA — NOT OFFICIAL GOVERNMENT RECORDS
TAX-1105,P1105,ASSESS-1105,Suresh Yadav 6,628.42,2702.21,PAID,2025-26,Residential,SYNTHETIC DEMO DATA — NOT OFFICIAL GOVERNMENT RECORDS
TAX-1106,P1106,ASSESS-1106,Anjali Jain 6,675.09,2902.89,PARTIALLY_PAID,2025-26,Commercial,SYNTHETIC DEMO DATA — NOT OFFICIAL GOVERNMENT RECORDS
TAX-1107,P1107,ASSESS-1107,Vikram Mehta 6,722.3,3105.89,PENDING,2025-26,Industrial,SYNTHETIC DEMO DATA — NOT OFFICIAL GOVERNMENT RECORDS
TAX-1108,P1108,ASSESS-1108,Kavita Joshi 6,769.8,3310.14,OVERDUE,2025-26,Agricultural,SYNTHETIC DEMO DATA — NOT OFFICIAL GOVERNMENT RECORDS
TAX-1109,P1109,ASSESS-1109,Manoj Gupta 6,816.16,3509.49,PAID,2025-26,Institutional,SYNTHETIC DEMO DATA — NOT OFFICIAL GOVERNMENT RECORDS
TAX-1110,P1110,ASSESS-1110,Ritu Mishra 6,863.34,3712.36,PARTIALLY_PAID,2025-26,Mixed Use,SYNTHETIC DEMO DATA — NOT OFFICIAL GOVERNMENT RECORDS
TAX-1111,P1111,ASSESS-1111,Arjun Malviya 6,910.88,3916.78,PENDING,2025-26,Vacant Land,SYNTHETIC DEMO DATA — NOT OFFICIAL GOVERNMENT RECORDS
TAX-1112,P1112,ASSESS-1112,Pooja Thakur 6,957.16,4115.79,OVERDUE,2025-26,Public/Semi-Public,SYNTHETIC DEMO DATA — NOT OFFICIAL GOVERNMENT RECORDS
TAX-1113,P1113,ASSESS-1113,Nitin Saxena 6,1004.11,4317.67,PAID,2025-26,Residential,SYNTHETIC DEMO DATA — NOT OFFICIAL GOVERNMENT RECORDS
TAX-1114,P1114,ASSESS-1114,Meera Chouhan 6,1051.28,4520.5,PARTIALLY_PAID,2025-26,Commercial,SYNTHETIC DEMO DATA — NOT OFFICIAL GOVERNMENT RECORDS
TAX-1115,P1115,ASSESS-1115,Deepak Tiwari 6,1098.37,4722.99,PENDING,2025-26,Industrial,SYNTHETIC DEMO DATA — NOT OFFICIAL GOVERNMENT RECORDS
TAX-1116,P1116,ASSESS-1116,Sunita Rathore 6,1145.85,4927.15,OVERDUE,2025-26,Agricultural,SYNTHETIC DEMO DATA — NOT OFFICIAL GOVERNMENT RECORDS
TAX-1117,P1117,ASSESS-1117,Karan Dubey 6,1192.83,5129.17,PAID,2025-26,Institutional,SYNTHETIC DEMO DATA — NOT OFFICIAL GOVERNMENT RECORDS
TAX-1118,P1118,ASSESS-1118,Isha Kulkarni 6,1239.97,5331.87,PARTIALLY_PAID,2025-26,Mixed Use,SYNTHETIC DEMO DATA — NOT OFFICIAL GOVERNMENT RECORDS
TAX-1119,P1119,ASSESS-1119,Mohan Solanki 6,1286.08,5530.14,PENDING,2025-26,Vacant Land,SYNTHETIC DEMO DATA — NOT OFFICIAL GOVERNMENT RECORDS
TAX-1120,P1120,ASSESS-1120,Rekha Bansal 6,1333.88,5735.68,OVERDUE,2025-26,Public/Semi-Public,SYNTHETIC DEMO DATA — NOT OFFICIAL GOVERNMENT RECORDS
TAX-1121,P1121,ASSESS-1121,Rahul Sharma 7,1380.83,5937.57,PAID,2025-26,Residential,SYNTHETIC DEMO DATA — NOT OFFICIAL GOVERNMENT RECORDS
TAX-1122,P1122,ASSESS-1122,Amit Verma 7,1427.3,6137.39,PARTIALLY_PAID,2025-26,Commercial,SYNTHETIC DEMO DATA — NOT OFFICIAL GOVERNMENT RECORDS
TAX-1123,P1123,ASSESS-1123,Neha Patel 7,1474.97,6342.37,PENDING,2025-26,Industrial,SYNTHETIC DEMO DATA — NOT OFFICIAL GOVERNMENT RECORDS
TAX-1124,P1124,ASSESS-1124,Priya Singh 7,1521.12,6540.82,OVERDUE,2025-26,Agricultural,SYNTHETIC DEMO DATA — NOT OFFICIAL GOVERNMENT RECORDS
TAX-1125,P1125,ASSESS-1125,Suresh Yadav 7,118.88,511.18,PAID,2025-26,Institutional,SYNTHETIC DEMO DATA — NOT OFFICIAL GOVERNMENT RECORDS
TAX-1126,P1126,ASSESS-1126,Anjali Jain 7,165.0,709.5,PARTIALLY_PAID,2025-26,Mixed Use,SYNTHETIC DEMO DATA — NOT OFFICIAL GOVERNMENT RECORDS
TAX-1127,P1127,ASSESS-1127,Vikram Mehta 7,212.23,912.59,PENDING,2025-26,Vacant Land,SYNTHETIC DEMO DATA — NOT OFFICIAL GOVERNMENT RECORDS
TAX-1128,P1128,ASSESS-1128,Kavita Joshi 7,259.82,1117.23,OVERDUE,2025-26,Public/Semi-Public,SYNTHETIC DEMO DATA — NOT OFFICIAL GOVERNMENT RECORDS
TAX-1129,P1129,ASSESS-1129,Manoj Gupta 7,306.78,1319.15,PAID,2025-26,Residential,SYNTHETIC DEMO DATA — NOT OFFICIAL GOVERNMENT RECORDS
TAX-1130,P1130,ASSESS-1130,Ritu Mishra 7,353.42,1519.71,PARTIALLY_PAID,2025-26,Commercial,SYNTHETIC DEMO DATA — NOT OFFICIAL GOVERNMENT RECORDS
TAX-1131,P1131,ASSESS-1131,Arjun Malviya 7,400.82,1723.53,PENDING,2025-26,Industrial,SYNTHETIC DEMO DATA — NOT OFFICIAL GOVERNMENT RECORDS
TAX-1132,P1132,ASSESS-1132,Pooja Thakur 7,447.55,1924.46,OVERDUE,2025-26,Agricultural,SYNTHETIC DEMO DATA — NOT OFFICIAL GOVERNMENT RECORDS
TAX-1133,P1133,ASSESS-1133,Nitin Saxena 7,494.01,2124.24,PAID,2025-26,Institutional,SYNTHETIC DEMO DATA — NOT OFFICIAL GOVERNMENT RECORDS
TAX-1134,P1134,ASSESS-1134,Meera Chouhan 7,541.71,2329.35,PARTIALLY_PAID,2025-26,Mixed Use,SYNTHETIC DEMO DATA — NOT OFFICIAL GOVERNMENT RECORDS
TAX-1135,P1135,ASSESS-1135,Deepak Tiwari 7,588.41,2530.16,PENDING,2025-26,Vacant Land,SYNTHETIC DEMO DATA — NOT OFFICIAL GOVERNMENT RECORDS
TAX-1136,P1136,ASSESS-1136,Sunita Rathore 7,635.42,2732.31,OVERDUE,2025-26,Public/Semi-Public,SYNTHETIC DEMO DATA — NOT OFFICIAL GOVERNMENT RECORDS
TAX-1137,P1137,ASSESS-1137,Karan Dubey 7,682.66,2935.44,PAID,2025-26,Residential,SYNTHETIC DEMO DATA — NOT OFFICIAL GOVERNMENT RECORDS
TAX-1138,P1138,ASSESS-1138,Isha Kulkarni 7,729.9,3138.57,PARTIALLY_PAID,2025-26,Commercial,SYNTHETIC DEMO DATA — NOT OFFICIAL GOVERNMENT RECORDS
TAX-1139,P1139,ASSESS-1139,Mohan Solanki 7,776.65,3339.59,PENDING,2025-26,Industrial,SYNTHETIC DEMO DATA — NOT OFFICIAL GOVERNMENT RECORDS
TAX-1140,P1140,ASSESS-1140,Rekha Bansal 7,823.25,3539.97,OVERDUE,2025-26,Agricultural,SYNTHETIC DEMO DATA — NOT OFFICIAL GOVERNMENT RECORDS
TAX-1141,P1141,ASSESS-1141,Rahul Sharma 8,870.14,3741.6,PAID,2025-26,Institutional,SYNTHETIC DEMO DATA — NOT OFFICIAL GOVERNMENT RECORDS
TAX-1142,P1142,ASSESS-1142,Amit Verma 8,917.96,3947.23,PARTIALLY_PAID,2025-26,Mixed Use,SYNTHETIC DEMO DATA — NOT OFFICIAL GOVERNMENT RECORDS
TAX-1143,P1143,ASSESS-1143,Neha Patel 8,964.98,4149.41,PENDING,2025-26,Vacant Land,SYNTHETIC DEMO DATA — NOT OFFICIAL GOVERNMENT RECORDS
TAX-1144,P1144,ASSESS-1144,Priya Singh 8,1011.34,4348.76,OVERDUE,2025-26,Public/Semi-Public,SYNTHETIC DEMO DATA — NOT OFFICIAL GOVERNMENT RECORDS
TAX-1145,P1145,ASSESS-1145,Suresh Yadav 8,1058.91,4553.31,PAID,2025-26,Residential,SYNTHETIC DEMO DATA — NOT OFFICIAL GOVERNMENT RECORDS
TAX-1146,P1146,ASSESS-1146,Anjali Jain 8,1105.81,4754.98,PARTIALLY_PAID,2025-26,Commercial,SYNTHETIC DEMO DATA — NOT OFFICIAL GOVERNMENT RECORDS
TAX-1147,P1147,ASSESS-1147,Vikram Mehta 8,1152.08,4953.94,PENDING,2025-26,Industrial,SYNTHETIC DEMO DATA — NOT OFFICIAL GOVERNMENT RECORDS
TAX-1148,P1148,ASSESS-1148,Kavita Joshi 8,1199.8,5159.14,OVERDUE,2025-26,Agricultural,SYNTHETIC DEMO DATA — NOT OFFICIAL GOVERNMENT RECORDS
TAX-1149,P1149,ASSESS-1149,Manoj Gupta 8,1246.56,5360.21,PAID,2025-26,Institutional,SYNTHETIC DEMO DATA — NOT OFFICIAL GOVERNMENT RECORDS
TAX-1150,P1150,ASSESS-1150,Ritu Mishra 8,1293.75,5563.12,PARTIALLY_PAID,2025-26,Mixed Use,SYNTHETIC DEMO DATA — NOT OFFICIAL GOVERNMENT RECORDS
TAX-1151,P1151,ASSESS-1151,Arjun Malviya 8,1340.75,5765.22,PENDING,2025-26,Vacant Land,SYNTHETIC DEMO DATA — NOT OFFICIAL GOVERNMENT RECORDS
TAX-1152,P1152,ASSESS-1152,Pooja Thakur 8,1387.99,5968.36,OVERDUE,2025-26,Public/Semi-Public,SYNTHETIC DEMO DATA — NOT OFFICIAL GOVERNMENT RECORDS
TAX-1153,P1153,ASSESS-1153,Nitin Saxena 8,1434.15,6166.85,PAID,2025-26,Residential,SYNTHETIC DEMO DATA — NOT OFFICIAL GOVERNMENT RECORDS
TAX-1154,P1154,ASSESS-1154,Meera Chouhan 8,1481.15,6368.94,PARTIALLY_PAID,2025-26,Commercial,SYNTHETIC DEMO DATA — NOT OFFICIAL GOVERNMENT RECORDS
TAX-1155,P1155,ASSESS-1155,Deepak Tiwari 8,1528.46,6572.38,PENDING,2025-26,Industrial,SYNTHETIC DEMO DATA — NOT OFFICIAL GOVERNMENT RECORDS
TAX-1156,P1156,ASSESS-1156,Sunita Rathore 8,125.73,540.64,OVERDUE,2025-26,Agricultural,SYNTHETIC DEMO DATA — NOT OFFICIAL GOVERNMENT RECORDS
TAX-1157,P1157,ASSESS-1157,Karan Dubey 8,172.41,741.36,PAID,2025-26,Institutional,SYNTHETIC DEMO DATA — NOT OFFICIAL GOVERNMENT RECORDS
TAX-1158,P1158,ASSESS-1158,Isha Kulkarni 8,219.54,944.02,PARTIALLY_PAID,2025-26,Mixed Use,SYNTHETIC DEMO DATA — NOT OFFICIAL GOVERNMENT RECORDS
TAX-1159,P1159,ASSESS-1159,Mohan Solanki 8,266.67,1146.68,PENDING,2025-26,Vacant Land,SYNTHETIC DEMO DATA — NOT OFFICIAL GOVERNMENT RECORDS
TAX-1160,P1160,ASSESS-1160,Rekha Bansal 8,313.04,1346.07,OVERDUE,2025-26,Public/Semi-Public,SYNTHETIC DEMO DATA — NOT OFFICIAL GOVERNMENT RECORDS
TAX-1161,P1161,ASSESS-1161,Rahul Sharma 9,360.26,1549.12,PAID,2025-26,Residential,SYNTHETIC DEMO DATA — NOT OFFICIAL GOVERNMENT RECORDS
TAX-1162,P1162,ASSESS-1162,Amit Verma 9,407.33,1751.52,PARTIALLY_PAID,2025-26,Commercial,SYNTHETIC DEMO DATA — NOT OFFICIAL GOVERNMENT RECORDS
TAX-1163,P1163,ASSESS-1163,Neha Patel 9,454.66,1955.04,PENDING,2025-26,Industrial,SYNTHETIC DEMO DATA — NOT OFFICIAL GOVERNMENT RECORDS
TAX-1164,P1164,ASSESS-1164,Priya Singh 9,501.6,2156.88,OVERDUE,2025-26,Agricultural,SYNTHETIC DEMO DATA — NOT OFFICIAL GOVERNMENT RECORDS
TAX-1165,P1165,ASSESS-1165,Suresh Yadav 9,548.32,2357.78,PAID,2025-26,Institutional,SYNTHETIC DEMO DATA — NOT OFFICIAL GOVERNMENT RECORDS
TAX-1166,P1166,ASSESS-1166,Anjali Jain 9,595.56,2560.91,PARTIALLY_PAID,2025-26,Mixed Use,SYNTHETIC DEMO DATA — NOT OFFICIAL GOVERNMENT RECORDS
TAX-1167,P1167,ASSESS-1167,Vikram Mehta 9,642.73,2763.74,PENDING,2025-26,Vacant Land,SYNTHETIC DEMO DATA — NOT OFFICIAL GOVERNMENT RECORDS
TAX-1168,P1168,ASSESS-1168,Kavita Joshi 9,689.67,2965.58,OVERDUE,2025-26,Public/Semi-Public,SYNTHETIC DEMO DATA — NOT OFFICIAL GOVERNMENT RECORDS
TAX-1169,P1169,ASSESS-1169,Manoj Gupta 9,736.91,3168.71,PAID,2025-26,Residential,SYNTHETIC DEMO DATA — NOT OFFICIAL GOVERNMENT RECORDS
TAX-1170,P1170,ASSESS-1170,Ritu Mishra 9,783.59,3369.44,PARTIALLY_PAID,2025-26,Commercial,SYNTHETIC DEMO DATA — NOT OFFICIAL GOVERNMENT RECORDS
TAX-1171,P1171,ASSESS-1171,Arjun Malviya 9,830.38,3570.63,PENDING,2025-26,Industrial,SYNTHETIC DEMO DATA — NOT OFFICIAL GOVERNMENT RECORDS
TAX-1172,P1172,ASSESS-1172,Pooja Thakur 9,877.93,3775.1,OVERDUE,2025-26,Agricultural,SYNTHETIC DEMO DATA — NOT OFFICIAL GOVERNMENT RECORDS
TAX-1173,P1173,ASSESS-1173,Nitin Saxena 9,924.06,3973.46,PAID,2025-26,Institutional,SYNTHETIC DEMO DATA — NOT OFFICIAL GOVERNMENT RECORDS
TAX-1174,P1174,ASSESS-1174,Meera Chouhan 9,971.93,4179.3,PARTIALLY_PAID,2025-26,Mixed Use,SYNTHETIC DEMO DATA — NOT OFFICIAL GOVERNMENT RECORDS
TAX-1175,P1175,ASSESS-1175,Deepak Tiwari 9,1018.63,4380.11,PENDING,2025-26,Vacant Land,SYNTHETIC DEMO DATA — NOT OFFICIAL GOVERNMENT RECORDS
TAX-1176,P1176,ASSESS-1176,Sunita Rathore 9,1065.43,4581.35,OVERDUE,2025-26,Public/Semi-Public,SYNTHETIC DEMO DATA — NOT OFFICIAL GOVERNMENT RECORDS
TAX-1177,P1177,ASSESS-1177,Karan Dubey 9,1112.79,4785.0,PAID,2025-26,Residential,SYNTHETIC DEMO DATA — NOT OFFICIAL GOVERNMENT RECORDS
TAX-1178,P1178,ASSESS-1178,Isha Kulkarni 9,1159.16,4984.39,PARTIALLY_PAID,2025-26,Commercial,SYNTHETIC DEMO DATA — NOT OFFICIAL GOVERNMENT RECORDS
TAX-1179,P1179,ASSESS-1179,Mohan Solanki 9,1206.89,5189.63,PENDING,2025-26,Industrial,SYNTHETIC DEMO DATA — NOT OFFICIAL GOVERNMENT RECORDS
TAX-1180,P1180,ASSESS-1180,Rekha Bansal 9,1253.27,5389.06,OVERDUE,2025-26,Agricultural,SYNTHETIC DEMO DATA — NOT OFFICIAL GOVERNMENT RECORDS
TAX-1181,P1181,ASSESS-1181,Rahul Sharma 10,1300.23,5590.99,PAID,2025-26,Institutional,SYNTHETIC DEMO DATA — NOT OFFICIAL GOVERNMENT RECORDS
TAX-1182,P1182,ASSESS-1182,Amit Verma 10,1347.89,5795.93,PARTIALLY_PAID,2025-26,Mixed Use,SYNTHETIC DEMO DATA — NOT OFFICIAL GOVERNMENT RECORDS
TAX-1183,P1183,ASSESS-1183,Neha Patel 10,1394.43,5996.05,PENDING,2025-26,Vacant Land,SYNTHETIC DEMO DATA — NOT OFFICIAL GOVERNMENT RECORDS
TAX-1184,P1184,ASSESS-1184,Priya Singh 10,1441.37,6197.89,OVERDUE,2025-26,Public/Semi-Public,SYNTHETIC DEMO DATA — NOT OFFICIAL GOVERNMENT RECORDS
TAX-1185,P1185,ASSESS-1185,Suresh Yadav 10,1488.8,6401.84,PAID,2025-26,Residential,SYNTHETIC DEMO DATA — NOT OFFICIAL GOVERNMENT RECORDS
TAX-1186,P1186,ASSESS-1186,Anjali Jain 10,1535.66,6603.34,PARTIALLY_PAID,2025-26,Commercial,SYNTHETIC DEMO DATA — NOT OFFICIAL GOVERNMENT RECORDS
TAX-1187,P1187,ASSESS-1187,Vikram Mehta 10,132.37,569.19,PENDING,2025-26,Industrial,SYNTHETIC DEMO DATA — NOT OFFICIAL GOVERNMENT RECORDS
TAX-1188,P1188,ASSESS-1188,Kavita Joshi 10,179.96,773.83,OVERDUE,2025-26,Agricultural,SYNTHETIC DEMO DATA — NOT OFFICIAL GOVERNMENT RECORDS
TAX-1189,P1189,ASSESS-1189,Manoj Gupta 10,226.67,974.68,PAID,2025-26,Institutional,SYNTHETIC DEMO DATA — NOT OFFICIAL GOVERNMENT RECORDS
TAX-1190,P1190,ASSESS-1190,Ritu Mishra 10,273.58,1176.39,PARTIALLY_PAID,2025-26,Mixed Use,SYNTHETIC DEMO DATA — NOT OFFICIAL GOVERNMENT RECORDS
TAX-1191,P1191,ASSESS-1191,Arjun Malviya 10,320.44,1377.89,PENDING,2025-26,Vacant Land,SYNTHETIC DEMO DATA — NOT OFFICIAL GOVERNMENT RECORDS
TAX-1192,P1192,ASSESS-1192,Pooja Thakur 10,367.28,1579.3,OVERDUE,2025-26,Public/Semi-Public,SYNTHETIC DEMO DATA — NOT OFFICIAL GOVERNMENT RECORDS
TAX-1193,P1193,ASSESS-1193,Nitin Saxena 10,414.91,1784.11,PAID,2025-26,Residential,SYNTHETIC DEMO DATA — NOT OFFICIAL GOVERNMENT RECORDS
TAX-1194,P1194,ASSESS-1194,Meera Chouhan 10,461.83,1985.87,PARTIALLY_PAID,2025-26,Commercial,SYNTHETIC DEMO DATA — NOT OFFICIAL GOVERNMENT RECORDS
TAX-1195,P1195,ASSESS-1195,Deepak Tiwari 10,508.33,2185.82,PENDING,2025-26,Industrial,SYNTHETIC DEMO DATA — NOT OFFICIAL GOVERNMENT RECORDS
TAX-1196,P1196,ASSESS-1196,Sunita Rathore 10,555.28,2387.7,OVERDUE,2025-26,Agricultural,SYNTHETIC DEMO DATA — NOT OFFICIAL GOVERNMENT RECORDS
TAX-1197,P1197,ASSESS-1197,Karan Dubey 10,602.29,2589.85,PAID,2025-26,Institutional,SYNTHETIC DEMO DATA — NOT OFFICIAL GOVERNMENT RECORDS
TAX-1198,P1198,ASSESS-1198,Isha Kulkarni 10,649.74,2793.88,PARTIALLY_PAID,2025-26,Mixed Use,SYNTHETIC DEMO DATA — NOT OFFICIAL GOVERNMENT RECORDS
TAX-1199,P1199,ASSESS-1199,Mohan Solanki 10,696.54,2995.12,PENDING,2025-26,Vacant Land,SYNTHETIC DEMO DATA — NOT OFFICIAL GOVERNMENT RECORDS
TAX-1200,P1200,ASSESS-1200,Rekha Bansal 10,743.69,3197.87,OVERDUE,2025-26,Public/Semi-Public,SYNTHETIC DEMO DATA — NOT OFFICIAL GOVERNMENT RECORDS
TAX-1201,P1201,ASSESS-1201,Rahul Sharma,790.51,3399.19,PAID,2025-26,Residential,SYNTHETIC DEMO DATA — NOT OFFICIAL GOVERNMENT RECORDS
TAX-1202,P1202,ASSESS-1202,Amit Verma,837.11,3599.57,PARTIALLY_PAID,2025-26,Commercial,SYNTHETIC DEMO DATA — NOT OFFICIAL GOVERNMENT RECORDS
TAX-1203,P1203,ASSESS-1203,Neha Patel,884.69,3804.17,PENDING,2025-26,Industrial,SYNTHETIC DEMO DATA — NOT OFFICIAL GOVERNMENT RECORDS
TAX-1204,P1204,ASSESS-1204,Priya Singh,931.27,4004.46,OVERDUE,2025-26,Agricultural,SYNTHETIC DEMO DATA — NOT OFFICIAL GOVERNMENT RECORDS
TAX-1205,P1205,ASSESS-1205,Suresh Yadav,978.96,4209.53,PAID,2025-26,Institutional,SYNTHETIC DEMO DATA — NOT OFFICIAL GOVERNMENT RECORDS
TAX-1206,P1206,ASSESS-1206,Anjali Jain,1025.13,4408.06,PARTIALLY_PAID,2025-26,Mixed Use,SYNTHETIC DEMO DATA — NOT OFFICIAL GOVERNMENT RECORDS
TAX-1207,P1207,ASSESS-1207,Vikram Mehta,1072.87,4613.34,PENDING,2025-26,Vacant Land,SYNTHETIC DEMO DATA — NOT OFFICIAL GOVERNMENT RECORDS
TAX-1208,P1208,ASSESS-1208,Kavita Joshi,1119.33,4813.12,OVERDUE,2025-26,Public/Semi-Public,SYNTHETIC DEMO DATA — NOT OFFICIAL GOVERNMENT RECORDS
TAX-1209,P1209,ASSESS-1209,Manoj Gupta,1166.01,5013.84,PAID,2025-26,Residential,SYNTHETIC DEMO DATA — NOT OFFICIAL GOVERNMENT RECORDS
TAX-1210,P1210,ASSESS-1210,Ritu Mishra,1213.04,5216.07,PARTIALLY_PAID,2025-26,Commercial,SYNTHETIC DEMO DATA — NOT OFFICIAL GOVERNMENT RECORDS
TAX-1211,P1211,ASSESS-1211,Arjun Malviya,1260.19,5418.82,PENDING,2025-26,Industrial,SYNTHETIC DEMO DATA — NOT OFFICIAL GOVERNMENT RECORDS
TAX-1212,P1212,ASSESS-1212,Pooja Thakur,1307.48,5622.16,OVERDUE,2025-26,Agricultural,SYNTHETIC DEMO DATA — NOT OFFICIAL GOVERNMENT RECORDS
TAX-1213,P1213,ASSESS-1213,Nitin Saxena,1354.89,5826.03,PAID,2025-26,Institutional,SYNTHETIC DEMO DATA — NOT OFFICIAL GOVERNMENT RECORDS
TAX-1214,P1214,ASSESS-1214,Meera Chouhan,1401.69,6027.27,PARTIALLY_PAID,2025-26,Mixed Use,SYNTHETIC DEMO DATA — NOT OFFICIAL GOVERNMENT RECORDS
TAX-1215,P1215,ASSESS-1215,Deepak Tiwari,1448.87,6230.14,PENDING,2025-26,Vacant Land,SYNTHETIC DEMO DATA — NOT OFFICIAL GOVERNMENT RECORDS
TAX-1216,P1216,ASSESS-1216,Sunita Rathore,1495.22,6429.45,OVERDUE,2025-26,Public/Semi-Public,SYNTHETIC DEMO DATA — NOT OFFICIAL GOVERNMENT RECORDS
TAX-1217,P1217,ASSESS-1217,Karan Dubey,92.95,399.69,PAID,2025-26,Residential,SYNTHETIC DEMO DATA — NOT OFFICIAL GOVERNMENT RECORDS
TAX-1218,P1218,ASSESS-1218,Isha Kulkarni,139.09,598.09,PARTIALLY_PAID,2025-26,Commercial,SYNTHETIC DEMO DATA — NOT OFFICIAL GOVERNMENT RECORDS
TAX-1219,P1219,ASSESS-1219,Mohan Solanki,186.33,801.22,PENDING,2025-26,Industrial,SYNTHETIC DEMO DATA — NOT OFFICIAL GOVERNMENT RECORDS
TAX-1220,P1220,ASSESS-1220,Rekha Bansal,233.99,1006.16,OVERDUE,2025-26,Agricultural,SYNTHETIC DEMO DATA — NOT OFFICIAL GOVERNMENT RECORDS
TAX-1221,P1221,ASSESS-1221,Rahul Sharma 2,280.35,1205.51,PAID,2025-26,Institutional,SYNTHETIC DEMO DATA — NOT OFFICIAL GOVERNMENT RECORDS
TAX-1222,P1222,ASSESS-1222,Amit Verma 2,327.64,1408.85,PARTIALLY_PAID,2025-26,Mixed Use,SYNTHETIC DEMO DATA — NOT OFFICIAL GOVERNMENT RECORDS
TAX-1223,P1223,ASSESS-1223,Neha Patel 2,374.43,1610.05,PENDING,2025-26,Vacant Land,SYNTHETIC DEMO DATA — NOT OFFICIAL GOVERNMENT RECORDS
TAX-1224,P1224,ASSESS-1224,Priya Singh 2,421.07,1810.6,OVERDUE,2025-26,Public/Semi-Public,SYNTHETIC DEMO DATA — NOT OFFICIAL GOVERNMENT RECORDS
TAX-1225,P1225,ASSESS-1225,Suresh Yadav 2,468.26,2013.52,PAID,2025-26,Residential,SYNTHETIC DEMO DATA — NOT OFFICIAL GOVERNMENT RECORDS
TAX-1226,P1226,ASSESS-1226,Anjali Jain 2,515.81,2217.98,PARTIALLY_PAID,2025-26,Commercial,SYNTHETIC DEMO DATA — NOT OFFICIAL GOVERNMENT RECORDS
TAX-1227,P1227,ASSESS-1227,Vikram Mehta 2,562.26,2417.72,PENDING,2025-26,Industrial,SYNTHETIC DEMO DATA — NOT OFFICIAL GOVERNMENT RECORDS
TAX-1228,P1228,ASSESS-1228,Kavita Joshi 2,609.41,2620.46,OVERDUE,2025-26,Agricultural,SYNTHETIC DEMO DATA — NOT OFFICIAL GOVERNMENT RECORDS
TAX-1229,P1229,ASSESS-1229,Manoj Gupta 2,656.38,2822.43,PAID,2025-26,Institutional,SYNTHETIC DEMO DATA — NOT OFFICIAL GOVERNMENT RECORDS
TAX-1230,P1230,ASSESS-1230,Ritu Mishra 2,703.68,3025.82,PARTIALLY_PAID,2025-26,Mixed Use,SYNTHETIC DEMO DATA — NOT OFFICIAL GOVERNMENT RECORDS
TAX-1231,P1231,ASSESS-1231,Arjun Malviya 2,750.77,3228.31,PENDING,2025-26,Vacant Land,SYNTHETIC DEMO DATA — NOT OFFICIAL GOVERNMENT RECORDS
TAX-1232,P1232,ASSESS-1232,Pooja Thakur 2,797.04,3427.27,OVERDUE,2025-26,Public/Semi-Public,SYNTHETIC DEMO DATA — NOT OFFICIAL GOVERNMENT RECORDS
TAX-1233,P1233,ASSESS-1233,Nitin Saxena 2,844.4,3630.92,PAID,2025-26,Residential,SYNTHETIC DEMO DATA — NOT OFFICIAL GOVERNMENT RECORDS
TAX-1234,P1234,ASSESS-1234,Meera Chouhan 2,891.28,3832.5,PARTIALLY_PAID,2025-26,Commercial,SYNTHETIC DEMO DATA — NOT OFFICIAL GOVERNMENT RECORDS
TAX-1235,P1235,ASSESS-1235,Deepak Tiwari 2,938.99,4037.66,PENDING,2025-26,Industrial,SYNTHETIC DEMO DATA — NOT OFFICIAL GOVERNMENT RECORDS
TAX-1236,P1236,ASSESS-1236,Sunita Rathore 2,985.69,4238.47,OVERDUE,2025-26,Agricultural,SYNTHETIC DEMO DATA — NOT OFFICIAL GOVERNMENT RECORDS
TAX-1237,P1237,ASSESS-1237,Karan Dubey 2,1032.98,4441.81,PAID,2025-26,Institutional,SYNTHETIC DEMO DATA — NOT OFFICIAL GOVERNMENT RECORDS
TAX-1238,P1238,ASSESS-1238,Isha Kulkarni 2,1079.44,4641.59,PARTIALLY_PAID,2025-26,Mixed Use,SYNTHETIC DEMO DATA — NOT OFFICIAL GOVERNMENT RECORDS
TAX-1239,P1239,ASSESS-1239,Mohan Solanki 2,1126.16,4842.49,PENDING,2025-26,Vacant Land,SYNTHETIC DEMO DATA — NOT OFFICIAL GOVERNMENT RECORDS
TAX-1240,P1240,ASSESS-1240,Rekha Bansal 2,1173.5,5046.05,OVERDUE,2025-26,Public/Semi-Public,SYNTHETIC DEMO DATA — NOT OFFICIAL GOVERNMENT RECORDS
TAX-1241,P1241,ASSESS-1241,Rahul Sharma 3,1220.87,5249.74,PAID,2025-26,Residential,SYNTHETIC DEMO DATA — NOT OFFICIAL GOVERNMENT RECORDS
TAX-1242,P1242,ASSESS-1242,Amit Verma 3,1267.83,5451.67,PARTIALLY_PAID,2025-26,Commercial,SYNTHETIC DEMO DATA — NOT OFFICIAL GOVERNMENT RECORDS
TAX-1243,P1243,ASSESS-1243,Neha Patel 3,1314.75,5653.43,PENDING,2025-26,Industrial,SYNTHETIC DEMO DATA — NOT OFFICIAL GOVERNMENT RECORDS
TAX-1244,P1244,ASSESS-1244,Priya Singh 3,1361.19,5853.12,OVERDUE,2025-26,Agricultural,SYNTHETIC DEMO DATA — NOT OFFICIAL GOVERNMENT RECORDS
TAX-1245,P1245,ASSESS-1245,Suresh Yadav 3,1408.02,6054.49,PAID,2025-26,Institutional,SYNTHETIC DEMO DATA — NOT OFFICIAL GOVERNMENT RECORDS
TAX-1246,P1246,ASSESS-1246,Anjali Jain 3,1455.96,6260.63,PARTIALLY_PAID,2025-26,Mixed Use,SYNTHETIC DEMO DATA — NOT OFFICIAL GOVERNMENT RECORDS
TAX-1247,P1247,ASSESS-1247,Vikram Mehta 3,1502.11,6459.07,PENDING,2025-26,Vacant Land,SYNTHETIC DEMO DATA — NOT OFFICIAL GOVERNMENT RECORDS
TAX-1248,P1248,ASSESS-1248,Kavita Joshi 3,99.48,427.76,OVERDUE,2025-26,Public/Semi-Public,SYNTHETIC DEMO DATA — NOT OFFICIAL GOVERNMENT RECORDS
TAX-1249,P1249,ASSESS-1249,Manoj Gupta 3,146.29,629.05,PAID,2025-26,Residential,SYNTHETIC DEMO DATA — NOT OFFICIAL GOVERNMENT RECORDS
TAX-1250,P1250,ASSESS-1250,Ritu Mishra 3,193.53,832.18,PARTIALLY_PAID,2025-26,Commercial,SYNTHETIC DEMO DATA — NOT OFFICIAL GOVERNMENT RECORDS
TAX-1251,P1251,ASSESS-1251,Arjun Malviya 3,240.63,1034.71,PENDING,2025-26,Industrial,SYNTHETIC DEMO DATA — NOT OFFICIAL GOVERNMENT RECORDS
TAX-1252,P1252,ASSESS-1252,Pooja Thakur 3,287.53,1236.38,OVERDUE,2025-26,Agricultural,SYNTHETIC DEMO DATA — NOT OFFICIAL GOVERNMENT RECORDS
TAX-1253,P1253,ASSESS-1253,Nitin Saxena 3,334.71,1439.25,PAID,2025-26,Institutional,SYNTHETIC DEMO DATA — NOT OFFICIAL GOVERNMENT RECORDS
TAX-1254,P1254,ASSESS-1254,Meera Chouhan 3,381.38,1639.93,PARTIALLY_PAID,2025-26,Mixed Use,SYNTHETIC DEMO DATA — NOT OFFICIAL GOVERNMENT RECORDS
TAX-1255,P1255,ASSESS-1255,Deepak Tiwari 3,428.79,1843.8,PENDING,2025-26,Vacant Land,SYNTHETIC DEMO DATA — NOT OFFICIAL GOVERNMENT RECORDS
TAX-1256,P1256,ASSESS-1256,Sunita Rathore 3,475.19,2043.32,OVERDUE,2025-26,Public/Semi-Public,SYNTHETIC DEMO DATA — NOT OFFICIAL GOVERNMENT RECORDS
TAX-1257,P1257,ASSESS-1257,Karan Dubey 3,522.73,2247.74,PAID,2025-26,Residential,SYNTHETIC DEMO DATA — NOT OFFICIAL GOVERNMENT RECORDS
TAX-1258,P1258,ASSESS-1258,Isha Kulkarni 3,569.26,2447.82,PARTIALLY_PAID,2025-26,Commercial,SYNTHETIC DEMO DATA — NOT OFFICIAL GOVERNMENT RECORDS
TAX-1259,P1259,ASSESS-1259,Mohan Solanki 3,616.1,2649.23,PENDING,2025-26,Industrial,SYNTHETIC DEMO DATA — NOT OFFICIAL GOVERNMENT RECORDS
TAX-1260,P1260,ASSESS-1260,Rekha Bansal 3,663.14,2851.5,OVERDUE,2025-26,Agricultural,SYNTHETIC DEMO DATA — NOT OFFICIAL GOVERNMENT RECORDS
TAX-1261,P1261,ASSESS-1261,Rahul Sharma 4,710.39,3054.68,PAID,2025-26,Institutional,SYNTHETIC DEMO DATA — NOT OFFICIAL GOVERNMENT RECORDS
TAX-1262,P1262,ASSESS-1262,Amit Verma 4,757.51,3257.29,PARTIALLY_PAID,2025-26,Mixed Use,SYNTHETIC DEMO DATA — NOT OFFICIAL GOVERNMENT RECORDS
TAX-1263,P1263,ASSESS-1263,Neha Patel 4,804.12,3457.72,PENDING,2025-26,Vacant Land,SYNTHETIC DEMO DATA — NOT OFFICIAL GOVERNMENT RECORDS
TAX-1264,P1264,ASSESS-1264,Priya Singh 4,851.54,3661.62,OVERDUE,2025-26,Public/Semi-Public,SYNTHETIC DEMO DATA — NOT OFFICIAL GOVERNMENT RECORDS
TAX-1265,P1265,ASSESS-1265,Suresh Yadav 4,898.46,3863.38,PAID,2025-26,Residential,SYNTHETIC DEMO DATA — NOT OFFICIAL GOVERNMENT RECORDS
TAX-1266,P1266,ASSESS-1266,Anjali Jain 4,945.99,4067.76,PARTIALLY_PAID,2025-26,Commercial,SYNTHETIC DEMO DATA — NOT OFFICIAL GOVERNMENT RECORDS
TAX-1267,P1267,ASSESS-1267,Vikram Mehta 4,992.07,4265.9,PENDING,2025-26,Industrial,SYNTHETIC DEMO DATA — NOT OFFICIAL GOVERNMENT RECORDS
TAX-1268,P1268,ASSESS-1268,Kavita Joshi 4,1039.84,4471.31,OVERDUE,2025-26,Agricultural,SYNTHETIC DEMO DATA — NOT OFFICIAL GOVERNMENT RECORDS
TAX-1269,P1269,ASSESS-1269,Manoj Gupta 4,1086.48,4671.86,PAID,2025-26,Institutional,SYNTHETIC DEMO DATA — NOT OFFICIAL GOVERNMENT RECORDS
TAX-1270,P1270,ASSESS-1270,Ritu Mishra 4,1133.76,4875.17,PARTIALLY_PAID,2025-26,Mixed Use,SYNTHETIC DEMO DATA — NOT OFFICIAL GOVERNMENT RECORDS
TAX-1271,P1271,ASSESS-1271,Arjun Malviya 4,1180.99,5078.26,PENDING,2025-26,Vacant Land,SYNTHETIC DEMO DATA — NOT OFFICIAL GOVERNMENT RECORDS
TAX-1272,P1272,ASSESS-1272,Pooja Thakur 4,1227.26,5277.22,OVERDUE,2025-26,Public/Semi-Public,SYNTHETIC DEMO DATA — NOT OFFICIAL GOVERNMENT RECORDS
TAX-1273,P1273,ASSESS-1273,Nitin Saxena 4,1274.6,5480.78,PAID,2025-26,Residential,SYNTHETIC DEMO DATA — NOT OFFICIAL GOVERNMENT RECORDS
TAX-1274,P1274,ASSESS-1274,Meera Chouhan 4,1321.78,5683.65,PARTIALLY_PAID,2025-26,Commercial,SYNTHETIC DEMO DATA — NOT OFFICIAL GOVERNMENT RECORDS
TAX-1275,P1275,ASSESS-1275,Deepak Tiwari 4,1368.64,5885.15,PENDING,2025-26,Industrial,SYNTHETIC DEMO DATA — NOT OFFICIAL GOVERNMENT RECORDS
TAX-1276,P1276,ASSESS-1276,Sunita Rathore 4,1415.16,6085.19,OVERDUE,2025-26,Agricultural,SYNTHETIC DEMO DATA — NOT OFFICIAL GOVERNMENT RECORDS
TAX-1277,P1277,ASSESS-1277,Karan Dubey 4,1462.89,6290.43,PAID,2025-26,Institutional,SYNTHETIC DEMO DATA — NOT OFFICIAL GOVERNMENT RECORDS
TAX-1278,P1278,ASSESS-1278,Isha Kulkarni 4,1509.26,6489.82,PARTIALLY_PAID,2025-26,Mixed Use,SYNTHETIC DEMO DATA — NOT OFFICIAL GOVERNMENT RECORDS
TAX-1279,P1279,ASSESS-1279,Mohan Solanki 4,106.34,457.26,PENDING,2025-26,Vacant Land,SYNTHETIC DEMO DATA — NOT OFFICIAL GOVERNMENT RECORDS
TAX-1280,P1280,ASSESS-1280,Rekha Bansal 4,153.38,659.53,OVERDUE,2025-26,Public/Semi-Public,SYNTHETIC DEMO DATA — NOT OFFICIAL GOVERNMENT RECORDS
TAX-1281,P1281,ASSESS-1281,Rahul Sharma 5,200.16,860.69,PAID,2025-26,Residential,SYNTHETIC DEMO DATA — NOT OFFICIAL GOVERNMENT RECORDS
TAX-1282,P1282,ASSESS-1282,Amit Verma 5,247.94,1066.14,PARTIALLY_PAID,2025-26,Commercial,SYNTHETIC DEMO DATA — NOT OFFICIAL GOVERNMENT RECORDS
TAX-1283,P1283,ASSESS-1283,Neha Patel 5,294.49,1266.31,PENDING,2025-26,Industrial,SYNTHETIC DEMO DATA — NOT OFFICIAL GOVERNMENT RECORDS
TAX-1284,P1284,ASSESS-1284,Priya Singh 5,341.05,1466.52,OVERDUE,2025-26,Agricultural,SYNTHETIC DEMO DATA — NOT OFFICIAL GOVERNMENT RECORDS
TAX-1285,P1285,ASSESS-1285,Suresh Yadav 5,388.78,1671.75,PAID,2025-26,Institutional,SYNTHETIC DEMO DATA — NOT OFFICIAL GOVERNMENT RECORDS
TAX-1286,P1286,ASSESS-1286,Anjali Jain 5,435.71,1873.55,PARTIALLY_PAID,2025-26,Mixed Use,SYNTHETIC DEMO DATA — NOT OFFICIAL GOVERNMENT RECORDS
TAX-1287,P1287,ASSESS-1287,Vikram Mehta 5,482.16,2073.29,PENDING,2025-26,Vacant Land,SYNTHETIC DEMO DATA — NOT OFFICIAL GOVERNMENT RECORDS
TAX-1288,P1288,ASSESS-1288,Kavita Joshi 5,529.61,2277.32,OVERDUE,2025-26,Public/Semi-Public,SYNTHETIC DEMO DATA — NOT OFFICIAL GOVERNMENT RECORDS
TAX-1289,P1289,ASSESS-1289,Manoj Gupta 5,576.01,2476.84,PAID,2025-26,Residential,SYNTHETIC DEMO DATA — NOT OFFICIAL GOVERNMENT RECORDS
TAX-1290,P1290,ASSESS-1290,Ritu Mishra 5,623.02,2678.99,PARTIALLY_PAID,2025-26,Commercial,SYNTHETIC DEMO DATA — NOT OFFICIAL GOVERNMENT RECORDS
TAX-1291,P1291,ASSESS-1291,Arjun Malviya 5,670.57,2883.45,PENDING,2025-26,Industrial,SYNTHETIC DEMO DATA — NOT OFFICIAL GOVERNMENT RECORDS
TAX-1292,P1292,ASSESS-1292,Pooja Thakur 5,717.89,3086.93,OVERDUE,2025-26,Agricultural,SYNTHETIC DEMO DATA — NOT OFFICIAL GOVERNMENT RECORDS
TAX-1293,P1293,ASSESS-1293,Nitin Saxena 5,764.97,3289.37,PAID,2025-26,Institutional,SYNTHETIC DEMO DATA — NOT OFFICIAL GOVERNMENT RECORDS
TAX-1294,P1294,ASSESS-1294,Meera Chouhan 5,811.11,3487.77,PARTIALLY_PAID,2025-26,Mixed Use,SYNTHETIC DEMO DATA — NOT OFFICIAL GOVERNMENT RECORDS
TAX-1295,P1295,ASSESS-1295,Deepak Tiwari 5,858.09,3689.79,PENDING,2025-26,Vacant Land,SYNTHETIC DEMO DATA — NOT OFFICIAL GOVERNMENT RECORDS
TAX-1296,P1296,ASSESS-1296,Sunita Rathore 5,905.11,3891.97,OVERDUE,2025-26,Public/Semi-Public,SYNTHETIC DEMO DATA — NOT OFFICIAL GOVERNMENT RECORDS
TAX-1297,P1297,ASSESS-1297,Karan Dubey 5,952.63,4096.31,PAID,2025-26,Residential,SYNTHETIC DEMO DATA — NOT OFFICIAL GOVERNMENT RECORDS
TAX-1298,P1298,ASSESS-1298,Isha Kulkarni 5,999.15,4296.34,PARTIALLY_PAID,2025-26,Commercial,SYNTHETIC DEMO DATA — NOT OFFICIAL GOVERNMENT RECORDS
TAX-1299,P1299,ASSESS-1299,Mohan Solanki 5,1046.36,4499.35,PENDING,2025-26,Industrial,SYNTHETIC DEMO DATA — NOT OFFICIAL GOVERNMENT RECORDS
TAX-1300,P1300,ASSESS-1300,Rekha Bansal 5,1093.71,4702.95,OVERDUE,2025-26,Agricultural,SYNTHETIC DEMO DATA — NOT OFFICIAL GOVERNMENT RECORDS
TAX-1301,P1301,ASSESS-1301,Rahul Sharma 6,1140.15,4902.65,PAID,2025-26,Institutional,SYNTHETIC DEMO DATA — NOT OFFICIAL GOVERNMENT RECORDS
TAX-1302,P1302,ASSESS-1302,Amit Verma 6,1187.15,5104.74,PARTIALLY_PAID,2025-26,Mixed Use,SYNTHETIC DEMO DATA — NOT OFFICIAL GOVERNMENT RECORDS
TAX-1303,P1303,ASSESS-1303,Neha Patel 6,1234.25,5307.27,PENDING,2025-26,Vacant Land,SYNTHETIC DEMO DATA — NOT OFFICIAL GOVERNMENT RECORDS
TAX-1304,P1304,ASSESS-1304,Priya Singh 6,1282.0,5512.6,OVERDUE,2025-26,Public/Semi-Public,SYNTHETIC DEMO DATA — NOT OFFICIAL GOVERNMENT RECORDS
TAX-1305,P1305,ASSESS-1305,Suresh Yadav 6,1328.1,5710.83,PAID,2025-26,Residential,SYNTHETIC DEMO DATA — NOT OFFICIAL GOVERNMENT RECORDS
TAX-1306,P1306,ASSESS-1306,Anjali Jain 6,1375.82,5916.03,PARTIALLY_PAID,2025-26,Commercial,SYNTHETIC DEMO DATA — NOT OFFICIAL GOVERNMENT RECORDS
TAX-1307,P1307,ASSESS-1307,Vikram Mehta 6,1422.43,6116.45,PENDING,2025-26,Industrial,SYNTHETIC DEMO DATA — NOT OFFICIAL GOVERNMENT RECORDS
TAX-1308,P1308,ASSESS-1308,Kavita Joshi 6,1469.98,6320.91,OVERDUE,2025-26,Agricultural,SYNTHETIC DEMO DATA — NOT OFFICIAL GOVERNMENT RECORDS
TAX-1309,P1309,ASSESS-1309,Manoj Gupta 6,1516.85,6522.45,PAID,2025-26,Institutional,SYNTHETIC DEMO DATA — NOT OFFICIAL GOVERNMENT RECORDS
TAX-1310,P1310,ASSESS-1310,Ritu Mishra 6,114.0,490.2,PARTIALLY_PAID,2025-26,Mixed Use,SYNTHETIC DEMO DATA — NOT OFFICIAL GOVERNMENT RECORDS
TAX-1311,P1311,ASSESS-1311,Arjun Malviya 6,160.32,689.38,PENDING,2025-26,Vacant Land,SYNTHETIC DEMO DATA — NOT OFFICIAL GOVERNMENT RECORDS
TAX-1312,P1312,ASSESS-1312,Pooja Thakur 6,207.85,893.75,OVERDUE,2025-26,Public/Semi-Public,SYNTHETIC DEMO DATA — NOT OFFICIAL GOVERNMENT RECORDS
TAX-1313,P1313,ASSESS-1313,Nitin Saxena 6,254.48,1094.26,PAID,2025-26,Residential,SYNTHETIC DEMO DATA — NOT OFFICIAL GOVERNMENT RECORDS
TAX-1314,P1314,ASSESS-1314,Meera Chouhan 6,301.25,1295.38,PARTIALLY_PAID,2025-26,Commercial,SYNTHETIC DEMO DATA — NOT OFFICIAL GOVERNMENT RECORDS
TAX-1315,P1315,ASSESS-1315,Deepak Tiwari 6,348.88,1500.18,PENDING,2025-26,Industrial,SYNTHETIC DEMO DATA — NOT OFFICIAL GOVERNMENT RECORDS
TAX-1316,P1316,ASSESS-1316,Sunita Rathore 6,395.55,1700.87,OVERDUE,2025-26,Agricultural,SYNTHETIC DEMO DATA — NOT OFFICIAL GOVERNMENT RECORDS
TAX-1317,P1317,ASSESS-1317,Karan Dubey 6,442.67,1903.48,PAID,2025-26,Institutional,SYNTHETIC DEMO DATA — NOT OFFICIAL GOVERNMENT RECORDS
TAX-1318,P1318,ASSESS-1318,Isha Kulkarni 6,489.2,2103.56,PARTIALLY_PAID,2025-26,Mixed Use,SYNTHETIC DEMO DATA — NOT OFFICIAL GOVERNMENT RECORDS
TAX-1319,P1319,ASSESS-1319,Mohan Solanki 6,536.63,2307.51,PENDING,2025-26,Vacant Land,SYNTHETIC DEMO DATA — NOT OFFICIAL GOVERNMENT RECORDS
TAX-1320,P1320,ASSESS-1320,Rekha Bansal 6,583.02,2506.99,OVERDUE,2025-26,Public/Semi-Public,SYNTHETIC DEMO DATA — NOT OFFICIAL GOVERNMENT RECORDS
TAX-1321,P1321,ASSESS-1321,Rahul Sharma 7,630.62,2711.67,PAID,2025-26,Residential,SYNTHETIC DEMO DATA — NOT OFFICIAL GOVERNMENT RECORDS
TAX-1322,P1322,ASSESS-1322,Amit Verma 7,677.75,2914.32,PARTIALLY_PAID,2025-26,Commercial,SYNTHETIC DEMO DATA — NOT OFFICIAL GOVERNMENT RECORDS
TAX-1323,P1323,ASSESS-1323,Neha Patel 7,724.18,3113.97,PENDING,2025-26,Industrial,SYNTHETIC DEMO DATA — NOT OFFICIAL GOVERNMENT RECORDS
TAX-1324,P1324,ASSESS-1324,Priya Singh 7,771.65,3318.09,OVERDUE,2025-26,Agricultural,SYNTHETIC DEMO DATA — NOT OFFICIAL GOVERNMENT RECORDS
TAX-1325,P1325,ASSESS-1325,Suresh Yadav 7,818.99,3521.66,PAID,2025-26,Institutional,SYNTHETIC DEMO DATA — NOT OFFICIAL GOVERNMENT RECORDS
TAX-1326,P1326,ASSESS-1326,Anjali Jain 7,865.0,3719.5,PARTIALLY_PAID,2025-26,Mixed Use,SYNTHETIC DEMO DATA — NOT OFFICIAL GOVERNMENT RECORDS
TAX-1327,P1327,ASSESS-1327,Vikram Mehta 7,912.51,3923.79,PENDING,2025-26,Vacant Land,SYNTHETIC DEMO DATA — NOT OFFICIAL GOVERNMENT RECORDS
TAX-1328,P1328,ASSESS-1328,Kavita Joshi 7,959.26,4124.82,OVERDUE,2025-26,Public/Semi-Public,SYNTHETIC DEMO DATA — NOT OFFICIAL GOVERNMENT RECORDS
TAX-1329,P1329,ASSESS-1329,Manoj Gupta 7,1006.59,4328.34,PAID,2025-26,Residential,SYNTHETIC DEMO DATA — NOT OFFICIAL GOVERNMENT RECORDS
TAX-1330,P1330,ASSESS-1330,Ritu Mishra 7,1053.58,4530.39,PARTIALLY_PAID,2025-26,Commercial,SYNTHETIC DEMO DATA — NOT OFFICIAL GOVERNMENT RECORDS
TAX-1331,P1331,ASSESS-1331,Arjun Malviya 7,1100.12,4730.52,PENDING,2025-26,Industrial,SYNTHETIC DEMO DATA — NOT OFFICIAL GOVERNMENT RECORDS
TAX-1332,P1332,ASSESS-1332,Pooja Thakur 7,1147.66,4934.94,OVERDUE,2025-26,Agricultural,SYNTHETIC DEMO DATA — NOT OFFICIAL GOVERNMENT RECORDS
TAX-1333,P1333,ASSESS-1333,Nitin Saxena 7,1194.06,5134.46,PAID,2025-26,Institutional,SYNTHETIC DEMO DATA — NOT OFFICIAL GOVERNMENT RECORDS
TAX-1334,P1334,ASSESS-1334,Meera Chouhan 7,1241.97,5340.47,PARTIALLY_PAID,2025-26,Mixed Use,SYNTHETIC DEMO DATA — NOT OFFICIAL GOVERNMENT RECORDS
TAX-1335,P1335,ASSESS-1335,Deepak Tiwari 7,1288.32,5539.78,PENDING,2025-26,Vacant Land,SYNTHETIC DEMO DATA — NOT OFFICIAL GOVERNMENT RECORDS
TAX-1336,P1336,ASSESS-1336,Sunita Rathore 7,1335.57,5742.95,OVERDUE,2025-26,Public/Semi-Public,SYNTHETIC DEMO DATA — NOT OFFICIAL GOVERNMENT RECORDS
TAX-1337,P1337,ASSESS-1337,Karan Dubey 7,1382.71,5945.65,PAID,2025-26,Residential,SYNTHETIC DEMO DATA — NOT OFFICIAL GOVERNMENT RECORDS
TAX-1338,P1338,ASSESS-1338,Isha Kulkarni 7,1429.8,6148.14,PARTIALLY_PAID,2025-26,Commercial,SYNTHETIC DEMO DATA — NOT OFFICIAL GOVERNMENT RECORDS
TAX-1339,P1339,ASSESS-1339,Mohan Solanki 7,1476.92,6350.76,PENDING,2025-26,Industrial,SYNTHETIC DEMO DATA — NOT OFFICIAL GOVERNMENT RECORDS
TAX-1340,P1340,ASSESS-1340,Rekha Bansal 7,1523.05,6549.11,OVERDUE,2025-26,Agricultural,SYNTHETIC DEMO DATA — NOT OFFICIAL GOVERNMENT RECORDS
TAX-1341,P1341,ASSESS-1341,Rahul Sharma 8,120.43,517.85,PAID,2025-26,Institutional,SYNTHETIC DEMO DATA — NOT OFFICIAL GOVERNMENT RECORDS
TAX-1342,P1342,ASSESS-1342,Amit Verma 8,167.65,720.89,PARTIALLY_PAID,2025-26,Mixed Use,SYNTHETIC DEMO DATA — NOT OFFICIAL GOVERNMENT RECORDS
TAX-1343,P1343,ASSESS-1343,Neha Patel 8,214.38,921.83,PENDING,2025-26,Vacant Land,SYNTHETIC DEMO DATA — NOT OFFICIAL GOVERNMENT RECORDS
TAX-1344,P1344,ASSESS-1344,Priya Singh 8,261.44,1124.19,OVERDUE,2025-26,Public/Semi-Public,SYNTHETIC DEMO DATA — NOT OFFICIAL GOVERNMENT RECORDS
TAX-1345,P1345,ASSESS-1345,Suresh Yadav 8,308.29,1325.65,PAID,2025-26,Residential,SYNTHETIC DEMO DATA — NOT OFFICIAL GOVERNMENT RECORDS
TAX-1346,P1346,ASSESS-1346,Anjali Jain 8,355.53,1528.78,PARTIALLY_PAID,2025-26,Commercial,SYNTHETIC DEMO DATA — NOT OFFICIAL GOVERNMENT RECORDS
TAX-1347,P1347,ASSESS-1347,Vikram Mehta 8,402.14,1729.2,PENDING,2025-26,Industrial,SYNTHETIC DEMO DATA — NOT OFFICIAL GOVERNMENT RECORDS
TAX-1348,P1348,ASSESS-1348,Kavita Joshi 8,449.03,1930.83,OVERDUE,2025-26,Agricultural,SYNTHETIC DEMO DATA — NOT OFFICIAL GOVERNMENT RECORDS
TAX-1349,P1349,ASSESS-1349,Manoj Gupta 8,496.18,2133.57,PAID,2025-26,Institutional,SYNTHETIC DEMO DATA — NOT OFFICIAL GOVERNMENT RECORDS
TAX-1350,P1350,ASSESS-1350,Ritu Mishra 8,543.03,2335.03,PARTIALLY_PAID,2025-26,Mixed Use,SYNTHETIC DEMO DATA — NOT OFFICIAL GOVERNMENT RECORDS
TAX-1351,P1351,ASSESS-1351,Arjun Malviya 8,590.08,2537.34,PENDING,2025-26,Vacant Land,SYNTHETIC DEMO DATA — NOT OFFICIAL GOVERNMENT RECORDS
TAX-1352,P1352,ASSESS-1352,Pooja Thakur 8,637.55,2741.46,OVERDUE,2025-26,Public/Semi-Public,SYNTHETIC DEMO DATA — NOT OFFICIAL GOVERNMENT RECORDS
TAX-1353,P1353,ASSESS-1353,Nitin Saxena 8,684.99,2945.46,PAID,2025-26,Residential,SYNTHETIC DEMO DATA — NOT OFFICIAL GOVERNMENT RECORDS
TAX-1354,P1354,ASSESS-1354,Meera Chouhan 8,731.49,3145.41,PARTIALLY_PAID,2025-26,Commercial,SYNTHETIC DEMO DATA — NOT OFFICIAL GOVERNMENT RECORDS
TAX-1355,P1355,ASSESS-1355,Deepak Tiwari 8,778.62,3348.07,PENDING,2025-26,Industrial,SYNTHETIC DEMO DATA — NOT OFFICIAL GOVERNMENT RECORDS
TAX-1356,P1356,ASSESS-1356,Sunita Rathore 8,825.09,3547.89,OVERDUE,2025-26,Agricultural,SYNTHETIC DEMO DATA — NOT OFFICIAL GOVERNMENT RECORDS
TAX-1357,P1357,ASSESS-1357,Karan Dubey 8,872.49,3751.71,PAID,2025-26,Institutional,SYNTHETIC DEMO DATA — NOT OFFICIAL GOVERNMENT RECORDS
TAX-1358,P1358,ASSESS-1358,Isha Kulkarni 8,919.29,3952.95,PARTIALLY_PAID,2025-26,Mixed Use,SYNTHETIC DEMO DATA — NOT OFFICIAL GOVERNMENT RECORDS
TAX-1359,P1359,ASSESS-1359,Mohan Solanki 8,966.61,4156.42,PENDING,2025-26,Vacant Land,SYNTHETIC DEMO DATA — NOT OFFICIAL GOVERNMENT RECORDS
TAX-1360,P1360,ASSESS-1360,Rekha Bansal 8,1013.44,4357.79,OVERDUE,2025-26,Public/Semi-Public,SYNTHETIC DEMO DATA — NOT OFFICIAL GOVERNMENT RECORDS
TAX-1361,P1361,ASSESS-1361,Rahul Sharma 9,1060.9,4561.87,PAID,2025-26,Residential,SYNTHETIC DEMO DATA — NOT OFFICIAL GOVERNMENT RECORDS
TAX-1362,P1362,ASSESS-1362,Amit Verma 9,1107.17,4760.83,PARTIALLY_PAID,2025-26,Commercial,SYNTHETIC DEMO DATA — NOT OFFICIAL GOVERNMENT RECORDS
TAX-1363,P1363,ASSESS-1363,Neha Patel 9,1154.79,4965.6,PENDING,2025-26,Industrial,SYNTHETIC DEMO DATA — NOT OFFICIAL GOVERNMENT RECORDS
TAX-1364,P1364,ASSESS-1364,Priya Singh 9,1201.59,5166.84,OVERDUE,2025-26,Agricultural,SYNTHETIC DEMO DATA — NOT OFFICIAL GOVERNMENT RECORDS
TAX-1365,P1365,ASSESS-1365,Suresh Yadav 9,1248.84,5370.01,PAID,2025-26,Institutional,SYNTHETIC DEMO DATA — NOT OFFICIAL GOVERNMENT RECORDS
TAX-1366,P1366,ASSESS-1366,Anjali Jain 9,1295.9,5572.37,PARTIALLY_PAID,2025-26,Mixed Use,SYNTHETIC DEMO DATA — NOT OFFICIAL GOVERNMENT RECORDS
TAX-1367,P1367,ASSESS-1367,Vikram Mehta 9,1342.59,5773.14,PENDING,2025-26,Vacant Land,SYNTHETIC DEMO DATA — NOT OFFICIAL GOVERNMENT RECORDS
TAX-1368,P1368,ASSESS-1368,Kavita Joshi 9,1389.32,5974.08,OVERDUE,2025-26,Public/Semi-Public,SYNTHETIC DEMO DATA — NOT OFFICIAL GOVERNMENT RECORDS
TAX-1369,P1369,ASSESS-1369,Manoj Gupta 9,1436.56,6177.21,PAID,2025-26,Residential,SYNTHETIC DEMO DATA — NOT OFFICIAL GOVERNMENT RECORDS
TAX-1370,P1370,ASSESS-1370,Ritu Mishra 9,1483.53,6379.18,PARTIALLY_PAID,2025-26,Commercial,SYNTHETIC DEMO DATA — NOT OFFICIAL GOVERNMENT RECORDS
TAX-1371,P1371,ASSESS-1371,Arjun Malviya 9,1530.45,6580.93,PENDING,2025-26,Industrial,SYNTHETIC DEMO DATA — NOT OFFICIAL GOVERNMENT RECORDS
TAX-1372,P1372,ASSESS-1372,Pooja Thakur 9,127.05,546.31,OVERDUE,2025-26,Agricultural,SYNTHETIC DEMO DATA — NOT OFFICIAL GOVERNMENT RECORDS
TAX-1373,P1373,ASSESS-1373,Nitin Saxena 9,174.25,749.27,PAID,2025-26,Institutional,SYNTHETIC DEMO DATA — NOT OFFICIAL GOVERNMENT RECORDS
TAX-1374,P1374,ASSESS-1374,Meera Chouhan 9,221.26,951.42,PARTIALLY_PAID,2025-26,Mixed Use,SYNTHETIC DEMO DATA — NOT OFFICIAL GOVERNMENT RECORDS
TAX-1375,P1375,ASSESS-1375,Deepak Tiwari 9,268.48,1154.46,PENDING,2025-26,Vacant Land,SYNTHETIC DEMO DATA — NOT OFFICIAL GOVERNMENT RECORDS
TAX-1376,P1376,ASSESS-1376,Sunita Rathore 9,315.46,1356.48,OVERDUE,2025-26,Public/Semi-Public,SYNTHETIC DEMO DATA — NOT OFFICIAL GOVERNMENT RECORDS
TAX-1377,P1377,ASSESS-1377,Karan Dubey 9,362.85,1560.26,PAID,2025-26,Residential,SYNTHETIC DEMO DATA — NOT OFFICIAL GOVERNMENT RECORDS
TAX-1378,P1378,ASSESS-1378,Isha Kulkarni 9,409.62,1761.37,PARTIALLY_PAID,2025-26,Commercial,SYNTHETIC DEMO DATA — NOT OFFICIAL GOVERNMENT RECORDS
TAX-1379,P1379,ASSESS-1379,Mohan Solanki 9,456.22,1961.75,PENDING,2025-26,Industrial,SYNTHETIC DEMO DATA — NOT OFFICIAL GOVERNMENT RECORDS
TAX-1380,P1380,ASSESS-1380,Rekha Bansal 9,503.87,2166.64,OVERDUE,2025-26,Agricultural,SYNTHETIC DEMO DATA — NOT OFFICIAL GOVERNMENT RECORDS
TAX-1381,P1381,ASSESS-1381,Rahul Sharma 10,550.55,2367.36,PAID,2025-26,Institutional,SYNTHETIC DEMO DATA — NOT OFFICIAL GOVERNMENT RECORDS
TAX-1382,P1382,ASSESS-1382,Amit Verma 10,597.66,2569.94,PARTIALLY_PAID,2025-26,Mixed Use,SYNTHETIC DEMO DATA — NOT OFFICIAL GOVERNMENT RECORDS
TAX-1383,P1383,ASSESS-1383,Neha Patel 10,644.3,2770.49,PENDING,2025-26,Vacant Land,SYNTHETIC DEMO DATA — NOT OFFICIAL GOVERNMENT RECORDS
TAX-1384,P1384,ASSESS-1384,Priya Singh 10,691.9,2975.17,OVERDUE,2025-26,Public/Semi-Public,SYNTHETIC DEMO DATA — NOT OFFICIAL GOVERNMENT RECORDS
TAX-1385,P1385,ASSESS-1385,Suresh Yadav 10,738.44,3175.29,PAID,2025-26,Residential,SYNTHETIC DEMO DATA — NOT OFFICIAL GOVERNMENT RECORDS
TAX-1386,P1386,ASSESS-1386,Anjali Jain 10,785.59,3378.04,PARTIALLY_PAID,2025-26,Commercial,SYNTHETIC DEMO DATA — NOT OFFICIAL GOVERNMENT RECORDS
TAX-1387,P1387,ASSESS-1387,Vikram Mehta 10,832.37,3579.19,PENDING,2025-26,Industrial,SYNTHETIC DEMO DATA — NOT OFFICIAL GOVERNMENT RECORDS
TAX-1388,P1388,ASSESS-1388,Kavita Joshi 10,879.52,3781.94,OVERDUE,2025-26,Agricultural,SYNTHETIC DEMO DATA — NOT OFFICIAL GOVERNMENT RECORDS
TAX-1389,P1389,ASSESS-1389,Manoj Gupta 10,926.25,3982.88,PAID,2025-26,Institutional,SYNTHETIC DEMO DATA — NOT OFFICIAL GOVERNMENT RECORDS
TAX-1390,P1390,ASSESS-1390,Ritu Mishra 10,973.6,4186.48,PARTIALLY_PAID,2025-26,Mixed Use,SYNTHETIC DEMO DATA — NOT OFFICIAL GOVERNMENT RECORDS
TAX-1391,P1391,ASSESS-1391,Arjun Malviya 10,1020.73,4389.14,PENDING,2025-26,Vacant Land,SYNTHETIC DEMO DATA — NOT OFFICIAL GOVERNMENT RECORDS
TAX-1392,P1392,ASSESS-1392,Pooja Thakur 10,1067.12,4588.62,OVERDUE,2025-26,Public/Semi-Public,SYNTHETIC DEMO DATA — NOT OFFICIAL GOVERNMENT RECORDS
TAX-1393,P1393,ASSESS-1393,Nitin Saxena 10,1114.9,4794.07,PAID,2025-26,Residential,SYNTHETIC DEMO DATA — NOT OFFICIAL GOVERNMENT RECORDS
TAX-1394,P1394,ASSESS-1394,Meera Chouhan 10,1161.11,4992.77,PARTIALLY_PAID,2025-26,Commercial,SYNTHETIC DEMO DATA — NOT OFFICIAL GOVERNMENT RECORDS
TAX-1395,P1395,ASSESS-1395,Deepak Tiwari 10,1208.96,5198.53,PENDING,2025-26,Industrial,SYNTHETIC DEMO DATA — NOT OFFICIAL GOVERNMENT RECORDS
TAX-1396,P1396,ASSESS-1396,Sunita Rathore 10,1255.22,5397.45,OVERDUE,2025-26,Agricultural,SYNTHETIC DEMO DATA — NOT OFFICIAL GOVERNMENT RECORDS
TAX-1397,P1397,ASSESS-1397,Karan Dubey 10,1302.61,5601.22,PAID,2025-26,Institutional,SYNTHETIC DEMO DATA — NOT OFFICIAL GOVERNMENT RECORDS
TAX-1398,P1398,ASSESS-1398,Isha Kulkarni 10,1349.54,5803.02,PARTIALLY_PAID,2025-26,Mixed Use,SYNTHETIC DEMO DATA — NOT OFFICIAL GOVERNMENT RECORDS
TAX-1399,P1399,ASSESS-1399,Mohan Solanki 10,1396.13,6003.36,PENDING,2025-26,Vacant Land,SYNTHETIC DEMO DATA — NOT OFFICIAL GOVERNMENT RECORDS
TAX-1400,P1400,ASSESS-1400,Rekha Bansal 10,1443.08,6205.24,OVERDUE,2025-26,Public/Semi-Public,SYNTHETIC DEMO DATA — NOT OFFICIAL GOVERNMENT RECORDS
TAX-1401,P1401,ASSESS-1401,Rahul Sharma,1490.99,6411.26,PAID,2025-26,Residential,SYNTHETIC DEMO DATA — NOT OFFICIAL GOVERNMENT RECORDS
TAX-1402,P1402,ASSESS-1402,Amit Verma,1537.55,6611.46,PARTIALLY_PAID,2025-26,Commercial,SYNTHETIC DEMO DATA — NOT OFFICIAL GOVERNMENT RECORDS
TAX-1403,P1403,ASSESS-1403,Neha Patel,134.09,576.59,PENDING,2025-26,Industrial,SYNTHETIC DEMO DATA — NOT OFFICIAL GOVERNMENT RECORDS
TAX-1404,P1404,ASSESS-1404,Priya Singh,181.54,780.62,OVERDUE,2025-26,Agricultural,SYNTHETIC DEMO DATA — NOT OFFICIAL GOVERNMENT RECORDS
TAX-1405,P1405,ASSESS-1405,Suresh Yadav,228.62,983.07,PAID,2025-26,Institutional,SYNTHETIC DEMO DATA — NOT OFFICIAL GOVERNMENT RECORDS
TAX-1406,P1406,ASSESS-1406,Anjali Jain,275.39,1184.18,PARTIALLY_PAID,2025-26,Mixed Use,SYNTHETIC DEMO DATA — NOT OFFICIAL GOVERNMENT RECORDS
TAX-1407,P1407,ASSESS-1407,Vikram Mehta,322.28,1385.8,PENDING,2025-26,Vacant Land,SYNTHETIC DEMO DATA — NOT OFFICIAL GOVERNMENT RECORDS
TAX-1408,P1408,ASSESS-1408,Kavita Joshi,369.73,1589.84,OVERDUE,2025-26,Public/Semi-Public,SYNTHETIC DEMO DATA — NOT OFFICIAL GOVERNMENT RECORDS
TAX-1409,P1409,ASSESS-1409,Manoj Gupta,416.77,1792.11,PAID,2025-26,Residential,SYNTHETIC DEMO DATA — NOT OFFICIAL GOVERNMENT RECORDS
TAX-1410,P1410,ASSESS-1410,Ritu Mishra,463.27,1992.06,PARTIALLY_PAID,2025-26,Commercial,SYNTHETIC DEMO DATA — NOT OFFICIAL GOVERNMENT RECORDS
TAX-1411,P1411,ASSESS-1411,Arjun Malviya,510.76,2196.27,PENDING,2025-26,Industrial,SYNTHETIC DEMO DATA — NOT OFFICIAL GOVERNMENT RECORDS
TAX-1412,P1412,ASSESS-1412,Pooja Thakur,557.61,2397.72,OVERDUE,2025-26,Agricultural,SYNTHETIC DEMO DATA — NOT OFFICIAL GOVERNMENT RECORDS
TAX-1413,P1413,ASSESS-1413,Nitin Saxena,604.71,2600.25,PAID,2025-26,Institutional,SYNTHETIC DEMO DATA — NOT OFFICIAL GOVERNMENT RECORDS
TAX-1414,P1414,ASSESS-1414,Meera Chouhan,651.93,2803.3,PARTIALLY_PAID,2025-26,Mixed Use,SYNTHETIC DEMO DATA — NOT OFFICIAL GOVERNMENT RECORDS
TAX-1415,P1415,ASSESS-1415,Deepak Tiwari,698.73,3004.54,PENDING,2025-26,Vacant Land,SYNTHETIC DEMO DATA — NOT OFFICIAL GOVERNMENT RECORDS
TAX-1416,P1416,ASSESS-1416,Sunita Rathore,745.32,3204.88,OVERDUE,2025-26,Public/Semi-Public,SYNTHETIC DEMO DATA — NOT OFFICIAL GOVERNMENT RECORDS
TAX-1417,P1417,ASSESS-1417,Karan Dubey,792.62,3408.27,PAID,2025-26,Residential,SYNTHETIC DEMO DATA — NOT OFFICIAL GOVERNMENT RECORDS
TAX-1418,P1418,ASSESS-1418,Isha Kulkarni,839.3,3608.99,PARTIALLY_PAID,2025-26,Commercial,SYNTHETIC DEMO DATA — NOT OFFICIAL GOVERNMENT RECORDS
TAX-1419,P1419,ASSESS-1419,Mohan Solanki,886.42,3811.61,PENDING,2025-26,Industrial,SYNTHETIC DEMO DATA — NOT OFFICIAL GOVERNMENT RECORDS
TAX-1420,P1420,ASSESS-1420,Rekha Bansal,933.0,4011.9,OVERDUE,2025-26,Agricultural,SYNTHETIC DEMO DATA — NOT OFFICIAL GOVERNMENT RECORDS
TAX-1421,P1421,ASSESS-1421,Rahul Sharma 2,980.47,4216.02,PAID,2025-26,Institutional,SYNTHETIC DEMO DATA — NOT OFFICIAL GOVERNMENT RECORDS
TAX-1422,P1422,ASSESS-1422,Amit Verma 2,1027.9,4419.97,PARTIALLY_PAID,2025-26,Mixed Use,SYNTHETIC DEMO DATA — NOT OFFICIAL GOVERNMENT RECORDS
TAX-1423,P1423,ASSESS-1423,Neha Patel 2,1074.78,4621.55,PENDING,2025-26,Vacant Land,SYNTHETIC DEMO DATA — NOT OFFICIAL GOVERNMENT RECORDS
TAX-1424,P1424,ASSESS-1424,Priya Singh 2,1121.34,4821.76,OVERDUE,2025-26,Public/Semi-Public,SYNTHETIC DEMO DATA — NOT OFFICIAL GOVERNMENT RECORDS
TAX-1425,P1425,ASSESS-1425,Suresh Yadav 2,1168.84,5026.01,PAID,2025-26,Residential,SYNTHETIC DEMO DATA — NOT OFFICIAL GOVERNMENT RECORDS
TAX-1426,P1426,ASSESS-1426,Anjali Jain 2,1215.91,5228.41,PARTIALLY_PAID,2025-26,Commercial,SYNTHETIC DEMO DATA — NOT OFFICIAL GOVERNMENT RECORDS
TAX-1427,P1427,ASSESS-1427,Vikram Mehta 2,1262.52,5428.84,PENDING,2025-26,Industrial,SYNTHETIC DEMO DATA — NOT OFFICIAL GOVERNMENT RECORDS
TAX-1428,P1428,ASSESS-1428,Kavita Joshi 2,1309.68,5631.62,OVERDUE,2025-26,Agricultural,SYNTHETIC DEMO DATA — NOT OFFICIAL GOVERNMENT RECORDS
TAX-1429,P1429,ASSESS-1429,Manoj Gupta 2,1356.38,5832.43,PAID,2025-26,Institutional,SYNTHETIC DEMO DATA — NOT OFFICIAL GOVERNMENT RECORDS
TAX-1430,P1430,ASSESS-1430,Ritu Mishra 2,1403.93,6036.9,PARTIALLY_PAID,2025-26,Mixed Use,SYNTHETIC DEMO DATA — NOT OFFICIAL GOVERNMENT RECORDS
TAX-1431,P1431,ASSESS-1431,Arjun Malviya 2,1450.35,6236.5,PENDING,2025-26,Vacant Land,SYNTHETIC DEMO DATA — NOT OFFICIAL GOVERNMENT RECORDS
TAX-1432,P1432,ASSESS-1432,Pooja Thakur 2,1497.61,6439.72,OVERDUE,2025-26,Public/Semi-Public,SYNTHETIC DEMO DATA — NOT OFFICIAL GOVERNMENT RECORDS
TAX-1433,P1433,ASSESS-1433,Nitin Saxena 2,94.61,406.82,PAID,2025-26,Residential,SYNTHETIC DEMO DATA — NOT OFFICIAL GOVERNMENT RECORDS
TAX-1434,P1434,ASSESS-1434,Meera Chouhan 2,141.68,609.22,PARTIALLY_PAID,2025-26,Commercial,SYNTHETIC DEMO DATA — NOT OFFICIAL GOVERNMENT RECORDS
TAX-1435,P1435,ASSESS-1435,Deepak Tiwari 2,188.69,811.37,PENDING,2025-26,Industrial,SYNTHETIC DEMO DATA — NOT OFFICIAL GOVERNMENT RECORDS
TAX-1436,P1436,ASSESS-1436,Sunita Rathore 2,235.38,1012.13,OVERDUE,2025-26,Agricultural,SYNTHETIC DEMO DATA — NOT OFFICIAL GOVERNMENT RECORDS
TAX-1437,P1437,ASSESS-1437,Karan Dubey 2,282.62,1215.27,PAID,2025-26,Institutional,SYNTHETIC DEMO DATA — NOT OFFICIAL GOVERNMENT RECORDS
TAX-1438,P1438,ASSESS-1438,Isha Kulkarni 2,329.93,1418.7,PARTIALLY_PAID,2025-26,Mixed Use,SYNTHETIC DEMO DATA — NOT OFFICIAL GOVERNMENT RECORDS
TAX-1439,P1439,ASSESS-1439,Mohan Solanki 2,376.97,1620.97,PENDING,2025-26,Vacant Land,SYNTHETIC DEMO DATA — NOT OFFICIAL GOVERNMENT RECORDS
TAX-1440,P1440,ASSESS-1440,Rekha Bansal 2,423.48,1820.96,OVERDUE,2025-26,Public/Semi-Public,SYNTHETIC DEMO DATA — NOT OFFICIAL GOVERNMENT RECORDS
TAX-1441,P1441,ASSESS-1441,Rahul Sharma 3,470.13,2021.56,PAID,2025-26,Residential,SYNTHETIC DEMO DATA — NOT OFFICIAL GOVERNMENT RECORDS
TAX-1442,P1442,ASSESS-1442,Amit Verma 3,517.12,2223.62,PARTIALLY_PAID,2025-26,Commercial,SYNTHETIC DEMO DATA — NOT OFFICIAL GOVERNMENT RECORDS
TAX-1443,P1443,ASSESS-1443,Neha Patel 3,564.47,2427.22,PENDING,2025-26,Industrial,SYNTHETIC DEMO DATA — NOT OFFICIAL GOVERNMENT RECORDS
TAX-1444,P1444,ASSESS-1444,Priya Singh 3,611.55,2629.66,OVERDUE,2025-26,Agricultural,SYNTHETIC DEMO DATA — NOT OFFICIAL GOVERNMENT RECORDS
TAX-1445,P1445,ASSESS-1445,Suresh Yadav 3,658.98,2833.61,PAID,2025-26,Institutional,SYNTHETIC DEMO DATA — NOT OFFICIAL GOVERNMENT RECORDS
TAX-1446,P1446,ASSESS-1446,Anjali Jain 3,705.55,3033.86,PARTIALLY_PAID,2025-26,Mixed Use,SYNTHETIC DEMO DATA — NOT OFFICIAL GOVERNMENT RECORDS
TAX-1447,P1447,ASSESS-1447,Vikram Mehta 3,752.91,3237.51,PENDING,2025-26,Vacant Land,SYNTHETIC DEMO DATA — NOT OFFICIAL GOVERNMENT RECORDS
TAX-1448,P1448,ASSESS-1448,Kavita Joshi 3,799.83,3439.27,OVERDUE,2025-26,Public/Semi-Public,SYNTHETIC DEMO DATA — NOT OFFICIAL GOVERNMENT RECORDS
TAX-1449,P1449,ASSESS-1449,Manoj Gupta 3,846.11,3638.27,PAID,2025-26,Residential,SYNTHETIC DEMO DATA — NOT OFFICIAL GOVERNMENT RECORDS
TAX-1450,P1450,ASSESS-1450,Ritu Mishra 3,893.4,3841.62,PARTIALLY_PAID,2025-26,Commercial,SYNTHETIC DEMO DATA — NOT OFFICIAL GOVERNMENT RECORDS
TAX-1451,P1451,ASSESS-1451,Arjun Malviya 3,940.17,4042.73,PENDING,2025-26,Industrial,SYNTHETIC DEMO DATA — NOT OFFICIAL GOVERNMENT RECORDS
TAX-1452,P1452,ASSESS-1452,Pooja Thakur 3,987.48,4246.16,OVERDUE,2025-26,Agricultural,SYNTHETIC DEMO DATA — NOT OFFICIAL GOVERNMENT RECORDS
TAX-1453,P1453,ASSESS-1453,Nitin Saxena 3,1034.68,4449.12,PAID,2025-26,Institutional,SYNTHETIC DEMO DATA — NOT OFFICIAL GOVERNMENT RECORDS
TAX-1454,P1454,ASSESS-1454,Meera Chouhan 3,1081.17,4649.03,PARTIALLY_PAID,2025-26,Mixed Use,SYNTHETIC DEMO DATA — NOT OFFICIAL GOVERNMENT RECORDS
TAX-1455,P1455,ASSESS-1455,Deepak Tiwari 3,1128.88,4854.18,PENDING,2025-26,Vacant Land,SYNTHETIC DEMO DATA — NOT OFFICIAL GOVERNMENT RECORDS
TAX-1456,P1456,ASSESS-1456,Sunita Rathore 3,1175.57,5054.95,OVERDUE,2025-26,Public/Semi-Public,SYNTHETIC DEMO DATA — NOT OFFICIAL GOVERNMENT RECORDS
TAX-1457,P1457,ASSESS-1457,Karan Dubey 3,1222.61,5257.22,PAID,2025-26,Residential,SYNTHETIC DEMO DATA — NOT OFFICIAL GOVERNMENT RECORDS
TAX-1458,P1458,ASSESS-1458,Isha Kulkarni 3,1269.45,5458.64,PARTIALLY_PAID,2025-26,Commercial,SYNTHETIC DEMO DATA — NOT OFFICIAL GOVERNMENT RECORDS
TAX-1459,P1459,ASSESS-1459,Mohan Solanki 3,1316.1,5659.23,PENDING,2025-26,Industrial,SYNTHETIC DEMO DATA — NOT OFFICIAL GOVERNMENT RECORDS
TAX-1460,P1460,ASSESS-1460,Rekha Bansal 3,1363.47,5862.92,OVERDUE,2025-26,Agricultural,SYNTHETIC DEMO DATA — NOT OFFICIAL GOVERNMENT RECORDS
TAX-1461,P1461,ASSESS-1461,Rahul Sharma 4,1410.83,6066.57,PAID,2025-26,Institutional,SYNTHETIC DEMO DATA — NOT OFFICIAL GOVERNMENT RECORDS
TAX-1462,P1462,ASSESS-1462,Amit Verma 4,1457.24,6266.13,PARTIALLY_PAID,2025-26,Mixed Use,SYNTHETIC DEMO DATA — NOT OFFICIAL GOVERNMENT RECORDS
TAX-1463,P1463,ASSESS-1463,Neha Patel 4,1504.58,6469.69,PENDING,2025-26,Vacant Land,SYNTHETIC DEMO DATA — NOT OFFICIAL GOVERNMENT RECORDS
TAX-1464,P1464,ASSESS-1464,Priya Singh 4,101.15,434.94,OVERDUE,2025-26,Public/Semi-Public,SYNTHETIC DEMO DATA — NOT OFFICIAL GOVERNMENT RECORDS
TAX-1465,P1465,ASSESS-1465,Suresh Yadav 4,148.83,639.97,PAID,2025-26,Residential,SYNTHETIC DEMO DATA — NOT OFFICIAL GOVERNMENT RECORDS
TAX-1466,P1466,ASSESS-1466,Anjali Jain 4,195.53,840.78,PARTIALLY_PAID,2025-26,Commercial,SYNTHETIC DEMO DATA — NOT OFFICIAL GOVERNMENT RECORDS
TAX-1467,P1467,ASSESS-1467,Vikram Mehta 4,242.16,1041.29,PENDING,2025-26,Industrial,SYNTHETIC DEMO DATA — NOT OFFICIAL GOVERNMENT RECORDS
TAX-1468,P1468,ASSESS-1468,Kavita Joshi 4,289.56,1245.11,OVERDUE,2025-26,Agricultural,SYNTHETIC DEMO DATA — NOT OFFICIAL GOVERNMENT RECORDS
TAX-1469,P1469,ASSESS-1469,Manoj Gupta 4,336.62,1447.47,PAID,2025-26,Institutional,SYNTHETIC DEMO DATA — NOT OFFICIAL GOVERNMENT RECORDS
TAX-1470,P1470,ASSESS-1470,Ritu Mishra 4,383.83,1650.47,PARTIALLY_PAID,2025-26,Mixed Use,SYNTHETIC DEMO DATA — NOT OFFICIAL GOVERNMENT RECORDS
TAX-1471,P1471,ASSESS-1471,Arjun Malviya 4,430.36,1850.55,PENDING,2025-26,Vacant Land,SYNTHETIC DEMO DATA — NOT OFFICIAL GOVERNMENT RECORDS
TAX-1472,P1472,ASSESS-1472,Pooja Thakur 4,477.48,2053.16,OVERDUE,2025-26,Public/Semi-Public,SYNTHETIC DEMO DATA — NOT OFFICIAL GOVERNMENT RECORDS
TAX-1473,P1473,ASSESS-1473,Nitin Saxena 4,524.14,2253.8,PAID,2025-26,Residential,SYNTHETIC DEMO DATA — NOT OFFICIAL GOVERNMENT RECORDS
TAX-1474,P1474,ASSESS-1474,Meera Chouhan 4,571.68,2458.22,PARTIALLY_PAID,2025-26,Commercial,SYNTHETIC DEMO DATA — NOT OFFICIAL GOVERNMENT RECORDS
TAX-1475,P1475,ASSESS-1475,Deepak Tiwari 4,618.16,2658.09,PENDING,2025-26,Industrial,SYNTHETIC DEMO DATA — NOT OFFICIAL GOVERNMENT RECORDS
TAX-1476,P1476,ASSESS-1476,Sunita Rathore 4,665.0,2859.5,OVERDUE,2025-26,Agricultural,SYNTHETIC DEMO DATA — NOT OFFICIAL GOVERNMENT RECORDS
TAX-1477,P1477,ASSESS-1477,Karan Dubey 4,712.42,3063.41,PAID,2025-26,Institutional,SYNTHETIC DEMO DATA — NOT OFFICIAL GOVERNMENT RECORDS
TAX-1478,P1478,ASSESS-1478,Isha Kulkarni 4,759.7,3266.71,PARTIALLY_PAID,2025-26,Mixed Use,SYNTHETIC DEMO DATA — NOT OFFICIAL GOVERNMENT RECORDS
TAX-1479,P1479,ASSESS-1479,Mohan Solanki 4,806.85,3469.45,PENDING,2025-26,Vacant Land,SYNTHETIC DEMO DATA — NOT OFFICIAL GOVERNMENT RECORDS
TAX-1480,P1480,ASSESS-1480,Rekha Bansal 4,853.76,3671.17,OVERDUE,2025-26,Public/Semi-Public,SYNTHETIC DEMO DATA — NOT OFFICIAL GOVERNMENT RECORDS
TAX-1481,P1481,ASSESS-1481,Rahul Sharma 5,900.29,3871.25,PAID,2025-26,Residential,SYNTHETIC DEMO DATA — NOT OFFICIAL GOVERNMENT RECORDS
TAX-1482,P1482,ASSESS-1482,Amit Verma 5,947.27,4073.26,PARTIALLY_PAID,2025-26,Commercial,SYNTHETIC DEMO DATA — NOT OFFICIAL GOVERNMENT RECORDS
TAX-1483,P1483,ASSESS-1483,Neha Patel 5,994.48,4276.26,PENDING,2025-26,Industrial,SYNTHETIC DEMO DATA — NOT OFFICIAL GOVERNMENT RECORDS
TAX-1484,P1484,ASSESS-1484,Priya Singh 5,1041.65,4479.1,OVERDUE,2025-26,Agricultural,SYNTHETIC DEMO DATA — NOT OFFICIAL GOVERNMENT RECORDS
TAX-1485,P1485,ASSESS-1485,Suresh Yadav 5,1088.16,4679.09,PAID,2025-26,Institutional,SYNTHETIC DEMO DATA — NOT OFFICIAL GOVERNMENT RECORDS
TAX-1486,P1486,ASSESS-1486,Anjali Jain 5,1135.79,4883.9,PARTIALLY_PAID,2025-26,Mixed Use,SYNTHETIC DEMO DATA — NOT OFFICIAL GOVERNMENT RECORDS
TAX-1487,P1487,ASSESS-1487,Vikram Mehta 5,1182.34,5084.06,PENDING,2025-26,Vacant Land,SYNTHETIC DEMO DATA — NOT OFFICIAL GOVERNMENT RECORDS
TAX-1488,P1488,ASSESS-1488,Kavita Joshi 5,1229.34,5286.16,OVERDUE,2025-26,Public/Semi-Public,SYNTHETIC DEMO DATA — NOT OFFICIAL GOVERNMENT RECORDS
TAX-1489,P1489,ASSESS-1489,Manoj Gupta 5,1276.21,5487.7,PAID,2025-26,Residential,SYNTHETIC DEMO DATA — NOT OFFICIAL GOVERNMENT RECORDS
TAX-1490,P1490,ASSESS-1490,Ritu Mishra 5,1323.15,5689.55,PARTIALLY_PAID,2025-26,Commercial,SYNTHETIC DEMO DATA — NOT OFFICIAL GOVERNMENT RECORDS
TAX-1491,P1491,ASSESS-1491,Arjun Malviya 5,1370.04,5891.17,PENDING,2025-26,Industrial,SYNTHETIC DEMO DATA — NOT OFFICIAL GOVERNMENT RECORDS
TAX-1492,P1492,ASSESS-1492,Pooja Thakur 5,1417.77,6096.41,OVERDUE,2025-26,Agricultural,SYNTHETIC DEMO DATA — NOT OFFICIAL GOVERNMENT RECORDS
TAX-1493,P1493,ASSESS-1493,Nitin Saxena 5,1464.88,6298.98,PAID,2025-26,Institutional,SYNTHETIC DEMO DATA — NOT OFFICIAL GOVERNMENT RECORDS
TAX-1494,P1494,ASSESS-1494,Meera Chouhan 5,1511.32,6498.68,PARTIALLY_PAID,2025-26,Mixed Use,SYNTHETIC DEMO DATA — NOT OFFICIAL GOVERNMENT RECORDS
TAX-1495,P1495,ASSESS-1495,Deepak Tiwari 5,108.67,467.28,PENDING,2025-26,Vacant Land,SYNTHETIC DEMO DATA — NOT OFFICIAL GOVERNMENT RECORDS
TAX-1496,P1496,ASSESS-1496,Sunita Rathore 5,155.15,667.14,OVERDUE,2025-26,Public/Semi-Public,SYNTHETIC DEMO DATA — NOT OFFICIAL GOVERNMENT RECORDS
TAX-1497,P1497,ASSESS-1497,Karan Dubey 5,202.99,872.86,PAID,2025-26,Residential,SYNTHETIC DEMO DATA — NOT OFFICIAL GOVERNMENT RECORDS
TAX-1498,P1498,ASSESS-1498,Isha Kulkarni 5,249.92,1074.66,PARTIALLY_PAID,2025-26,Commercial,SYNTHETIC DEMO DATA — NOT OFFICIAL GOVERNMENT RECORDS
TAX-1499,P1499,ASSESS-1499,Mohan Solanki 5,297.0,1277.1,PENDING,2025-26,Industrial,SYNTHETIC DEMO DATA — NOT OFFICIAL GOVERNMENT RECORDS
TAX-1500,P1500,ASSESS-1500,Rekha Bansal 5,343.21,1475.8,OVERDUE,2025-26,Agricultural,SYNTHETIC DEMO DATA — NOT OFFICIAL GOVERNMENT RECORDS
TAX-1501,P1501,ASSESS-1501,Rahul Sharma 6,390.56,1679.41,PAID,2025-26,Institutional,SYNTHETIC DEMO DATA — NOT OFFICIAL GOVERNMENT RECORDS
TAX-1502,P1502,ASSESS-1502,Amit Verma 6,437.74,1882.28,PARTIALLY_PAID,2025-26,Mixed Use,SYNTHETIC DEMO DATA — NOT OFFICIAL GOVERNMENT RECORDS
TAX-1503,P1503,ASSESS-1503,Neha Patel 6,484.5,2083.35,PENDING,2025-26,Vacant Land,SYNTHETIC DEMO DATA — NOT OFFICIAL GOVERNMENT RECORDS
TAX-1504,P1504,ASSESS-1504,Priya Singh 6,531.82,2286.83,OVERDUE,2025-26,Public/Semi-Public,SYNTHETIC DEMO DATA — NOT OFFICIAL GOVERNMENT RECORDS
TAX-1505,P1505,ASSESS-1505,Suresh Yadav 6,578.59,2487.94,PAID,2025-26,Residential,SYNTHETIC DEMO DATA — NOT OFFICIAL GOVERNMENT RECORDS
TAX-1506,P1506,ASSESS-1506,Anjali Jain 6,625.41,2689.26,PARTIALLY_PAID,2025-26,Commercial,SYNTHETIC DEMO DATA — NOT OFFICIAL GOVERNMENT RECORDS
TAX-1507,P1507,ASSESS-1507,Vikram Mehta 6,672.5,2891.75,PENDING,2025-26,Industrial,SYNTHETIC DEMO DATA — NOT OFFICIAL GOVERNMENT RECORDS
TAX-1508,P1508,ASSESS-1508,Kavita Joshi 6,719.73,3094.84,OVERDUE,2025-26,Agricultural,SYNTHETIC DEMO DATA — NOT OFFICIAL GOVERNMENT RECORDS
TAX-1509,P1509,ASSESS-1509,Manoj Gupta 6,766.53,3296.08,PAID,2025-26,Institutional,SYNTHETIC DEMO DATA — NOT OFFICIAL GOVERNMENT RECORDS
TAX-1510,P1510,ASSESS-1510,Ritu Mishra 6,813.22,3496.85,PARTIALLY_PAID,2025-26,Mixed Use,SYNTHETIC DEMO DATA — NOT OFFICIAL GOVERNMENT RECORDS
TAX-1511,P1511,ASSESS-1511,Arjun Malviya 6,860.37,3699.59,PENDING,2025-26,Vacant Land,SYNTHETIC DEMO DATA — NOT OFFICIAL GOVERNMENT RECORDS
TAX-1512,P1512,ASSESS-1512,Pooja Thakur 6,907.89,3903.93,OVERDUE,2025-26,Public/Semi-Public,SYNTHETIC DEMO DATA — NOT OFFICIAL GOVERNMENT RECORDS
TAX-1513,P1513,ASSESS-1513,Nitin Saxena 6,954.36,4103.75,PAID,2025-26,Residential,SYNTHETIC DEMO DATA — NOT OFFICIAL GOVERNMENT RECORDS
TAX-1514,P1514,ASSESS-1514,Meera Chouhan 6,1001.13,4304.86,PARTIALLY_PAID,2025-26,Commercial,SYNTHETIC DEMO DATA — NOT OFFICIAL GOVERNMENT RECORDS
TAX-1515,P1515,ASSESS-1515,Deepak Tiwari 6,1048.7,4509.41,PENDING,2025-26,Industrial,SYNTHETIC DEMO DATA — NOT OFFICIAL GOVERNMENT RECORDS
TAX-1516,P1516,ASSESS-1516,Sunita Rathore 6,1095.73,4711.64,OVERDUE,2025-26,Agricultural,SYNTHETIC DEMO DATA — NOT OFFICIAL GOVERNMENT RECORDS
TAX-1517,P1517,ASSESS-1517,Karan Dubey 6,1142.3,4911.89,PAID,2025-26,Institutional,SYNTHETIC DEMO DATA — NOT OFFICIAL GOVERNMENT RECORDS
TAX-1518,P1518,ASSESS-1518,Isha Kulkarni 6,1189.07,5113.0,PARTIALLY_PAID,2025-26,Mixed Use,SYNTHETIC DEMO DATA — NOT OFFICIAL GOVERNMENT RECORDS
TAX-1519,P1519,ASSESS-1519,Mohan Solanki 6,1236.86,5318.5,PENDING,2025-26,Vacant Land,SYNTHETIC DEMO DATA — NOT OFFICIAL GOVERNMENT RECORDS
TAX-1520,P1520,ASSESS-1520,Rekha Bansal 6,1283.83,5520.47,OVERDUE,2025-26,Public/Semi-Public,SYNTHETIC DEMO DATA — NOT OFFICIAL GOVERNMENT RECORDS
TAX-1521,P1521,ASSESS-1521,Rahul Sharma 7,1330.9,5722.87,PAID,2025-26,Residential,SYNTHETIC DEMO DATA — NOT OFFICIAL GOVERNMENT RECORDS
TAX-1522,P1522,ASSESS-1522,Amit Verma 7,1377.14,5921.7,PARTIALLY_PAID,2025-26,Commercial,SYNTHETIC DEMO DATA — NOT OFFICIAL GOVERNMENT RECORDS
TAX-1523,P1523,ASSESS-1523,Neha Patel 7,1424.92,6127.16,PENDING,2025-26,Industrial,SYNTHETIC DEMO DATA — NOT OFFICIAL GOVERNMENT RECORDS
TAX-1524,P1524,ASSESS-1524,Priya Singh 7,1471.35,6326.8,OVERDUE,2025-26,Agricultural,SYNTHETIC DEMO DATA — NOT OFFICIAL GOVERNMENT RECORDS
TAX-1525,P1525,ASSESS-1525,Suresh Yadav 7,1518.11,6527.87,PAID,2025-26,Institutional,SYNTHETIC DEMO DATA — NOT OFFICIAL GOVERNMENT RECORDS
TAX-1526,P1526,ASSESS-1526,Anjali Jain 7,115.7,497.51,PARTIALLY_PAID,2025-26,Mixed Use,SYNTHETIC DEMO DATA — NOT OFFICIAL GOVERNMENT RECORDS
TAX-1527,P1527,ASSESS-1527,Vikram Mehta 7,162.54,698.92,PENDING,2025-26,Vacant Land,SYNTHETIC DEMO DATA — NOT OFFICIAL GOVERNMENT RECORDS
TAX-1528,P1528,ASSESS-1528,Kavita Joshi 7,209.08,899.04,OVERDUE,2025-26,Public/Semi-Public,SYNTHETIC DEMO DATA — NOT OFFICIAL GOVERNMENT RECORDS
TAX-1529,P1529,ASSESS-1529,Manoj Gupta 7,256.49,1102.91,PAID,2025-26,Residential,SYNTHETIC DEMO DATA — NOT OFFICIAL GOVERNMENT RECORDS
TAX-1530,P1530,ASSESS-1530,Ritu Mishra 7,303.35,1304.4,PARTIALLY_PAID,2025-26,Commercial,SYNTHETIC DEMO DATA — NOT OFFICIAL GOVERNMENT RECORDS
TAX-1531,P1531,ASSESS-1531,Arjun Malviya 7,350.53,1507.28,PENDING,2025-26,Industrial,SYNTHETIC DEMO DATA — NOT OFFICIAL GOVERNMENT RECORDS
TAX-1532,P1532,ASSESS-1532,Pooja Thakur 7,397.17,1707.83,OVERDUE,2025-26,Agricultural,SYNTHETIC DEMO DATA — NOT OFFICIAL GOVERNMENT RECORDS
TAX-1533,P1533,ASSESS-1533,Nitin Saxena 7,444.14,1909.8,PAID,2025-26,Institutional,SYNTHETIC DEMO DATA — NOT OFFICIAL GOVERNMENT RECORDS
TAX-1534,P1534,ASSESS-1534,Meera Chouhan 7,491.43,2113.15,PARTIALLY_PAID,2025-26,Mixed Use,SYNTHETIC DEMO DATA — NOT OFFICIAL GOVERNMENT RECORDS
TAX-1535,P1535,ASSESS-1535,Deepak Tiwari 7,538.07,2313.7,PENDING,2025-26,Vacant Land,SYNTHETIC DEMO DATA — NOT OFFICIAL GOVERNMENT RECORDS
TAX-1536,P1536,ASSESS-1536,Sunita Rathore 7,585.06,2515.76,OVERDUE,2025-26,Public/Semi-Public,SYNTHETIC DEMO DATA — NOT OFFICIAL GOVERNMENT RECORDS
TAX-1537,P1537,ASSESS-1537,Karan Dubey 7,632.43,2719.45,PAID,2025-26,Residential,SYNTHETIC DEMO DATA — NOT OFFICIAL GOVERNMENT RECORDS
TAX-1538,P1538,ASSESS-1538,Isha Kulkarni 7,679.64,2922.45,PARTIALLY_PAID,2025-26,Commercial,SYNTHETIC DEMO DATA — NOT OFFICIAL GOVERNMENT RECORDS
TAX-1539,P1539,ASSESS-1539,Mohan Solanki 7,726.51,3123.99,PENDING,2025-26,Industrial,SYNTHETIC DEMO DATA — NOT OFFICIAL GOVERNMENT RECORDS
TAX-1540,P1540,ASSESS-1540,Rekha Bansal 7,773.71,3326.95,OVERDUE,2025-26,Agricultural,SYNTHETIC DEMO DATA — NOT OFFICIAL GOVERNMENT RECORDS
TAX-1541,P1541,ASSESS-1541,Rahul Sharma 8,820.28,3527.2,PAID,2025-26,Institutional,SYNTHETIC DEMO DATA — NOT OFFICIAL GOVERNMENT RECORDS
TAX-1542,P1542,ASSESS-1542,Amit Verma 8,867.66,3730.94,PARTIALLY_PAID,2025-26,Mixed Use,SYNTHETIC DEMO DATA — NOT OFFICIAL GOVERNMENT RECORDS
TAX-1543,P1543,ASSESS-1543,Neha Patel 8,914.45,3932.14,PENDING,2025-26,Vacant Land,SYNTHETIC DEMO DATA — NOT OFFICIAL GOVERNMENT RECORDS
TAX-1544,P1544,ASSESS-1544,Priya Singh 8,961.49,4134.41,OVERDUE,2025-26,Public/Semi-Public,SYNTHETIC DEMO DATA — NOT OFFICIAL GOVERNMENT RECORDS
TAX-1545,P1545,ASSESS-1545,Suresh Yadav 8,1008.57,4336.85,PAID,2025-26,Residential,SYNTHETIC DEMO DATA — NOT OFFICIAL GOVERNMENT RECORDS
TAX-1546,P1546,ASSESS-1546,Anjali Jain 8,1055.61,4539.12,PARTIALLY_PAID,2025-26,Commercial,SYNTHETIC DEMO DATA — NOT OFFICIAL GOVERNMENT RECORDS
TAX-1547,P1547,ASSESS-1547,Vikram Mehta 8,1102.66,4741.44,PENDING,2025-26,Industrial,SYNTHETIC DEMO DATA — NOT OFFICIAL GOVERNMENT RECORDS
TAX-1548,P1548,ASSESS-1548,Kavita Joshi 8,1149.42,4942.51,OVERDUE,2025-26,Agricultural,SYNTHETIC DEMO DATA — NOT OFFICIAL GOVERNMENT RECORDS
TAX-1549,P1549,ASSESS-1549,Manoj Gupta 8,1196.2,5143.66,PAID,2025-26,Institutional,SYNTHETIC DEMO DATA — NOT OFFICIAL GOVERNMENT RECORDS
TAX-1550,P1550,ASSESS-1550,Ritu Mishra 8,1243.31,5346.23,PARTIALLY_PAID,2025-26,Mixed Use,SYNTHETIC DEMO DATA — NOT OFFICIAL GOVERNMENT RECORDS
TAX-1551,P1551,ASSESS-1551,Arjun Malviya 8,1290.6,5549.58,PENDING,2025-26,Vacant Land,SYNTHETIC DEMO DATA — NOT OFFICIAL GOVERNMENT RECORDS
TAX-1552,P1552,ASSESS-1552,Pooja Thakur 8,1337.6,5751.68,OVERDUE,2025-26,Public/Semi-Public,SYNTHETIC DEMO DATA — NOT OFFICIAL GOVERNMENT RECORDS
TAX-1553,P1553,ASSESS-1553,Nitin Saxena 8,1384.65,5953.99,PAID,2025-26,Residential,SYNTHETIC DEMO DATA — NOT OFFICIAL GOVERNMENT RECORDS
TAX-1554,P1554,ASSESS-1554,Meera Chouhan 8,1431.93,6157.3,PARTIALLY_PAID,2025-26,Commercial,SYNTHETIC DEMO DATA — NOT OFFICIAL GOVERNMENT RECORDS
TAX-1555,P1555,ASSESS-1555,Deepak Tiwari 8,1478.99,6359.66,PENDING,2025-26,Industrial,SYNTHETIC DEMO DATA — NOT OFFICIAL GOVERNMENT RECORDS
TAX-1556,P1556,ASSESS-1556,Sunita Rathore 8,1525.51,6559.69,OVERDUE,2025-26,Agricultural,SYNTHETIC DEMO DATA — NOT OFFICIAL GOVERNMENT RECORDS
TAX-1557,P1557,ASSESS-1557,Karan Dubey 8,122.57,527.05,PAID,2025-26,Institutional,SYNTHETIC DEMO DATA — NOT OFFICIAL GOVERNMENT RECORDS
TAX-1558,P1558,ASSESS-1558,Isha Kulkarni 8,169.77,730.01,PARTIALLY_PAID,2025-26,Mixed Use,SYNTHETIC DEMO DATA — NOT OFFICIAL GOVERNMENT RECORDS
TAX-1559,P1559,ASSESS-1559,Mohan Solanki 8,216.69,931.77,PENDING,2025-26,Vacant Land,SYNTHETIC DEMO DATA — NOT OFFICIAL GOVERNMENT RECORDS
TAX-1560,P1560,ASSESS-1560,Rekha Bansal 8,263.05,1131.12,OVERDUE,2025-26,Public/Semi-Public,SYNTHETIC DEMO DATA — NOT OFFICIAL GOVERNMENT RECORDS
TAX-1561,P1561,ASSESS-1561,Rahul Sharma 9,310.14,1333.6,PAID,2025-26,Residential,SYNTHETIC DEMO DATA — NOT OFFICIAL GOVERNMENT RECORDS
TAX-1562,P1562,ASSESS-1562,Amit Verma 9,357.39,1536.78,PARTIALLY_PAID,2025-26,Commercial,SYNTHETIC DEMO DATA — NOT OFFICIAL GOVERNMENT RECORDS
TAX-1563,P1563,ASSESS-1563,Neha Patel 9,404.35,1738.7,PENDING,2025-26,Industrial,SYNTHETIC DEMO DATA — NOT OFFICIAL GOVERNMENT RECORDS
TAX-1564,P1564,ASSESS-1564,Priya Singh 9,451.48,1941.36,OVERDUE,2025-26,Agricultural,SYNTHETIC DEMO DATA — NOT OFFICIAL GOVERNMENT RECORDS
TAX-1565,P1565,ASSESS-1565,Suresh Yadav 9,498.76,2144.67,PAID,2025-26,Institutional,SYNTHETIC DEMO DATA — NOT OFFICIAL GOVERNMENT RECORDS
TAX-1566,P1566,ASSESS-1566,Anjali Jain 9,545.04,2343.67,PARTIALLY_PAID,2025-26,Mixed Use,SYNTHETIC DEMO DATA — NOT OFFICIAL GOVERNMENT RECORDS
TAX-1567,P1567,ASSESS-1567,Vikram Mehta 9,592.3,2546.89,PENDING,2025-26,Vacant Land,SYNTHETIC DEMO DATA — NOT OFFICIAL GOVERNMENT RECORDS
TAX-1568,P1568,ASSESS-1568,Kavita Joshi 9,639.95,2751.79,OVERDUE,2025-26,Public/Semi-Public,SYNTHETIC DEMO DATA — NOT OFFICIAL GOVERNMENT RECORDS
TAX-1569,P1569,ASSESS-1569,Manoj Gupta 9,686.77,2953.11,PAID,2025-26,Residential,SYNTHETIC DEMO DATA — NOT OFFICIAL GOVERNMENT RECORDS
TAX-1570,P1570,ASSESS-1570,Ritu Mishra 9,733.68,3154.82,PARTIALLY_PAID,2025-26,Commercial,SYNTHETIC DEMO DATA — NOT OFFICIAL GOVERNMENT RECORDS
TAX-1571,P1571,ASSESS-1571,Arjun Malviya 9,780.71,3357.05,PENDING,2025-26,Industrial,SYNTHETIC DEMO DATA — NOT OFFICIAL GOVERNMENT RECORDS
TAX-1572,P1572,ASSESS-1572,Pooja Thakur 9,827.24,3557.13,OVERDUE,2025-26,Agricultural,SYNTHETIC DEMO DATA — NOT OFFICIAL GOVERNMENT RECORDS
TAX-1573,P1573,ASSESS-1573,Nitin Saxena 9,874.48,3760.26,PAID,2025-26,Institutional,SYNTHETIC DEMO DATA — NOT OFFICIAL GOVERNMENT RECORDS
TAX-1574,P1574,ASSESS-1574,Meera Chouhan 9,921.21,3961.2,PARTIALLY_PAID,2025-26,Mixed Use,SYNTHETIC DEMO DATA — NOT OFFICIAL GOVERNMENT RECORDS
TAX-1575,P1575,ASSESS-1575,Deepak Tiwari 9,968.41,4164.16,PENDING,2025-26,Vacant Land,SYNTHETIC DEMO DATA — NOT OFFICIAL GOVERNMENT RECORDS
TAX-1576,P1576,ASSESS-1576,Sunita Rathore 9,1015.61,4367.12,OVERDUE,2025-26,Public/Semi-Public,SYNTHETIC DEMO DATA — NOT OFFICIAL GOVERNMENT RECORDS
TAX-1577,P1577,ASSESS-1577,Karan Dubey 9,1062.84,4570.21,PAID,2025-26,Residential,SYNTHETIC DEMO DATA — NOT OFFICIAL GOVERNMENT RECORDS
TAX-1578,P1578,ASSESS-1578,Isha Kulkarni 9,1109.08,4769.04,PARTIALLY_PAID,2025-26,Commercial,SYNTHETIC DEMO DATA — NOT OFFICIAL GOVERNMENT RECORDS
TAX-1579,P1579,ASSESS-1579,Mohan Solanki 9,1156.44,4972.69,PENDING,2025-26,Industrial,SYNTHETIC DEMO DATA — NOT OFFICIAL GOVERNMENT RECORDS
TAX-1580,P1580,ASSESS-1580,Rekha Bansal 9,1203.64,5175.65,OVERDUE,2025-26,Agricultural,SYNTHETIC DEMO DATA — NOT OFFICIAL GOVERNMENT RECORDS
TAX-1581,P1581,ASSESS-1581,Rahul Sharma 10,1250.36,5376.55,PAID,2025-26,Institutional,SYNTHETIC DEMO DATA — NOT OFFICIAL GOVERNMENT RECORDS
TAX-1582,P1582,ASSESS-1582,Amit Verma 10,1297.68,5580.02,PARTIALLY_PAID,2025-26,Mixed Use,SYNTHETIC DEMO DATA — NOT OFFICIAL GOVERNMENT RECORDS
TAX-1583,P1583,ASSESS-1583,Neha Patel 10,1344.96,5783.33,PENDING,2025-26,Vacant Land,SYNTHETIC DEMO DATA — NOT OFFICIAL GOVERNMENT RECORDS
TAX-1584,P1584,ASSESS-1584,Priya Singh 10,1391.47,5983.32,OVERDUE,2025-26,Public/Semi-Public,SYNTHETIC DEMO DATA — NOT OFFICIAL GOVERNMENT RECORDS
TAX-1585,P1585,ASSESS-1585,Suresh Yadav 10,1438.46,6185.38,PAID,2025-26,Residential,SYNTHETIC DEMO DATA — NOT OFFICIAL GOVERNMENT RECORDS
TAX-1586,P1586,ASSESS-1586,Anjali Jain 10,1485.08,6385.84,PARTIALLY_PAID,2025-26,Commercial,SYNTHETIC DEMO DATA — NOT OFFICIAL GOVERNMENT RECORDS
TAX-1587,P1587,ASSESS-1587,Vikram Mehta 10,1532.15,6588.24,PENDING,2025-26,Industrial,SYNTHETIC DEMO DATA — NOT OFFICIAL GOVERNMENT RECORDS
TAX-1588,P1588,ASSESS-1588,Kavita Joshi 10,129.89,558.53,OVERDUE,2025-26,Agricultural,SYNTHETIC DEMO DATA — NOT OFFICIAL GOVERNMENT RECORDS
TAX-1589,P1589,ASSESS-1589,Manoj Gupta 10,176.93,760.8,PAID,2025-26,Institutional,SYNTHETIC DEMO DATA — NOT OFFICIAL GOVERNMENT RECORDS
TAX-1590,P1590,ASSESS-1590,Ritu Mishra 10,223.62,961.57,PARTIALLY_PAID,2025-26,Mixed Use,SYNTHETIC DEMO DATA — NOT OFFICIAL GOVERNMENT RECORDS
TAX-1591,P1591,ASSESS-1591,Arjun Malviya 10,270.19,1161.82,PENDING,2025-26,Vacant Land,SYNTHETIC DEMO DATA — NOT OFFICIAL GOVERNMENT RECORDS
TAX-1592,P1592,ASSESS-1592,Pooja Thakur 10,317.22,1364.05,OVERDUE,2025-26,Public/Semi-Public,SYNTHETIC DEMO DATA — NOT OFFICIAL GOVERNMENT RECORDS
TAX-1593,P1593,ASSESS-1593,Nitin Saxena 10,364.09,1565.59,PAID,2025-26,Residential,SYNTHETIC DEMO DATA — NOT OFFICIAL GOVERNMENT RECORDS
TAX-1594,P1594,ASSESS-1594,Meera Chouhan 10,411.37,1768.89,PARTIALLY_PAID,2025-26,Commercial,SYNTHETIC DEMO DATA — NOT OFFICIAL GOVERNMENT RECORDS
TAX-1595,P1595,ASSESS-1595,Deepak Tiwari 10,458.82,1972.93,PENDING,2025-26,Industrial,SYNTHETIC DEMO DATA — NOT OFFICIAL GOVERNMENT RECORDS
TAX-1596,P1596,ASSESS-1596,Sunita Rathore 10,505.45,2173.43,OVERDUE,2025-26,Agricultural,SYNTHETIC DEMO DATA — NOT OFFICIAL GOVERNMENT RECORDS
TAX-1597,P1597,ASSESS-1597,Karan Dubey 10,552.2,2374.46,PAID,2025-26,Institutional,SYNTHETIC DEMO DATA — NOT OFFICIAL GOVERNMENT RECORDS
TAX-1598,P1598,ASSESS-1598,Isha Kulkarni 10,599.03,2575.83,PARTIALLY_PAID,2025-26,Mixed Use,SYNTHETIC DEMO DATA — NOT OFFICIAL GOVERNMENT RECORDS
TAX-1599,P1599,ASSESS-1599,Mohan Solanki 10,646.02,2777.89,PENDING,2025-26,Vacant Land,SYNTHETIC DEMO DATA — NOT OFFICIAL GOVERNMENT RECORDS
TAX-1600,P1600,ASSESS-1600,Rekha Bansal 10,693.7,2982.91,OVERDUE,2025-26,Public/Semi-Public,SYNTHETIC DEMO DATA — NOT OFFICIAL GOVERNMENT RECORDS
TAX-1601,P1601,ASSESS-1601,Rahul Sharma,740.82,3185.53,PAID,2025-26,Residential,SYNTHETIC DEMO DATA — NOT OFFICIAL GOVERNMENT RECORDS
TAX-1602,P1602,ASSESS-1602,Amit Verma,787.43,3385.95,PARTIALLY_PAID,2025-26,Commercial,SYNTHETIC DEMO DATA — NOT OFFICIAL GOVERNMENT RECORDS
TAX-1603,P1603,ASSESS-1603,Neha Patel,834.07,3586.5,PENDING,2025-26,Industrial,SYNTHETIC DEMO DATA — NOT OFFICIAL GOVERNMENT RECORDS
TAX-1604,P1604,ASSESS-1604,Priya Singh,881.67,3791.18,OVERDUE,2025-26,Agricultural,SYNTHETIC DEMO DATA — NOT OFFICIAL GOVERNMENT RECORDS
TAX-1605,P1605,ASSESS-1605,Suresh Yadav,928.05,3990.61,PAID,2025-26,Institutional,SYNTHETIC DEMO DATA — NOT OFFICIAL GOVERNMENT RECORDS
TAX-1606,P1606,ASSESS-1606,Anjali Jain,975.25,4193.57,PARTIALLY_PAID,2025-26,Mixed Use,SYNTHETIC DEMO DATA — NOT OFFICIAL GOVERNMENT RECORDS
TAX-1607,P1607,ASSESS-1607,Vikram Mehta,1022.05,4394.81,PENDING,2025-26,Vacant Land,SYNTHETIC DEMO DATA — NOT OFFICIAL GOVERNMENT RECORDS
TAX-1608,P1608,ASSESS-1608,Kavita Joshi,1069.5,4598.85,OVERDUE,2025-26,Public/Semi-Public,SYNTHETIC DEMO DATA — NOT OFFICIAL GOVERNMENT RECORDS
TAX-1609,P1609,ASSESS-1609,Manoj Gupta,1116.4,4800.52,PAID,2025-26,Residential,SYNTHETIC DEMO DATA — NOT OFFICIAL GOVERNMENT RECORDS
TAX-1610,P1610,ASSESS-1610,Ritu Mishra,1163.67,5003.78,PARTIALLY_PAID,2025-26,Commercial,SYNTHETIC DEMO DATA — NOT OFFICIAL GOVERNMENT RECORDS
TAX-1611,P1611,ASSESS-1611,Arjun Malviya,1210.51,5205.19,PENDING,2025-26,Industrial,SYNTHETIC DEMO DATA — NOT OFFICIAL GOVERNMENT RECORDS
TAX-1612,P1612,ASSESS-1612,Pooja Thakur,1257.95,5409.19,OVERDUE,2025-26,Agricultural,SYNTHETIC DEMO DATA — NOT OFFICIAL GOVERNMENT RECORDS
TAX-1613,P1613,ASSESS-1613,Nitin Saxena,1304.37,5608.79,PAID,2025-26,Institutional,SYNTHETIC DEMO DATA — NOT OFFICIAL GOVERNMENT RECORDS
TAX-1614,P1614,ASSESS-1614,Meera Chouhan,1351.74,5812.48,PARTIALLY_PAID,2025-26,Mixed Use,SYNTHETIC DEMO DATA — NOT OFFICIAL GOVERNMENT RECORDS
TAX-1615,P1615,ASSESS-1615,Deepak Tiwari,1398.43,6013.25,PENDING,2025-26,Vacant Land,SYNTHETIC DEMO DATA — NOT OFFICIAL GOVERNMENT RECORDS
TAX-1616,P1616,ASSESS-1616,Sunita Rathore,1445.27,6214.66,OVERDUE,2025-26,Public/Semi-Public,SYNTHETIC DEMO DATA — NOT OFFICIAL GOVERNMENT RECORDS
TAX-1617,P1617,ASSESS-1617,Karan Dubey,1492.37,6417.19,PAID,2025-26,Residential,SYNTHETIC DEMO DATA — NOT OFFICIAL GOVERNMENT RECORDS
TAX-1618,P1618,ASSESS-1618,Isha Kulkarni,1539.07,6618.0,PARTIALLY_PAID,2025-26,Commercial,SYNTHETIC DEMO DATA — NOT OFFICIAL GOVERNMENT RECORDS
TAX-1619,P1619,ASSESS-1619,Mohan Solanki,136.98,589.01,PENDING,2025-26,Industrial,SYNTHETIC DEMO DATA — NOT OFFICIAL GOVERNMENT RECORDS
TAX-1620,P1620,ASSESS-1620,Rekha Bansal,183.73,790.04,OVERDUE,2025-26,Agricultural,SYNTHETIC DEMO DATA — NOT OFFICIAL GOVERNMENT RECORDS
TAX-1621,P1621,ASSESS-1621,Rahul Sharma 2,230.93,993.0,PAID,2025-26,Institutional,SYNTHETIC DEMO DATA — NOT OFFICIAL GOVERNMENT RECORDS
TAX-1622,P1622,ASSESS-1622,Amit Verma 2,277.42,1192.91,PARTIALLY_PAID,2025-26,Mixed Use,SYNTHETIC DEMO DATA — NOT OFFICIAL GOVERNMENT RECORDS
TAX-1623,P1623,ASSESS-1623,Neha Patel 2,324.61,1395.82,PENDING,2025-26,Vacant Land,SYNTHETIC DEMO DATA — NOT OFFICIAL GOVERNMENT RECORDS
TAX-1624,P1624,ASSESS-1624,Priya Singh 2,371.08,1595.64,OVERDUE,2025-26,Public/Semi-Public,SYNTHETIC DEMO DATA — NOT OFFICIAL GOVERNMENT RECORDS
TAX-1625,P1625,ASSESS-1625,Suresh Yadav 2,418.67,1800.28,PAID,2025-26,Residential,SYNTHETIC DEMO DATA — NOT OFFICIAL GOVERNMENT RECORDS
TAX-1626,P1626,ASSESS-1626,Anjali Jain 2,465.5,2001.65,PARTIALLY_PAID,2025-26,Commercial,SYNTHETIC DEMO DATA — NOT OFFICIAL GOVERNMENT RECORDS
TAX-1627,P1627,ASSESS-1627,Vikram Mehta 2,512.14,2202.2,PENDING,2025-26,Industrial,SYNTHETIC DEMO DATA — NOT OFFICIAL GOVERNMENT RECORDS
TAX-1628,P1628,ASSESS-1628,Kavita Joshi 2,559.56,2406.11,OVERDUE,2025-26,Agricultural,SYNTHETIC DEMO DATA — NOT OFFICIAL GOVERNMENT RECORDS
TAX-1629,P1629,ASSESS-1629,Manoj Gupta 2,606.62,2608.47,PAID,2025-26,Institutional,SYNTHETIC DEMO DATA — NOT OFFICIAL GOVERNMENT RECORDS
TAX-1630,P1630,ASSESS-1630,Ritu Mishra 2,653.39,2809.58,PARTIALLY_PAID,2025-26,Mixed Use,SYNTHETIC DEMO DATA — NOT OFFICIAL GOVERNMENT RECORDS
TAX-1631,P1631,ASSESS-1631,Arjun Malviya 2,700.05,3010.21,PENDING,2025-26,Vacant Land,SYNTHETIC DEMO DATA — NOT OFFICIAL GOVERNMENT RECORDS
TAX-1632,P1632,ASSESS-1632,Pooja Thakur 2,747.57,3214.55,OVERDUE,2025-26,Public/Semi-Public,SYNTHETIC DEMO DATA — NOT OFFICIAL GOVERNMENT RECORDS
TAX-1633,P1633,ASSESS-1633,Nitin Saxena 2,794.1,3414.63,PAID,2025-26,Residential,SYNTHETIC DEMO DATA — NOT OFFICIAL GOVERNMENT RECORDS
TAX-1634,P1634,ASSESS-1634,Meera Chouhan 2,841.73,3619.44,PARTIALLY_PAID,2025-26,Commercial,SYNTHETIC DEMO DATA — NOT OFFICIAL GOVERNMENT RECORDS
TAX-1635,P1635,ASSESS-1635,Deepak Tiwari 2,888.12,3818.92,PENDING,2025-26,Industrial,SYNTHETIC DEMO DATA — NOT OFFICIAL GOVERNMENT RECORDS
TAX-1636,P1636,ASSESS-1636,Sunita Rathore 2,935.79,4023.9,OVERDUE,2025-26,Agricultural,SYNTHETIC DEMO DATA — NOT OFFICIAL GOVERNMENT RECORDS
TAX-1637,P1637,ASSESS-1637,Karan Dubey 2,982.78,4225.95,PAID,2025-26,Institutional,SYNTHETIC DEMO DATA — NOT OFFICIAL GOVERNMENT RECORDS
TAX-1638,P1638,ASSESS-1638,Isha Kulkarni 2,1029.17,4425.43,PARTIALLY_PAID,2025-26,Mixed Use,SYNTHETIC DEMO DATA — NOT OFFICIAL GOVERNMENT RECORDS
TAX-1639,P1639,ASSESS-1639,Mohan Solanki 2,1076.58,4629.29,PENDING,2025-26,Vacant Land,SYNTHETIC DEMO DATA — NOT OFFICIAL GOVERNMENT RECORDS
TAX-1640,P1640,ASSESS-1640,Rekha Bansal 2,1123.58,4831.39,OVERDUE,2025-26,Public/Semi-Public,SYNTHETIC DEMO DATA — NOT OFFICIAL GOVERNMENT RECORDS
TAX-1641,P1641,ASSESS-1641,Rahul Sharma 3,1170.21,5031.9,PAID,2025-26,Residential,SYNTHETIC DEMO DATA — NOT OFFICIAL GOVERNMENT RECORDS
TAX-1642,P1642,ASSESS-1642,Amit Verma 3,1217.44,5234.99,PARTIALLY_PAID,2025-26,Commercial,SYNTHETIC DEMO DATA — NOT OFFICIAL GOVERNMENT RECORDS
TAX-1643,P1643,ASSESS-1643,Neha Patel 3,1264.47,5437.22,PENDING,2025-26,Industrial,SYNTHETIC DEMO DATA — NOT OFFICIAL GOVERNMENT RECORDS
TAX-1644,P1644,ASSESS-1644,Priya Singh 3,1311.33,5638.72,OVERDUE,2025-26,Agricultural,SYNTHETIC DEMO DATA — NOT OFFICIAL GOVERNMENT RECORDS
TAX-1645,P1645,ASSESS-1645,Suresh Yadav 3,1358.02,5839.49,PAID,2025-26,Institutional,SYNTHETIC DEMO DATA — NOT OFFICIAL GOVERNMENT RECORDS
TAX-1646,P1646,ASSESS-1646,Anjali Jain 3,1405.51,6043.69,PARTIALLY_PAID,2025-26,Mixed Use,SYNTHETIC DEMO DATA — NOT OFFICIAL GOVERNMENT RECORDS
TAX-1647,P1647,ASSESS-1647,Vikram Mehta 3,1452.65,6246.4,PENDING,2025-26,Vacant Land,SYNTHETIC DEMO DATA — NOT OFFICIAL GOVERNMENT RECORDS
TAX-1648,P1648,ASSESS-1648,Kavita Joshi 3,1499.59,6448.24,OVERDUE,2025-26,Public/Semi-Public,SYNTHETIC DEMO DATA — NOT OFFICIAL GOVERNMENT RECORDS
TAX-1649,P1649,ASSESS-1649,Manoj Gupta 3,96.15,413.44,PAID,2025-26,Residential,SYNTHETIC DEMO DATA — NOT OFFICIAL GOVERNMENT RECORDS
TAX-1650,P1650,ASSESS-1650,Ritu Mishra 3,143.73,618.04,PARTIALLY_PAID,2025-26,Commercial,SYNTHETIC DEMO DATA — NOT OFFICIAL GOVERNMENT RECORDS
TAX-1651,P1651,ASSESS-1651,Arjun Malviya 3,190.65,819.79,PENDING,2025-26,Industrial,SYNTHETIC DEMO DATA — NOT OFFICIAL GOVERNMENT RECORDS
TAX-1652,P1652,ASSESS-1652,Pooja Thakur 3,237.42,1020.91,OVERDUE,2025-26,Agricultural,SYNTHETIC DEMO DATA — NOT OFFICIAL GOVERNMENT RECORDS
TAX-1653,P1653,ASSESS-1653,Nitin Saxena 3,284.2,1222.06,PAID,2025-26,Institutional,SYNTHETIC DEMO DATA — NOT OFFICIAL GOVERNMENT RECORDS
TAX-1654,P1654,ASSESS-1654,Meera Chouhan 3,331.05,1423.52,PARTIALLY_PAID,2025-26,Mixed Use,SYNTHETIC DEMO DATA — NOT OFFICIAL GOVERNMENT RECORDS
TAX-1655,P1655,ASSESS-1655,Deepak Tiwari 3,378.67,1628.28,PENDING,2025-26,Vacant Land,SYNTHETIC DEMO DATA — NOT OFFICIAL GOVERNMENT RECORDS
TAX-1656,P1656,ASSESS-1656,Sunita Rathore 3,425.92,1831.46,OVERDUE,2025-26,Public/Semi-Public,SYNTHETIC DEMO DATA — NOT OFFICIAL GOVERNMENT RECORDS
TAX-1657,P1657,ASSESS-1657,Karan Dubey 3,472.4,2031.32,PAID,2025-26,Residential,SYNTHETIC DEMO DATA — NOT OFFICIAL GOVERNMENT RECORDS
TAX-1658,P1658,ASSESS-1658,Isha Kulkarni 3,519.4,2233.42,PARTIALLY_PAID,2025-26,Commercial,SYNTHETIC DEMO DATA — NOT OFFICIAL GOVERNMENT RECORDS
TAX-1659,P1659,ASSESS-1659,Mohan Solanki 3,566.57,2436.25,PENDING,2025-26,Industrial,SYNTHETIC DEMO DATA — NOT OFFICIAL GOVERNMENT RECORDS
TAX-1660,P1660,ASSESS-1660,Rekha Bansal 3,613.74,2639.08,OVERDUE,2025-26,Agricultural,SYNTHETIC DEMO DATA — NOT OFFICIAL GOVERNMENT RECORDS
TAX-1661,P1661,ASSESS-1661,Rahul Sharma 4,660.53,2840.28,PAID,2025-26,Institutional,SYNTHETIC DEMO DATA — NOT OFFICIAL GOVERNMENT RECORDS
TAX-1662,P1662,ASSESS-1662,Amit Verma 4,707.6,3042.68,PARTIALLY_PAID,2025-26,Mixed Use,SYNTHETIC DEMO DATA — NOT OFFICIAL GOVERNMENT RECORDS
TAX-1663,P1663,ASSESS-1663,Neha Patel 4,754.66,3245.04,PENDING,2025-26,Vacant Land,SYNTHETIC DEMO DATA — NOT OFFICIAL GOVERNMENT RECORDS
TAX-1664,P1664,ASSESS-1664,Priya Singh 4,801.7,3447.31,OVERDUE,2025-26,Public/Semi-Public,SYNTHETIC DEMO DATA — NOT OFFICIAL GOVERNMENT RECORDS
TAX-1665,P1665,ASSESS-1665,Suresh Yadav 4,848.59,3648.94,PAID,2025-26,Residential,SYNTHETIC DEMO DATA — NOT OFFICIAL GOVERNMENT RECORDS
TAX-1666,P1666,ASSESS-1666,Anjali Jain 4,895.75,3851.72,PARTIALLY_PAID,2025-26,Commercial,SYNTHETIC DEMO DATA — NOT OFFICIAL GOVERNMENT RECORDS
TAX-1667,P1667,ASSESS-1667,Vikram Mehta 4,942.16,4051.29,PENDING,2025-26,Industrial,SYNTHETIC DEMO DATA — NOT OFFICIAL GOVERNMENT RECORDS
TAX-1668,P1668,ASSESS-1668,Kavita Joshi 4,989.25,4253.77,OVERDUE,2025-26,Agricultural,SYNTHETIC DEMO DATA — NOT OFFICIAL GOVERNMENT RECORDS
TAX-1669,P1669,ASSESS-1669,Manoj Gupta 4,1036.99,4459.06,PAID,2025-26,Institutional,SYNTHETIC DEMO DATA — NOT OFFICIAL GOVERNMENT RECORDS
TAX-1670,P1670,ASSESS-1670,Ritu Mishra 4,1083.28,4658.1,PARTIALLY_PAID,2025-26,Mixed Use,SYNTHETIC DEMO DATA — NOT OFFICIAL GOVERNMENT RECORDS
TAX-1671,P1671,ASSESS-1671,Arjun Malviya 4,1130.73,4862.14,PENDING,2025-26,Vacant Land,SYNTHETIC DEMO DATA — NOT OFFICIAL GOVERNMENT RECORDS
TAX-1672,P1672,ASSESS-1672,Pooja Thakur 4,1177.15,5061.74,OVERDUE,2025-26,Public/Semi-Public,SYNTHETIC DEMO DATA — NOT OFFICIAL GOVERNMENT RECORDS
TAX-1673,P1673,ASSESS-1673,Nitin Saxena 4,1224.05,5263.41,PAID,2025-26,Residential,SYNTHETIC DEMO DATA — NOT OFFICIAL GOVERNMENT RECORDS
TAX-1674,P1674,ASSESS-1674,Meera Chouhan 4,1271.84,5468.91,PARTIALLY_PAID,2025-26,Commercial,SYNTHETIC DEMO DATA — NOT OFFICIAL GOVERNMENT RECORDS
TAX-1675,P1675,ASSESS-1675,Deepak Tiwari 4,1318.97,5671.57,PENDING,2025-26,Industrial,SYNTHETIC DEMO DATA — NOT OFFICIAL GOVERNMENT RECORDS
TAX-1676,P1676,ASSESS-1676,Sunita Rathore 4,1365.24,5870.53,OVERDUE,2025-26,Agricultural,SYNTHETIC DEMO DATA — NOT OFFICIAL GOVERNMENT RECORDS
TAX-1677,P1677,ASSESS-1677,Karan Dubey 4,1412.33,6073.02,PAID,2025-26,Institutional,SYNTHETIC DEMO DATA — NOT OFFICIAL GOVERNMENT RECORDS
TAX-1678,P1678,ASSESS-1678,Isha Kulkarni 4,1459.44,6275.59,PARTIALLY_PAID,2025-26,Mixed Use,SYNTHETIC DEMO DATA — NOT OFFICIAL GOVERNMENT RECORDS
TAX-1679,P1679,ASSESS-1679,Mohan Solanki 4,1506.87,6479.54,PENDING,2025-26,Vacant Land,SYNTHETIC DEMO DATA — NOT OFFICIAL GOVERNMENT RECORDS
TAX-1680,P1680,ASSESS-1680,Rekha Bansal 4,103.14,443.5,OVERDUE,2025-26,Public/Semi-Public,SYNTHETIC DEMO DATA — NOT OFFICIAL GOVERNMENT RECORDS
TAX-1681,P1681,ASSESS-1681,Rahul Sharma 5,150.08,645.34,PAID,2025-26,Residential,SYNTHETIC DEMO DATA — NOT OFFICIAL GOVERNMENT RECORDS
TAX-1682,P1682,ASSESS-1682,Amit Verma 5,197.49,849.21,PARTIALLY_PAID,2025-26,Commercial,SYNTHETIC DEMO DATA — NOT OFFICIAL GOVERNMENT RECORDS
TAX-1683,P1683,ASSESS-1683,Neha Patel 5,244.73,1052.34,PENDING,2025-26,Industrial,SYNTHETIC DEMO DATA — NOT OFFICIAL GOVERNMENT RECORDS
TAX-1684,P1684,ASSESS-1684,Priya Singh 5,291.28,1252.5,OVERDUE,2025-26,Agricultural,SYNTHETIC DEMO DATA — NOT OFFICIAL GOVERNMENT RECORDS
TAX-1685,P1685,ASSESS-1685,Suresh Yadav 5,338.97,1457.57,PAID,2025-26,Institutional,SYNTHETIC DEMO DATA — NOT OFFICIAL GOVERNMENT RECORDS
TAX-1686,P1686,ASSESS-1686,Anjali Jain 5,385.88,1659.28,PARTIALLY_PAID,2025-26,Mixed Use,SYNTHETIC DEMO DATA — NOT OFFICIAL GOVERNMENT RECORDS
TAX-1687,P1687,ASSESS-1687,Vikram Mehta 5,432.83,1861.17,PENDING,2025-26,Vacant Land,SYNTHETIC DEMO DATA — NOT OFFICIAL GOVERNMENT RECORDS
TAX-1688,P1688,ASSESS-1688,Kavita Joshi 5,479.65,2062.49,OVERDUE,2025-26,Public/Semi-Public,SYNTHETIC DEMO DATA — NOT OFFICIAL GOVERNMENT RECORDS
TAX-1689,P1689,ASSESS-1689,Manoj Gupta 5,526.46,2263.78,PAID,2025-26,Residential,SYNTHETIC DEMO DATA — NOT OFFICIAL GOVERNMENT RECORDS
TAX-1690,P1690,ASSESS-1690,Ritu Mishra 5,573.29,2465.15,PARTIALLY_PAID,2025-26,Commercial,SYNTHETIC DEMO DATA — NOT OFFICIAL GOVERNMENT RECORDS
TAX-1691,P1691,ASSESS-1691,Arjun Malviya 5,620.64,2668.75,PENDING,2025-26,Industrial,SYNTHETIC DEMO DATA — NOT OFFICIAL GOVERNMENT RECORDS
TAX-1692,P1692,ASSESS-1692,Pooja Thakur 5,667.45,2870.03,OVERDUE,2025-26,Agricultural,SYNTHETIC DEMO DATA — NOT OFFICIAL GOVERNMENT RECORDS
TAX-1693,P1693,ASSESS-1693,Nitin Saxena 5,714.01,3070.24,PAID,2025-26,Institutional,SYNTHETIC DEMO DATA — NOT OFFICIAL GOVERNMENT RECORDS
TAX-1694,P1694,ASSESS-1694,Meera Chouhan 5,761.56,3274.71,PARTIALLY_PAID,2025-26,Mixed Use,SYNTHETIC DEMO DATA — NOT OFFICIAL GOVERNMENT RECORDS
TAX-1695,P1695,ASSESS-1695,Deepak Tiwari 5,808.49,3476.51,PENDING,2025-26,Vacant Land,SYNTHETIC DEMO DATA — NOT OFFICIAL GOVERNMENT RECORDS
TAX-1696,P1696,ASSESS-1696,Sunita Rathore 5,855.32,3677.88,OVERDUE,2025-26,Public/Semi-Public,SYNTHETIC DEMO DATA — NOT OFFICIAL GOVERNMENT RECORDS
TAX-1697,P1697,ASSESS-1697,Karan Dubey 5,902.13,3879.16,PAID,2025-26,Residential,SYNTHETIC DEMO DATA — NOT OFFICIAL GOVERNMENT RECORDS
TAX-1698,P1698,ASSESS-1698,Isha Kulkarni 5,949.74,4083.88,PARTIALLY_PAID,2025-26,Commercial,SYNTHETIC DEMO DATA — NOT OFFICIAL GOVERNMENT RECORDS
TAX-1699,P1699,ASSESS-1699,Mohan Solanki 5,996.65,4285.59,PENDING,2025-26,Industrial,SYNTHETIC DEMO DATA — NOT OFFICIAL GOVERNMENT RECORDS
TAX-1700,P1700,ASSESS-1700,Rekha Bansal 5,1043.06,4485.16,OVERDUE,2025-26,Agricultural,SYNTHETIC DEMO DATA — NOT OFFICIAL GOVERNMENT RECORDS
TAX-1701,P1701,ASSESS-1701,Rahul Sharma 6,1090.73,4690.14,PAID,2025-26,Institutional,SYNTHETIC DEMO DATA — NOT OFFICIAL GOVERNMENT RECORDS
TAX-1702,P1702,ASSESS-1702,Amit Verma 6,1137.36,4890.65,PARTIALLY_PAID,2025-26,Mixed Use,SYNTHETIC DEMO DATA — NOT OFFICIAL GOVERNMENT RECORDS
TAX-1703,P1703,ASSESS-1703,Neha Patel 6,1184.09,5091.59,PENDING,2025-26,Vacant Land,SYNTHETIC DEMO DATA — NOT OFFICIAL GOVERNMENT RECORDS
TAX-1704,P1704,ASSESS-1704,Priya Singh 6,1231.81,5296.78,OVERDUE,2025-26,Public/Semi-Public,SYNTHETIC DEMO DATA — NOT OFFICIAL GOVERNMENT RECORDS
TAX-1705,P1705,ASSESS-1705,Suresh Yadav 6,1278.52,5497.64,PAID,2025-26,Residential,SYNTHETIC DEMO DATA — NOT OFFICIAL GOVERNMENT RECORDS
TAX-1706,P1706,ASSESS-1706,Anjali Jain 6,1325.04,5697.67,PARTIALLY_PAID,2025-26,Commercial,SYNTHETIC DEMO DATA — NOT OFFICIAL GOVERNMENT RECORDS
TAX-1707,P1707,ASSESS-1707,Vikram Mehta 6,1372.64,5902.35,PENDING,2025-26,Industrial,SYNTHETIC DEMO DATA — NOT OFFICIAL GOVERNMENT RECORDS
TAX-1708,P1708,ASSESS-1708,Kavita Joshi 6,1419.28,6102.9,OVERDUE,2025-26,Agricultural,SYNTHETIC DEMO DATA — NOT OFFICIAL GOVERNMENT RECORDS
TAX-1709,P1709,ASSESS-1709,Manoj Gupta 6,1466.97,6307.97,PAID,2025-26,Institutional,SYNTHETIC DEMO DATA — NOT OFFICIAL GOVERNMENT RECORDS
TAX-1710,P1710,ASSESS-1710,Ritu Mishra 6,1513.14,6506.5,PARTIALLY_PAID,2025-26,Mixed Use,SYNTHETIC DEMO DATA — NOT OFFICIAL GOVERNMENT RECORDS
TAX-1711,P1711,ASSESS-1711,Arjun Malviya 6,110.91,476.91,PENDING,2025-26,Vacant Land,SYNTHETIC DEMO DATA — NOT OFFICIAL GOVERNMENT RECORDS
TAX-1712,P1712,ASSESS-1712,Pooja Thakur 6,157.57,677.55,OVERDUE,2025-26,Public/Semi-Public,SYNTHETIC DEMO DATA — NOT OFFICIAL GOVERNMENT RECORDS
TAX-1713,P1713,ASSESS-1713,Nitin Saxena 6,204.05,877.41,PAID,2025-26,Residential,SYNTHETIC DEMO DATA — NOT OFFICIAL GOVERNMENT RECORDS
TAX-1714,P1714,ASSESS-1714,Meera Chouhan 6,251.69,1082.27,PARTIALLY_PAID,2025-26,Commercial,SYNTHETIC DEMO DATA — NOT OFFICIAL GOVERNMENT RECORDS
TAX-1715,P1715,ASSESS-1715,Deepak Tiwari 6,298.29,1282.65,PENDING,2025-26,Industrial,SYNTHETIC DEMO DATA — NOT OFFICIAL GOVERNMENT RECORDS
TAX-1716,P1716,ASSESS-1716,Sunita Rathore 6,345.03,1483.63,OVERDUE,2025-26,Agricultural,SYNTHETIC DEMO DATA — NOT OFFICIAL GOVERNMENT RECORDS
TAX-1717,P1717,ASSESS-1717,Karan Dubey 6,392.19,1686.42,PAID,2025-26,Institutional,SYNTHETIC DEMO DATA — NOT OFFICIAL GOVERNMENT RECORDS
TAX-1718,P1718,ASSESS-1718,Isha Kulkarni 6,439.93,1891.7,PARTIALLY_PAID,2025-26,Mixed Use,SYNTHETIC DEMO DATA — NOT OFFICIAL GOVERNMENT RECORDS
TAX-1719,P1719,ASSESS-1719,Mohan Solanki 6,486.95,2093.88,PENDING,2025-26,Vacant Land,SYNTHETIC DEMO DATA — NOT OFFICIAL GOVERNMENT RECORDS
TAX-1720,P1720,ASSESS-1720,Rekha Bansal 6,533.19,2292.72,OVERDUE,2025-26,Public/Semi-Public,SYNTHETIC DEMO DATA — NOT OFFICIAL GOVERNMENT RECORDS
TAX-1721,P1721,ASSESS-1721,Rahul Sharma 7,580.84,2497.61,PAID,2025-26,Residential,SYNTHETIC DEMO DATA — NOT OFFICIAL GOVERNMENT RECORDS
TAX-1722,P1722,ASSESS-1722,Amit Verma 7,627.0,2696.1,PARTIALLY_PAID,2025-26,Commercial,SYNTHETIC DEMO DATA — NOT OFFICIAL GOVERNMENT RECORDS
TAX-1723,P1723,ASSESS-1723,Neha Patel 7,674.81,2901.68,PENDING,2025-26,Industrial,SYNTHETIC DEMO DATA — NOT OFFICIAL GOVERNMENT RECORDS
TAX-1724,P1724,ASSESS-1724,Priya Singh 7,721.78,3103.65,OVERDUE,2025-26,Agricultural,SYNTHETIC DEMO DATA — NOT OFFICIAL GOVERNMENT RECORDS
TAX-1725,P1725,ASSESS-1725,Suresh Yadav 7,768.2,3303.26,PAID,2025-26,Institutional,SYNTHETIC DEMO DATA — NOT OFFICIAL GOVERNMENT RECORDS
TAX-1726,P1726,ASSESS-1726,Anjali Jain 7,815.14,3505.1,PARTIALLY_PAID,2025-26,Mixed Use,SYNTHETIC DEMO DATA — NOT OFFICIAL GOVERNMENT RECORDS
TAX-1727,P1727,ASSESS-1727,Vikram Mehta 7,862.54,3708.92,PENDING,2025-26,Vacant Land,SYNTHETIC DEMO DATA — NOT OFFICIAL GOVERNMENT RECORDS
TAX-1728,P1728,ASSESS-1728,Kavita Joshi 7,909.86,3912.4,OVERDUE,2025-26,Public/Semi-Public,SYNTHETIC DEMO DATA — NOT OFFICIAL GOVERNMENT RECORDS
TAX-1729,P1729,ASSESS-1729,Manoj Gupta 7,956.73,4113.94,PAID,2025-26,Residential,SYNTHETIC DEMO DATA — NOT OFFICIAL GOVERNMENT RECORDS
TAX-1730,P1730,ASSESS-1730,Ritu Mishra 7,1003.77,4316.21,PARTIALLY_PAID,2025-26,Commercial,SYNTHETIC DEMO DATA — NOT OFFICIAL GOVERNMENT RECORDS
TAX-1731,P1731,ASSESS-1731,Arjun Malviya 7,1050.95,4519.09,PENDING,2025-26,Industrial,SYNTHETIC DEMO DATA — NOT OFFICIAL GOVERNMENT RECORDS
TAX-1732,P1732,ASSESS-1732,Pooja Thakur 7,1097.14,4717.7,OVERDUE,2025-26,Agricultural,SYNTHETIC DEMO DATA — NOT OFFICIAL GOVERNMENT RECORDS
TAX-1733,P1733,ASSESS-1733,Nitin Saxena 7,1144.88,4922.98,PAID,2025-26,Institutional,SYNTHETIC DEMO DATA — NOT OFFICIAL GOVERNMENT RECORDS
TAX-1734,P1734,ASSESS-1734,Meera Chouhan 7,1191.34,5122.76,PARTIALLY_PAID,2025-26,Mixed Use,SYNTHETIC DEMO DATA — NOT OFFICIAL GOVERNMENT RECORDS
TAX-1735,P1735,ASSESS-1735,Deepak Tiwari 7,1238.35,5324.9,PENDING,2025-26,Vacant Land,SYNTHETIC DEMO DATA — NOT OFFICIAL GOVERNMENT RECORDS
TAX-1736,P1736,ASSESS-1736,Sunita Rathore 7,1285.28,5526.7,OVERDUE,2025-26,Public/Semi-Public,SYNTHETIC DEMO DATA — NOT OFFICIAL GOVERNMENT RECORDS
TAX-1737,P1737,ASSESS-1737,Karan Dubey 7,1332.76,5730.87,PAID,2025-26,Residential,SYNTHETIC DEMO DATA — NOT OFFICIAL GOVERNMENT RECORDS
TAX-1738,P1738,ASSESS-1738,Isha Kulkarni 7,1379.07,5930.0,PARTIALLY_PAID,2025-26,Commercial,SYNTHETIC DEMO DATA — NOT OFFICIAL GOVERNMENT RECORDS
TAX-1739,P1739,ASSESS-1739,Mohan Solanki 7,1426.24,6132.83,PENDING,2025-26,Industrial,SYNTHETIC DEMO DATA — NOT OFFICIAL GOVERNMENT RECORDS
TAX-1740,P1740,ASSESS-1740,Rekha Bansal 7,1473.18,6334.67,OVERDUE,2025-26,Agricultural,SYNTHETIC DEMO DATA — NOT OFFICIAL GOVERNMENT RECORDS
TAX-1741,P1741,ASSESS-1741,Rahul Sharma 8,1520.33,6537.42,PAID,2025-26,Institutional,SYNTHETIC DEMO DATA — NOT OFFICIAL GOVERNMENT RECORDS
TAX-1742,P1742,ASSESS-1742,Amit Verma 8,117.44,504.99,PARTIALLY_PAID,2025-26,Mixed Use,SYNTHETIC DEMO DATA — NOT OFFICIAL GOVERNMENT RECORDS
TAX-1743,P1743,ASSESS-1743,Neha Patel 8,164.93,709.2,PENDING,2025-26,Vacant Land,SYNTHETIC DEMO DATA — NOT OFFICIAL GOVERNMENT RECORDS
TAX-1744,P1744,ASSESS-1744,Priya Singh 8,211.04,907.47,OVERDUE,2025-26,Public/Semi-Public,SYNTHETIC DEMO DATA — NOT OFFICIAL GOVERNMENT RECORDS
TAX-1745,P1745,ASSESS-1745,Suresh Yadav 8,258.92,1113.36,PAID,2025-26,Residential,SYNTHETIC DEMO DATA — NOT OFFICIAL GOVERNMENT RECORDS
TAX-1746,P1746,ASSESS-1746,Anjali Jain 8,305.28,1312.7,PARTIALLY_PAID,2025-26,Commercial,SYNTHETIC DEMO DATA — NOT OFFICIAL GOVERNMENT RECORDS
TAX-1747,P1747,ASSESS-1747,Vikram Mehta 8,352.22,1514.55,PENDING,2025-26,Industrial,SYNTHETIC DEMO DATA — NOT OFFICIAL GOVERNMENT RECORDS
TAX-1748,P1748,ASSESS-1748,Kavita Joshi 8,399.93,1719.7,OVERDUE,2025-26,Agricultural,SYNTHETIC DEMO DATA — NOT OFFICIAL GOVERNMENT RECORDS
TAX-1749,P1749,ASSESS-1749,Manoj Gupta 8,446.93,1921.8,PAID,2025-26,Institutional,SYNTHETIC DEMO DATA — NOT OFFICIAL GOVERNMENT RECORDS
TAX-1750,P1750,ASSESS-1750,Ritu Mishra 8,493.27,2121.06,PARTIALLY_PAID,2025-26,Mixed Use,SYNTHETIC DEMO DATA — NOT OFFICIAL GOVERNMENT RECORDS
TAX-1751,P1751,ASSESS-1751,Arjun Malviya 8,540.45,2323.93,PENDING,2025-26,Vacant Land,SYNTHETIC DEMO DATA — NOT OFFICIAL GOVERNMENT RECORDS
TAX-1752,P1752,ASSESS-1752,Pooja Thakur 8,587.57,2526.55,OVERDUE,2025-26,Public/Semi-Public,SYNTHETIC DEMO DATA — NOT OFFICIAL GOVERNMENT RECORDS
TAX-1753,P1753,ASSESS-1753,Nitin Saxena 8,634.51,2728.39,PAID,2025-26,Residential,SYNTHETIC DEMO DATA — NOT OFFICIAL GOVERNMENT RECORDS
TAX-1754,P1754,ASSESS-1754,Meera Chouhan 8,681.12,2928.82,PARTIALLY_PAID,2025-26,Commercial,SYNTHETIC DEMO DATA — NOT OFFICIAL GOVERNMENT RECORDS
TAX-1755,P1755,ASSESS-1755,Deepak Tiwari 8,728.16,3131.09,PENDING,2025-26,Industrial,SYNTHETIC DEMO DATA — NOT OFFICIAL GOVERNMENT RECORDS
TAX-1756,P1756,ASSESS-1756,Sunita Rathore 8,775.85,3336.15,OVERDUE,2025-26,Agricultural,SYNTHETIC DEMO DATA — NOT OFFICIAL GOVERNMENT RECORDS
TAX-1757,P1757,ASSESS-1757,Karan Dubey 8,822.39,3536.28,PAID,2025-26,Institutional,SYNTHETIC DEMO DATA — NOT OFFICIAL GOVERNMENT RECORDS
TAX-1758,P1758,ASSESS-1758,Isha Kulkarni 8,869.35,3738.2,PARTIALLY_PAID,2025-26,Mixed Use,SYNTHETIC DEMO DATA — NOT OFFICIAL GOVERNMENT RECORDS
TAX-1759,P1759,ASSESS-1759,Mohan Solanki 8,916.94,3942.84,PENDING,2025-26,Vacant Land,SYNTHETIC DEMO DATA — NOT OFFICIAL GOVERNMENT RECORDS
TAX-1760,P1760,ASSESS-1760,Rekha Bansal 8,963.04,4141.07,OVERDUE,2025-26,Public/Semi-Public,SYNTHETIC DEMO DATA — NOT OFFICIAL GOVERNMENT RECORDS
TAX-1761,P1761,ASSESS-1761,Rahul Sharma 9,1010.05,4343.21,PAID,2025-26,Residential,SYNTHETIC DEMO DATA — NOT OFFICIAL GOVERNMENT RECORDS
TAX-1762,P1762,ASSESS-1762,Amit Verma 9,1057.88,4548.88,PARTIALLY_PAID,2025-26,Commercial,SYNTHETIC DEMO DATA — NOT OFFICIAL GOVERNMENT RECORDS
TAX-1763,P1763,ASSESS-1763,Neha Patel 9,1104.91,4751.11,PENDING,2025-26,Industrial,SYNTHETIC DEMO DATA — NOT OFFICIAL GOVERNMENT RECORDS
TAX-1764,P1764,ASSESS-1764,Priya Singh 9,1151.14,4949.9,OVERDUE,2025-26,Agricultural,SYNTHETIC DEMO DATA — NOT OFFICIAL GOVERNMENT RECORDS
TAX-1765,P1765,ASSESS-1765,Suresh Yadav 9,1198.62,5154.07,PAID,2025-26,Institutional,SYNTHETIC DEMO DATA — NOT OFFICIAL GOVERNMENT RECORDS
TAX-1766,P1766,ASSESS-1766,Anjali Jain 9,1245.26,5354.62,PARTIALLY_PAID,2025-26,Mixed Use,SYNTHETIC DEMO DATA — NOT OFFICIAL GOVERNMENT RECORDS
TAX-1767,P1767,ASSESS-1767,Vikram Mehta 9,1292.12,5556.12,PENDING,2025-26,Vacant Land,SYNTHETIC DEMO DATA — NOT OFFICIAL GOVERNMENT RECORDS
TAX-1768,P1768,ASSESS-1768,Kavita Joshi 9,1339.31,5759.03,OVERDUE,2025-26,Public/Semi-Public,SYNTHETIC DEMO DATA — NOT OFFICIAL GOVERNMENT RECORDS
TAX-1769,P1769,ASSESS-1769,Manoj Gupta 9,1386.65,5962.6,PAID,2025-26,Residential,SYNTHETIC DEMO DATA — NOT OFFICIAL GOVERNMENT RECORDS
TAX-1770,P1770,ASSESS-1770,Ritu Mishra 9,1433.16,6162.59,PARTIALLY_PAID,2025-26,Commercial,SYNTHETIC DEMO DATA — NOT OFFICIAL GOVERNMENT RECORDS
TAX-1771,P1771,ASSESS-1771,Arjun Malviya 9,1480.8,6367.44,PENDING,2025-26,Industrial,SYNTHETIC DEMO DATA — NOT OFFICIAL GOVERNMENT RECORDS
TAX-1772,P1772,ASSESS-1772,Pooja Thakur 9,1527.81,6569.58,OVERDUE,2025-26,Agricultural,SYNTHETIC DEMO DATA — NOT OFFICIAL GOVERNMENT RECORDS
TAX-1773,P1773,ASSESS-1773,Nitin Saxena 9,124.96,537.33,PAID,2025-26,Institutional,SYNTHETIC DEMO DATA — NOT OFFICIAL GOVERNMENT RECORDS
TAX-1774,P1774,ASSESS-1774,Meera Chouhan 9,171.98,739.51,PARTIALLY_PAID,2025-26,Mixed Use,SYNTHETIC DEMO DATA — NOT OFFICIAL GOVERNMENT RECORDS
TAX-1775,P1775,ASSESS-1775,Deepak Tiwari 9,218.56,939.81,PENDING,2025-26,Vacant Land,SYNTHETIC DEMO DATA — NOT OFFICIAL GOVERNMENT RECORDS
TAX-1776,P1776,ASSESS-1776,Sunita Rathore 9,265.98,1143.71,OVERDUE,2025-26,Public/Semi-Public,SYNTHETIC DEMO DATA — NOT OFFICIAL GOVERNMENT RECORDS
TAX-1777,P1777,ASSESS-1777,Karan Dubey 9,312.79,1345.0,PAID,2025-26,Residential,SYNTHETIC DEMO DATA — NOT OFFICIAL GOVERNMENT RECORDS
TAX-1778,P1778,ASSESS-1778,Isha Kulkarni 9,359.79,1547.1,PARTIALLY_PAID,2025-26,Commercial,SYNTHETIC DEMO DATA — NOT OFFICIAL GOVERNMENT RECORDS
TAX-1779,P1779,ASSESS-1779,Mohan Solanki 9,406.92,1749.76,PENDING,2025-26,Industrial,SYNTHETIC DEMO DATA — NOT OFFICIAL GOVERNMENT RECORDS
TAX-1780,P1780,ASSESS-1780,Rekha Bansal 9,453.96,1952.03,OVERDUE,2025-26,Agricultural,SYNTHETIC DEMO DATA — NOT OFFICIAL GOVERNMENT RECORDS
TAX-1781,P1781,ASSESS-1781,Rahul Sharma 10,500.7,2153.01,PAID,2025-26,Institutional,SYNTHETIC DEMO DATA — NOT OFFICIAL GOVERNMENT RECORDS
TAX-1782,P1782,ASSESS-1782,Amit Verma 10,547.47,2354.12,PARTIALLY_PAID,2025-26,Mixed Use,SYNTHETIC DEMO DATA — NOT OFFICIAL GOVERNMENT RECORDS
TAX-1783,P1783,ASSESS-1783,Neha Patel 10,594.82,2557.73,PENDING,2025-26,Vacant Land,SYNTHETIC DEMO DATA — NOT OFFICIAL GOVERNMENT RECORDS
TAX-1784,P1784,ASSESS-1784,Priya Singh 10,641.05,2756.51,OVERDUE,2025-26,Public/Semi-Public,SYNTHETIC DEMO DATA — NOT OFFICIAL GOVERNMENT RECORDS
TAX-1785,P1785,ASSESS-1785,Suresh Yadav 10,688.69,2961.37,PAID,2025-26,Residential,SYNTHETIC DEMO DATA — NOT OFFICIAL GOVERNMENT RECORDS
TAX-1786,P1786,ASSESS-1786,Anjali Jain 10,735.37,3162.09,PARTIALLY_PAID,2025-26,Commercial,SYNTHETIC DEMO DATA — NOT OFFICIAL GOVERNMENT RECORDS
TAX-1787,P1787,ASSESS-1787,Vikram Mehta 10,782.86,3366.3,PENDING,2025-26,Industrial,SYNTHETIC DEMO DATA — NOT OFFICIAL GOVERNMENT RECORDS
TAX-1788,P1788,ASSESS-1788,Kavita Joshi 10,829.09,3565.09,OVERDUE,2025-26,Agricultural,SYNTHETIC DEMO DATA — NOT OFFICIAL GOVERNMENT RECORDS
TAX-1789,P1789,ASSESS-1789,Manoj Gupta 10,876.89,3770.63,PAID,2025-26,Institutional,SYNTHETIC DEMO DATA — NOT OFFICIAL GOVERNMENT RECORDS
TAX-1790,P1790,ASSESS-1790,Ritu Mishra 10,923.56,3971.31,PARTIALLY_PAID,2025-26,Mixed Use,SYNTHETIC DEMO DATA — NOT OFFICIAL GOVERNMENT RECORDS
TAX-1791,P1791,ASSESS-1791,Arjun Malviya 10,970.14,4171.6,PENDING,2025-26,Vacant Land,SYNTHETIC DEMO DATA — NOT OFFICIAL GOVERNMENT RECORDS
TAX-1792,P1792,ASSESS-1792,Pooja Thakur 10,1017.91,4377.01,OVERDUE,2025-26,Public/Semi-Public,SYNTHETIC DEMO DATA — NOT OFFICIAL GOVERNMENT RECORDS
TAX-1793,P1793,ASSESS-1793,Nitin Saxena 10,1064.13,4575.76,PAID,2025-26,Residential,SYNTHETIC DEMO DATA — NOT OFFICIAL GOVERNMENT RECORDS
TAX-1794,P1794,ASSESS-1794,Meera Chouhan 10,1111.82,4780.83,PARTIALLY_PAID,2025-26,Commercial,SYNTHETIC DEMO DATA — NOT OFFICIAL GOVERNMENT RECORDS
TAX-1795,P1795,ASSESS-1795,Deepak Tiwari 10,1158.4,4981.12,PENDING,2025-26,Industrial,SYNTHETIC DEMO DATA — NOT OFFICIAL GOVERNMENT RECORDS
TAX-1796,P1796,ASSESS-1796,Sunita Rathore 10,1205.07,5181.8,OVERDUE,2025-26,Agricultural,SYNTHETIC DEMO DATA — NOT OFFICIAL GOVERNMENT RECORDS
TAX-1797,P1797,ASSESS-1797,Karan Dubey 10,1252.05,5383.81,PAID,2025-26,Institutional,SYNTHETIC DEMO DATA — NOT OFFICIAL GOVERNMENT RECORDS
TAX-1798,P1798,ASSESS-1798,Isha Kulkarni 10,1299.45,5587.64,PARTIALLY_PAID,2025-26,Mixed Use,SYNTHETIC DEMO DATA — NOT OFFICIAL GOVERNMENT RECORDS
TAX-1799,P1799,ASSESS-1799,Mohan Solanki 10,1346.61,5790.42,PENDING,2025-26,Vacant Land,SYNTHETIC DEMO DATA — NOT OFFICIAL GOVERNMENT RECORDS
TAX-1800,P1800,ASSESS-1800,Rekha Bansal 10,1393.35,5991.4,OVERDUE,2025-26,Public/Semi-Public,SYNTHETIC DEMO DATA — NOT OFFICIAL GOVERNMENT RECORDS
TAX-1801,P1801,ASSESS-1801,Rahul Sharma,1440.98,6196.21,PAID,2025-26,Residential,SYNTHETIC DEMO DATA — NOT OFFICIAL GOVERNMENT RECORDS
TAX-1802,P1802,ASSESS-1802,Amit Verma,1487.32,6395.48,PARTIALLY_PAID,2025-26,Commercial,SYNTHETIC DEMO DATA — NOT OFFICIAL GOVERNMENT RECORDS
TAX-1803,P1803,ASSESS-1803,Neha Patel,1534.67,6599.08,PENDING,2025-26,Industrial,SYNTHETIC DEMO DATA — NOT OFFICIAL GOVERNMENT RECORDS
TAX-1804,P1804,ASSESS-1804,Priya Singh,131.29,564.55,OVERDUE,2025-26,Agricultural,SYNTHETIC DEMO DATA — NOT OFFICIAL GOVERNMENT RECORDS
TAX-1805,P1805,ASSESS-1805,Suresh Yadav,178.89,769.23,PAID,2025-26,Institutional,SYNTHETIC DEMO DATA — NOT OFFICIAL GOVERNMENT RECORDS
TAX-1806,P1806,ASSESS-1806,Anjali Jain,225.48,969.56,PARTIALLY_PAID,2025-26,Mixed Use,SYNTHETIC DEMO DATA — NOT OFFICIAL GOVERNMENT RECORDS
TAX-1807,P1807,ASSESS-1807,Vikram Mehta,272.2,1170.46,PENDING,2025-26,Vacant Land,SYNTHETIC DEMO DATA — NOT OFFICIAL GOVERNMENT RECORDS
TAX-1808,P1808,ASSESS-1808,Kavita Joshi,319.05,1371.91,OVERDUE,2025-26,Public/Semi-Public,SYNTHETIC DEMO DATA — NOT OFFICIAL GOVERNMENT RECORDS
TAX-1809,P1809,ASSESS-1809,Manoj Gupta,366.39,1575.48,PAID,2025-26,Residential,SYNTHETIC DEMO DATA — NOT OFFICIAL GOVERNMENT RECORDS
TAX-1810,P1810,ASSESS-1810,Ritu Mishra,413.42,1777.71,PARTIALLY_PAID,2025-26,Commercial,SYNTHETIC DEMO DATA — NOT OFFICIAL GOVERNMENT RECORDS
TAX-1811,P1811,ASSESS-1811,Arjun Malviya,460.02,1978.09,PENDING,2025-26,Industrial,SYNTHETIC DEMO DATA — NOT OFFICIAL GOVERNMENT RECORDS
TAX-1812,P1812,ASSESS-1812,Pooja Thakur,507.34,2181.56,OVERDUE,2025-26,Agricultural,SYNTHETIC DEMO DATA — NOT OFFICIAL GOVERNMENT RECORDS
TAX-1813,P1813,ASSESS-1813,Nitin Saxena,554.25,2383.28,PAID,2025-26,Institutional,SYNTHETIC DEMO DATA — NOT OFFICIAL GOVERNMENT RECORDS
TAX-1814,P1814,ASSESS-1814,Meera Chouhan,601.82,2587.83,PARTIALLY_PAID,2025-26,Mixed Use,SYNTHETIC DEMO DATA — NOT OFFICIAL GOVERNMENT RECORDS
TAX-1815,P1815,ASSESS-1815,Deepak Tiwari,648.41,2788.16,PENDING,2025-26,Vacant Land,SYNTHETIC DEMO DATA — NOT OFFICIAL GOVERNMENT RECORDS
TAX-1816,P1816,ASSESS-1816,Sunita Rathore,695.07,2988.8,OVERDUE,2025-26,Public/Semi-Public,SYNTHETIC DEMO DATA — NOT OFFICIAL GOVERNMENT RECORDS
TAX-1817,P1817,ASSESS-1817,Karan Dubey,742.2,3191.46,PAID,2025-26,Residential,SYNTHETIC DEMO DATA — NOT OFFICIAL GOVERNMENT RECORDS
TAX-1818,P1818,ASSESS-1818,Isha Kulkarni,789.08,3393.04,PARTIALLY_PAID,2025-26,Commercial,SYNTHETIC DEMO DATA — NOT OFFICIAL GOVERNMENT RECORDS
TAX-1819,P1819,ASSESS-1819,Mohan Solanki,836.15,3595.44,PENDING,2025-26,Industrial,SYNTHETIC DEMO DATA — NOT OFFICIAL GOVERNMENT RECORDS
TAX-1820,P1820,ASSESS-1820,Rekha Bansal,883.71,3799.95,OVERDUE,2025-26,Agricultural,SYNTHETIC DEMO DATA — NOT OFFICIAL GOVERNMENT RECORDS
TAX-1821,P1821,ASSESS-1821,Rahul Sharma 2,930.13,3999.56,PAID,2025-26,Institutional,SYNTHETIC DEMO DATA — NOT OFFICIAL GOVERNMENT RECORDS
TAX-1822,P1822,ASSESS-1822,Amit Verma 2,977.22,4202.05,PARTIALLY_PAID,2025-26,Mixed Use,SYNTHETIC DEMO DATA — NOT OFFICIAL GOVERNMENT RECORDS
TAX-1823,P1823,ASSESS-1823,Neha Patel 2,1024.95,4407.28,PENDING,2025-26,Vacant Land,SYNTHETIC DEMO DATA — NOT OFFICIAL GOVERNMENT RECORDS
TAX-1824,P1824,ASSESS-1824,Priya Singh 2,1071.2,4606.16,OVERDUE,2025-26,Public/Semi-Public,SYNTHETIC DEMO DATA — NOT OFFICIAL GOVERNMENT RECORDS
TAX-1825,P1825,ASSESS-1825,Suresh Yadav 2,1118.78,4810.75,PAID,2025-26,Residential,SYNTHETIC DEMO DATA — NOT OFFICIAL GOVERNMENT RECORDS
TAX-1826,P1826,ASSESS-1826,Anjali Jain 2,1165.2,5010.36,PARTIALLY_PAID,2025-26,Commercial,SYNTHETIC DEMO DATA — NOT OFFICIAL GOVERNMENT RECORDS
TAX-1827,P1827,ASSESS-1827,Vikram Mehta 2,1212.45,5213.53,PENDING,2025-26,Industrial,SYNTHETIC DEMO DATA — NOT OFFICIAL GOVERNMENT RECORDS
TAX-1828,P1828,ASSESS-1828,Kavita Joshi 2,1259.44,5415.59,OVERDUE,2025-26,Agricultural,SYNTHETIC DEMO DATA — NOT OFFICIAL GOVERNMENT RECORDS
TAX-1829,P1829,ASSESS-1829,Manoj Gupta 2,1306.66,5618.64,PAID,2025-26,Institutional,SYNTHETIC DEMO DATA — NOT OFFICIAL GOVERNMENT RECORDS
TAX-1830,P1830,ASSESS-1830,Ritu Mishra 2,1353.95,5821.98,PARTIALLY_PAID,2025-26,Mixed Use,SYNTHETIC DEMO DATA — NOT OFFICIAL GOVERNMENT RECORDS
TAX-1831,P1831,ASSESS-1831,Arjun Malviya 2,1400.89,6023.83,PENDING,2025-26,Vacant Land,SYNTHETIC DEMO DATA — NOT OFFICIAL GOVERNMENT RECORDS
TAX-1832,P1832,ASSESS-1832,Pooja Thakur 2,1447.53,6224.38,OVERDUE,2025-26,Public/Semi-Public,SYNTHETIC DEMO DATA — NOT OFFICIAL GOVERNMENT RECORDS
TAX-1833,P1833,ASSESS-1833,Nitin Saxena 2,1494.78,6427.55,PAID,2025-26,Residential,SYNTHETIC DEMO DATA — NOT OFFICIAL GOVERNMENT RECORDS
TAX-1834,P1834,ASSESS-1834,Meera Chouhan 2,91.03,391.43,PARTIALLY_PAID,2025-26,Commercial,SYNTHETIC DEMO DATA — NOT OFFICIAL GOVERNMENT RECORDS
TAX-1835,P1835,ASSESS-1835,Deepak Tiwari 2,138.26,594.52,PENDING,2025-26,Industrial,SYNTHETIC DEMO DATA — NOT OFFICIAL GOVERNMENT RECORDS
TAX-1836,P1836,ASSESS-1836,Sunita Rathore 2,185.44,797.39,OVERDUE,2025-26,Agricultural,SYNTHETIC DEMO DATA — NOT OFFICIAL GOVERNMENT RECORDS
TAX-1837,P1837,ASSESS-1837,Karan Dubey 2,232.76,1000.87,PAID,2025-26,Institutional,SYNTHETIC DEMO DATA — NOT OFFICIAL GOVERNMENT RECORDS
TAX-1838,P1838,ASSESS-1838,Isha Kulkarni 2,279.43,1201.55,PARTIALLY_PAID,2025-26,Mixed Use,SYNTHETIC DEMO DATA — NOT OFFICIAL GOVERNMENT RECORDS
TAX-1839,P1839,ASSESS-1839,Mohan Solanki 2,326.09,1402.19,PENDING,2025-26,Vacant Land,SYNTHETIC DEMO DATA — NOT OFFICIAL GOVERNMENT RECORDS
TAX-1840,P1840,ASSESS-1840,Rekha Bansal 2,373.13,1604.46,OVERDUE,2025-26,Public/Semi-Public,SYNTHETIC DEMO DATA — NOT OFFICIAL GOVERNMENT RECORDS
TAX-1841,P1841,ASSESS-1841,Rahul Sharma 3,420.4,1807.72,PAID,2025-26,Residential,SYNTHETIC DEMO DATA — NOT OFFICIAL GOVERNMENT RECORDS
TAX-1842,P1842,ASSESS-1842,Amit Verma 3,467.93,2012.1,PARTIALLY_PAID,2025-26,Commercial,SYNTHETIC DEMO DATA — NOT OFFICIAL GOVERNMENT RECORDS
TAX-1843,P1843,ASSESS-1843,Neha Patel 3,514.04,2210.37,PENDING,2025-26,Industrial,SYNTHETIC DEMO DATA — NOT OFFICIAL GOVERNMENT RECORDS
TAX-1844,P1844,ASSESS-1844,Priya Singh 3,561.89,2416.13,OVERDUE,2025-26,Agricultural,SYNTHETIC DEMO DATA — NOT OFFICIAL GOVERNMENT RECORDS
TAX-1845,P1845,ASSESS-1845,Suresh Yadav 3,608.84,2618.01,PAID,2025-26,Institutional,SYNTHETIC DEMO DATA — NOT OFFICIAL GOVERNMENT RECORDS
TAX-1846,P1846,ASSESS-1846,Anjali Jain 3,655.09,2816.89,PARTIALLY_PAID,2025-26,Mixed Use,SYNTHETIC DEMO DATA — NOT OFFICIAL GOVERNMENT RECORDS
TAX-1847,P1847,ASSESS-1847,Vikram Mehta 3,702.91,3022.51,PENDING,2025-26,Vacant Land,SYNTHETIC DEMO DATA — NOT OFFICIAL GOVERNMENT RECORDS
TAX-1848,P1848,ASSESS-1848,Kavita Joshi 3,749.28,3221.9,OVERDUE,2025-26,Public/Semi-Public,SYNTHETIC DEMO DATA — NOT OFFICIAL GOVERNMENT RECORDS
TAX-1849,P1849,ASSESS-1849,Manoj Gupta 3,796.16,3423.49,PAID,2025-26,Residential,SYNTHETIC DEMO DATA — NOT OFFICIAL GOVERNMENT RECORDS
TAX-1850,P1850,ASSESS-1850,Ritu Mishra 3,843.16,3625.59,PARTIALLY_PAID,2025-26,Commercial,SYNTHETIC DEMO DATA — NOT OFFICIAL GOVERNMENT RECORDS
TAX-1851,P1851,ASSESS-1851,Arjun Malviya 3,890.95,3831.09,PENDING,2025-26,Industrial,SYNTHETIC DEMO DATA — NOT OFFICIAL GOVERNMENT RECORDS
TAX-1852,P1852,ASSESS-1852,Pooja Thakur 3,937.66,4031.94,OVERDUE,2025-26,Agricultural,SYNTHETIC DEMO DATA — NOT OFFICIAL GOVERNMENT RECORDS
TAX-1853,P1853,ASSESS-1853,Nitin Saxena 3,984.53,4233.48,PAID,2025-26,Institutional,SYNTHETIC DEMO DATA — NOT OFFICIAL GOVERNMENT RECORDS
TAX-1854,P1854,ASSESS-1854,Meera Chouhan 3,1031.16,4433.99,PARTIALLY_PAID,2025-26,Mixed Use,SYNTHETIC DEMO DATA — NOT OFFICIAL GOVERNMENT RECORDS
TAX-1855,P1855,ASSESS-1855,Deepak Tiwari 3,1078.0,4635.4,PENDING,2025-26,Vacant Land,SYNTHETIC DEMO DATA — NOT OFFICIAL GOVERNMENT RECORDS
TAX-1856,P1856,ASSESS-1856,Sunita Rathore 3,1125.31,4838.83,OVERDUE,2025-26,Public/Semi-Public,SYNTHETIC DEMO DATA — NOT OFFICIAL GOVERNMENT RECORDS
TAX-1857,P1857,ASSESS-1857,Karan Dubey 3,1172.49,5041.71,PAID,2025-26,Residential,SYNTHETIC DEMO DATA — NOT OFFICIAL GOVERNMENT RECORDS
TAX-1858,P1858,ASSESS-1858,Isha Kulkarni 3,1219.52,5243.94,PARTIALLY_PAID,2025-26,Commercial,SYNTHETIC DEMO DATA — NOT OFFICIAL GOVERNMENT RECORDS
TAX-1859,P1859,ASSESS-1859,Mohan Solanki 3,1266.78,5447.15,PENDING,2025-26,Industrial,SYNTHETIC DEMO DATA — NOT OFFICIAL GOVERNMENT RECORDS
TAX-1860,P1860,ASSESS-1860,Rekha Bansal 3,1313.32,5647.28,OVERDUE,2025-26,Agricultural,SYNTHETIC DEMO DATA — NOT OFFICIAL GOVERNMENT RECORDS
TAX-1861,P1861,ASSESS-1861,Rahul Sharma 4,1360.92,5851.96,PAID,2025-26,Institutional,SYNTHETIC DEMO DATA — NOT OFFICIAL GOVERNMENT RECORDS
TAX-1862,P1862,ASSESS-1862,Amit Verma 4,1407.43,6051.95,PARTIALLY_PAID,2025-26,Mixed Use,SYNTHETIC DEMO DATA — NOT OFFICIAL GOVERNMENT RECORDS
TAX-1863,P1863,ASSESS-1863,Neha Patel 4,1454.47,6254.22,PENDING,2025-26,Vacant Land,SYNTHETIC DEMO DATA — NOT OFFICIAL GOVERNMENT RECORDS
TAX-1864,P1864,ASSESS-1864,Priya Singh 4,1501.65,6457.1,OVERDUE,2025-26,Public/Semi-Public,SYNTHETIC DEMO DATA — NOT OFFICIAL GOVERNMENT RECORDS
TAX-1865,P1865,ASSESS-1865,Suresh Yadav 4,98.93,425.4,PAID,2025-26,Residential,SYNTHETIC DEMO DATA — NOT OFFICIAL GOVERNMENT RECORDS
TAX-1866,P1866,ASSESS-1866,Anjali Jain 4,145.45,625.43,PARTIALLY_PAID,2025-26,Commercial,SYNTHETIC DEMO DATA — NOT OFFICIAL GOVERNMENT RECORDS
TAX-1867,P1867,ASSESS-1867,Vikram Mehta 4,192.67,828.48,PENDING,2025-26,Industrial,SYNTHETIC DEMO DATA — NOT OFFICIAL GOVERNMENT RECORDS
TAX-1868,P1868,ASSESS-1868,Kavita Joshi 4,239.52,1029.94,OVERDUE,2025-26,Agricultural,SYNTHETIC DEMO DATA — NOT OFFICIAL GOVERNMENT RECORDS
TAX-1869,P1869,ASSESS-1869,Manoj Gupta 4,286.15,1230.44,PAID,2025-26,Institutional,SYNTHETIC DEMO DATA — NOT OFFICIAL GOVERNMENT RECORDS
TAX-1870,P1870,ASSESS-1870,Ritu Mishra 4,333.09,1432.29,PARTIALLY_PAID,2025-26,Mixed Use,SYNTHETIC DEMO DATA — NOT OFFICIAL GOVERNMENT RECORDS
TAX-1871,P1871,ASSESS-1871,Arjun Malviya 4,380.62,1636.67,PENDING,2025-26,Vacant Land,SYNTHETIC DEMO DATA — NOT OFFICIAL GOVERNMENT RECORDS
TAX-1872,P1872,ASSESS-1872,Pooja Thakur 4,427.59,1838.64,OVERDUE,2025-26,Public/Semi-Public,SYNTHETIC DEMO DATA — NOT OFFICIAL GOVERNMENT RECORDS
TAX-1873,P1873,ASSESS-1873,Nitin Saxena 4,474.3,2039.49,PAID,2025-26,Residential,SYNTHETIC DEMO DATA — NOT OFFICIAL GOVERNMENT RECORDS
TAX-1874,P1874,ASSESS-1874,Meera Chouhan 4,521.2,2241.16,PARTIALLY_PAID,2025-26,Commercial,SYNTHETIC DEMO DATA — NOT OFFICIAL GOVERNMENT RECORDS
TAX-1875,P1875,ASSESS-1875,Deepak Tiwari 4,568.6,2444.98,PENDING,2025-26,Industrial,SYNTHETIC DEMO DATA — NOT OFFICIAL GOVERNMENT RECORDS
TAX-1876,P1876,ASSESS-1876,Sunita Rathore 4,615.32,2645.88,OVERDUE,2025-26,Agricultural,SYNTHETIC DEMO DATA — NOT OFFICIAL GOVERNMENT RECORDS
TAX-1877,P1877,ASSESS-1877,Karan Dubey 4,662.67,2849.48,PAID,2025-26,Institutional,SYNTHETIC DEMO DATA — NOT OFFICIAL GOVERNMENT RECORDS
TAX-1878,P1878,ASSESS-1878,Isha Kulkarni 4,709.26,3049.82,PARTIALLY_PAID,2025-26,Mixed Use,SYNTHETIC DEMO DATA — NOT OFFICIAL GOVERNMENT RECORDS
TAX-1879,P1879,ASSESS-1879,Mohan Solanki 4,756.8,3254.24,PENDING,2025-26,Vacant Land,SYNTHETIC DEMO DATA — NOT OFFICIAL GOVERNMENT RECORDS
TAX-1880,P1880,ASSESS-1880,Rekha Bansal 4,803.07,3453.2,OVERDUE,2025-26,Public/Semi-Public,SYNTHETIC DEMO DATA — NOT OFFICIAL GOVERNMENT RECORDS
TAX-1881,P1881,ASSESS-1881,Rahul Sharma 5,850.44,3656.89,PAID,2025-26,Residential,SYNTHETIC DEMO DATA — NOT OFFICIAL GOVERNMENT RECORDS
TAX-1882,P1882,ASSESS-1882,Amit Verma 5,897.94,3861.14,PARTIALLY_PAID,2025-26,Commercial,SYNTHETIC DEMO DATA — NOT OFFICIAL GOVERNMENT RECORDS
TAX-1883,P1883,ASSESS-1883,Neha Patel 5,944.05,4059.41,PENDING,2025-26,Industrial,SYNTHETIC DEMO DATA — NOT OFFICIAL GOVERNMENT RECORDS
TAX-1884,P1884,ASSESS-1884,Priya Singh 5,991.82,4264.83,OVERDUE,2025-26,Agricultural,SYNTHETIC DEMO DATA — NOT OFFICIAL GOVERNMENT RECORDS
TAX-1885,P1885,ASSESS-1885,Suresh Yadav 5,1038.62,4466.07,PAID,2025-26,Institutional,SYNTHETIC DEMO DATA — NOT OFFICIAL GOVERNMENT RECORDS
TAX-1886,P1886,ASSESS-1886,Anjali Jain 5,1085.33,4666.92,PARTIALLY_PAID,2025-26,Mixed Use,SYNTHETIC DEMO DATA — NOT OFFICIAL GOVERNMENT RECORDS
TAX-1887,P1887,ASSESS-1887,Vikram Mehta 5,1132.36,4869.15,PENDING,2025-26,Vacant Land,SYNTHETIC DEMO DATA — NOT OFFICIAL GOVERNMENT RECORDS
TAX-1888,P1888,ASSESS-1888,Kavita Joshi 5,1179.22,5070.65,OVERDUE,2025-26,Public/Semi-Public,SYNTHETIC DEMO DATA — NOT OFFICIAL GOVERNMENT RECORDS
TAX-1889,P1889,ASSESS-1889,Manoj Gupta 5,1226.64,5274.55,PAID,2025-26,Residential,SYNTHETIC DEMO DATA — NOT OFFICIAL GOVERNMENT RECORDS
TAX-1890,P1890,ASSESS-1890,Ritu Mishra 5,1273.21,5474.8,PARTIALLY_PAID,2025-26,Commercial,SYNTHETIC DEMO DATA — NOT OFFICIAL GOVERNMENT RECORDS
TAX-1891,P1891,ASSESS-1891,Arjun Malviya 5,1320.97,5680.17,PENDING,2025-26,Industrial,SYNTHETIC DEMO DATA — NOT OFFICIAL GOVERNMENT RECORDS
TAX-1892,P1892,ASSESS-1892,Pooja Thakur 5,1367.75,5881.32,OVERDUE,2025-26,Agricultural,SYNTHETIC DEMO DATA — NOT OFFICIAL GOVERNMENT RECORDS
TAX-1893,P1893,ASSESS-1893,Nitin Saxena 5,1414.36,6081.75,PAID,2025-26,Institutional,SYNTHETIC DEMO DATA — NOT OFFICIAL GOVERNMENT RECORDS
TAX-1894,P1894,ASSESS-1894,Meera Chouhan 5,1461.65,6285.1,PARTIALLY_PAID,2025-26,Mixed Use,SYNTHETIC DEMO DATA — NOT OFFICIAL GOVERNMENT RECORDS
TAX-1895,P1895,ASSESS-1895,Deepak Tiwari 5,1508.38,6486.03,PENDING,2025-26,Vacant Land,SYNTHETIC DEMO DATA — NOT OFFICIAL GOVERNMENT RECORDS
TAX-1896,P1896,ASSESS-1896,Sunita Rathore 5,105.15,452.14,OVERDUE,2025-26,Public/Semi-Public,SYNTHETIC DEMO DATA — NOT OFFICIAL GOVERNMENT RECORDS
TAX-1897,P1897,ASSESS-1897,Karan Dubey 5,152.5,655.75,PAID,2025-26,Residential,SYNTHETIC DEMO DATA — NOT OFFICIAL GOVERNMENT RECORDS
TAX-1898,P1898,ASSESS-1898,Isha Kulkarni 5,199.05,855.91,PARTIALLY_PAID,2025-26,Commercial,SYNTHETIC DEMO DATA — NOT OFFICIAL GOVERNMENT RECORDS
TAX-1899,P1899,ASSESS-1899,Mohan Solanki 5,246.37,1059.39,PENDING,2025-26,Industrial,SYNTHETIC DEMO DATA — NOT OFFICIAL GOVERNMENT RECORDS
TAX-1900,P1900,ASSESS-1900,Rekha Bansal 5,293.74,1263.08,OVERDUE,2025-26,Agricultural,SYNTHETIC DEMO DATA — NOT OFFICIAL GOVERNMENT RECORDS
TAX-1901,P1901,ASSESS-1901,Rahul Sharma 6,340.72,1465.1,PAID,2025-26,Institutional,SYNTHETIC DEMO DATA — NOT OFFICIAL GOVERNMENT RECORDS
TAX-1902,P1902,ASSESS-1902,Amit Verma 6,387.58,1666.59,PARTIALLY_PAID,2025-26,Mixed Use,SYNTHETIC DEMO DATA — NOT OFFICIAL GOVERNMENT RECORDS
TAX-1903,P1903,ASSESS-1903,Neha Patel 6,434.63,1868.91,PENDING,2025-26,Vacant Land,SYNTHETIC DEMO DATA — NOT OFFICIAL GOVERNMENT RECORDS
TAX-1904,P1904,ASSESS-1904,Priya Singh 6,481.04,2068.47,OVERDUE,2025-26,Public/Semi-Public,SYNTHETIC DEMO DATA — NOT OFFICIAL GOVERNMENT RECORDS
TAX-1905,P1905,ASSESS-1905,Suresh Yadav 6,528.55,2272.76,PAID,2025-26,Residential,SYNTHETIC DEMO DATA — NOT OFFICIAL GOVERNMENT RECORDS
TAX-1906,P1906,ASSESS-1906,Anjali Jain 6,575.17,2473.23,PARTIALLY_PAID,2025-26,Commercial,SYNTHETIC DEMO DATA — NOT OFFICIAL GOVERNMENT RECORDS
TAX-1907,P1907,ASSESS-1907,Vikram Mehta 6,622.93,2678.6,PENDING,2025-26,Industrial,SYNTHETIC DEMO DATA — NOT OFFICIAL GOVERNMENT RECORDS
TAX-1908,P1908,ASSESS-1908,Kavita Joshi 6,669.64,2879.45,OVERDUE,2025-26,Agricultural,SYNTHETIC DEMO DATA — NOT OFFICIAL GOVERNMENT RECORDS
TAX-1909,P1909,ASSESS-1909,Manoj Gupta 6,716.36,3080.35,PAID,2025-26,Institutional,SYNTHETIC DEMO DATA — NOT OFFICIAL GOVERNMENT RECORDS
TAX-1910,P1910,ASSESS-1910,Ritu Mishra 6,763.27,3282.06,PARTIALLY_PAID,2025-26,Mixed Use,SYNTHETIC DEMO DATA — NOT OFFICIAL GOVERNMENT RECORDS
TAX-1911,P1911,ASSESS-1911,Arjun Malviya 6,810.27,3484.16,PENDING,2025-26,Vacant Land,SYNTHETIC DEMO DATA — NOT OFFICIAL GOVERNMENT RECORDS
TAX-1912,P1912,ASSESS-1912,Pooja Thakur 6,857.82,3688.63,OVERDUE,2025-26,Public/Semi-Public,SYNTHETIC DEMO DATA — NOT OFFICIAL GOVERNMENT RECORDS
TAX-1913,P1913,ASSESS-1913,Nitin Saxena 6,904.9,3891.07,PAID,2025-26,Residential,SYNTHETIC DEMO DATA — NOT OFFICIAL GOVERNMENT RECORDS
TAX-1914,P1914,ASSESS-1914,Meera Chouhan 6,951.66,4092.14,PARTIALLY_PAID,2025-26,Commercial,SYNTHETIC DEMO DATA — NOT OFFICIAL GOVERNMENT RECORDS
TAX-1915,P1915,ASSESS-1915,Deepak Tiwari 6,998.8,4294.84,PENDING,2025-26,Industrial,SYNTHETIC DEMO DATA — NOT OFFICIAL GOVERNMENT RECORDS
TAX-1916,P1916,ASSESS-1916,Sunita Rathore 6,1045.8,4496.94,OVERDUE,2025-26,Agricultural,SYNTHETIC DEMO DATA — NOT OFFICIAL GOVERNMENT RECORDS
TAX-1917,P1917,ASSESS-1917,Karan Dubey 6,1092.96,4699.73,PAID,2025-26,Institutional,SYNTHETIC DEMO DATA — NOT OFFICIAL GOVERNMENT RECORDS
TAX-1918,P1918,ASSESS-1918,Isha Kulkarni 6,1139.45,4899.64,PARTIALLY_PAID,2025-26,Mixed Use,SYNTHETIC DEMO DATA — NOT OFFICIAL GOVERNMENT RECORDS
TAX-1919,P1919,ASSESS-1919,Mohan Solanki 6,1186.27,5100.96,PENDING,2025-26,Vacant Land,SYNTHETIC DEMO DATA — NOT OFFICIAL GOVERNMENT RECORDS
TAX-1920,P1920,ASSESS-1920,Rekha Bansal 6,1233.05,5302.11,OVERDUE,2025-26,Public/Semi-Public,SYNTHETIC DEMO DATA — NOT OFFICIAL GOVERNMENT RECORDS
TAX-1921,P1921,ASSESS-1921,Rahul Sharma 7,1280.19,5504.82,PAID,2025-26,Residential,SYNTHETIC DEMO DATA — NOT OFFICIAL GOVERNMENT RECORDS
TAX-1922,P1922,ASSESS-1922,Amit Verma 7,1327.65,5708.9,PARTIALLY_PAID,2025-26,Commercial,SYNTHETIC DEMO DATA — NOT OFFICIAL GOVERNMENT RECORDS
TAX-1923,P1923,ASSESS-1923,Neha Patel 7,1374.08,5908.54,PENDING,2025-26,Industrial,SYNTHETIC DEMO DATA — NOT OFFICIAL GOVERNMENT RECORDS
TAX-1924,P1924,ASSESS-1924,Priya Singh 7,1421.28,6111.5,OVERDUE,2025-26,Agricultural,SYNTHETIC DEMO DATA — NOT OFFICIAL GOVERNMENT RECORDS
TAX-1925,P1925,ASSESS-1925,Suresh Yadav 7,1468.21,6313.3,PAID,2025-26,Institutional,SYNTHETIC DEMO DATA — NOT OFFICIAL GOVERNMENT RECORDS
TAX-1926,P1926,ASSESS-1926,Anjali Jain 7,1515.47,6516.52,PARTIALLY_PAID,2025-26,Mixed Use,SYNTHETIC DEMO DATA — NOT OFFICIAL GOVERNMENT RECORDS
TAX-1927,P1927,ASSESS-1927,Vikram Mehta 7,112.23,482.59,PENDING,2025-26,Vacant Land,SYNTHETIC DEMO DATA — NOT OFFICIAL GOVERNMENT RECORDS
TAX-1928,P1928,ASSESS-1928,Kavita Joshi 7,159.91,687.61,OVERDUE,2025-26,Public/Semi-Public,SYNTHETIC DEMO DATA — NOT OFFICIAL GOVERNMENT RECORDS
TAX-1929,P1929,ASSESS-1929,Manoj Gupta 7,206.8,889.24,PAID,2025-26,Residential,SYNTHETIC DEMO DATA — NOT OFFICIAL GOVERNMENT RECORDS
TAX-1930,P1930,ASSESS-1930,Ritu Mishra 7,253.01,1087.94,PARTIALLY_PAID,2025-26,Commercial,SYNTHETIC DEMO DATA — NOT OFFICIAL GOVERNMENT RECORDS
TAX-1931,P1931,ASSESS-1931,Arjun Malviya 7,300.09,1290.39,PENDING,2025-26,Industrial,SYNTHETIC DEMO DATA — NOT OFFICIAL GOVERNMENT RECORDS
TAX-1932,P1932,ASSESS-1932,Pooja Thakur 7,347.87,1495.84,OVERDUE,2025-26,Agricultural,SYNTHETIC DEMO DATA — NOT OFFICIAL GOVERNMENT RECORDS
TAX-1933,P1933,ASSESS-1933,Nitin Saxena 7,394.65,1696.99,PAID,2025-26,Institutional,SYNTHETIC DEMO DATA — NOT OFFICIAL GOVERNMENT RECORDS
TAX-1934,P1934,ASSESS-1934,Meera Chouhan 7,441.69,1899.27,PARTIALLY_PAID,2025-26,Mixed Use,SYNTHETIC DEMO DATA — NOT OFFICIAL GOVERNMENT RECORDS
TAX-1935,P1935,ASSESS-1935,Deepak Tiwari 7,488.76,2101.67,PENDING,2025-26,Vacant Land,SYNTHETIC DEMO DATA — NOT OFFICIAL GOVERNMENT RECORDS
TAX-1936,P1936,ASSESS-1936,Sunita Rathore 7,535.38,2302.13,OVERDUE,2025-26,Public/Semi-Public,SYNTHETIC DEMO DATA — NOT OFFICIAL GOVERNMENT RECORDS
TAX-1937,P1937,ASSESS-1937,Karan Dubey 7,582.5,2504.75,PAID,2025-26,Residential,SYNTHETIC DEMO DATA — NOT OFFICIAL GOVERNMENT RECORDS
TAX-1938,P1938,ASSESS-1938,Isha Kulkarni 7,629.64,2707.45,PARTIALLY_PAID,2025-26,Commercial,SYNTHETIC DEMO DATA — NOT OFFICIAL GOVERNMENT RECORDS
TAX-1939,P1939,ASSESS-1939,Mohan Solanki 7,676.01,2906.84,PENDING,2025-26,Industrial,SYNTHETIC DEMO DATA — NOT OFFICIAL GOVERNMENT RECORDS
TAX-1940,P1940,ASSESS-1940,Rekha Bansal 7,723.39,3110.58,OVERDUE,2025-26,Agricultural,SYNTHETIC DEMO DATA — NOT OFFICIAL GOVERNMENT RECORDS
