registration_id,property_id,registration_number,registered_owner,registration_date,transaction_type,consideration_value,document_status,parcel_id,survey_number,area_sq_m,source_department,data_type
REG-1001,P1001,REGDOC-1001,Rahul Sharma,2026-09-10,SALE,1136000.0,ACTIVE,P1001,SUR-20000,90.88,Registration,SYNTHETIC DEMO DATA — NOT OFFICIAL GOVERNMENT RECORDS
REG-1002,P1002,REGDOC-1002,Amit Verma,2026-09-09,GIFT,1715625.0,ACTIVE,P1002,SUR-20001,137.25,Registration,SYNTHETIC DEMO DATA — NOT OFFICIAL GOVERNMENT RECORDS
REG-1003,P1003,REGDOC-1003,Neha Patel,2026-09-08,INHERITANCE,2302000.0,ACTIVE,P1003,SUR-20002,184.16,Registration,SYNTHETIC DEMO DATA — NOT OFFICIAL GOVERNMENT RECORDS
REG-1004,P1004,REGDOC-1004,Priya Singh,2026-09-07,LEASE,2896000.0,ACTIVE,P1004,SUR-20003,231.68,Registration,SYNTHETIC DEMO DATA — NOT OFFICIAL GOVERNMENT RECORDS
REG-1005,P1005,REGDOC-1005,Suresh Yadav,2026-09-06,TRANSFER,3484000.0,ACTIVE,P1005,SUR-20004,278.72,Registration,SYNTHETIC DEMO DATA — NOT OFFICIAL GOVERNMENT RECORDS
REG-1006,P1006,REGDOC-1006,Anjali Jain,2026-09-05,SALE,4069625.0,ACTIVE,P1006,SUR-20005,325.57,Registration,SYNTHETIC DEMO DATA — NOT OFFICIAL GOVERNMENT RECORDS
REG-1007,P1007,REGDOC-1007,Vikram Mehta,2026-09-04,GIFT,4660375.0,ACTIVE,P1007,SUR-20006,372.83,Registration,SYNTHETIC DEMO DATA — NOT OFFICIAL GOVERNMENT RECORDS
REG-1008,P1008,REGDOC-1008,Kavita Joshi,2026-09-03,INHERITANCE,5238625.0,ACTIVE,P1008,SUR-20007,419.09,Registration,SYNTHETIC DEMO DATA — NOT OFFICIAL GOVERNMENT RECORDS
REG-1009,P1009,REGDOC-1009,Manoj Gupta,2026-09-02,LEASE,5827375.0,ACTIVE,P1009,SUR-20008,466.19,Registration,SYNTHETIC DEMO DATA — NOT OFFICIAL GOVERNMENT RECORDS
REG-1010,P1010,REGDOC-1010,Ritu Mishra,2026-09-01,TRANSFER,6414125.0,ACTIVE,P1010,SUR-20009,513.13,Registration,SYNTHETIC DEMO DATA — NOT OFFICIAL GOVERNMENT RECORDS
REG-1011,P1011,REGDOC-1011,Arjun Malviya,2026-08-31,SALE,7008625.0,ACTIVE,P1011,SUR-20010,560.69,Registration,SYNTHETIC DEMO DATA — NOT OFFICIAL GOVERNMENT RECORDS
REG-1012,P1012,REGDOC-1012,Pooja Thakur,2026-08-30,GIFT,7597375.0,ACTIVE,P1012,SUR-20011,607.79,Registration,SYNTHETIC DEMO DATA — NOT OFFICIAL GOVERNMENT RECORDS
REG-1013,P1013,REGDOC-1013,Nitin Saxena,2026-08-29,INHERITANCE,8179500.0,ACTIVE,P1013,SUR-20012,654.36,Registration,SYNTHETIC DEMO DATA — NOT OFFICIAL GOVERNMENT RECORDS
REG-1014,P1014,REGDOC-1014,Meera Chouhan,2026-08-28,LEASE,8763625.0,ACTIVE,P1014,SUR-20013,701.09,Registration,SYNTHETIC DEMO DATA — NOT OFFICIAL GOVERNMENT RECORDS
REG-1015,P1015,REGDOC-1015,Deepak Tiwari,2026-08-27,TRANSFER,9359250.0,ACTIVE,P1015,SUR-20014,748.74,Registration,SYNTHETIC DEMO DATA — NOT OFFICIAL GOVERNMENT RECORDS
REG-1016,P1016,REGDOC-1016,Sunita Rathore,2026-08-26,SALE,9940625.0,ACTIVE,P1016,SUR-20015,795.25,Registration,SYNTHETIC DEMO DATA — NOT OFFICIAL GOVERNMENT RECORDS
REG-1017,P1017,REGDOC-1017,Karan Dubey,2026-08-25,GIFT,10526750.0,ACTIVE,P1017,SUR-20016,842.14,Registration,SYNTHETIC DEMO DATA — NOT OFFICIAL GOVERNMENT RECORDS
REG-1018,P1018,REGDOC-1018,Isha Kulkarni,2026-08-24,INHERITANCE,11116000.0,ACTIVE,P1018,SUR-20017,889.28,Registration,SYNTHETIC DEMO DATA — NOT OFFICIAL GOVERNMENT RECORDS
REG-1019,P1019,REGDOC-1019,Mohan Solanki,2026-08-23,LEASE,11702750.0,ACTIVE,P1019,SUR-20018,936.22,Registration,SYNTHETIC DEMO DATA — NOT OFFICIAL GOVERNMENT RECORDS
REG-1020,P1020,REGDOC-1020,Rekha Bansal,2026-08-22,TRANSFER,12293000.0,ACTIVE,P1020,SUR-20019,983.44,Registration,SYNTHETIC DEMO DATA — NOT OFFICIAL GOVERNMENT RECORDS
REG-1021,P1021,REGDOC-1021,Rahul Sharma 2,2026-08-21,SALE,12884875.0,ACTIVE,P1021,SUR-20020,1030.79,Registration,SYNTHETIC DEMO DATA — NOT OFFICIAL GOVERNMENT RECORDS
REG-1022,P1022,REGDOC-1022,Amit Verma 2,2026-08-20,GIFT,13470875.0,ACTIVE,P1022,SUR-20021,1077.67,Registration,SYNTHETIC DEMO DATA — NOT OFFICIAL GOVERNMENT RECORDS
REG-1023,P1023,REGDOC-1023,Neha Patel 2,2026-08-19,INHERITANCE,14061500.0,ACTIVE,P1023,SUR-20022,1124.92,Registration,SYNTHETIC DEMO DATA — NOT OFFICIAL GOVERNMENT RECORDS
REG-1024,P1024,REGDOC-1024,Priya Singh 2,2026-08-18,LEASE,14645125.0,ACTIVE,P1024,SUR-20023,1171.61,Registration,SYNTHETIC DEMO DATA — NOT OFFICIAL GOVERNMENT RECORDS
REG-1025,P1025,REGDOC-1025,Suresh Yadav 2,2026-08-17,TRANSFER,15232125.0,ACTIVE,P1025,SUR-20024,1218.57,Registration,SYNTHETIC DEMO DATA — NOT OFFICIAL GOVERNMENT RECORDS
REG-1026,P1026,REGDOC-1026,Anjali Jain 2,2026-08-16,SALE,15814625.0,ACTIVE,P1026,SUR-20025,1265.17,Registration,SYNTHETIC DEMO DATA — NOT OFFICIAL GOVERNMENT RECORDS
REG-1027,P1027,REGDOC-1027,Vikram Mehta 2,2026-08-15,GIFT,16408000.0,ACTIVE,P1027,SUR-20026,1312.64,Registration,SYNTHETIC DEMO DATA — NOT OFFICIAL GOVERNMENT RECORDS
REG-1028,P1028,REGDOC-1028,Kavita Joshi 2,2026-08-14,INHERITANCE,16995000.0,ACTIVE,P1028,SUR-20027,1359.6,Registration,SYNTHETIC DEMO DATA — NOT OFFICIAL GOVERNMENT RECORDS
REG-1029,P1029,REGDOC-1029,Manoj Gupta 2,2026-08-13,LEASE,17587250.0,ACTIVE,P1029,SUR-20028,1406.98,Registration,SYNTHETIC DEMO DATA — NOT OFFICIAL GOVERNMENT RECORDS
REG-1030,P1030,REGDOC-1030,Ritu Mishra 2,2026-08-12,TRANSFER,18162625.0,ACTIVE,P1030,SUR-20029,1453.01,Registration,SYNTHETIC DEMO DATA — NOT OFFICIAL GOVERNMENT RECORDS
REG-1031,P1031,REGDOC-1031,Arjun Malviya 2,2026-08-11,SALE,18754750.0,ACTIVE,P1031,SUR-20030,1500.38,Registration,SYNTHETIC DEMO DATA — NOT OFFICIAL GOVERNMENT RECORDS
REG-1032,P1032,REGDOC-1032,Pooja Thakur 2,2026-08-10,GIFT,1220875.0,ACTIVE,P1032,SUR-20031,97.67,Registration,SYNTHETIC DEMO DATA — NOT OFFICIAL GOVERNMENT RECORDS
REG-1033,P1033,REGDOC-1033,Nitin Saxena 2,2026-08-09,INHERITANCE,1803250.0,ACTIVE,P1033,SUR-20032,144.26,Registration,SYNTHETIC DEMO DATA — NOT OFFICIAL GOVERNMENT RECORDS
REG-1034,P1034,REGDOC-1034,Meera Chouhan 2,2026-08-08,LEASE,2399875.0,ACTIVE,P1034,SUR-20033,191.99,Registration,SYNTHETIC DEMO DATA — NOT OFFICIAL GOVERNMENT RECORDS
REG-1035,P1035,REGDOC-1035,Deepak Tiwari 2,2026-08-07,TRANSFER,2977750.0,ACTIVE,P1035,SUR-20034,238.22,Registration,SYNTHETIC DEMO DATA — NOT OFFICIAL GOVERNMENT RECORDS
REG-1036,P1036,REGDOC-1036,Sunita Rathore 2,2026-08-06,SALE,3568250.0,ACTIVE,P1036,SUR-20035,285.46,Registration,SYNTHETIC DEMO DATA — NOT OFFICIAL GOVERNMENT RECORDS
REG-1037,P1037,REGDOC-1037,Karan Dubey 2,2026-08-05,GIFT,4156250.0,ACTIVE,P1037,SUR-20036,332.5,Registration,SYNTHETIC DEMO DATA — NOT OFFICIAL GOVERNMENT RECORDS
REG-1038,P1038,REGDOC-1038,Isha Kulkarni 2,2026-08-04,INHERITANCE,4741625.0,ACTIVE,P1038,SUR-20037,379.33,Registration,SYNTHETIC DEMO DATA — NOT OFFICIAL GOVERNMENT RECORDS
REG-1039,P1039,REGDOC-1039,Mohan Solanki 2,2026-08-03,LEASE,5336750.0,ACTIVE,P1039,SUR-20038,426.94,Registration,SYNTHETIC DEMO DATA — NOT OFFICIAL GOVERNMENT RECORDS
REG-1040,P1040,REGDOC-1040,Rekha Bansal 2,2026-08-02,TRANSFER,5918500.0,ACTIVE,P1040,SUR-20039,473.48,Registration,SYNTHETIC DEMO DATA — NOT OFFICIAL GOVERNMENT RECORDS
REG-1041,P1041,REGDOC-1041,Rahul Sharma 3,2026-08-01,SALE,6508500.0,ACTIVE,P1041,SUR-20040,520.68,Registration,SYNTHETIC DEMO DATA — NOT OFFICIAL GOVERNMENT RECORDS
REG-1042,P1042,REGDOC-1042,Amit Verma 3,2026-07-31,GIFT,7095125.0,ACTIVE,P1042,SUR-20041,567.61,Registration,SYNTHETIC DEMO DATA — NOT OFFICIAL GOVERNMENT RECORDS
REG-1043,P1043,REGDOC-1043,Neha Patel 3,2026-07-30,INHERITANCE,7686000.0,ACTIVE,P1043,SUR-20042,614.88,Registration,SYNTHETIC DEMO DATA — NOT OFFICIAL GOVERNMENT RECORDS
REG-1044,P1044,REGDOC-1044,Priya Singh 3,2026-07-29,LEASE,8273500.0,ACTIVE,P1044,SUR-20043,661.88,Registration,SYNTHETIC DEMO DATA — NOT OFFICIAL GOVERNMENT RECORDS
REG-1045,P1045,REGDOC-1045,Suresh Yadav 3,2026-07-28,TRANSFER,8860125.0,ACTIVE,P1045,SUR-20044,708.81,Registration,SYNTHETIC DEMO DATA — NOT OFFICIAL GOVERNMENT RECORDS
REG-1046,P1046,REGDOC-1046,Anjali Jain 3,2026-07-27,SALE,9445875.0,ACTIVE,P1046,SUR-20045,755.67,Registration,SYNTHETIC DEMO DATA — NOT OFFICIAL GOVERNMENT RECORDS
REG-1047,P1047,REGDOC-1047,Vikram Mehta 3,2026-07-26,GIFT,10025375.0,ACTIVE,P1047,SUR-20046,802.03,Registration,SYNTHETIC DEMO DATA — NOT OFFICIAL GOVERNMENT RECORDS
REG-1048,P1048,REGDOC-1048,Kavita Joshi 3,2026-07-25,INHERITANCE,10622750.0,ACTIVE,P1048,SUR-20047,849.82,Registration,SYNTHETIC DEMO DATA — NOT OFFICIAL GOVERNMENT RECORDS
REG-1049,P1049,REGDOC-1049,Manoj Gupta 3,2026-07-24,LEASE,11209750.0,ACTIVE,P1049,SUR-20048,896.78,Registration,SYNTHETIC DEMO DATA — NOT OFFICIAL GOVERNMENT RECORDS
REG-1050,P1050,REGDOC-1050,Ritu Mishra 3,2026-07-23,TRANSFER,11797000.0,ACTIVE,P1050,SUR-20049,943.76,Registration,SYNTHETIC DEMO DATA — NOT OFFICIAL GOVERNMENT RECORDS
REG-1051,P1051,REGDOC-1051,Arjun Malviya 3,2026-07-22,SALE,12381500.0,ACTIVE,P1051,SUR-20050,990.52,Registration,SYNTHETIC DEMO DATA — NOT OFFICIAL GOVERNMENT RECORDS
REG-1052,P1052,REGDOC-1052,Pooja Thakur 3,2026-07-21,GIFT,12969625.0,ACTIVE,P1052,SUR-20051,1037.57,Registration,SYNTHETIC DEMO DATA — NOT OFFICIAL GOVERNMENT RECORDS
REG-1053,P1053,REGDOC-1053,Nitin Saxena 3,2026-07-20,INHERITANCE,13552875.0,ACTIVE,P1053,SUR-20052,1084.23,Registration,SYNTHETIC DEMO DATA — NOT OFFICIAL GOVERNMENT RECORDS
REG-1054,P1054,REGDOC-1054,Meera Chouhan 3,2026-07-19,LEASE,14147750.0,ACTIVE,P1054,SUR-20053,1131.82,Registration,SYNTHETIC DEMO DATA — NOT OFFICIAL GOVERNMENT RECORDS
REG-1055,P1055,REGDOC-1055,Deepak Tiwari 3,2026-07-18,TRANSFER,14728000.0,ACTIVE,P1055,SUR-20054,1178.24,Registration,SYNTHETIC DEMO DATA — NOT OFFICIAL GOVERNMENT RECORDS
REG-1056,P1056,REGDOC-1056,Sunita Rathore 3,2026-07-17,SALE,15323625.0,ACTIVE,P1056,SUR-20055,1225.89,Registration,SYNTHETIC DEMO DATA — NOT OFFICIAL GOVERNMENT RECORDS
REG-1057,P1057,REGDOC-1057,Karan Dubey 3,2026-07-16,GIFT,15908625.0,ACTIVE,P1057,SUR-20056,1272.69,Registration,SYNTHETIC DEMO DATA — NOT OFFICIAL GOVERNMENT RECORDS
REG-1058,P1058,REGDOC-1058,Isha Kulkarni 3,2026-07-15,INHERITANCE,16493125.0,ACTIVE,P1058,SUR-20057,1319.45,Registration,SYNTHETIC DEMO DATA — NOT OFFICIAL GOVERNMENT RECORDS
REG-1059,P1059,REGDOC-1059,Mohan Solanki 3,2026-07-14,LEASE,17085750.0,ACTIVE,P1059,SUR-20058,1366.86,Registration,SYNTHETIC DEMO DATA — NOT OFFICIAL GOVERNMENT RECORDS
REG-1060,P1060,REGDOC-1060,Rekha Bansal 3,2026-07-13,TRANSFER,17674750.0,ACTIVE,P1060,SUR-20059,1413.98,Registration,SYNTHETIC DEMO DATA — NOT OFFICIAL GOVERNMENT RECORDS
REG-1061,P1061,REGDOC-1061,Rahul Sharma 4,2026-07-12,SALE,18254125.0,ACTIVE,P1061,SUR-20060,1460.33,Registration,SYNTHETIC DEMO DATA — NOT OFFICIAL GOVERNMENT RECORDS
REG-1062,P1062,REGDOC-1062,Amit Verma 4,2026-07-11,GIFT,18840375.0,ACTIVE,P1062,SUR-20061,1507.23,Registration,SYNTHETIC DEMO DATA — NOT OFFICIAL GOVERNMENT RECORDS
REG-1063,P1063,REGDOC-1063,Neha Patel 4,2026-07-10,INHERITANCE,1301750.0,ACTIVE,P1063,SUR-20062,104.14,Registration,SYNTHETIC DEMO DATA — NOT OFFICIAL GOVERNMENT RECORDS
REG-1064,P1064,REGDOC-1064,Priya Singh 4,2026-07-09,LEASE,1896750.0,ACTIVE,P1064,SUR-20063,151.74,Registration,SYNTHETIC DEMO DATA — NOT OFFICIAL GOVERNMENT RECORDS
REG-1065,P1065,REGDOC-1065,Suresh Yadav 4,2026-07-08,TRANSFER,2483750.0,ACTIVE,P1065,SUR-20064,198.7,Registration,SYNTHETIC DEMO DATA — NOT OFFICIAL GOVERNMENT RECORDS
REG-1066,P1066,REGDOC-1066,Anjali Jain 4,2026-07-07,SALE,3066000.0,ACTIVE,P1066,SUR-20065,245.28,Registration,SYNTHETIC DEMO DATA — NOT OFFICIAL GOVERNMENT RECORDS
REG-1067,P1067,REGDOC-1067,Vikram Mehta 4,2026-07-06,GIFT,3650500.0,ACTIVE,P1067,SUR-20066,292.04,Registration,SYNTHETIC DEMO DATA — NOT OFFICIAL GOVERNMENT RECORDS
REG-1068,P1068,REGDOC-1068,Kavita Joshi 4,2026-07-05,INHERITANCE,4240625.0,ACTIVE,P1068,SUR-20067,339.25,Registration,SYNTHETIC DEMO DATA — NOT OFFICIAL GOVERNMENT RECORDS
REG-1069,P1069,REGDOC-1069,Manoj Gupta 4,2026-07-04,LEASE,4829125.0,ACTIVE,P1069,SUR-20068,386.33,Registration,SYNTHETIC DEMO DATA — NOT OFFICIAL GOVERNMENT RECORDS
REG-1070,P1070,REGDOC-1070,Ritu Mishra 4,2026-07-03,TRANSFER,5420375.0,ACTIVE,P1070,SUR-20069,433.63,Registration,SYNTHETIC DEMO DATA — NOT OFFICIAL GOVERNMENT RECORDS
REG-1071,P1071,REGDOC-1071,Arjun Malviya 4,2026-07-02,SALE,6006875.0,ACTIVE,P1071,SUR-20070,480.55,Registration,SYNTHETIC DEMO DATA — NOT OFFICIAL GOVERNMENT RECORDS
REG-1072,P1072,REGDOC-1072,Pooja Thakur 4,2026-07-01,GIFT,6597750.0,ACTIVE,P1072,SUR-20071,527.82,Registration,SYNTHETIC DEMO DATA — NOT OFFICIAL GOVERNMENT RECORDS
REG-1073,P1073,REGDOC-1073,Nitin Saxena 4,2026-06-30,INHERITANCE,7180750.0,ACTIVE,P1073,SUR-20072,574.46,Registration,SYNTHETIC DEMO DATA — NOT OFFICIAL GOVERNMENT RECORDS
REG-1074,P1074,REGDOC-1074,Meera Chouhan 4,2026-06-29,LEASE,7773625.0,ACTIVE,P1074,SUR-20073,621.89,Registration,SYNTHETIC DEMO DATA — NOT OFFICIAL GOVERNMENT RECORDS
REG-1075,P1075,REGDOC-1075,Deepak Tiwari 4,2026-06-28,TRANSFER,8361750.0,ACTIVE,P1075,SUR-20074,668.94,Registration,SYNTHETIC DEMO DATA — NOT OFFICIAL GOVERNMENT RECORDS
REG-1076,P1076,REGDOC-1076,Sunita Rathore 4,2026-06-27,SALE,8939500.0,ACTIVE,P1076,SUR-20075,715.16,Registration,SYNTHETIC DEMO DATA — NOT OFFICIAL GOVERNMENT RECORDS
REG-1077,P1077,REGDOC-1077,Karan Dubey 4,2026-06-26,GIFT,9525750.0,ACTIVE,P1077,SUR-20076,762.06,Registration,SYNTHETIC DEMO DATA — NOT OFFICIAL GOVERNMENT RECORDS
REG-1078,P1078,REGDOC-1078,Isha Kulkarni 4,2026-06-25,INHERITANCE,10118875.0,ACTIVE,P1078,SUR-20077,809.51,Registration,SYNTHETIC DEMO DATA — NOT OFFICIAL GOVERNMENT RECORDS
REG-1079,P1079,REGDOC-1079,Mohan Solanki 4,2026-06-24,LEASE,10706500.0,ACTIVE,P1079,SUR-20078,856.52,Registration,SYNTHETIC DEMO DATA — NOT OFFICIAL GOVERNMENT RECORDS
REG-1080,P1080,REGDOC-1080,Rekha Bansal 4,2026-06-23,TRANSFER,11299250.0,ACTIVE,P1080,SUR-20079,903.94,Registration,SYNTHETIC DEMO DATA — NOT OFFICIAL GOVERNMENT RECORDS
REG-1081,P1081,REGDOC-1081,Rahul Sharma 5,2026-06-22,SALE,11881625.0,ACTIVE,P1081,SUR-20080,950.53,Registration,SYNTHETIC DEMO DATA — NOT OFFICIAL GOVERNMENT RECORDS
REG-1082,P1082,REGDOC-1082,Amit Verma 5,2026-06-21,GIFT,12473625.0,ACTIVE,P1082,SUR-20081,997.89,Registration,SYNTHETIC DEMO DATA — NOT OFFICIAL GOVERNMENT RECORDS
REG-1083,P1083,REGDOC-1083,Neha Patel 5,2026-06-20,INHERITANCE,13050375.0,ACTIVE,P1083,SUR-20082,1044.03,Registration,SYNTHETIC DEMO DATA — NOT OFFICIAL GOVERNMENT RECORDS
REG-1084,P1084,REGDOC-1084,Priya Singh 5,2026-06-19,LEASE,13642125.0,ACTIVE,P1084,SUR-20083,1091.37,Registration,SYNTHETIC DEMO DATA — NOT OFFICIAL GOVERNMENT RECORDS
REG-1085,P1085,REGDOC-1085,Suresh Yadav 5,2026-06-18,TRANSFER,14234000.0,ACTIVE,P1085,SUR-20084,1138.72,Registration,SYNTHETIC DEMO DATA — NOT OFFICIAL GOVERNMENT RECORDS
REG-1086,P1086,REGDOC-1086,Anjali Jain 5,2026-06-17,SALE,14817125.0,ACTIVE,P1086,SUR-20085,1185.37,Registration,SYNTHETIC DEMO DATA — NOT OFFICIAL GOVERNMENT RECORDS
REG-1087,P1087,REGDOC-1087,Vikram Mehta 5,2026-06-16,GIFT,15402750.0,ACTIVE,P1087,SUR-20086,1232.22,Registration,SYNTHETIC DEMO DATA — NOT OFFICIAL GOVERNMENT RECORDS
REG-1088,P1088,REGDOC-1088,Kavita Joshi 5,2026-06-15,INHERITANCE,15998875.0,ACTIVE,P1088,SUR-20087,1279.91,Registration,SYNTHETIC DEMO DATA — NOT OFFICIAL GOVERNMENT RECORDS
REG-1089,P1089,REGDOC-1089,Manoj Gupta 5,2026-06-14,LEASE,16581000.0,ACTIVE,P1089,SUR-20088,1326.48,Registration,SYNTHETIC DEMO DATA — NOT OFFICIAL GOVERNMENT RECORDS
REG-1090,P1090,REGDOC-1090,Ritu Mishra 5,2026-06-13,TRANSFER,17163875.0,ACTIVE,P1090,SUR-20089,1373.11,Registration,SYNTHETIC DEMO DATA — NOT OFFICIAL GOVERNMENT RECORDS
REG-1091,P1091,REGDOC-1091,Arjun Malviya 5,2026-06-12,SALE,17753000.0,ACTIVE,P1091,SUR-20090,1420.24,Registration,SYNTHETIC DEMO DATA — NOT OFFICIAL GOVERNMENT RECORDS
REG-1092,P1092,REGDOC-1092,Pooja Thakur 5,2026-06-11,GIFT,18344875.0,ACTIVE,P1092,SUR-20091,1467.59,Registration,SYNTHETIC DEMO DATA — NOT OFFICIAL GOVERNMENT RECORDS
REG-1093,P1093,REGDOC-1093,Nitin Saxena 5,2026-06-10,INHERITANCE,18929375.0,ACTIVE,P1093,SUR-20092,1514.35,Registration,SYNTHETIC DEMO DATA — NOT OFFICIAL GOVERNMENT RECORDS
REG-1094,P1094,REGDOC-1094,Meera Chouhan 5,2026-06-09,LEASE,1398125.0,ACTIVE,P1094,SUR-20093,111.85,Registration,SYNTHETIC DEMO DATA — NOT OFFICIAL GOVERNMENT RECORDS
REG-1095,P1095,REGDOC-1095,Deepak Tiwari 5,2026-06-08,TRANSFER,1976625.0,ACTIVE,P1095,SUR-20094,158.13,Registration,SYNTHETIC DEMO DATA — NOT OFFICIAL GOVERNMENT RECORDS
REG-1096,P1096,REGDOC-1096,Sunita Rathore 5,2026-06-07,SALE,2570250.0,ACTIVE,P1096,SUR-20095,205.62,Registration,SYNTHETIC DEMO DATA — NOT OFFICIAL GOVERNMENT RECORDS
REG-1097,P1097,REGDOC-1097,Karan Dubey 5,2026-06-06,GIFT,3158250.0,ACTIVE,P1097,SUR-20096,252.66,Registration,SYNTHETIC DEMO DATA — NOT OFFICIAL GOVERNMENT RECORDS
REG-1098,P1098,REGDOC-1098,Isha Kulkarni 5,2026-06-05,INHERITANCE,3747875.0,ACTIVE,P1098,SUR-20097,299.83,Registration,SYNTHETIC DEMO DATA — NOT OFFICIAL GOVERNMENT RECORDS
REG-1099,P1099,REGDOC-1099,Mohan Solanki 5,2026-06-04,LEASE,4330250.0,ACTIVE,P1099,SUR-20098,346.42,Registration,SYNTHETIC DEMO DATA — NOT OFFICIAL GOVERNMENT RECORDS
REG-1100,P1100,REGDOC-1100,Rekha Bansal 5,2026-06-03,TRANSFER,4921750.0,ACTIVE,P1100,SUR-20099,393.74,Registration,SYNTHETIC DEMO DATA — NOT OFFICIAL GOVERNMENT RECORDS
REG-1101,P1101,REGDOC-1101,Rahul Sharma 6,2026-06-02,SALE,5504750.0,ACTIVE,P1101,SUR-20100,440.38,Registration,SYNTHETIC DEMO DATA — NOT OFFICIAL GOVERNMENT RECORDS
REG-1102,P1102,REGDOC-1102,Amit Verma 6,2026-06-01,GIFT,6089750.0,ACTIVE,P1102,SUR-20101,487.18,Registration,SYNTHETIC DEMO DATA — NOT OFFICIAL GOVERNMENT RECORDS
REG-1103,P1103,REGDOC-1103,Neha Patel 6,2026-05-31,INHERITANCE,6675625.0,ACTIVE,P1103,SUR-20102,534.05,Registration,SYNTHETIC DEMO DATA — NOT OFFICIAL GOVERNMENT RECORDS
REG-1104,P1104,REGDOC-1104,Priya Singh 6,2026-05-30,LEASE,7262625.0,ACTIVE,P1104,SUR-20103,581.01,Registration,SYNTHETIC DEMO DATA — NOT OFFICIAL GOVERNMENT RECORDS
REG-1105,P1105,REGDOC-1105,Suresh Yadav 6,2026-05-29,TRANSFER,7855250.0,ACTIVE,P1105,SUR-20104,628.42,Registration,SYNTHETIC DEMO DATA — NOT OFFICIAL GOVERNMENT RECORDS
REG-1106,P1106,REGDOC-1106,Anjali Jain 6,2026-05-28,SALE,8438625.0,ACTIVE,P1106,SUR-20105,675.09,Registration,SYNTHETIC DEMO DATA — NOT OFFICIAL GOVERNMENT RECORDS
REG-1107,P1107,REGDOC-1107,Vikram Mehta 6,2026-05-27,GIFT,9028750.0,ACTIVE,P1107,SUR-20106,722.3,Registration,SYNTHETIC DEMO DATA — NOT OFFICIAL GOVERNMENT RECORDS
REG-1108,P1108,REGDOC-1108,Kavita Joshi 6,2026-05-26,INHERITANCE,9622500.0,ACTIVE,P1108,SUR-20107,769.8,Registration,SYNTHETIC DEMO DATA — NOT OFFICIAL GOVERNMENT RECORDS
REG-1109,P1109,REGDOC-1109,Manoj Gupta 6,2026-05-25,LEASE,10202000.0,ACTIVE,P1109,SUR-20108,816.16,Registration,SYNTHETIC DEMO DATA — NOT OFFICIAL GOVERNMENT RECORDS
REG-1110,P1110,REGDOC-1110,Ritu Mishra 6,2026-05-24,TRANSFER,10791750.0,ACTIVE,P1110,SUR-20109,863.34,Registration,SYNTHETIC DEMO DATA — NOT OFFICIAL GOVERNMENT RECORDS
REG-1111,P1111,REGDOC-1111,Arjun Malviya 6,2026-05-23,SALE,11386000.0,ACTIVE,P1111,SUR-20110,910.88,Registration,SYNTHETIC DEMO DATA — NOT OFFICIAL GOVERNMENT RECORDS
REG-1112,P1112,REGDOC-1112,Pooja Thakur 6,2026-05-22,GIFT,11964500.0,ACTIVE,P1112,SUR-20111,957.16,Registration,SYNTHETIC DEMO DATA — NOT OFFICIAL GOVERNMENT RECORDS
REG-1113,P1113,REGDOC-1113,Nitin Saxena 6,2026-05-21,INHERITANCE,12551375.0,ACTIVE,P1113,SUR-20112,1004.11,Registration,SYNTHETIC DEMO DATA — NOT OFFICIAL GOVERNMENT RECORDS
REG-1114,P1114,REGDOC-1114,Meera Chouhan 6,2026-05-20,LEASE,13141000.0,ACTIVE,P1114,SUR-20113,1051.28,Registration,SYNTHETIC DEMO DATA — NOT OFFICIAL GOVERNMENT RECORDS
REG-1115,P1115,REGDOC-1115,Deepak Tiwari 6,2026-05-19,TRANSFER,13729625.0,ACTIVE,P1115,SUR-20114,1098.37,Registration,SYNTHETIC DEMO DATA — NOT OFFICIAL GOVERNMENT RECORDS
REG-1116,P1116,REGDOC-1116,Sunita Rathore 6,2026-05-18,SALE,14323125.0,ACTIVE,P1116,SUR-20115,1145.85,Registration,SYNTHETIC DEMO DATA — NOT OFFICIAL GOVERNMENT RECORDS
REG-1117,P1117,REGDOC-1117,Karan Dubey 6,2026-05-17,GIFT,14910375.0,ACTIVE,P1117,SUR-20116,1192.83,Registration,SYNTHETIC DEMO DATA — NOT OFFICIAL GOVERNMENT RECORDS
REG-1118,P1118,REGDOC-1118,Isha Kulkarni 6,2026-05-16,INHERITANCE,15499625.0,ACTIVE,P1118,SUR-20117,1239.97,Registration,SYNTHETIC DEMO DATA — NOT OFFICIAL GOVERNMENT RECORDS
REG-1119,P1119,REGDOC-1119,Mohan Solanki 6,2026-05-15,LEASE,16076000.0,ACTIVE,P1119,SUR-20118,1286.08,Registration,SYNTHETIC DEMO DATA — NOT OFFICIAL GOVERNMENT RECORDS
REG-1120,P1120,REGDOC-1120,Rekha Bansal 6,2026-05-14,TRANSFER,16673500.0,ACTIVE,P1120,SUR-20119,1333.88,Registration,SYNTHETIC DEMO DATA — NOT OFFICIAL GOVERNMENT RECORDS
REG-1121,P1121,REGDOC-1121,Rahul Sharma 7,2026-05-13,SALE,17260375.0,ACTIVE,P1121,SUR-20120,1380.83,Registration,SYNTHETIC DEMO DATA — NOT OFFICIAL GOVERNMENT RECORDS
REG-1122,P1122,REGDOC-1122,Amit Verma 7,2026-05-12,GIFT,17841250.0,ACTIVE,P1122,SUR-20121,1427.3,Registration,SYNTHETIC DEMO DATA — NOT OFFICIAL GOVERNMENT RECORDS
REG-1123,P1123,REGDOC-1123,Neha Patel 7,2026-05-11,INHERITANCE,18437125.0,ACTIVE,P1123,SUR-20122,1474.97,Registration,SYNTHETIC DEMO DATA — NOT OFFICIAL GOVERNMENT RECORDS
REG-1124,P1124,REGDOC-1124,Priya Singh 7,2026-05-10,LEASE,19014000.0,ACTIVE,P1124,SUR-20123,1521.12,Registration,SYNTHETIC DEMO DATA — NOT OFFICIAL GOVERNMENT RECORDS
REG-1125,P1125,REGDOC-1125,Suresh Yadav 7,2026-05-09,TRANSFER,1486000.0,ACTIVE,P1125,SUR-20124,118.88,Registration,SYNTHETIC DEMO DATA — NOT OFFICIAL GOVERNMENT RECORDS
REG-1126,P1126,REGDOC-1126,Anjali Jain 7,2026-05-08,SALE,2062500.0,ACTIVE,P1126,SUR-20125,165.0,Registration,SYNTHETIC DEMO DATA — NOT OFFICIAL GOVERNMENT RECORDS
REG-1127,P1127,REGDOC-1127,Vikram Mehta 7,2026-05-07,GIFT,2652875.0,ACTIVE,P1127,SUR-20126,212.23,Registration,SYNTHETIC DEMO DATA — NOT OFFICIAL GOVERNMENT RECORDS
REG-1128,P1128,REGDOC-1128,Kavita Joshi 7,2026-05-06,INHERITANCE,3247750.0,ACTIVE,P1128,SUR-20127,259.82,Registration,SYNTHETIC DEMO DATA — NOT OFFICIAL GOVERNMENT RECORDS
REG-1129,P1129,REGDOC-1129,Manoj Gupta 7,2026-05-05,LEASE,3834750.0,ACTIVE,P1129,SUR-20128,306.78,Registration,SYNTHETIC DEMO DATA — NOT OFFICIAL GOVERNMENT RECORDS
REG-1130,P1130,REGDOC-1130,Ritu Mishra 7,2026-05-04,TRANSFER,4417750.0,ACTIVE,P1130,SUR-20129,353.42,Registration,SYNTHETIC DEMO DATA — NOT OFFICIAL GOVERNMENT RECORDS
REG-1131,P1131,REGDOC-1131,Arjun Malviya 7,2026-05-03,SALE,5010250.0,ACTIVE,P1131,SUR-20130,400.82,Registration,SYNTHETIC DEMO DATA — NOT OFFICIAL GOVERNMENT RECORDS
REG-1132,P1132,REGDOC-1132,Pooja Thakur 7,2026-05-02,GIFT,5594375.0,ACTIVE,P1132,SUR-20131,447.55,Registration,SYNTHETIC DEMO DATA — NOT OFFICIAL GOVERNMENT RECORDS
REG-1133,P1133,REGDOC-1133,Nitin Saxena 7,2026-05-01,INHERITANCE,6175125.0,ACTIVE,P1133,SUR-20132,494.01,Registration,SYNTHETIC DEMO DATA — NOT OFFICIAL GOVERNMENT RECORDS
REG-1134,P1134,REGDOC-1134,Meera Chouhan 7,2026-04-30,LEASE,6771375.0,ACTIVE,P1134,SUR-20133,541.71,Registration,SYNTHETIC DEMO DATA — NOT OFFICIAL GOVERNMENT RECORDS
REG-1135,P1135,REGDOC-1135,Deepak Tiwari 7,2026-04-29,TRANSFER,7355125.0,ACTIVE,P1135,SUR-20134,588.41,Registration,SYNTHETIC DEMO DATA — NOT OFFICIAL GOVERNMENT RECORDS
REG-1136,P1136,REGDOC-1136,Sunita Rathore 7,2026-04-28,SALE,7942750.0,ACTIVE,P1136,SUR-20135,635.42,Registration,SYNTHETIC DEMO DATA — NOT OFFICIAL GOVERNMENT RECORDS
REG-1137,P1137,REGDOC-1137,Karan Dubey 7,2026-04-27,GIFT,8533250.0,ACTIVE,P1137,SUR-20136,682.66,Registration,SYNTHETIC DEMO DATA — NOT OFFICIAL GOVERNMENT RECORDS
REG-1138,P1138,REGDOC-1138,Isha Kulkarni 7,2026-04-26,INHERITANCE,9123750.0,ACTIVE,P1138,SUR-20137,729.9,Registration,SYNTHETIC DEMO DATA — NOT OFFICIAL GOVERNMENT RECORDS
REG-1139,P1139,REGDOC-1139,Mohan Solanki 7,2026-04-25,LEASE,9708125.0,ACTIVE,P1139,SUR-20138,776.65,Registration,SYNTHETIC DEMO DATA — NOT OFFICIAL GOVERNMENT RECORDS
REG-1140,P1140,REGDOC-1140,Rekha Bansal 7,2026-04-24,TRANSFER,10290625.0,ACTIVE,P1140,SUR-20139,823.25,Registration,SYNTHETIC DEMO DATA — NOT OFFICIAL GOVERNMENT RECORDS
REG-1141,P1141,REGDOC-1141,Rahul Sharma 8,2026-04-23,SALE,10876750.0,ACTIVE,P1141,SUR-20140,870.14,Registration,SYNTHETIC DEMO DATA — NOT OFFICIAL GOVERNMENT RECORDS
REG-1142,P1142,REGDOC-1142,Amit Verma 8,2026-04-22,GIFT,11474500.0,ACTIVE,P1142,SUR-20141,917.96,Registration,SYNTHETIC DEMO DATA — NOT OFFICIAL GOVERNMENT RECORDS
REG-1143,P1143,REGDOC-1143,Neha Patel 8,2026-04-21,INHERITANCE,12062250.0,ACTIVE,P1143,SUR-20142,964.98,Registration,SYNTHETIC DEMO DATA — NOT OFFICIAL GOVERNMENT RECORDS
REG-1144,P1144,REGDOC-1144,Priya Singh 8,2026-04-20,LEASE,12641750.0,ACTIVE,P1144,SUR-20143,1011.34,Registration,SYNTHETIC DEMO DATA — NOT OFFICIAL GOVERNMENT RECORDS
REG-1145,P1145,REGDOC-1145,Suresh Yadav 8,2026-04-19,TRANSFER,13236375.0,ACTIVE,P1145,SUR-20144,1058.91,Registration,SYNTHETIC DEMO DATA — NOT OFFICIAL GOVERNMENT RECORDS
REG-1146,P1146,REGDOC-1146,Anjali Jain 8,2026-04-18,SALE,13822625.0,ACTIVE,P1146,SUR-20145,1105.81,Registration,SYNTHETIC DEMO DATA — NOT OFFICIAL GOVERNMENT RECORDS
REG-1147,P1147,REGDOC-1147,Vikram Mehta 8,2026-04-17,GIFT,14401000.0,ACTIVE,P1147,SUR-20146,1152.08,Registration,SYNTHETIC DEMO DATA — NOT OFFICIAL GOVERNMENT RECORDS
REG-1148,P1148,REGDOC-1148,Kavita Joshi 8,2026-04-16,INHERITANCE,14997500.0,ACTIVE,P1148,SUR-20147,1199.8,Registration,SYNTHETIC DEMO DATA — NOT OFFICIAL GOVERNMENT RECORDS
REG-1149,P1149,REGDOC-1149,Manoj Gupta 8,2026-04-15,LEASE,15582000.0,ACTIVE,P1149,SUR-20148,1246.56,Registration,SYNTHETIC DEMO DATA — NOT OFFICIAL GOVERNMENT RECORDS
REG-1150,P1150,REGDOC-1150,Ritu Mishra 8,2026-04-14,TRANSFER,16171875.0,ACTIVE,P1150,SUR-20149,1293.75,Registration,SYNTHETIC DEMO DATA — NOT OFFICIAL GOVERNMENT RECORDS
REG-1151,P1151,REGDOC-1151,Arjun Malviya 8,2026-04-13,SALE,16759375.0,ACTIVE,P1151,SUR-20150,1340.75,Registration,SYNTHETIC DEMO DATA — NOT OFFICIAL GOVERNMENT RECORDS
REG-1152,P1152,REGDOC-1152,Pooja Thakur 8,2026-04-12,GIFT,17349875.0,ACTIVE,P1152,SUR-20151,1387.99,Registration,SYNTHETIC DEMO DATA — NOT OFFICIAL GOVERNMENT RECORDS
REG-1153,P1153,REGDOC-1153,Nitin Saxena 8,2026-04-11,INHERITANCE,17926875.0,ACTIVE,P1153,SUR-20152,1434.15,Registration,SYNTHETIC DEMO DATA — NOT OFFICIAL GOVERNMENT RECORDS
REG-1154,P1154,REGDOC-1154,Meera Chouhan 8,2026-04-10,LEASE,18514375.0,ACTIVE,P1154,SUR-20153,1481.15,Registration,SYNTHETIC DEMO DATA — NOT OFFICIAL GOVERNMENT RECORDS
REG-1155,P1155,REGDOC-1155,Deepak Tiwari 8,2026-04-09,TRANSFER,19105750.0,ACTIVE,P1155,SUR-20154,1528.46,Registration,SYNTHETIC DEMO DATA — NOT OFFICIAL GOVERNMENT RECORDS
REG-1156,P1156,REGDOC-1156,Sunita Rathore 8,2026-04-08,SALE,1571625.0,ACTIVE,P1156,SUR-20155,125.73,Registration,SYNTHETIC DEMO DATA — NOT OFFICIAL GOVERNMENT RECORDS
REG-1157,P1157,REGDOC-1157,Karan Dubey 8,2026-04-07,GIFT,2155125.0,ACTIVE,P1157,SUR-20156,172.41,Registration,SYNTHETIC DEMO DATA — NOT OFFICIAL GOVERNMENT RECORDS
REG-1158,P1158,REGDOC-1158,Isha Kulkarni 8,2026-04-06,INHERITANCE,2744250.0,ACTIVE,P1158,SUR-20157,219.54,Registration,SYNTHETIC DEMO DATA — NOT OFFICIAL GOVERNMENT RECORDS
REG-1159,P1159,REGDOC-1159,Mohan Solanki 8,2026-04-05,LEASE,3333375.0,ACTIVE,P1159,SUR-20158,266.67,Registration,SYNTHETIC DEMO DATA — NOT OFFICIAL GOVERNMENT RECORDS
REG-1160,P1160,REGDOC-1160,Rekha Bansal 8,2026-04-04,TRANSFER,3913000.0,ACTIVE,P1160,SUR-20159,313.04,Registration,SYNTHETIC DEMO DATA — NOT OFFICIAL GOVERNMENT RECORDS
REG-1161,P1161,REGDOC-1161,Rahul Sharma 9,2026-04-03,SALE,4503250.0,ACTIVE,P1161,SUR-20160,360.26,Registration,SYNTHETIC DEMO DATA — NOT OFFICIAL GOVERNMENT RECORDS
REG-1162,P1162,REGDOC-1162,Amit Verma 9,2026-04-02,GIFT,5091625.0,ACTIVE,P1162,SUR-20161,407.33,Registration,SYNTHETIC DEMO DATA — NOT OFFICIAL GOVERNMENT RECORDS
REG-1163,P1163,REGDOC-1163,Neha Patel 9,2026-04-01,INHERITANCE,5683250.0,ACTIVE,P1163,SUR-20162,454.66,Registration,SYNTHETIC DEMO DATA — NOT OFFICIAL GOVERNMENT RECORDS
REG-1164,P1164,REGDOC-1164,Priya Singh 9,2026-03-31,LEASE,6270000.0,ACTIVE,P1164,SUR-20163,501.6,Registration,SYNTHETIC DEMO DATA — NOT OFFICIAL GOVERNMENT RECORDS
REG-1165,P1165,REGDOC-1165,Suresh Yadav 9,2026-03-30,TRANSFER,6854000.0,ACTIVE,P1165,SUR-20164,548.32,Registration,SYNTHETIC DEMO DATA — NOT OFFICIAL GOVERNMENT RECORDS
REG-1166,P1166,REGDOC-1166,Anjali Jain 9,2026-03-29,SALE,7444500.0,ACTIVE,P1166,SUR-20165,595.56,Registration,SYNTHETIC DEMO DATA — NOT OFFICIAL GOVERNMENT RECORDS
REG-1167,P1167,REGDOC-1167,Vikram Mehta 9,2026-03-28,GIFT,8034125.0,ACTIVE,P1167,SUR-20166,642.73,Registration,SYNTHETIC DEMO DATA — NOT OFFICIAL GOVERNMENT RECORDS
REG-1168,P1168,REGDOC-1168,Kavita Joshi 9,2026-03-27,INHERITANCE,8620875.0,ACTIVE,P1168,SUR-20167,689.67,Registration,SYNTHETIC DEMO DATA — NOT OFFICIAL GOVERNMENT RECORDS
REG-1169,P1169,REGDOC-1169,Manoj Gupta 9,2026-03-26,LEASE,9211375.0,ACTIVE,P1169,SUR-20168,736.91,Registration,SYNTHETIC DEMO DATA — NOT OFFICIAL GOVERNMENT RECORDS
REG-1170,P1170,REGDOC-1170,Ritu Mishra 9,2026-03-25,TRANSFER,9794875.0,ACTIVE,P1170,SUR-20169,783.59,Registration,SYNTHETIC DEMO DATA — NOT OFFICIAL GOVERNMENT RECORDS
REG-1171,P1171,REGDOC-1171,Arjun Malviya 9,2026-03-24,SALE,10379750.0,ACTIVE,P1171,SUR-20170,830.38,Registration,SYNTHETIC DEMO DATA — NOT OFFICIAL GOVERNMENT RECORDS
REG-1172,P1172,REGDOC-1172,Pooja Thakur 9,2026-03-23,GIFT,10974125.0,ACTIVE,P1172,SUR-20171,877.93,Registration,SYNTHETIC DEMO DATA — NOT OFFICIAL GOVERNMENT RECORDS
REG-1173,P1173,REGDOC-1173,Nitin Saxena 9,2026-03-22,INHERITANCE,11550750.0,ACTIVE,P1173,SUR-20172,924.06,Registration,SYNTHETIC DEMO DATA — NOT OFFICIAL GOVERNMENT RECORDS
REG-1174,P1174,REGDOC-1174,Meera Chouhan 9,2026-03-21,LEASE,12149125.0,ACTIVE,P1174,SUR-20173,971.93,Registration,SYNTHETIC DEMO DATA — NOT OFFICIAL GOVERNMENT RECORDS
REG-1175,P1175,REGDOC-1175,Deepak Tiwari 9,2026-03-20,TRANSFER,12732875.0,ACTIVE,P1175,SUR-20174,1018.63,Registration,SYNTHETIC DEMO DATA — NOT OFFICIAL GOVERNMENT RECORDS
REG-1176,P1176,REGDOC-1176,Sunita Rathore 9,2026-03-19,SALE,13317875.0,ACTIVE,P1176,SUR-20175,1065.43,Registration,SYNTHETIC DEMO DATA — NOT OFFICIAL GOVERNMENT RECORDS
REG-1177,P1177,REGDOC-1177,Karan Dubey 9,2026-03-18,GIFT,13909875.0,ACTIVE,P1177,SUR-20176,1112.79,Registration,SYNTHETIC DEMO DATA — NOT OFFICIAL GOVERNMENT RECORDS
REG-1178,P1178,REGDOC-1178,Isha Kulkarni 9,2026-03-17,INHERITANCE,14489500.0,ACTIVE,P1178,SUR-20177,1159.16,Registration,SYNTHETIC DEMO DATA — NOT OFFICIAL GOVERNMENT RECORDS
REG-1179,P1179,REGDOC-1179,Mohan Solanki 9,2026-03-16,LEASE,15086125.0,ACTIVE,P1179,SUR-20178,1206.89,Registration,SYNTHETIC DEMO DATA — NOT OFFICIAL GOVERNMENT RECORDS
REG-1180,P1180,REGDOC-1180,Rekha Bansal 9,2026-03-15,TRANSFER,15665875.0,ACTIVE,P1180,SUR-20179,1253.27,Registration,SYNTHETIC DEMO DATA — NOT OFFICIAL GOVERNMENT RECORDS
REG-1181,P1181,REGDOC-1181,Rahul Sharma 10,2026-03-14,SALE,16252875.0,ACTIVE,P1181,SUR-20180,1300.23,Registration,SYNTHETIC DEMO DATA — NOT OFFICIAL GOVERNMENT RECORDS
REG-1182,P1182,REGDOC-1182,Amit Verma 10,2026-03-13,GIFT,16848625.0,ACTIVE,P1182,SUR-20181,1347.89,Registration,SYNTHETIC DEMO DATA — NOT OFFICIAL GOVERNMENT RECORDS
REG-1183,P1183,REGDOC-1183,Neha Patel 10,2026-03-12,INHERITANCE,17430375.0,ACTIVE,P1183,SUR-20182,1394.43,Registration,SYNTHETIC DEMO DATA — NOT OFFICIAL GOVERNMENT RECORDS
REG-1184,P1184,REGDOC-1184,Priya Singh 10,2026-03-11,LEASE,18017125.0,ACTIVE,P1184,SUR-20183,1441.37,Registration,SYNTHETIC DEMO DATA — NOT OFFICIAL GOVERNMENT RECORDS
REG-1185,P1185,REGDOC-1185,Suresh Yadav 10,2026-03-10,TRANSFER,18610000.0,ACTIVE,P1185,SUR-20184,1488.8,Registration,SYNTHETIC DEMO DATA — NOT OFFICIAL GOVERNMENT RECORDS
REG-1186,P1186,REGDOC-1186,Anjali Jain 10,2026-03-09,SALE,19195750.0,ACTIVE,P1186,SUR-20185,1535.66,Registration,SYNTHETIC DEMO DATA — NOT OFFICIAL GOVERNMENT RECORDS
REG-1187,P1187,REGDOC-1187,Vikram Mehta 10,2026-03-08,GIFT,1654625.0,ACTIVE,P1187,SUR-20186,132.37,Registration,SYNTHETIC DEMO DATA — NOT OFFICIAL GOVERNMENT RECORDS
REG-1188,P1188,REGDOC-1188,Kavita Joshi 10,2026-03-07,INHERITANCE,2249500.0,ACTIVE,P1188,SUR-20187,179.96,Registration,SYNTHETIC DEMO DATA — NOT OFFICIAL GOVERNMENT RECORDS
REG-1189,P1189,REGDOC-1189,Manoj Gupta 10,2026-03-06,LEASE,2833375.0,ACTIVE,P1189,SUR-20188,226.67,Registration,SYNTHETIC DEMO DATA — NOT OFFICIAL GOVERNMENT RECORDS
REG-1190,P1190,REGDOC-1190,Ritu Mishra 10,2026-03-05,TRANSFER,3419750.0,ACTIVE,P1190,SUR-20189,273.58,Registration,SYNTHETIC DEMO DATA — NOT OFFICIAL GOVERNMENT RECORDS
REG-1191,P1191,REGDOC-1191,Arjun Malviya 10,2026-03-04,SALE,4005500.0,ACTIVE,P1191,SUR-20190,320.44,Registration,SYNTHETIC DEMO DATA — NOT OFFICIAL GOVERNMENT RECORDS
REG-1192,P1192,REGDOC-1192,Pooja Thakur 10,2026-03-03,GIFT,4591000.0,ACTIVE,P1192,SUR-20191,367.28,Registration,SYNTHETIC DEMO DATA — NOT OFFICIAL GOVERNMENT RECORDS
REG-1193,P1193,REGDOC-1193,Nitin Saxena 10,2026-03-02,INHERITANCE,5186375.0,ACTIVE,P1193,SUR-20192,414.91,Registration,SYNTHETIC DEMO DATA — NOT OFFICIAL GOVERNMENT RECORDS
REG-1194,P1194,REGDOC-1194,Meera Chouhan 10,2026-03-01,LEASE,5772875.0,ACTIVE,P1194,SUR-20193,461.83,Registration,SYNTHETIC DEMO DATA — NOT OFFICIAL GOVERNMENT RECORDS
REG-1195,P1195,REGDOC-1195,Deepak Tiwari 10,2026-02-28,TRANSFER,6354125.0,ACTIVE,P1195,SUR-20194,508.33,Registration,SYNTHETIC DEMO DATA — NOT OFFICIAL GOVERNMENT RECORDS
REG-1196,P1196,REGDOC-1196,Sunita Rathore 10,2026-02-27,SALE,6941000.0,ACTIVE,P1196,SUR-20195,555.28,Registration,SYNTHETIC DEMO DATA — NOT OFFICIAL GOVERNMENT RECORDS
REG-1197,P1197,REGDOC-1197,Karan Dubey 10,2026-02-26,GIFT,7528625.0,ACTIVE,P1197,SUR-20196,602.29,Registration,SYNTHETIC DEMO DATA — NOT OFFICIAL GOVERNMENT RECORDS
REG-1198,P1198,REGDOC-1198,Isha Kulkarni 10,2026-02-25,INHERITANCE,8121750.0,ACTIVE,P1198,SUR-20197,649.74,Registration,SYNTHETIC DEMO DATA — NOT OFFICIAL GOVERNMENT RECORDS
REG-1199,P1199,REGDOC-1199,Mohan Solanki 10,2026-02-24,LEASE,8706750.0,ACTIVE,P1199,SUR-20198,696.54,Registration,SYNTHETIC DEMO DATA — NOT OFFICIAL GOVERNMENT RECORDS
REG-1200,P1200,REGDOC-1200,Rekha Bansal 10,2026-02-23,TRANSFER,9296125.0,ACTIVE,P1200,SUR-20199,743.69,Registration,SYNTHETIC DEMO DATA — NOT OFFICIAL GOVERNMENT RECORDS
REG-1201,P1201,REGDOC-1201,Rahul Sharma,2026-02-22,SALE,9881375.0,ACTIVE,P1201,SUR-20200,790.51,Registration,SYNTHETIC DEMO DATA — NOT OFFICIAL GOVERNMENT RECORDS
REG-1202,P1202,REGDOC-1202,Amit Verma,2026-02-21,GIFT,10463875.0,ACTIVE,P1202,SUR-20201,837.11,Registration,SYNTHETIC DEMO DATA — NOT OFFICIAL GOVERNMENT RECORDS
REG-1203,P1203,REGDOC-1203,Neha Patel,2026-02-20,INHERITANCE,11058625.0,ACTIVE,P1203,SUR-20202,884.69,Registration,SYNTHETIC DEMO DATA — NOT OFFICIAL GOVERNMENT RECORDS
REG-1204,P1204,REGDOC-1204,Priya Singh,2026-02-19,LEASE,11640875.0,ACTIVE,P1204,SUR-20203,931.27,Registration,SYNTHETIC DEMO DATA — NOT OFFICIAL GOVERNMENT RECORDS
REG-1205,P1205,REGDOC-1205,Suresh Yadav,2026-02-18,TRANSFER,12237000.0,ACTIVE,P1205,SUR-20204,978.96,Registration,SYNTHETIC DEMO DATA — NOT OFFICIAL GOVERNMENT RECORDS
REG-1206,P1206,REGDOC-1206,Anjali Jain,2026-02-17,SALE,12814125.0,ACTIVE,P1206,SUR-20205,1025.13,Registration,SYNTHETIC DEMO DATA — NOT OFFICIAL GOVERNMENT RECORDS
REG-1207,P1207,REGDOC-1207,Vikram Mehta,2026-02-16,GIFT,13410875.0,ACTIVE,P1207,SUR-20206,1072.87,Registration,SYNTHETIC DEMO DATA — NOT OFFICIAL GOVERNMENT RECORDS
REG-1208,P1208,REGDOC-1208,Kavita Joshi,2026-02-15,INHERITANCE,13991625.0,ACTIVE,P1208,SUR-20207,1119.33,Registration,SYNTHETIC DEMO DATA — NOT OFFICIAL GOVERNMENT RECORDS
REG-1209,P1209,REGDOC-1209,Manoj Gupta,2026-02-14,LEASE,14575125.0,ACTIVE,P1209,SUR-20208,1166.01,Registration,SYNTHETIC DEMO DATA — NOT OFFICIAL GOVERNMENT RECORDS
REG-1210,P1210,REGDOC-1210,Ritu Mishra,2026-02-13,TRANSFER,15163000.0,ACTIVE,P1210,SUR-20209,1213.04,Registration,SYNTHETIC DEMO DATA — NOT OFFICIAL GOVERNMENT RECORDS
REG-1211,P1211,REGDOC-1211,Arjun Malviya,2026-02-12,SALE,15752375.0,ACTIVE,P1211,SUR-20210,1260.19,Registration,SYNTHETIC DEMO DATA — NOT OFFICIAL GOVERNMENT RECORDS
REG-1212,P1212,REGDOC-1212,Pooja Thakur,2026-02-11,GIFT,16343500.0,ACTIVE,P1212,SUR-20211,1307.48,Registration,SYNTHETIC DEMO DATA — NOT OFFICIAL GOVERNMENT RECORDS
REG-1213,P1213,REGDOC-1213,Nitin Saxena,2026-02-10,INHERITANCE,16936125.0,ACTIVE,P1213,SUR-20212,1354.89,Registration,SYNTHETIC DEMO DATA — NOT OFFICIAL GOVERNMENT RECORDS
REG-1214,P1214,REGDOC-1214,Meera Chouhan,2026-02-09,LEASE,17521125.0,ACTIVE,P1214,SUR-20213,1401.69,Registration,SYNTHETIC DEMO DATA — NOT OFFICIAL GOVERNMENT RECORDS
REG-1215,P1215,REGDOC-1215,Deepak Tiwari,2026-02-08,TRANSFER,18110875.0,ACTIVE,P1215,SUR-20214,1448.87,Registration,SYNTHETIC DEMO DATA — NOT OFFICIAL GOVERNMENT RECORDS
REG-1216,P1216,REGDOC-1216,Sunita Rathore,2026-02-07,SALE,18690250.0,ACTIVE,P1216,SUR-20215,1495.22,Registration,SYNTHETIC DEMO DATA — NOT OFFICIAL GOVERNMENT RECORDS
REG-1217,P1217,REGDOC-1217,Karan Dubey,2026-02-06,GIFT,1161875.0,ACTIVE,P1217,SUR-20216,92.95,Registration,SYNTHETIC DEMO DATA — NOT OFFICIAL GOVERNMENT RECORDS
REG-1218,P1218,REGDOC-1218,Isha Kulkarni,2026-02-05,INHERITANCE,1738625.0,ACTIVE,P1218,SUR-20217,139.09,Registration,SYNTHETIC DEMO DATA — NOT OFFICIAL GOVERNMENT RECORDS
REG-1219,P1219,REGDOC-1219,Mohan Solanki,2026-02-04,LEASE,2329125.0,ACTIVE,P1219,SUR-20218,186.33,Registration,SYNTHETIC DEMO DATA — NOT OFFICIAL GOVERNMENT RECORDS
REG-1220,P1220,REGDOC-1220,Rekha Bansal,2026-02-03,TRANSFER,2924875.0,ACTIVE,P1220,SUR-20219,233.99,Registration,SYNTHETIC DEMO DATA — NOT OFFICIAL GOVERNMENT RECORDS
REG-1221,P1221,REGDOC-1221,Rahul Sharma 2,2026-02-02,SALE,3504375.0,ACTIVE,P1221,SUR-20220,280.35,Registration,SYNTHETIC DEMO DATA — NOT OFFICIAL GOVERNMENT RECORDS
REG-1222,P1222,REGDOC-1222,Amit Verma 2,2026-02-01,GIFT,4095500.0,ACTIVE,P1222,SUR-20221,327.64,Registration,SYNTHETIC DEMO DATA — NOT OFFICIAL GOVERNMENT RECORDS
REG-1223,P1223,REGDOC-1223,Neha Patel 2,2026-01-31,INHERITANCE,4680375.0,ACTIVE,P1223,SUR-20222,374.43,Registration,SYNTHETIC DEMO DATA — NOT OFFICIAL GOVERNMENT RECORDS
REG-1224,P1224,REGDOC-1224,Priya Singh 2,2026-01-30,LEASE,5263375.0,ACTIVE,P1224,SUR-20223,421.07,Registration,SYNTHETIC DEMO DATA — NOT OFFICIAL GOVERNMENT RECORDS
REG-1225,P1225,REGDOC-1225,Suresh Yadav 2,2026-01-29,TRANSFER,5853250.0,ACTIVE,P1225,SUR-20224,468.26,Registration,SYNTHETIC DEMO DATA — NOT OFFICIAL GOVERNMENT RECORDS
REG-1226,P1226,REGDOC-1226,Anjali Jain 2,2026-01-28,SALE,6447625.0,ACTIVE,P1226,SUR-20225,515.81,Registration,SYNTHETIC DEMO DATA — NOT OFFICIAL GOVERNMENT RECORDS
REG-1227,P1227,REGDOC-1227,Vikram Mehta 2,2026-01-27,GIFT,7028250.0,ACTIVE,P1227,SUR-20226,562.26,Registration,SYNTHETIC DEMO DATA — NOT OFFICIAL GOVERNMENT RECORDS
REG-1228,P1228,REGDOC-1228,Kavita Joshi 2,2026-01-26,INHERITANCE,7617625.0,ACTIVE,P1228,SUR-20227,609.41,Registration,SYNTHETIC DEMO DATA — NOT OFFICIAL GOVERNMENT RECORDS
REG-1229,P1229,REGDOC-1229,Manoj Gupta 2,2026-01-25,LEASE,8204750.0,ACTIVE,P1229,SUR-20228,656.38,Registration,SYNTHETIC DEMO DATA — NOT OFFICIAL GOVERNMENT RECORDS
REG-1230,P1230,REGDOC-1230,Ritu Mishra 2,2026-01-24,TRANSFER,8796000.0,ACTIVE,P1230,SUR-20229,703.68,Registration,SYNTHETIC DEMO DATA — NOT OFFICIAL GOVERNMENT RECORDS
REG-1231,P1231,REGDOC-1231,Arjun Malviya 2,2026-01-23,SALE,9384625.0,ACTIVE,P1231,SUR-20230,750.77,Registration,SYNTHETIC DEMO DATA — NOT OFFICIAL GOVERNMENT RECORDS
REG-1232,P1232,REGDOC-1232,Pooja Thakur 2,2026-01-22,GIFT,9963000.0,ACTIVE,P1232,SUR-20231,797.04,Registration,SYNTHETIC DEMO DATA — NOT OFFICIAL GOVERNMENT RECORDS
REG-1233,P1233,REGDOC-1233,Nitin Saxena 2,2026-01-21,INHERITANCE,10555000.0,ACTIVE,P1233,SUR-20232,844.4,Registration,SYNTHETIC DEMO DATA — NOT OFFICIAL GOVERNMENT RECORDS
REG-1234,P1234,REGDOC-1234,Meera Chouhan 2,2026-01-20,LEASE,11141000.0,ACTIVE,P1234,SUR-20233,891.28,Registration,SYNTHETIC DEMO DATA — NOT OFFICIAL GOVERNMENT RECORDS
REG-1235,P1235,REGDOC-1235,Deepak Tiwari 2,2026-01-19,TRANSFER,11737375.0,ACTIVE,P1235,SUR-20234,938.99,Registration,SYNTHETIC DEMO DATA — NOT OFFICIAL GOVERNMENT RECORDS
REG-1236,P1236,REGDOC-1236,Sunita Rathore 2,2026-01-18,SALE,12321125.0,ACTIVE,P1236,SUR-20235,985.69,Registration,SYNTHETIC DEMO DATA — NOT OFFICIAL GOVERNMENT RECORDS
REG-1237,P1237,REGDOC-1237,Karan Dubey 2,2026-01-17,GIFT,12912250.0,ACTIVE,P1237,SUR-20236,1032.98,Registration,SYNTHETIC DEMO DATA — NOT OFFICIAL GOVERNMENT RECORDS
REG-1238,P1238,REGDOC-1238,Isha Kulkarni 2,2026-01-16,INHERITANCE,13493000.0,ACTIVE,P1238,SUR-20237,1079.44,Registration,SYNTHETIC DEMO DATA — NOT OFFICIAL GOVERNMENT RECORDS
REG-1239,P1239,REGDOC-1239,Mohan Solanki 2,2026-01-15,LEASE,14077000.0,ACTIVE,P1239,SUR-20238,1126.16,Registration,SYNTHETIC DEMO DATA — NOT OFFICIAL GOVERNMENT RECORDS
REG-1240,P1240,REGDOC-1240,Rekha Bansal 2,2026-01-14,TRANSFER,14668750.0,ACTIVE,P1240,SUR-20239,1173.5,Registration,SYNTHETIC DEMO DATA — NOT OFFICIAL GOVERNMENT RECORDS
REG-1241,P1241,REGDOC-1241,Rahul Sharma 3,2026-01-13,SALE,15260875.0,ACTIVE,P1241,SUR-20240,1220.87,Registration,SYNTHETIC DEMO DATA — NOT OFFICIAL GOVERNMENT RECORDS
REG-1242,P1242,REGDOC-1242,Amit Verma 3,2026-01-12,GIFT,15847875.0,ACTIVE,P1242,SUR-20241,1267.83,Registration,SYNTHETIC DEMO DATA — NOT OFFICIAL GOVERNMENT RECORDS
REG-1243,P1243,REGDOC-1243,Neha Patel 3,2026-01-11,INHERITANCE,16434375.0,ACTIVE,P1243,SUR-20242,1314.75,Registration,SYNTHETIC DEMO DATA — NOT OFFICIAL GOVERNMENT RECORDS
REG-1244,P1244,REGDOC-1244,Priya Singh 3,2026-01-10,LEASE,17014875.0,ACTIVE,P1244,SUR-20243,1361.19,Registration,SYNTHETIC DEMO DATA — NOT OFFICIAL GOVERNMENT RECORDS
REG-1245,P1245,REGDOC-1245,Suresh Yadav 3,2026-01-09,TRANSFER,17600250.0,ACTIVE,P1245,SUR-20244,1408.02,Registration,SYNTHETIC DEMO DATA — NOT OFFICIAL GOVERNMENT RECORDS
REG-1246,P1246,REGDOC-1246,Anjali Jain 3,2026-01-08,SALE,18199500.0,ACTIVE,P1246,SUR-20245,1455.96,Registration,SYNTHETIC DEMO DATA — NOT OFFICIAL GOVERNMENT RECORDS
REG-1247,P1247,REGDOC-1247,Vikram Mehta 3,2026-01-07,GIFT,18776375.0,ACTIVE,P1247,SUR-20246,1502.11,Registration,SYNTHETIC DEMO DATA — NOT OFFICIAL GOVERNMENT RECORDS
REG-1248,P1248,REGDOC-1248,Kavita Joshi 3,2026-01-06,INHERITANCE,1243500.0,ACTIVE,P1248,SUR-20247,99.48,Registration,SYNTHETIC DEMO DATA — NOT OFFICIAL GOVERNMENT RECORDS
REG-1249,P1249,REGDOC-1249,Manoj Gupta 3,2026-01-05,LEASE,1828625.0,ACTIVE,P1249,SUR-20248,146.29,Registration,SYNTHETIC DEMO DATA — NOT OFFICIAL GOVERNMENT RECORDS
REG-1250,P1250,REGDOC-1250,Ritu Mishra 3,2026-01-04,TRANSFER,2419125.0,ACTIVE,P1250,SUR-20249,193.53,Registration,SYNTHETIC DEMO DATA — NOT OFFICIAL GOVERNMENT RECORDS
REG-1251,P1251,REGDOC-1251,Arjun Malviya 3,2026-01-03,SALE,3007875.0,ACTIVE,P1251,SUR-20250,240.63,Registration,SYNTHETIC DEMO DATA — NOT OFFICIAL GOVERNMENT RECORDS
REG-1252,P1252,REGDOC-1252,Pooja Thakur 3,2026-01-02,GIFT,3594125.0,ACTIVE,P1252,SUR-20251,287.53,Registration,SYNTHETIC DEMO DATA — NOT OFFICIAL GOVERNMENT RECORDS
REG-1253,P1253,REGDOC-1253,Nitin Saxena 3,2026-01-01,INHERITANCE,4183875.0,ACTIVE,P1253,SUR-20252,334.71,Registration,SYNTHETIC DEMO DATA — NOT OFFICIAL GOVERNMENT RECORDS
REG-1254,P1254,REGDOC-1254,Meera Chouhan 3,2025-12-31,LEASE,4767250.0,ACTIVE,P1254,SUR-20253,381.38,Registration,SYNTHETIC DEMO DATA — NOT OFFICIAL GOVERNMENT RECORDS
REG-1255,P1255,REGDOC-1255,Deepak Tiwari 3,2025-12-30,TRANSFER,5359875.0,ACTIVE,P1255,SUR-20254,428.79,Registration,SYNTHETIC DEMO DATA — NOT OFFICIAL GOVERNMENT RECORDS
REG-1256,P1256,REGDOC-1256,Sunita Rathore 3,2025-12-29,SALE,5939875.0,ACTIVE,P1256,SUR-20255,475.19,Registration,SYNTHETIC DEMO DATA — NOT OFFICIAL GOVERNMENT RECORDS
REG-1257,P1257,REGDOC-1257,Karan Dubey 3,2025-12-28,GIFT,6534125.0,ACTIVE,P1257,SUR-20256,522.73,Registration,SYNTHETIC DEMO DATA — NOT OFFICIAL GOVERNMENT RECORDS
REG-1258,P1258,REGDOC-1258,Isha Kulkarni 3,2025-12-27,INHERITANCE,7115750.0,ACTIVE,P1258,SUR-20257,569.26,Registration,SYNTHETIC DEMO DATA — NOT OFFICIAL GOVERNMENT RECORDS
REG-1259,P1259,REGDOC-1259,Mohan Solanki 3,2025-12-26,LEASE,7701250.0,ACTIVE,P1259,SUR-20258,616.1,Registration,SYNTHETIC DEMO DATA — NOT OFFICIAL GOVERNMENT RECORDS
REG-1260,P1260,REGDOC-1260,Rekha Bansal 3,2025-12-25,TRANSFER,8289250.0,ACTIVE,P1260,SUR-20259,663.14,Registration,SYNTHETIC DEMO DATA — NOT OFFICIAL GOVERNMENT RECORDS
REG-1261,P1261,REGDOC-1261,Rahul Sharma 4,2025-12-24,SALE,8879875.0,ACTIVE,P1261,SUR-20260,710.39,Registration,SYNTHETIC DEMO DATA — NOT OFFICIAL GOVERNMENT RECORDS
REG-1262,P1262,REGDOC-1262,Amit Verma 4,2025-12-23,GIFT,9468875.0,ACTIVE,P1262,SUR-20261,757.51,Registration,SYNTHETIC DEMO DATA — NOT OFFICIAL GOVERNMENT RECORDS
REG-1263,P1263,REGDOC-1263,Neha Patel 4,2025-12-22,INHERITANCE,10051500.0,ACTIVE,P1263,SUR-20262,804.12,Registration,SYNTHETIC DEMO DATA — NOT OFFICIAL GOVERNMENT RECORDS
REG-1264,P1264,REGDOC-1264,Priya Singh 4,2025-12-21,LEASE,10644250.0,ACTIVE,P1264,SUR-20263,851.54,Registration,SYNTHETIC DEMO DATA — NOT OFFICIAL GOVERNMENT RECORDS
REG-1265,P1265,REGDOC-1265,Suresh Yadav 4,2025-12-20,TRANSFER,11230750.0,ACTIVE,P1265,SUR-20264,898.46,Registration,SYNTHETIC DEMO DATA — NOT OFFICIAL GOVERNMENT RECORDS
REG-1266,P1266,REGDOC-1266,Anjali Jain 4,2025-12-19,SALE,11824875.0,ACTIVE,P1266,SUR-20265,945.99,Registration,SYNTHETIC DEMO DATA — NOT OFFICIAL GOVERNMENT RECORDS
REG-1267,P1267,REGDOC-1267,Vikram Mehta 4,2025-12-18,GIFT,12400875.0,ACTIVE,P1267,SUR-20266,992.07,Registration,SYNTHETIC DEMO DATA — NOT OFFICIAL GOVERNMENT RECORDS
REG-1268,P1268,REGDOC-1268,Kavita Joshi 4,2025-12-17,INHERITANCE,12998000.0,ACTIVE,P1268,SUR-20267,1039.84,Registration,SYNTHETIC DEMO DATA — NOT OFFICIAL GOVERNMENT RECORDS
REG-1269,P1269,REGDOC-1269,Manoj Gupta 4,2025-12-16,LEASE,13581000.0,ACTIVE,P1269,SUR-20268,1086.48,Registration,SYNTHETIC DEMO DATA — NOT OFFICIAL GOVERNMENT RECORDS
REG-1270,P1270,REGDOC-1270,Ritu Mishra 4,2025-12-15,TRANSFER,14172000.0,ACTIVE,P1270,SUR-20269,1133.76,Registration,SYNTHETIC DEMO DATA — NOT OFFICIAL GOVERNMENT RECORDS
REG-1271,P1271,REGDOC-1271,Arjun Malviya 4,2025-12-14,SALE,14762375.0,ACTIVE,P1271,SUR-20270,1180.99,Registration,SYNTHETIC DEMO DATA — NOT OFFICIAL GOVERNMENT RECORDS
REG-1272,P1272,REGDOC-1272,Pooja Thakur 4,2025-12-13,GIFT,15340750.0,ACTIVE,P1272,SUR-20271,1227.26,Registration,SYNTHETIC DEMO DATA — NOT OFFICIAL GOVERNMENT RECORDS
REG-1273,P1273,REGDOC-1273,Nitin Saxena 4,2025-12-12,INHERITANCE,15932500.0,ACTIVE,P1273,SUR-20272,1274.6,Registration,SYNTHETIC DEMO DATA — NOT OFFICIAL GOVERNMENT RECORDS
REG-1274,P1274,REGDOC-1274,Meera Chouhan 4,2025-12-11,LEASE,16522250.0,ACTIVE,P1274,SUR-20273,1321.78,Registration,SYNTHETIC DEMO DATA — NOT OFFICIAL GOVERNMENT RECORDS
REG-1275,P1275,REGDOC-1275,Deepak Tiwari 4,2025-12-10,TRANSFER,17108000.0,ACTIVE,P1275,SUR-20274,1368.64,Registration,SYNTHETIC DEMO DATA — NOT OFFICIAL GOVERNMENT RECORDS
REG-1276,P1276,REGDOC-1276,Sunita Rathore 4,2025-12-09,SALE,17689500.0,ACTIVE,P1276,SUR-20275,1415.16,Registration,SYNTHETIC DEMO DATA — NOT OFFICIAL GOVERNMENT RECORDS
REG-1277,P1277,REGDOC-1277,Karan Dubey 4,2025-12-08,GIFT,18286125.0,ACTIVE,P1277,SUR-20276,1462.89,Registration,SYNTHETIC DEMO DATA — NOT OFFICIAL GOVERNMENT RECORDS
REG-1278,P1278,REGDOC-1278,Isha Kulkarni 4,2025-12-07,INHERITANCE,18865750.0,ACTIVE,P1278,SUR-20277,1509.26,Registration,SYNTHETIC DEMO DATA — NOT OFFICIAL GOVERNMENT RECORDS
REG-1279,P1279,REGDOC-1279,Mohan Solanki 4,2025-12-06,LEASE,1329250.0,ACTIVE,P1279,SUR-20278,106.34,Registration,SYNTHETIC DEMO DATA — NOT OFFICIAL GOVERNMENT RECORDS
REG-1280,P1280,REGDOC-1280,Rekha Bansal 4,2025-12-05,TRANSFER,1917250.0,ACTIVE,P1280,SUR-20279,153.38,Registration,SYNTHETIC DEMO DATA — NOT OFFICIAL GOVERNMENT RECORDS
REG-1281,P1281,REGDOC-1281,Rahul Sharma 5,2025-12-04,SALE,2502000.0,ACTIVE,P1281,SUR-20280,200.16,Registration,SYNTHETIC DEMO DATA — NOT OFFICIAL GOVERNMENT RECORDS
REG-1282,P1282,REGDOC-1282,Amit Verma 5,2025-12-03,GIFT,3099250.0,ACTIVE,P1282,SUR-20281,247.94,Registration,SYNTHETIC DEMO DATA — NOT OFFICIAL GOVERNMENT RECORDS
REG-1283,P1283,REGDOC-1283,Neha Patel 5,2025-12-02,INHERITANCE,3681125.0,ACTIVE,P1283,SUR-20282,294.49,Registration,SYNTHETIC DEMO DATA — NOT OFFICIAL GOVERNMENT RECORDS
REG-1284,P1284,REGDOC-1284,Priya Singh 5,2025-12-01,LEASE,4263125.0,ACTIVE,P1284,SUR-20283,341.05,Registration,SYNTHETIC DEMO DATA — NOT OFFICIAL GOVERNMENT RECORDS
REG-1285,P1285,REGDOC-1285,Suresh Yadav 5,2025-11-30,TRANSFER,4859750.0,ACTIVE,P1285,SUR-20284,388.78,Registration,SYNTHETIC DEMO DATA — NOT OFFICIAL GOVERNMENT RECORDS
REG-1286,P1286,REGDOC-1286,Anjali Jain 5,2025-11-29,SALE,5446375.0,ACTIVE,P1286,SUR-20285,435.71,Registration,SYNTHETIC DEMO DATA — NOT OFFICIAL GOVERNMENT RECORDS
REG-1287,P1287,REGDOC-1287,Vikram Mehta 5,2025-11-28,GIFT,6027000.0,ACTIVE,P1287,SUR-20286,482.16,Registration,SYNTHETIC DEMO DATA — NOT OFFICIAL GOVERNMENT RECORDS
REG-1288,P1288,REGDOC-1288,Kavita Joshi 5,2025-11-27,INHERITANCE,6620125.0,ACTIVE,P1288,SUR-20287,529.61,Registration,SYNTHETIC DEMO DATA — NOT OFFICIAL GOVERNMENT RECORDS
REG-1289,P1289,REGDOC-1289,Manoj Gupta 5,2025-11-26,LEASE,7200125.0,ACTIVE,P1289,SUR-20288,576.01,Registration,SYNTHETIC DEMO DATA — NOT OFFICIAL GOVERNMENT RECORDS
REG-1290,P1290,REGDOC-1290,Ritu Mishra 5,2025-11-25,TRANSFER,7787750.0,ACTIVE,P1290,SUR-20289,623.02,Registration,SYNTHETIC DEMO DATA — NOT OFFICIAL GOVERNMENT RECORDS
REG-1291,P1291,REGDOC-1291,Arjun Malviya 5,2025-11-24,SALE,8382125.0,ACTIVE,P1291,SUR-20290,670.57,Registration,SYNTHETIC DEMO DATA — NOT OFFICIAL GOVERNMENT RECORDS
REG-1292,P1292,REGDOC-1292,Pooja Thakur 5,2025-11-23,GIFT,8973625.0,ACTIVE,P1292,SUR-20291,717.89,Registration,SYNTHETIC DEMO DATA — NOT OFFICIAL GOVERNMENT RECORDS
REG-1293,P1293,REGDOC-1293,Nitin Saxena 5,2025-11-22,INHERITANCE,9562125.0,ACTIVE,P1293,SUR-20292,764.97,Registration,SYNTHETIC DEMO DATA — NOT OFFICIAL GOVERNMENT RECORDS
REG-1294,P1294,REGDOC-1294,Meera Chouhan 5,2025-11-21,LEASE,10138875.0,ACTIVE,P1294,SUR-20293,811.11,Registration,SYNTHETIC DEMO DATA — NOT OFFICIAL GOVERNMENT RECORDS
REG-1295,P1295,REGDOC-1295,Deepak Tiwari 5,2025-11-20,TRANSFER,10726125.0,ACTIVE,P1295,SUR-20294,858.09,Registration,SYNTHETIC DEMO DATA — NOT OFFICIAL GOVERNMENT RECORDS
REG-1296,P1296,REGDOC-1296,Sunita Rathore 5,2025-11-19,SALE,11313875.0,ACTIVE,P1296,SUR-20295,905.11,Registration,SYNTHETIC DEMO DATA — NOT OFFICIAL GOVERNMENT RECORDS
REG-1297,P1297,REGDOC-1297,Karan Dubey 5,2025-11-18,GIFT,11907875.0,ACTIVE,P1297,SUR-20296,952.63,Registration,SYNTHETIC DEMO DATA — NOT OFFICIAL GOVERNMENT RECORDS
REG-1298,P1298,REGDOC-1298,Isha Kulkarni 5,2025-11-17,INHERITANCE,12489375.0,ACTIVE,P1298,SUR-20297,999.15,Registration,SYNTHETIC DEMO DATA — NOT OFFICIAL GOVERNMENT RECORDS
REG-1299,P1299,REGDOC-1299,Mohan Solanki 5,2025-11-16,LEASE,13079500.0,ACTIVE,P1299,SUR-20298,1046.36,Registration,SYNTHETIC DEMO DATA — NOT OFFICIAL GOVERNMENT RECORDS
REG-1300,P1300,REGDOC-1300,Rekha Bansal 5,2025-11-15,TRANSFER,13671375.0,ACTIVE,P1300,SUR-20299,1093.71,Registration,SYNTHETIC DEMO DATA — NOT OFFICIAL GOVERNMENT RECORDS
REG-1301,P1301,REGDOC-1301,Rahul Sharma 6,2025-11-14,SALE,14251875.0,ACTIVE,P1301,SUR-20300,1140.15,Registration,SYNTHETIC DEMO DATA — NOT OFFICIAL GOVERNMENT RECORDS
REG-1302,P1302,REGDOC-1302,Amit Verma 6,2025-11-13,GIFT,14839375.0,ACTIVE,P1302,SUR-20301,1187.15,Registration,SYNTHETIC DEMO DATA — NOT OFFICIAL GOVERNMENT RECORDS
REG-1303,P1303,REGDOC-1303,Neha Patel 6,2025-11-12,INHERITANCE,15428125.0,ACTIVE,P1303,SUR-20302,1234.25,Registration,SYNTHETIC DEMO DATA — NOT OFFICIAL GOVERNMENT RECORDS
REG-1304,P1304,REGDOC-1304,Priya Singh 6,2025-11-11,LEASE,16025000.0,ACTIVE,P1304,SUR-20303,1282.0,Registration,SYNTHETIC DEMO DATA — NOT OFFICIAL GOVERNMENT RECORDS
REG-1305,P1305,REGDOC-1305,Suresh Yadav 6,2025-11-10,TRANSFER,16601250.0,ACTIVE,P1305,SUR-20304,1328.1,Registration,SYNTHETIC DEMO DATA — NOT OFFICIAL GOVERNMENT RECORDS
REG-1306,P1306,REGDOC-1306,Anjali Jain 6,2025-11-09,SALE,17197750.0,ACTIVE,P1306,SUR-20305,1375.82,Registration,SYNTHETIC DEMO DATA — NOT OFFICIAL GOVERNMENT RECORDS
REG-1307,P1307,REGDOC-1307,Vikram Mehta 6,2025-11-08,GIFT,17780375.0,ACTIVE,P1307,SUR-20306,1422.43,Registration,SYNTHETIC DEMO DATA — NOT OFFICIAL GOVERNMENT RECORDS
REG-1308,P1308,REGDOC-1308,Kavita Joshi 6,2025-11-07,INHERITANCE,18374750.0,ACTIVE,P1308,SUR-20307,1469.98,Registration,SYNTHETIC DEMO DATA — NOT OFFICIAL GOVERNMENT RECORDS
REG-1309,P1309,REGDOC-1309,Manoj Gupta 6,2025-11-06,LEASE,18960625.0,ACTIVE,P1309,SUR-20308,1516.85,Registration,SYNTHETIC DEMO DATA — NOT OFFICIAL GOVERNMENT RECORDS
REG-1310,P1310,REGDOC-1310,Ritu Mishra 6,2025-11-05,TRANSFER,1425000.0,ACTIVE,P1310,SUR-20309,114.0,Registration,SYNTHETIC DEMO DATA — NOT OFFICIAL GOVERNMENT RECORDS
REG-1311,P1311,REGDOC-1311,Arjun Malviya 6,2025-11-04,SALE,2004000.0,ACTIVE,P1311,SUR-20310,160.32,Registration,SYNTHETIC DEMO DATA — NOT OFFICIAL GOVERNMENT RECORDS
REG-1312,P1312,REGDOC-1312,Pooja Thakur 6,2025-11-03,GIFT,2598125.0,ACTIVE,P1312,SUR-20311,207.85,Registration,SYNTHETIC DEMO DATA — NOT OFFICIAL GOVERNMENT RECORDS
REG-1313,P1313,REGDOC-1313,Nitin Saxena 6,2025-11-02,INHERITANCE,3181000.0,ACTIVE,P1313,SUR-20312,254.48,Registration,SYNTHETIC DEMO DATA — NOT OFFICIAL GOVERNMENT RECORDS
REG-1314,P1314,REGDOC-1314,Meera Chouhan 6,2025-11-01,LEASE,3765625.0,ACTIVE,P1314,SUR-20313,301.25,Registration,SYNTHETIC DEMO DATA — NOT OFFICIAL GOVERNMENT RECORDS
REG-1315,P1315,REGDOC-1315,Deepak Tiwari 6,2025-10-31,TRANSFER,4361000.0,ACTIVE,P1315,SUR-20314,348.88,Registration,SYNTHETIC DEMO DATA — NOT OFFICIAL GOVERNMENT RECORDS
REG-1316,P1316,REGDOC-1316,Sunita Rathore 6,2025-10-30,SALE,4944375.0,ACTIVE,P1316,SUR-20315,395.55,Registration,SYNTHETIC DEMO DATA — NOT OFFICIAL GOVERNMENT RECORDS
REG-1317,P1317,REGDOC-1317,Karan Dubey 6,2025-10-29,GIFT,5533375.0,ACTIVE,P1317,SUR-20316,442.67,Registration,SYNTHETIC DEMO DATA — NOT OFFICIAL GOVERNMENT RECORDS
REG-1318,P1318,REGDOC-1318,Isha Kulkarni 6,2025-10-28,INHERITANCE,6115000.0,ACTIVE,P1318,SUR-20317,489.2,Registration,SYNTHETIC DEMO DATA — NOT OFFICIAL GOVERNMENT RECORDS
REG-1319,P1319,REGDOC-1319,Mohan Solanki 6,2025-10-27,LEASE,6707875.0,ACTIVE,P1319,SUR-20318,536.63,Registration,SYNTHETIC DEMO DATA — NOT OFFICIAL GOVERNMENT RECORDS
REG-1320,P1320,REGDOC-1320,Rekha Bansal 6,2025-10-26,TRANSFER,7287750.0,ACTIVE,P1320,SUR-20319,583.02,Registration,SYNTHETIC DEMO DATA — NOT OFFICIAL GOVERNMENT RECORDS
REG-1321,P1321,REGDOC-1321,Rahul Sharma 7,2025-10-25,SALE,7882750.0,ACTIVE,P1321,SUR-20320,630.62,Registration,SYNTHETIC DEMO DATA — NOT OFFICIAL GOVERNMENT RECORDS
REG-1322,P1322,REGDOC-1322,Amit Verma 7,2025-10-24,GIFT,8471875.0,ACTIVE,P1322,SUR-20321,677.75,Registration,SYNTHETIC DEMO DATA — NOT OFFICIAL GOVERNMENT RECORDS
REG-1323,P1323,REGDOC-1323,Neha Patel 7,2025-10-23,INHERITANCE,9052250.0,ACTIVE,P1323,SUR-20322,724.18,Registration,SYNTHETIC DEMO DATA — NOT OFFICIAL GOVERNMENT RECORDS
REG-1324,P1324,REGDOC-1324,Priya Singh 7,2025-10-22,LEASE,9645625.0,ACTIVE,P1324,SUR-20323,771.65,Registration,SYNTHETIC DEMO DATA — NOT OFFICIAL GOVERNMENT RECORDS
REG-1325,P1325,REGDOC-1325,Suresh Yadav 7,2025-10-21,TRANSFER,10237375.0,ACTIVE,P1325,SUR-20324,818.99,Registration,SYNTHETIC DEMO DATA — NOT OFFICIAL GOVERNMENT RECORDS
REG-1326,P1326,REGDOC-1326,Anjali Jain 7,2025-10-20,SALE,10812500.0,ACTIVE,P1326,SUR-20325,865.0,Registration,SYNTHETIC DEMO DATA — NOT OFFICIAL GOVERNMENT RECORDS
REG-1327,P1327,REGDOC-1327,Vikram Mehta 7,2025-10-19,GIFT,11406375.0,ACTIVE,P1327,SUR-20326,912.51,Registration,SYNTHETIC DEMO DATA — NOT OFFICIAL GOVERNMENT RECORDS
REG-1328,P1328,REGDOC-1328,Kavita Joshi 7,2025-10-18,INHERITANCE,11990750.0,ACTIVE,P1328,SUR-20327,959.26,Registration,SYNTHETIC DEMO DATA — NOT OFFICIAL GOVERNMENT RECORDS
REG-1329,P1329,REGDOC-1329,Manoj Gupta 7,2025-10-17,LEASE,12582375.0,ACTIVE,P1329,SUR-20328,1006.59,Registration,SYNTHETIC DEMO DATA — NOT OFFICIAL GOVERNMENT RECORDS
REG-1330,P1330,REGDOC-1330,Ritu Mishra 7,2025-10-16,TRANSFER,13169750.0,ACTIVE,P1330,SUR-20329,1053.58,Registration,SYNTHETIC DEMO DATA — NOT OFFICIAL GOVERNMENT RECORDS
REG-1331,P1331,REGDOC-1331,Arjun Malviya 7,2025-10-15,SALE,13751500.0,ACTIVE,P1331,SUR-20330,1100.12,Registration,SYNTHETIC DEMO DATA — NOT OFFICIAL GOVERNMENT RECORDS
REG-1332,P1332,REGDOC-1332,Pooja Thakur 7,2025-10-14,GIFT,14345750.0,ACTIVE,P1332,SUR-20331,1147.66,Registration,SYNTHETIC DEMO DATA — NOT OFFICIAL GOVERNMENT RECORDS
REG-1333,P1333,REGDOC-1333,Nitin Saxena 7,2025-10-13,INHERITANCE,14925750.0,ACTIVE,P1333,SUR-20332,1194.06,Registration,SYNTHETIC DEMO DATA — NOT OFFICIAL GOVERNMENT RECORDS
REG-1334,P1334,REGDOC-1334,Meera Chouhan 7,2025-10-12,LEASE,15524625.0,ACTIVE,P1334,SUR-20333,1241.97,Registration,SYNTHETIC DEMO DATA — NOT OFFICIAL GOVERNMENT RECORDS
REG-1335,P1335,REGDOC-1335,Deepak Tiwari 7,2025-10-11,TRANSFER,16104000.0,ACTIVE,P1335,SUR-20334,1288.32,Registration,SYNTHETIC DEMO DATA — NOT OFFICIAL GOVERNMENT RECORDS
REG-1336,P1336,REGDOC-1336,Sunita Rathore 7,2025-10-10,SALE,16694625.0,ACTIVE,P1336,SUR-20335,1335.57,Registration,SYNTHETIC DEMO DATA — NOT OFFICIAL GOVERNMENT RECORDS
REG-1337,P1337,REGDOC-1337,Karan Dubey 7,2025-10-09,GIFT,17283875.0,ACTIVE,P1337,SUR-20336,1382.71,Registration,SYNTHETIC DEMO DATA — NOT OFFICIAL GOVERNMENT RECORDS
REG-1338,P1338,REGDOC-1338,Isha Kulkarni 7,2025-10-08,INHERITANCE,17872500.0,ACTIVE,P1338,SUR-20337,1429.8,Registration,SYNTHETIC DEMO DATA — NOT OFFICIAL GOVERNMENT RECORDS
REG-1339,P1339,REGDOC-1339,Mohan Solanki 7,2025-10-07,LEASE,18461500.0,ACTIVE,P1339,SUR-20338,1476.92,Registration,SYNTHETIC DEMO DATA — NOT OFFICIAL GOVERNMENT RECORDS
REG-1340,P1340,REGDOC-1340,Rekha Bansal 7,2025-10-06,TRANSFER,19038125.0,ACTIVE,P1340,SUR-20339,1523.05,Registration,SYNTHETIC DEMO DATA — NOT OFFICIAL GOVERNMENT RECORDS
REG-1341,P1341,REGDOC-1341,Rahul Sharma 8,2025-10-05,SALE,1505375.0,ACTIVE,P1341,SUR-20340,120.43,Registration,SYNTHETIC DEMO DATA — NOT OFFICIAL GOVERNMENT RECORDS
REG-1342,P1342,REGDOC-1342,Amit Verma 8,2025-10-04,GIFT,2095625.0,ACTIVE,P1342,SUR-20341,167.65,Registration,SYNTHETIC DEMO DATA — NOT OFFICIAL GOVERNMENT RECORDS
REG-1343,P1343,REGDOC-1343,Neha Patel 8,2025-10-03,INHERITANCE,2679750.0,ACTIVE,P1343,SUR-20342,214.38,Registration,SYNTHETIC DEMO DATA — NOT OFFICIAL GOVERNMENT RECORDS
REG-1344,P1344,REGDOC-1344,Priya Singh 8,2025-10-02,LEASE,3268000.0,ACTIVE,P1344,SUR-20343,261.44,Registration,SYNTHETIC DEMO DATA — NOT OFFICIAL GOVERNMENT RECORDS
REG-1345,P1345,REGDOC-1345,Suresh Yadav 8,2025-10-01,TRANSFER,3853625.0,ACTIVE,P1345,SUR-20344,308.29,Registration,SYNTHETIC DEMO DATA — NOT OFFICIAL GOVERNMENT RECORDS
REG-1346,P1346,REGDOC-1346,Anjali Jain 8,2025-09-30,SALE,4444125.0,ACTIVE,P1346,SUR-20345,355.53,Registration,SYNTHETIC DEMO DATA — NOT OFFICIAL GOVERNMENT RECORDS
REG-1347,P1347,REGDOC-1347,Vikram Mehta 8,2025-09-29,GIFT,5026750.0,ACTIVE,P1347,SUR-20346,402.14,Registration,SYNTHETIC DEMO DATA — NOT OFFICIAL GOVERNMENT RECORDS
REG-1348,P1348,REGDOC-1348,Kavita Joshi 8,2025-09-28,INHERITANCE,5612875.0,ACTIVE,P1348,SUR-20347,449.03,Registration,SYNTHETIC DEMO DATA — NOT OFFICIAL GOVERNMENT RECORDS
REG-1349,P1349,REGDOC-1349,Manoj Gupta 8,2025-09-27,LEASE,6202250.0,ACTIVE,P1349,SUR-20348,496.18,Registration,SYNTHETIC DEMO DATA — NOT OFFICIAL GOVERNMENT RECORDS
REG-1350,P1350,REGDOC-1350,Ritu Mishra 8,2025-09-26,TRANSFER,6787875.0,ACTIVE,P1350,SUR-20349,543.03,Registration,SYNTHETIC DEMO DATA — NOT OFFICIAL GOVERNMENT RECORDS
REG-1351,P1351,REGDOC-1351,Arjun Malviya 8,2025-09-25,SALE,7376000.0,ACTIVE,P1351,SUR-20350,590.08,Registration,SYNTHETIC DEMO DATA — NOT OFFICIAL GOVERNMENT RECORDS
REG-1352,P1352,REGDOC-1352,Pooja Thakur 8,2025-09-24,GIFT,7969375.0,ACTIVE,P1352,SUR-20351,637.55,Registration,SYNTHETIC DEMO DATA — NOT OFFICIAL GOVERNMENT RECORDS
REG-1353,P1353,REGDOC-1353,Nitin Saxena 8,2025-09-23,INHERITANCE,8562375.0,ACTIVE,P1353,SUR-20352,684.99,Registration,SYNTHETIC DEMO DATA — NOT OFFICIAL GOVERNMENT RECORDS
REG-1354,P1354,REGDOC-1354,Meera Chouhan 8,2025-09-22,LEASE,9143625.0,ACTIVE,P1354,SUR-20353,731.49,Registration,SYNTHETIC DEMO DATA — NOT OFFICIAL GOVERNMENT RECORDS
REG-1355,P1355,REGDOC-1355,Deepak Tiwari 8,2025-09-21,TRANSFER,9732750.0,ACTIVE,P1355,SUR-20354,778.62,Registration,SYNTHETIC DEMO DATA — NOT OFFICIAL GOVERNMENT RECORDS
REG-1356,P1356,REGDOC-1356,Sunita Rathore 8,2025-09-20,SALE,10313625.0,ACTIVE,P1356,SUR-20355,825.09,Registration,SYNTHETIC DEMO DATA — NOT OFFICIAL GOVERNMENT RECORDS
REG-1357,P1357,REGDOC-1357,Karan Dubey 8,2025-09-19,GIFT,10906125.0,ACTIVE,P1357,SUR-20356,872.49,Registration,SYNTHETIC DEMO DATA — NOT OFFICIAL GOVERNMENT RECORDS
REG-1358,P1358,REGDOC-1358,Isha Kulkarni 8,2025-09-18,INHERITANCE,11491125.0,ACTIVE,P1358,SUR-20357,919.29,Registration,SYNTHETIC DEMO DATA — NOT OFFICIAL GOVERNMENT RECORDS
REG-1359,P1359,REGDOC-1359,Mohan Solanki 8,2025-09-17,LEASE,12082625.0,ACTIVE,P1359,SUR-20358,966.61,Registration,SYNTHETIC DEMO DATA — NOT OFFICIAL GOVERNMENT RECORDS
REG-1360,P1360,REGDOC-1360,Rekha Bansal 8,2025-09-16,TRANSFER,12668000.0,ACTIVE,P1360,SUR-20359,1013.44,Registration,SYNTHETIC DEMO DATA — NOT OFFICIAL GOVERNMENT RECORDS
REG-1361,P1361,REGDOC-1361,Rahul Sharma 9,2025-09-15,SALE,13261250.0,ACTIVE,P1361,SUR-20360,1060.9,Registration,SYNTHETIC DEMO DATA — NOT OFFICIAL GOVERNMENT RECORDS
REG-1362,P1362,REGDOC-1362,Amit Verma 9,2025-09-14,GIFT,13839625.0,ACTIVE,P1362,SUR-20361,1107.17,Registration,SYNTHETIC DEMO DATA — NOT OFFICIAL GOVERNMENT RECORDS
REG-1363,P1363,REGDOC-1363,Neha Patel 9,2025-09-13,INHERITANCE,14434875.0,ACTIVE,P1363,SUR-20362,1154.79,Registration,SYNTHETIC DEMO DATA — NOT OFFICIAL GOVERNMENT RECORDS
REG-1364,P1364,REGDOC-1364,Priya Singh 9,2025-09-12,LEASE,15019875.0,ACTIVE,P1364,SUR-20363,1201.59,Registration,SYNTHETIC DEMO DATA — NOT OFFICIAL GOVERNMENT RECORDS
REG-1365,P1365,REGDOC-1365,Suresh Yadav 9,2025-09-11,TRANSFER,15610500.0,ACTIVE,P1365,SUR-20364,1248.84,Registration,SYNTHETIC DEMO DATA — NOT OFFICIAL GOVERNMENT RECORDS
REG-1366,P1366,REGDOC-1366,Anjali Jain 9,2025-09-10,SALE,16198750.0,ACTIVE,P1366,SUR-20365,1295.9,Registration,SYNTHETIC DEMO DATA — NOT OFFICIAL GOVERNMENT RECORDS
REG-1367,P1367,REGDOC-1367,Vikram Mehta 9,2025-09-09,GIFT,16782375.0,ACTIVE,P1367,SUR-20366,1342.59,Registration,SYNTHETIC DEMO DATA — NOT OFFICIAL GOVERNMENT RECORDS
REG-1368,P1368,REGDOC-1368,Kavita Joshi 9,2025-09-08,INHERITANCE,17366500.0,ACTIVE,P1368,SUR-20367,1389.32,Registration,SYNTHETIC DEMO DATA — NOT OFFICIAL GOVERNMENT RECORDS
REG-1369,P1369,REGDOC-1369,Manoj Gupta 9,2025-09-07,LEASE,17957000.0,ACTIVE,P1369,SUR-20368,1436.56,Registration,SYNTHETIC DEMO DATA — NOT OFFICIAL GOVERNMENT RECORDS
REG-1370,P1370,REGDOC-1370,Ritu Mishra 9,2025-09-06,TRANSFER,18544125.0,ACTIVE,P1370,SUR-20369,1483.53,Registration,SYNTHETIC DEMO DATA — NOT OFFICIAL GOVERNMENT RECORDS
REG-1371,P1371,REGDOC-1371,Arjun Malviya 9,2025-09-05,SALE,19130625.0,ACTIVE,P1371,SUR-20370,1530.45,Registration,SYNTHETIC DEMO DATA — NOT OFFICIAL GOVERNMENT RECORDS
REG-1372,P1372,REGDOC-1372,Pooja Thakur 9,2025-09-04,GIFT,1588125.0,ACTIVE,P1372,SUR-20371,127.05,Registration,SYNTHETIC DEMO DATA — NOT OFFICIAL GOVERNMENT RECORDS
REG-1373,P1373,REGDOC-1373,Nitin Saxena 9,2025-09-03,INHERITANCE,2178125.0,ACTIVE,P1373,SUR-20372,174.25,Registration,SYNTHETIC DEMO DATA — NOT OFFICIAL GOVERNMENT RECORDS
REG-1374,P1374,REGDOC-1374,Meera Chouhan 9,2025-09-02,LEASE,2765750.0,ACTIVE,P1374,SUR-20373,221.26,Registration,SYNTHETIC DEMO DATA — NOT OFFICIAL GOVERNMENT RECORDS
REG-1375,P1375,REGDOC-1375,Deepak Tiwari 9,2025-09-01,TRANSFER,3356000.0,ACTIVE,P1375,SUR-20374,268.48,Registration,SYNTHETIC DEMO DATA — NOT OFFICIAL GOVERNMENT RECORDS
REG-1376,P1376,REGDOC-1376,Sunita Rathore 9,2025-08-31,SALE,3943250.0,ACTIVE,P1376,SUR-20375,315.46,Registration,SYNTHETIC DEMO DATA — NOT OFFICIAL GOVERNMENT RECORDS
REG-1377,P1377,REGDOC-1377,Karan Dubey 9,2025-08-30,GIFT,4535625.0,ACTIVE,P1377,SUR-20376,362.85,Registration,SYNTHETIC DEMO DATA — NOT OFFICIAL GOVERNMENT RECORDS
REG-1378,P1378,REGDOC-1378,Isha Kulkarni 9,2025-08-29,INHERITANCE,5120250.0,ACTIVE,P1378,SUR-20377,409.62,Registration,SYNTHETIC DEMO DATA — NOT OFFICIAL GOVERNMENT RECORDS
REG-1379,P1379,REGDOC-1379,Mohan Solanki 9,2025-08-28,LEASE,5702750.0,ACTIVE,P1379,SUR-20378,456.22,Registration,SYNTHETIC DEMO DATA — NOT OFFICIAL GOVERNMENT RECORDS
REG-1380,P1380,REGDOC-1380,Rekha Bansal 9,2025-08-27,TRANSFER,6298375.0,ACTIVE,P1380,SUR-20379,503.87,Registration,SYNTHETIC DEMO DATA — NOT OFFICIAL GOVERNMENT RECORDS
REG-1381,P1381,REGDOC-1381,Rahul Sharma 10,2025-08-26,SALE,6881875.0,ACTIVE,P1381,SUR-20380,550.55,Registration,SYNTHETIC DEMO DATA — NOT OFFICIAL GOVERNMENT RECORDS
REG-1382,P1382,REGDOC-1382,Amit Verma 10,2025-08-25,GIFT,7470750.0,ACTIVE,P1382,SUR-20381,597.66,Registration,SYNTHETIC DEMO DATA — NOT OFFICIAL GOVERNMENT RECORDS
REG-1383,P1383,REGDOC-1383,Neha Patel 10,2025-08-24,INHERITANCE,8053750.0,ACTIVE,P1383,SUR-20382,644.3,Registration,SYNTHETIC DEMO DATA — NOT OFFICIAL GOVERNMENT RECORDS
REG-1384,P1384,REGDOC-1384,Priya Singh 10,2025-08-23,LEASE,8648750.0,ACTIVE,P1384,SUR-20383,691.9,Registration,SYNTHETIC DEMO DATA — NOT OFFICIAL GOVERNMENT RECORDS
REG-1385,P1385,REGDOC-1385,Suresh Yadav 10,2025-08-22,TRANSFER,9230500.0,ACTIVE,P1385,SUR-20384,738.44,Registration,SYNTHETIC DEMO DATA — NOT OFFICIAL GOVERNMENT RECORDS
REG-1386,P1386,REGDOC-1386,Anjali Jain 10,2025-08-21,SALE,9819875.0,ACTIVE,P1386,SUR-20385,785.59,Registration,SYNTHETIC DEMO DATA — NOT OFFICIAL GOVERNMENT RECORDS
REG-1387,P1387,REGDOC-1387,Vikram Mehta 10,2025-08-20,GIFT,10404625.0,ACTIVE,P1387,SUR-20386,832.37,Registration,SYNTHETIC DEMO DATA — NOT OFFICIAL GOVERNMENT RECORDS
REG-1388,P1388,REGDOC-1388,Kavita Joshi 10,2025-08-19,INHERITANCE,10994000.0,ACTIVE,P1388,SUR-20387,879.52,Registration,SYNTHETIC DEMO DATA — NOT OFFICIAL GOVERNMENT RECORDS
REG-1389,P1389,REGDOC-1389,Manoj Gupta 10,2025-08-18,LEASE,11578125.0,ACTIVE,P1389,SUR-20388,926.25,Registration,SYNTHETIC DEMO DATA — NOT OFFICIAL GOVERNMENT RECORDS
REG-1390,P1390,REGDOC-1390,Ritu Mishra 10,2025-08-17,TRANSFER,12170000.0,ACTIVE,P1390,SUR-20389,973.6,Registration,SYNTHETIC DEMO DATA — NOT OFFICIAL GOVERNMENT RECORDS
REG-1391,P1391,REGDOC-1391,Arjun Malviya 10,2025-08-16,SALE,12759125.0,ACTIVE,P1391,SUR-20390,1020.73,Registration,SYNTHETIC DEMO DATA — NOT OFFICIAL GOVERNMENT RECORDS
REG-1392,P1392,REGDOC-1392,Pooja Thakur 10,2025-08-15,GIFT,13339000.0,ACTIVE,P1392,SUR-20391,1067.12,Registration,SYNTHETIC DEMO DATA — NOT OFFICIAL GOVERNMENT RECORDS
REG-1393,P1393,REGDOC-1393,Nitin Saxena 10,2025-08-14,INHERITANCE,13936250.0,ACTIVE,P1393,SUR-20392,1114.9,Registration,SYNTHETIC DEMO DATA — NOT OFFICIAL GOVERNMENT RECORDS
REG-1394,P1394,REGDOC-1394,Meera Chouhan 10,2025-08-13,LEASE,14513875.0,ACTIVE,P1394,SUR-20393,1161.11,Registration,SYNTHETIC DEMO DATA — NOT OFFICIAL GOVERNMENT RECORDS
REG-1395,P1395,REGDOC-1395,Deepak Tiwari 10,2025-08-12,TRANSFER,15112000.0,ACTIVE,P1395,SUR-20394,1208.96,Registration,SYNTHETIC DEMO DATA — NOT OFFICIAL GOVERNMENT RECORDS
REG-1396,P1396,REGDOC-1396,Sunita Rathore 10,2025-08-11,SALE,15690250.0,ACTIVE,P1396,SUR-20395,1255.22,Registration,SYNTHETIC DEMO DATA — NOT OFFICIAL GOVERNMENT RECORDS
REG-1397,P1397,REGDOC-1397,Karan Dubey 10,2025-08-10,GIFT,16282625.0,ACTIVE,P1397,SUR-20396,1302.61,Registration,SYNTHETIC DEMO DATA — NOT OFFICIAL GOVERNMENT RECORDS
REG-1398,P1398,REGDOC-1398,Isha Kulkarni 10,2025-08-09,INHERITANCE,16869250.0,ACTIVE,P1398,SUR-20397,1349.54,Registration,SYNTHETIC DEMO DATA — NOT OFFICIAL GOVERNMENT RECORDS
REG-1399,P1399,REGDOC-1399,Mohan Solanki 10,2025-08-08,LEASE,17451625.0,ACTIVE,P1399,SUR-20398,1396.13,Registration,SYNTHETIC DEMO DATA — NOT OFFICIAL GOVERNMENT RECORDS
REG-1400,P1400,REGDOC-1400,Rekha Bansal 10,2025-08-07,TRANSFER,18038500.0,ACTIVE,P1400,SUR-20399,1443.08,Registration,SYNTHETIC DEMO DATA — NOT OFFICIAL GOVERNMENT RECORDS
REG-1401,P1401,REGDOC-1401,Rahul Sharma,2025-08-06,SALE,18637375.0,ACTIVE,P1401,SUR-20400,1490.99,Registration,SYNTHETIC DEMO DATA — NOT OFFICIAL GOVERNMENT RECORDS
REG-1402,P1402,REGDOC-1402,Amit Verma,2025-08-05,GIFT,19219375.0,ACTIVE,P1402,SUR-20401,1537.55,Registration,SYNTHETIC DEMO DATA — NOT OFFICIAL GOVERNMENT RECORDS
REG-1403,P1403,REGDOC-1403,Neha Patel,2025-08-04,INHERITANCE,1676125.0,ACTIVE,P1403,SUR-20402,134.09,Registration,SYNTHETIC DEMO DATA — NOT OFFICIAL GOVERNMENT RECORDS
REG-1404,P1404,REGDOC-1404,Priya Singh,2025-08-03,LEASE,2269250.0,ACTIVE,P1404,SUR-20403,181.54,Registration,SYNTHETIC DEMO DATA — NOT OFFICIAL GOVERNMENT RECORDS
REG-1405,P1405,REGDOC-1405,Suresh Yadav,2025-08-02,TRANSFER,2857750.0,ACTIVE,P1405,SUR-20404,228.62,Registration,SYNTHETIC DEMO DATA — NOT OFFICIAL GOVERNMENT RECORDS
REG-1406,P1406,REGDOC-1406,Anjali Jain,2025-08-01,SALE,3442375.0,ACTIVE,P1406,SUR-20405,275.39,Registration,SYNTHETIC DEMO DATA — NOT OFFICIAL GOVERNMENT RECORDS
REG-1407,P1407,REGDOC-1407,Vikram Mehta,2025-07-31,GIFT,4028500.0,ACTIVE,P1407,SUR-20406,322.28,Registration,SYNTHETIC DEMO DATA — NOT OFFICIAL GOVERNMENT RECORDS
REG-1408,P1408,REGDOC-1408,Kavita Joshi,2025-07-30,INHERITANCE,4621625.0,ACTIVE,P1408,SUR-20407,369.73,Registration,SYNTHETIC DEMO DATA — NOT OFFICIAL GOVERNMENT RECORDS
REG-1409,P1409,REGDOC-1409,Manoj Gupta,2025-07-29,LEASE,5209625.0,ACTIVE,P1409,SUR-20408,416.77,Registration,SYNTHETIC DEMO DATA — NOT OFFICIAL GOVERNMENT RECORDS
REG-1410,P1410,REGDOC-1410,Ritu Mishra,2025-07-28,TRANSFER,5790875.0,ACTIVE,P1410,SUR-20409,463.27,Registration,SYNTHETIC DEMO DATA — NOT OFFICIAL GOVERNMENT RECORDS
REG-1411,P1411,REGDOC-1411,Arjun Malviya,2025-07-27,SALE,6384500.0,ACTIVE,P1411,SUR-20410,510.76,Registration,SYNTHETIC DEMO DATA — NOT OFFICIAL GOVERNMENT RECORDS
REG-1412,P1412,REGDOC-1412,Pooja Thakur,2025-07-26,GIFT,6970125.0,ACTIVE,P1412,SUR-20411,557.61,Registration,SYNTHETIC DEMO DATA — NOT OFFICIAL GOVERNMENT RECORDS
REG-1413,P1413,REGDOC-1413,Nitin Saxena,2025-07-25,INHERITANCE,7558875.0,ACTIVE,P1413,SUR-20412,604.71,Registration,SYNTHETIC DEMO DATA — NOT OFFICIAL GOVERNMENT RECORDS
REG-1414,P1414,REGDOC-1414,Meera Chouhan,2025-07-24,LEASE,8149125.0,ACTIVE,P1414,SUR-20413,651.93,Registration,SYNTHETIC DEMO DATA — NOT OFFICIAL GOVERNMENT RECORDS
REG-1415,P1415,REGDOC-1415,Deepak Tiwari,2025-07-23,TRANSFER,8734125.0,ACTIVE,P1415,SUR-20414,698.73,Registration,SYNTHETIC DEMO DATA — NOT OFFICIAL GOVERNMENT RECORDS
REG-1416,P1416,REGDOC-1416,Sunita Rathore,2025-07-22,SALE,9316500.0,ACTIVE,P1416,SUR-20415,745.32,Registration,SYNTHETIC DEMO DATA — NOT OFFICIAL GOVERNMENT RECORDS
REG-1417,P1417,REGDOC-1417,Karan Dubey,2025-07-21,GIFT,9907750.0,ACTIVE,P1417,SUR-20416,792.62,Registration,SYNTHETIC DEMO DATA — NOT OFFICIAL GOVERNMENT RECORDS
REG-1418,P1418,REGDOC-1418,Isha Kulkarni,2025-07-20,INHERITANCE,10491250.0,ACTIVE,P1418,SUR-20417,839.3,Registration,SYNTHETIC DEMO DATA — NOT OFFICIAL GOVERNMENT RECORDS
REG-1419,P1419,REGDOC-1419,Mohan Solanki,2025-07-19,LEASE,11080250.0,ACTIVE,P1419,SUR-20418,886.42,Registration,SYNTHETIC DEMO DATA — NOT OFFICIAL GOVERNMENT RECORDS
REG-1420,P1420,REGDOC-1420,Rekha Bansal,2025-07-18,TRANSFER,11662500.0,ACTIVE,P1420,SUR-20419,933.0,Registration,SYNTHETIC DEMO DATA — NOT OFFICIAL GOVERNMENT RECORDS
REG-1421,P1421,REGDOC-1421,Rahul Sharma 2,2025-07-17,SALE,12255875.0,ACTIVE,P1421,SUR-20420,980.47,Registration,SYNTHETIC DEMO DATA — NOT OFFICIAL GOVERNMENT RECORDS
REG-1422,P1422,REGDOC-1422,Amit Verma 2,2025-07-16,GIFT,12848750.0,ACTIVE,P1422,SUR-20421,1027.9,Registration,SYNTHETIC DEMO DATA — NOT OFFICIAL GOVERNMENT RECORDS
REG-1423,P1423,REGDOC-1423,Neha Patel 2,2025-07-15,INHERITANCE,13434750.0,ACTIVE,P1423,SUR-20422,1074.78,Registration,SYNTHETIC DEMO DATA — NOT OFFICIAL GOVERNMENT RECORDS
REG-1424,P1424,REGDOC-1424,Priya Singh 2,2025-07-14,LEASE,14016750.0,ACTIVE,P1424,SUR-20423,1121.34,Registration,SYNTHETIC DEMO DATA — NOT OFFICIAL GOVERNMENT RECORDS
REG-1425,P1425,REGDOC-1425,Suresh Yadav 2,2025-07-13,TRANSFER,14610500.0,ACTIVE,P1425,SUR-20424,1168.84,Registration,SYNTHETIC DEMO DATA — NOT OFFICIAL GOVERNMENT RECORDS
REG-1426,P1426,REGDOC-1426,Anjali Jain 2,2025-07-12,SALE,15198875.0,ACTIVE,P1426,SUR-20425,1215.91,Registration,SYNTHETIC DEMO DATA — NOT OFFICIAL GOVERNMENT RECORDS
REG-1427,P1427,REGDOC-1427,Vikram Mehta 2,2025-07-11,GIFT,15781500.0,ACTIVE,P1427,SUR-20426,1262.52,Registration,SYNTHETIC DEMO DATA — NOT OFFICIAL GOVERNMENT RECORDS
REG-1428,P1428,REGDOC-1428,Kavita Joshi 2,2025-07-10,INHERITANCE,16371000.0,ACTIVE,P1428,SUR-20427,1309.68,Registration,SYNTHETIC DEMO DATA — NOT OFFICIAL GOVERNMENT RECORDS
REG-1429,P1429,REGDOC-1429,Manoj Gupta 2,2025-07-09,LEASE,16954750.0,ACTIVE,P1429,SUR-20428,1356.38,Registration,SYNTHETIC DEMO DATA — NOT OFFICIAL GOVERNMENT RECORDS
REG-1430,P1430,REGDOC-1430,Ritu Mishra 2,2025-07-08,TRANSFER,17549125.0,ACTIVE,P1430,SUR-20429,1403.93,Registration,SYNTHETIC DEMO DATA — NOT OFFICIAL GOVERNMENT RECORDS
REG-1431,P1431,REGDOC-1431,Arjun Malviya 2,2025-07-07,SALE,18129375.0,ACTIVE,P1431,SUR-20430,1450.35,Registration,SYNTHETIC DEMO DATA — NOT OFFICIAL GOVERNMENT RECORDS
REG-1432,P1432,REGDOC-1432,Pooja Thakur 2,2025-07-06,GIFT,18720125.0,ACTIVE,P1432,SUR-20431,1497.61,Registration,SYNTHETIC DEMO DATA — NOT OFFICIAL GOVERNMENT RECORDS
REG-1433,P1433,REGDOC-1433,Nitin Saxena 2,2025-07-05,INHERITANCE,1182625.0,ACTIVE,P1433,SUR-20432,94.61,Registration,SYNTHETIC DEMO DATA — NOT OFFICIAL GOVERNMENT RECORDS
REG-1434,P1434,REGDOC-1434,Meera Chouhan 2,2025-07-04,LEASE,1771000.0,ACTIVE,P1434,SUR-20433,141.68,Registration,SYNTHETIC DEMO DATA — NOT OFFICIAL GOVERNMENT RECORDS
REG-1435,P1435,REGDOC-1435,Deepak Tiwari 2,2025-07-03,TRANSFER,2358625.0,ACTIVE,P1435,SUR-20434,188.69,Registration,SYNTHETIC DEMO DATA — NOT OFFICIAL GOVERNMENT RECORDS
REG-1436,P1436,REGDOC-1436,Sunita Rathore 2,2025-07-02,SALE,2942250.0,ACTIVE,P1436,SUR-20435,235.38,Registration,SYNTHETIC DEMO DATA — NOT OFFICIAL GOVERNMENT RECORDS
REG-1437,P1437,REGDOC-1437,Karan Dubey 2,2025-07-01,GIFT,3532750.0,ACTIVE,P1437,SUR-20436,282.62,Registration,SYNTHETIC DEMO DATA — NOT OFFICIAL GOVERNMENT RECORDS
REG-1438,P1438,REGDOC-1438,Isha Kulkarni 2,2025-06-30,INHERITANCE,4124125.0,ACTIVE,P1438,SUR-20437,329.93,Registration,SYNTHETIC DEMO DATA — NOT OFFICIAL GOVERNMENT RECORDS
REG-1439,P1439,REGDOC-1439,Mohan Solanki 2,2025-06-29,LEASE,4712125.0,ACTIVE,P1439,SUR-20438,376.97,Registration,SYNTHETIC DEMO DATA — NOT OFFICIAL GOVERNMENT RECORDS
REG-1440,P1440,REGDOC-1440,Rekha Bansal 2,2025-06-28,TRANSFER,5293500.0,ACTIVE,P1440,SUR-20439,423.48,Registration,SYNTHETIC DEMO DATA — NOT OFFICIAL GOVERNMENT RECORDS
REG-1441,P1441,REGDOC-1441,Rahul Sharma 3,2025-06-27,SALE,5876625.0,ACTIVE,P1441,SUR-20440,470.13,Registration,SYNTHETIC DEMO DATA — NOT OFFICIAL GOVERNMENT RECORDS
REG-1442,P1442,REGDOC-1442,Amit Verma 3,2025-06-26,GIFT,6464000.0,ACTIVE,P1442,SUR-20441,517.12,Registration,SYNTHETIC DEMO DATA — NOT OFFICIAL GOVERNMENT RECORDS
REG-1443,P1443,REGDOC-1443,Neha Patel 3,2025-06-25,INHERITANCE,7055875.0,ACTIVE,P1443,SUR-20442,564.47,Registration,SYNTHETIC DEMO DATA — NOT OFFICIAL GOVERNMENT RECORDS
REG-1444,P1444,REGDOC-1444,Priya Singh 3,2025-06-24,LEASE,7644375.0,ACTIVE,P1444,SUR-20443,611.55,Registration,SYNTHETIC DEMO DATA — NOT OFFICIAL GOVERNMENT RECORDS
REG-1445,P1445,REGDOC-1445,Suresh Yadav 3,2025-06-23,TRANSFER,8237250.0,ACTIVE,P1445,SUR-20444,658.98,Registration,SYNTHETIC DEMO DATA — NOT OFFICIAL GOVERNMENT RECORDS
REG-1446,P1446,REGDOC-1446,Anjali Jain 3,2025-06-22,SALE,8819375.0,ACTIVE,P1446,SUR-20445,705.55,Registration,SYNTHETIC DEMO DATA — NOT OFFICIAL GOVERNMENT RECORDS
REG-1447,P1447,REGDOC-1447,Vikram Mehta 3,2025-06-21,GIFT,9411375.0,ACTIVE,P1447,SUR-20446,752.91,Registration,SYNTHETIC DEMO DATA — NOT OFFICIAL GOVERNMENT RECORDS
REG-1448,P1448,REGDOC-1448,Kavita Joshi 3,2025-06-20,INHERITANCE,9997875.0,ACTIVE,P1448,SUR-20447,799.83,Registration,SYNTHETIC DEMO DATA — NOT OFFICIAL GOVERNMENT RECORDS
REG-1449,P1449,REGDOC-1449,Manoj Gupta 3,2025-06-19,LEASE,10576375.0,ACTIVE,P1449,SUR-20448,846.11,Registration,SYNTHETIC DEMO DATA — NOT OFFICIAL GOVERNMENT RECORDS
REG-1450,P1450,REGDOC-1450,Ritu Mishra 3,2025-06-18,TRANSFER,11167500.0,ACTIVE,P1450,SUR-20449,893.4,Registration,SYNTHETIC DEMO DATA — NOT OFFICIAL GOVERNMENT RECORDS
REG-1451,P1451,REGDOC-1451,Arjun Malviya 3,2025-06-17,SALE,11752125.0,ACTIVE,P1451,SUR-20450,940.17,Registration,SYNTHETIC DEMO DATA — NOT OFFICIAL GOVERNMENT RECORDS
REG-1452,P1452,REGDOC-1452,Pooja Thakur 3,2025-06-16,GIFT,12343500.0,ACTIVE,P1452,SUR-20451,987.48,Registration,SYNTHETIC DEMO DATA — NOT OFFICIAL GOVERNMENT RECORDS
REG-1453,P1453,REGDOC-1453,Nitin Saxena 3,2025-06-15,INHERITANCE,12933500.0,ACTIVE,P1453,SUR-20452,1034.68,Registration,SYNTHETIC DEMO DATA — NOT OFFICIAL GOVERNMENT RECORDS
REG-1454,P1454,REGDOC-1454,Meera Chouhan 3,2025-06-14,LEASE,13514625.0,ACTIVE,P1454,SUR-20453,1081.17,Registration,SYNTHETIC DEMO DATA — NOT OFFICIAL GOVERNMENT RECORDS
REG-1455,P1455,REGDOC-1455,Deepak Tiwari 3,2025-06-13,TRANSFER,14111000.0,ACTIVE,P1455,SUR-20454,1128.88,Registration,SYNTHETIC DEMO DATA — NOT OFFICIAL GOVERNMENT RECORDS
REG-1456,P1456,REGDOC-1456,Sunita Rathore 3,2025-06-12,SALE,14694625.0,ACTIVE,P1456,SUR-20455,1175.57,Registration,SYNTHETIC DEMO DATA — NOT OFFICIAL GOVERNMENT RECORDS
REG-1457,P1457,REGDOC-1457,Karan Dubey 3,2025-06-11,GIFT,15282625.0,ACTIVE,P1457,SUR-20456,1222.61,Registration,SYNTHETIC DEMO DATA — NOT OFFICIAL GOVERNMENT RECORDS
REG-1458,P1458,REGDOC-1458,Isha Kulkarni 3,2025-06-10,INHERITANCE,15868125.0,ACTIVE,P1458,SUR-20457,1269.45,Registration,SYNTHETIC DEMO DATA — NOT OFFICIAL GOVERNMENT RECORDS
REG-1459,P1459,REGDOC-1459,Mohan Solanki 3,2025-06-09,LEASE,16451250.0,ACTIVE,P1459,SUR-20458,1316.1,Registration,SYNTHETIC DEMO DATA — NOT OFFICIAL GOVERNMENT RECORDS
REG-1460,P1460,REGDOC-1460,Rekha Bansal 3,2025-06-08,TRANSFER,17043375.0,ACTIVE,P1460,SUR-20459,1363.47,Registration,SYNTHETIC DEMO DATA — NOT OFFICIAL GOVERNMENT RECORDS
REG-1461,P1461,REGDOC-1461,Rahul Sharma 4,2025-06-07,SALE,17635375.0,ACTIVE,P1461,SUR-20460,1410.83,Registration,SYNTHETIC DEMO DATA — NOT OFFICIAL GOVERNMENT RECORDS
REG-1462,P1462,REGDOC-1462,Amit Verma 4,2025-06-06,GIFT,18215500.0,ACTIVE,P1462,SUR-20461,1457.24,Registration,SYNTHETIC DEMO DATA — NOT OFFICIAL GOVERNMENT RECORDS
REG-1463,P1463,REGDOC-1463,Neha Patel 4,2025-06-05,INHERITANCE,18807250.0,ACTIVE,P1463,SUR-20462,1504.58,Registration,SYNTHETIC DEMO DATA — NOT OFFICIAL GOVERNMENT RECORDS
REG-1464,P1464,REGDOC-1464,Priya Singh 4,2025-06-04,LEASE,1264375.0,ACTIVE,P1464,SUR-20463,101.15,Registration,SYNTHETIC DEMO DATA — NOT OFFICIAL GOVERNMENT RECORDS
REG-1465,P1465,REGDOC-1465,Suresh Yadav 4,2025-06-03,TRANSFER,1860375.0,ACTIVE,P1465,SUR-20464,148.83,Registration,SYNTHETIC DEMO DATA — NOT OFFICIAL GOVERNMENT RECORDS
REG-1466,P1466,REGDOC-1466,Anjali Jain 4,2025-06-02,SALE,2444125.0,ACTIVE,P1466,SUR-20465,195.53,Registration,SYNTHETIC DEMO DATA — NOT OFFICIAL GOVERNMENT RECORDS
REG-1467,P1467,REGDOC-1467,Vikram Mehta 4,2025-06-01,GIFT,3027000.0,ACTIVE,P1467,SUR-20466,242.16,Registration,SYNTHETIC DEMO DATA — NOT OFFICIAL GOVERNMENT RECORDS
REG-1468,P1468,REGDOC-1468,Kavita Joshi 4,2025-05-31,INHERITANCE,3619500.0,ACTIVE,P1468,SUR-20467,289.56,Registration,SYNTHETIC DEMO DATA — NOT OFFICIAL GOVERNMENT RECORDS
REG-1469,P1469,REGDOC-1469,Manoj Gupta 4,2025-05-30,LEASE,4207750.0,ACTIVE,P1469,SUR-20468,336.62,Registration,SYNTHETIC DEMO DATA — NOT OFFICIAL GOVERNMENT RECORDS
REG-1470,P1470,REGDOC-1470,Ritu Mishra 4,2025-05-29,TRANSFER,4797875.0,ACTIVE,P1470,SUR-20469,383.83,Registration,SYNTHETIC DEMO DATA — NOT OFFICIAL GOVERNMENT RECORDS
REG-1471,P1471,REGDOC-1471,Arjun Malviya 4,2025-05-28,SALE,5379500.0,ACTIVE,P1471,SUR-20470,430.36,Registration,SYNTHETIC DEMO DATA — NOT OFFICIAL GOVERNMENT RECORDS
REG-1472,P1472,REGDOC-1472,Pooja Thakur 4,2025-05-27,GIFT,5968500.0,ACTIVE,P1472,SUR-20471,477.48,Registration,SYNTHETIC DEMO DATA — NOT OFFICIAL GOVERNMENT RECORDS
REG-1473,P1473,REGDOC-1473,Nitin Saxena 4,2025-05-26,INHERITANCE,6551750.0,ACTIVE,P1473,SUR-20472,524.14,Registration,SYNTHETIC DEMO DATA — NOT OFFICIAL GOVERNMENT RECORDS
REG-1474,P1474,REGDOC-1474,Meera Chouhan 4,2025-05-25,LEASE,7146000.0,ACTIVE,P1474,SUR-20473,571.68,Registration,SYNTHETIC DEMO DATA — NOT OFFICIAL GOVERNMENT RECORDS
REG-1475,P1475,REGDOC-1475,Deepak Tiwari 4,2025-05-24,TRANSFER,7727000.0,ACTIVE,P1475,SUR-20474,618.16,Registration,SYNTHETIC DEMO DATA — NOT OFFICIAL GOVERNMENT RECORDS
REG-1476,P1476,REGDOC-1476,Sunita Rathore 4,2025-05-23,SALE,8312500.0,ACTIVE,P1476,SUR-20475,665.0,Registration,SYNTHETIC DEMO DATA — NOT OFFICIAL GOVERNMENT RECORDS
REG-1477,P1477,REGDOC-1477,Karan Dubey 4,2025-05-22,GIFT,8905250.0,ACTIVE,P1477,SUR-20476,712.42,Registration,SYNTHETIC DEMO DATA — NOT OFFICIAL GOVERNMENT RECORDS
REG-1478,P1478,REGDOC-1478,Isha Kulkarni 4,2025-05-21,INHERITANCE,9496250.0,ACTIVE,P1478,SUR-20477,759.7,Registration,SYNTHETIC DEMO DATA — NOT OFFICIAL GOVERNMENT RECORDS
REG-1479,P1479,REGDOC-1479,Mohan Solanki 4,2025-05-20,LEASE,10085625.0,ACTIVE,P1479,SUR-20478,806.85,Registration,SYNTHETIC DEMO DATA — NOT OFFICIAL GOVERNMENT RECORDS
REG-1480,P1480,REGDOC-1480,Rekha Bansal 4,2025-05-19,TRANSFER,10672000.0,ACTIVE,P1480,SUR-20479,853.76,Registration,SYNTHETIC DEMO DATA — NOT OFFICIAL GOVERNMENT RECORDS
REG-1481,P1481,REGDOC-1481,Rahul Sharma 5,2025-05-18,SALE,11253625.0,ACTIVE,P1481,SUR-20480,900.29,Registration,SYNTHETIC DEMO DATA — NOT OFFICIAL GOVERNMENT RECORDS
REG-1482,P1482,REGDOC-1482,Amit Verma 5,2025-05-17,GIFT,11840875.0,ACTIVE,P1482,SUR-20481,947.27,Registration,SYNTHETIC DEMO DATA — NOT OFFICIAL GOVERNMENT RECORDS
REG-1483,P1483,REGDOC-1483,Neha Patel 5,2025-05-16,INHERITANCE,12431000.0,ACTIVE,P1483,SUR-20482,994.48,Registration,SYNTHETIC DEMO DATA — NOT OFFICIAL GOVERNMENT RECORDS
REG-1484,P1484,REGDOC-1484,Priya Singh 5,2025-05-15,LEASE,13020625.0,ACTIVE,P1484,SUR-20483,1041.65,Registration,SYNTHETIC DEMO DATA — NOT OFFICIAL GOVERNMENT RECORDS
REG-1485,P1485,REGDOC-1485,Suresh Yadav 5,2025-05-14,TRANSFER,13602000.0,ACTIVE,P1485,SUR-20484,1088.16,Registration,SYNTHETIC DEMO DATA — NOT OFFICIAL GOVERNMENT RECORDS
REG-1486,P1486,REGDOC-1486,Anjali Jain 5,2025-05-13,SALE,14197375.0,ACTIVE,P1486,SUR-20485,1135.79,Registration,SYNTHETIC DEMO DATA — NOT OFFICIAL GOVERNMENT RECORDS
REG-1487,P1487,REGDOC-1487,Vikram Mehta 5,2025-05-12,GIFT,14779250.0,ACTIVE,P1487,SUR-20486,1182.34,Registration,SYNTHETIC DEMO DATA — NOT OFFICIAL GOVERNMENT RECORDS
REG-1488,P1488,REGDOC-1488,Kavita Joshi 5,2025-05-11,INHERITANCE,15366750.0,ACTIVE,P1488,SUR-20487,1229.34,Registration,SYNTHETIC DEMO DATA — NOT OFFICIAL GOVERNMENT RECORDS
REG-1489,P1489,REGDOC-1489,Manoj Gupta 5,2025-05-10,LEASE,15952625.0,ACTIVE,P1489,SUR-20488,1276.21,Registration,SYNTHETIC DEMO DATA — NOT OFFICIAL GOVERNMENT RECORDS
REG-1490,P1490,REGDOC-1490,Ritu Mishra 5,2025-05-09,TRANSFER,16539375.0,ACTIVE,P1490,SUR-20489,1323.15,Registration,SYNTHETIC DEMO DATA — NOT OFFICIAL GOVERNMENT RECORDS
REG-1491,P1491,REGDOC-1491,Arjun Malviya 5,2025-05-08,SALE,17125500.0,ACTIVE,P1491,SUR-20490,1370.04,Registration,SYNTHETIC DEMO DATA — NOT OFFICIAL GOVERNMENT RECORDS
REG-1492,P1492,REGDOC-1492,Pooja Thakur 5,2025-05-07,GIFT,17722125.0,ACTIVE,P1492,SUR-20491,1417.77,Registration,SYNTHETIC DEMO DATA — NOT OFFICIAL GOVERNMENT RECORDS
REG-1493,P1493,REGDOC-1493,Nitin Saxena 5,2025-05-06,INHERITANCE,18311000.0,ACTIVE,P1493,SUR-20492,1464.88,Registration,SYNTHETIC DEMO DATA — NOT OFFICIAL GOVERNMENT RECORDS
REG-1494,P1494,REGDOC-1494,Meera Chouhan 5,2025-05-05,LEASE,18891500.0,ACTIVE,P1494,SUR-20493,1511.32,Registration,SYNTHETIC DEMO DATA — NOT OFFICIAL GOVERNMENT RECORDS
REG-1495,P1495,REGDOC-1495,Deepak Tiwari 5,2025-05-04,TRANSFER,1358375.0,ACTIVE,P1495,SUR-20494,108.67,Registration,SYNTHETIC DEMO DATA — NOT OFFICIAL GOVERNMENT RECORDS
REG-1496,P1496,REGDOC-1496,Sunita Rathore 5,2025-05-03,SALE,1939375.0,ACTIVE,P1496,SUR-20495,155.15,Registration,SYNTHETIC DEMO DATA — NOT OFFICIAL GOVERNMENT RECORDS
REG-1497,P1497,REGDOC-1497,Karan Dubey 5,2025-05-02,GIFT,2537375.0,ACTIVE,P1497,SUR-20496,202.99,Registration,SYNTHETIC DEMO DATA — NOT OFFICIAL GOVERNMENT RECORDS
REG-1498,P1498,REGDOC-1498,Isha Kulkarni 5,2025-05-01,INHERITANCE,3124000.0,ACTIVE,P1498,SUR-20497,249.92,Registration,SYNTHETIC DEMO DATA — NOT OFFICIAL GOVERNMENT RECORDS
REG-1499,P1499,REGDOC-1499,Mohan Solanki 5,2025-04-30,LEASE,3712500.0,ACTIVE,P1499,SUR-20498,297.0,Registration,SYNTHETIC DEMO DATA — NOT OFFICIAL GOVERNMENT RECORDS
REG-1500,P1500,REGDOC-1500,Rekha Bansal 5,2025-04-29,TRANSFER,4290125.0,ACTIVE,P1500,SUR-20499,343.21,Registration,SYNTHETIC DEMO DATA — NOT OFFICIAL GOVERNMENT RECORDS
REG-1501,P1501,REGDOC-1501,Rahul Sharma 6,2025-04-28,SALE,4882000.0,ACTIVE,P1501,SUR-20500,390.56,Registration,SYNTHETIC DEMO DATA — NOT OFFICIAL GOVERNMENT RECORDS
REG-1502,P1502,REGDOC-1502,Amit Verma 6,2025-04-27,GIFT,5471750.0,ACTIVE,P1502,SUR-20501,437.74,Registration,SYNTHETIC DEMO DATA — NOT OFFICIAL GOVERNMENT RECORDS
REG-1503,P1503,REGDOC-1503,Neha Patel 6,2025-04-26,INHERITANCE,6056250.0,ACTIVE,P1503,SUR-20502,484.5,Registration,SYNTHETIC DEMO DATA — NOT OFFICIAL GOVERNMENT RECORDS
REG-1504,P1504,REGDOC-1504,Priya Singh 6,2025-04-25,LEASE,6647750.0,ACTIVE,P1504,SUR-20503,531.82,Registration,SYNTHETIC DEMO DATA — NOT OFFICIAL GOVERNMENT RECORDS
REG-1505,P1505,REGDOC-1505,Suresh Yadav 6,2025-04-24,TRANSFER,7232375.0,ACTIVE,P1505,SUR-20504,578.59,Registration,SYNTHETIC DEMO DATA — NOT OFFICIAL GOVERNMENT RECORDS
REG-1506,P1506,REGDOC-1506,Anjali Jain 6,2025-04-23,SALE,7817625.0,ACTIVE,P1506,SUR-20505,625.41,Registration,SYNTHETIC DEMO DATA — NOT OFFICIAL GOVERNMENT RECORDS
REG-1507,P1507,REGDOC-1507,Vikram Mehta 6,2025-04-22,GIFT,8406250.0,ACTIVE,P1507,SUR-20506,672.5,Registration,SYNTHETIC DEMO DATA — NOT OFFICIAL GOVERNMENT RECORDS
REG-1508,P1508,REGDOC-1508,Kavita Joshi 6,2025-04-21,INHERITANCE,8996625.0,ACTIVE,P1508,SUR-20507,719.73,Registration,SYNTHETIC DEMO DATA — NOT OFFICIAL GOVERNMENT RECORDS
REG-1509,P1509,REGDOC-1509,Manoj Gupta 6,2025-04-20,LEASE,9581625.0,ACTIVE,P1509,SUR-20508,766.53,Registration,SYNTHETIC DEMO DATA — NOT OFFICIAL GOVERNMENT RECORDS
REG-1510,P1510,REGDOC-1510,Ritu Mishra 6,2025-04-19,TRANSFER,10165250.0,ACTIVE,P1510,SUR-20509,813.22,Registration,SYNTHETIC DEMO DATA — NOT OFFICIAL GOVERNMENT RECORDS
REG-1511,P1511,REGDOC-1511,Arjun Malviya 6,2025-04-18,SALE,10754625.0,ACTIVE,P1511,SUR-20510,860.37,Registration,SYNTHETIC DEMO DATA — NOT OFFICIAL GOVERNMENT RECORDS
REG-1512,P1512,REGDOC-1512,Pooja Thakur 6,2025-04-17,GIFT,11348625.0,ACTIVE,P1512,SUR-20511,907.89,Registration,SYNTHETIC DEMO DATA — NOT OFFICIAL GOVERNMENT RECORDS
REG-1513,P1513,REGDOC-1513,Nitin Saxena 6,2025-04-16,INHERITANCE,11929500.0,ACTIVE,P1513,SUR-20512,954.36,Registration,SYNTHETIC DEMO DATA — NOT OFFICIAL GOVERNMENT RECORDS
REG-1514,P1514,REGDOC-1514,Meera Chouhan 6,2025-04-15,LEASE,12514125.0,ACTIVE,P1514,SUR-20513,1001.13,Registration,SYNTHETIC DEMO DATA — NOT OFFICIAL GOVERNMENT RECORDS
REG-1515,P1515,REGDOC-1515,Deepak Tiwari 6,2025-04-14,TRANSFER,13108750.0,ACTIVE,P1515,SUR-20514,1048.7,Registration,SYNTHETIC DEMO DATA — NOT OFFICIAL GOVERNMENT RECORDS
REG-1516,P1516,REGDOC-1516,Sunita Rathore 6,2025-04-13,SALE,13696625.0,ACTIVE,P1516,SUR-20515,1095.73,Registration,SYNTHETIC DEMO DATA — NOT OFFICIAL GOVERNMENT RECORDS
REG-1517,P1517,REGDOC-1517,Karan Dubey 6,2025-04-12,GIFT,14278750.0,ACTIVE,P1517,SUR-20516,1142.3,Registration,SYNTHETIC DEMO DATA — NOT OFFICIAL GOVERNMENT RECORDS
REG-1518,P1518,REGDOC-1518,Isha Kulkarni 6,2025-04-11,INHERITANCE,14863375.0,ACTIVE,P1518,SUR-20517,1189.07,Registration,SYNTHETIC DEMO DATA — NOT OFFICIAL GOVERNMENT RECORDS
REG-1519,P1519,REGDOC-1519,Mohan Solanki 6,2025-04-10,LEASE,15460750.0,ACTIVE,P1519,SUR-20518,1236.86,Registration,SYNTHETIC DEMO DATA — NOT OFFICIAL GOVERNMENT RECORDS
REG-1520,P1520,REGDOC-1520,Rekha Bansal 6,2025-04-09,TRANSFER,16047875.0,ACTIVE,P1520,SUR-20519,1283.83,Registration,SYNTHETIC DEMO DATA — NOT OFFICIAL GOVERNMENT RECORDS
REG-1521,P1521,REGDOC-1521,Rahul Sharma 7,2025-04-08,SALE,16636250.0,ACTIVE,P1521,SUR-20520,1330.9,Registration,SYNTHETIC DEMO DATA — NOT OFFICIAL GOVERNMENT RECORDS
REG-1522,P1522,REGDOC-1522,Amit Verma 7,2025-04-07,GIFT,17214250.0,ACTIVE,P1522,SUR-20521,1377.14,Registration,SYNTHETIC DEMO DATA — NOT OFFICIAL GOVERNMENT RECORDS
REG-1523,P1523,REGDOC-1523,Neha Patel 7,2025-04-06,INHERITANCE,17811500.0,ACTIVE,P1523,SUR-20522,1424.92,Registration,SYNTHETIC DEMO DATA — NOT OFFICIAL GOVERNMENT RECORDS
REG-1524,P1524,REGDOC-1524,Priya Singh 7,2025-04-05,LEASE,18391875.0,ACTIVE,P1524,SUR-20523,1471.35,Registration,SYNTHETIC DEMO DATA — NOT OFFICIAL GOVERNMENT RECORDS
REG-1525,P1525,REGDOC-1525,Suresh Yadav 7,2025-04-04,TRANSFER,18976375.0,ACTIVE,P1525,SUR-20524,1518.11,Registration,SYNTHETIC DEMO DATA — NOT OFFICIAL GOVERNMENT RECORDS
REG-1526,P1526,REGDOC-1526,Anjali Jain 7,2025-04-03,SALE,1446250.0,ACTIVE,P1526,SUR-20525,115.7,Registration,SYNTHETIC DEMO DATA — NOT OFFICIAL GOVERNMENT RECORDS
REG-1527,P1527,REGDOC-1527,Vikram Mehta 7,2025-04-02,GIFT,2031750.0,ACTIVE,P1527,SUR-20526,162.54,Registration,SYNTHETIC DEMO DATA — NOT OFFICIAL GOVERNMENT RECORDS
REG-1528,P1528,REGDOC-1528,Kavita Joshi 7,2025-04-01,INHERITANCE,2613500.0,ACTIVE,P1528,SUR-20527,209.08,Registration,SYNTHETIC DEMO DATA — NOT OFFICIAL GOVERNMENT RECORDS
REG-1529,P1529,REGDOC-1529,Manoj Gupta 7,2025-03-31,LEASE,3206125.0,ACTIVE,P1529,SUR-20528,256.49,Registration,SYNTHETIC DEMO DATA — NOT OFFICIAL GOVERNMENT RECORDS
REG-1530,P1530,REGDOC-1530,Ritu Mishra 7,2025-03-30,TRANSFER,3791875.0,ACTIVE,P1530,SUR-20529,303.35,Registration,SYNTHETIC DEMO DATA — NOT OFFICIAL GOVERNMENT RECORDS
REG-1531,P1531,REGDOC-1531,Arjun Malviya 7,2025-03-29,SALE,4381625.0,ACTIVE,P1531,SUR-20530,350.53,Registration,SYNTHETIC DEMO DATA — NOT OFFICIAL GOVERNMENT RECORDS
REG-1532,P1532,REGDOC-1532,Pooja Thakur 7,2025-03-28,GIFT,4964625.0,ACTIVE,P1532,SUR-20531,397.17,Registration,SYNTHETIC DEMO DATA — NOT OFFICIAL GOVERNMENT RECORDS
REG-1533,P1533,REGDOC-1533,Nitin Saxena 7,2025-03-27,INHERITANCE,5551750.0,ACTIVE,P1533,SUR-20532,444.14,Registration,SYNTHETIC DEMO DATA — NOT OFFICIAL GOVERNMENT RECORDS
REG-1534,P1534,REGDOC-1534,Meera Chouhan 7,2025-03-26,LEASE,6142875.0,ACTIVE,P1534,SUR-20533,491.43,Registration,SYNTHETIC DEMO DATA — NOT OFFICIAL GOVERNMENT RECORDS
REG-1535,P1535,REGDOC-1535,Deepak Tiwari 7,2025-03-25,TRANSFER,6725875.0,ACTIVE,P1535,SUR-20534,538.07,Registration,SYNTHETIC DEMO DATA — NOT OFFICIAL GOVERNMENT RECORDS
REG-1536,P1536,REGDOC-1536,Sunita Rathore 7,2025-03-24,SALE,7313250.0,ACTIVE,P1536,SUR-20535,585.06,Registration,SYNTHETIC DEMO DATA — NOT OFFICIAL GOVERNMENT RECORDS
REG-1537,P1537,REGDOC-1537,Karan Dubey 7,2025-03-23,GIFT,7905375.0,ACTIVE,P1537,SUR-20536,632.43,Registration,SYNTHETIC DEMO DATA — NOT OFFICIAL GOVERNMENT RECORDS
REG-1538,P1538,REGDOC-1538,Isha Kulkarni 7,2025-03-22,INHERITANCE,8495500.0,ACTIVE,P1538,SUR-20537,679.64,Registration,SYNTHETIC DEMO DATA — NOT OFFICIAL GOVERNMENT RECORDS
REG-1539,P1539,REGDOC-1539,Mohan Solanki 7,2025-03-21,LEASE,9081375.0,ACTIVE,P1539,SUR-20538,726.51,Registration,SYNTHETIC DEMO DATA — NOT OFFICIAL GOVERNMENT RECORDS
REG-1540,P1540,REGDOC-1540,Rekha Bansal 7,2025-03-20,TRANSFER,9671375.0,ACTIVE,P1540,SUR-20539,773.71,Registration,SYNTHETIC DEMO DATA — NOT OFFICIAL GOVERNMENT RECORDS
REG-1541,P1541,REGDOC-1541,Rahul Sharma 8,2025-03-19,SALE,10253500.0,ACTIVE,P1541,SUR-20540,820.28,Registration,SYNTHETIC DEMO DATA — NOT OFFICIAL GOVERNMENT RECORDS
REG-1542,P1542,REGDOC-1542,Amit Verma 8,2025-03-18,GIFT,10845750.0,ACTIVE,P1542,SUR-20541,867.66,Registration,SYNTHETIC DEMO DATA — NOT OFFICIAL GOVERNMENT RECORDS
REG-1543,P1543,REGDOC-1543,Neha Patel 8,2025-03-17,INHERITANCE,11430625.0,ACTIVE,P1543,SUR-20542,914.45,Registration,SYNTHETIC DEMO DATA — NOT OFFICIAL GOVERNMENT RECORDS
REG-1544,P1544,REGDOC-1544,Priya Singh 8,2025-03-16,LEASE,12018625.0,ACTIVE,P1544,SUR-20543,961.49,Registration,SYNTHETIC DEMO DATA — NOT OFFICIAL GOVERNMENT RECORDS
REG-1545,P1545,REGDOC-1545,Suresh Yadav 8,2025-03-15,TRANSFER,12607125.0,ACTIVE,P1545,SUR-20544,1008.57,Registration,SYNTHETIC DEMO DATA — NOT OFFICIAL GOVERNMENT RECORDS
REG-1546,P1546,REGDOC-1546,Anjali Jain 8,2025-03-14,SALE,13195125.0,ACTIVE,P1546,SUR-20545,1055.61,Registration,SYNTHETIC DEMO DATA — NOT OFFICIAL GOVERNMENT RECORDS
REG-1547,P1547,REGDOC-1547,Vikram Mehta 8,2025-03-13,GIFT,13783250.0,ACTIVE,P1547,SUR-20546,1102.66,Registration,SYNTHETIC DEMO DATA — NOT OFFICIAL GOVERNMENT RECORDS
REG-1548,P1548,REGDOC-1548,Kavita Joshi 8,2025-03-12,INHERITANCE,14367750.0,ACTIVE,P1548,SUR-20547,1149.42,Registration,SYNTHETIC DEMO DATA — NOT OFFICIAL GOVERNMENT RECORDS
REG-1549,P1549,REGDOC-1549,Manoj Gupta 8,2025-03-11,LEASE,14952500.0,ACTIVE,P1549,SUR-20548,1196.2,Registration,SYNTHETIC DEMO DATA — NOT OFFICIAL GOVERNMENT RECORDS
REG-1550,P1550,REGDOC-1550,Ritu Mishra 8,2025-03-10,TRANSFER,15541375.0,ACTIVE,P1550,SUR-20549,1243.31,Registration,SYNTHETIC DEMO DATA — NOT OFFICIAL GOVERNMENT RECORDS
REG-1551,P1551,REGDOC-1551,Arjun Malviya 8,2025-03-09,SALE,16132500.0,ACTIVE,P1551,SUR-20550,1290.6,Registration,SYNTHETIC DEMO DATA — NOT OFFICIAL GOVERNMENT RECORDS
REG-1552,P1552,REGDOC-1552,Pooja Thakur 8,2025-03-08,GIFT,16720000.0,ACTIVE,P1552,SUR-20551,1337.6,Registration,SYNTHETIC DEMO DATA — NOT OFFICIAL GOVERNMENT RECORDS
REG-1553,P1553,REGDOC-1553,Nitin Saxena 8,2025-03-07,INHERITANCE,17308125.0,ACTIVE,P1553,SUR-20552,1384.65,Registration,SYNTHETIC DEMO DATA — NOT OFFICIAL GOVERNMENT RECORDS
REG-1554,P1554,REGDOC-1554,Meera Chouhan 8,2025-03-06,LEASE,17899125.0,ACTIVE,P1554,SUR-20553,1431.93,Registration,SYNTHETIC DEMO DATA — NOT OFFICIAL GOVERNMENT RECORDS
REG-1555,P1555,REGDOC-1555,Deepak Tiwari 8,2025-03-05,TRANSFER,18487375.0,ACTIVE,P1555,SUR-20554,1478.99,Registration,SYNTHETIC DEMO DATA — NOT OFFICIAL GOVERNMENT RECORDS
REG-1556,P1556,REGDOC-1556,Sunita Rathore 8,2025-03-04,SALE,19068875.0,ACTIVE,P1556,SUR-20555,1525.51,Registration,SYNTHETIC DEMO DATA — NOT OFFICIAL GOVERNMENT RECORDS
REG-1557,P1557,REGDOC-1557,Karan Dubey 8,2025-03-03,GIFT,1532125.0,ACTIVE,P1557,SUR-20556,122.57,Registration,SYNTHETIC DEMO DATA — NOT OFFICIAL GOVERNMENT RECORDS
REG-1558,P1558,REGDOC-1558,Isha Kulkarni 8,2025-03-02,INHERITANCE,2122125.0,ACTIVE,P1558,SUR-20557,169.77,Registration,SYNTHETIC DEMO DATA — NOT OFFICIAL GOVERNMENT RECORDS
REG-1559,P1559,REGDOC-1559,Mohan Solanki 8,2025-03-01,LEASE,2708625.0,ACTIVE,P1559,SUR-20558,216.69,Registration,SYNTHETIC DEMO DATA — NOT OFFICIAL GOVERNMENT RECORDS
REG-1560,P1560,REGDOC-1560,Rekha Bansal 8,2025-02-28,TRANSFER,3288125.0,ACTIVE,P1560,SUR-20559,263.05,Registration,SYNTHETIC DEMO DATA — NOT OFFICIAL GOVERNMENT RECORDS
REG-1561,P1561,REGDOC-1561,Rahul Sharma 9,2025-02-27,SALE,3876750.0,ACTIVE,P1561,SUR-20560,310.14,Registration,SYNTHETIC DEMO DATA — NOT OFFICIAL GOVERNMENT RECORDS
REG-1562,P1562,REGDOC-1562,Amit Verma 9,2025-02-26,GIFT,4467375.0,ACTIVE,P1562,SUR-20561,357.39,Registration,SYNTHETIC DEMO DATA — NOT OFFICIAL GOVERNMENT RECORDS
REG-1563,P1563,REGDOC-1563,Neha Patel 9,2025-02-25,INHERITANCE,5054375.0,ACTIVE,P1563,SUR-20562,404.35,Registration,SYNTHETIC DEMO DATA — NOT OFFICIAL GOVERNMENT RECORDS
REG-1564,P1564,REGDOC-1564,Priya Singh 9,2025-02-24,LEASE,5643500.0,ACTIVE,P1564,SUR-20563,451.48,Registration,SYNTHETIC DEMO DATA — NOT OFFICIAL GOVERNMENT RECORDS
REG-1565,P1565,REGDOC-1565,Suresh Yadav 9,2025-02-23,TRANSFER,6234500.0,ACTIVE,P1565,SUR-20564,498.76,Registration,SYNTHETIC DEMO DATA — NOT OFFICIAL GOVERNMENT RECORDS
REG-1566,P1566,REGDOC-1566,Anjali Jain 9,2025-02-22,SALE,6813000.0,ACTIVE,P1566,SUR-20565,545.04,Registration,SYNTHETIC DEMO DATA — NOT OFFICIAL GOVERNMENT RECORDS
REG-1567,P1567,REGDOC-1567,Vikram Mehta 9,2025-02-21,GIFT,7403750.0,ACTIVE,P1567,SUR-20566,592.3,Registration,SYNTHETIC DEMO DATA — NOT OFFICIAL GOVERNMENT RECORDS
REG-1568,P1568,REGDOC-1568,Kavita Joshi 9,2025-02-20,INHERITANCE,7999375.0,ACTIVE,P1568,SUR-20567,639.95,Registration,SYNTHETIC DEMO DATA — NOT OFFICIAL GOVERNMENT RECORDS
REG-1569,P1569,REGDOC-1569,Manoj Gupta 9,2025-02-19,LEASE,8584625.0,ACTIVE,P1569,SUR-20568,686.77,Registration,SYNTHETIC DEMO DATA — NOT OFFICIAL GOVERNMENT RECORDS
REG-1570,P1570,REGDOC-1570,Ritu Mishra 9,2025-02-18,TRANSFER,9171000.0,ACTIVE,P1570,SUR-20569,733.68,Registration,SYNTHETIC DEMO DATA — NOT OFFICIAL GOVERNMENT RECORDS
REG-1571,P1571,REGDOC-1571,Arjun Malviya 9,2025-02-17,SALE,9758875.0,ACTIVE,P1571,SUR-20570,780.71,Registration,SYNTHETIC DEMO DATA — NOT OFFICIAL GOVERNMENT RECORDS
REG-1572,P1572,REGDOC-1572,Pooja Thakur 9,2025-02-16,GIFT,10340500.0,ACTIVE,P1572,SUR-20571,827.24,Registration,SYNTHETIC DEMO DATA — NOT OFFICIAL GOVERNMENT RECORDS
REG-1573,P1573,REGDOC-1573,Nitin Saxena 9,2025-02-15,INHERITANCE,10931000.0,ACTIVE,P1573,SUR-20572,874.48,Registration,SYNTHETIC DEMO DATA — NOT OFFICIAL GOVERNMENT RECORDS
REG-1574,P1574,REGDOC-1574,Meera Chouhan 9,2025-02-14,LEASE,11515125.0,ACTIVE,P1574,SUR-20573,921.21,Registration,SYNTHETIC DEMO DATA — NOT OFFICIAL GOVERNMENT RECORDS
REG-1575,P1575,REGDOC-1575,Deepak Tiwari 9,2025-02-13,TRANSFER,12105125.0,ACTIVE,P1575,SUR-20574,968.41,Registration,SYNTHETIC DEMO DATA — NOT OFFICIAL GOVERNMENT RECORDS
REG-1576,P1576,REGDOC-1576,Sunita Rathore 9,2025-02-12,SALE,12695125.0,ACTIVE,P1576,SUR-20575,1015.61,Registration,SYNTHETIC DEMO DATA — NOT OFFICIAL GOVERNMENT RECORDS
REG-1577,P1577,REGDOC-1577,Karan Dubey 9,2025-02-11,GIFT,13285500.0,ACTIVE,P1577,SUR-20576,1062.84,Registration,SYNTHETIC DEMO DATA — NOT OFFICIAL GOVERNMENT RECORDS
REG-1578,P1578,REGDOC-1578,Isha Kulkarni 9,2025-02-10,INHERITANCE,13863500.0,ACTIVE,P1578,SUR-20577,1109.08,Registration,SYNTHETIC DEMO DATA — NOT OFFICIAL GOVERNMENT RECORDS
REG-1579,P1579,REGDOC-1579,Mohan Solanki 9,2025-02-09,LEASE,14455500.0,ACTIVE,P1579,SUR-20578,1156.44,Registration,SYNTHETIC DEMO DATA — NOT OFFICIAL GOVERNMENT RECORDS
REG-1580,P1580,REGDOC-1580,Rekha Bansal 9,2025-02-08,TRANSFER,15045500.0,ACTIVE,P1580,SUR-20579,1203.64,Registration,SYNTHETIC DEMO DATA — NOT OFFICIAL GOVERNMENT RECORDS
REG-1581,P1581,REGDOC-1581,Rahul Sharma 10,2025-02-07,SALE,15629500.0,ACTIVE,P1581,SUR-20580,1250.36,Registration,SYNTHETIC DEMO DATA — NOT OFFICIAL GOVERNMENT RECORDS
REG-1582,P1582,REGDOC-1582,Amit Verma 10,2025-02-06,GIFT,16221000.0,ACTIVE,P1582,SUR-20581,1297.68,Registration,SYNTHETIC DEMO DATA — NOT OFFICIAL GOVERNMENT RECORDS
REG-1583,P1583,REGDOC-1583,Neha Patel 10,2025-02-05,INHERITANCE,16812000.0,ACTIVE,P1583,SUR-20582,1344.96,Registration,SYNTHETIC DEMO DATA — NOT OFFICIAL GOVERNMENT RECORDS
REG-1584,P1584,REGDOC-1584,Priya Singh 10,2025-02-04,LEASE,17393375.0,ACTIVE,P1584,SUR-20583,1391.47,Registration,SYNTHETIC DEMO DATA — NOT OFFICIAL GOVERNMENT RECORDS
REG-1585,P1585,REGDOC-1585,Suresh Yadav 10,2025-02-03,TRANSFER,17980750.0,ACTIVE,P1585,SUR-20584,1438.46,Registration,SYNTHETIC DEMO DATA — NOT OFFICIAL GOVERNMENT RECORDS
REG-1586,P1586,REGDOC-1586,Anjali Jain 10,2025-02-02,SALE,18563500.0,ACTIVE,P1586,SUR-20585,1485.08,Registration,SYNTHETIC DEMO DATA — NOT OFFICIAL GOVERNMENT RECORDS
REG-1587,P1587,REGDOC-1587,Vikram Mehta 10,2025-02-01,GIFT,19151875.0,ACTIVE,P1587,SUR-20586,1532.15,Registration,SYNTHETIC DEMO DATA — NOT OFFICIAL GOVERNMENT RECORDS
REG-1588,P1588,REGDOC-1588,Kavita Joshi 10,2025-01-31,INHERITANCE,1623625.0,ACTIVE,P1588,SUR-20587,129.89,Registration,SYNTHETIC DEMO DATA — NOT OFFICIAL GOVERNMENT RECORDS
REG-1589,P1589,REGDOC-1589,Manoj Gupta 10,2025-01-30,LEASE,2211625.0,ACTIVE,P1589,SUR-20588,176.93,Registration,SYNTHETIC DEMO DATA — NOT OFFICIAL GOVERNMENT RECORDS
REG-1590,P1590,REGDOC-1590,Ritu Mishra 10,2025-01-29,TRANSFER,2795250.0,ACTIVE,P1590,SUR-20589,223.62,Registration,SYNTHETIC DEMO DATA — NOT OFFICIAL GOVERNMENT RECORDS
REG-1591,P1591,REGDOC-1591,Arjun Malviya 10,2025-01-28,SALE,3377375.0,ACTIVE,P1591,SUR-20590,270.19,Registration,SYNTHETIC DEMO DATA — NOT OFFICIAL GOVERNMENT RECORDS
REG-1592,P1592,REGDOC-1592,Pooja Thakur 10,2025-01-27,GIFT,3965250.0,ACTIVE,P1592,SUR-20591,317.22,Registration,SYNTHETIC DEMO DATA — NOT OFFICIAL GOVERNMENT RECORDS
REG-1593,P1593,REGDOC-1593,Nitin Saxena 10,2025-01-26,INHERITANCE,4551125.0,ACTIVE,P1593,SUR-20592,364.09,Registration,SYNTHETIC DEMO DATA — NOT OFFICIAL GOVERNMENT RECORDS
REG-1594,P1594,REGDOC-1594,Meera Chouhan 10,2025-01-25,LEASE,5142125.0,ACTIVE,P1594,SUR-20593,411.37,Registration,SYNTHETIC DEMO DATA — NOT OFFICIAL GOVERNMENT RECORDS
REG-1595,P1595,REGDOC-1595,Deepak Tiwari 10,2025-01-24,TRANSFER,5735250.0,ACTIVE,P1595,SUR-20594,458.82,Registration,SYNTHETIC DEMO DATA — NOT OFFICIAL GOVERNMENT RECORDS
REG-1596,P1596,REGDOC-1596,Sunita Rathore 10,2025-01-23,SALE,6318125.0,ACTIVE,P1596,SUR-20595,505.45,Registration,SYNTHETIC DEMO DATA — NOT OFFICIAL GOVERNMENT RECORDS
REG-1597,P1597,REGDOC-1597,Karan Dubey 10,2025-01-22,GIFT,6902500.0,ACTIVE,P1597,SUR-20596,552.2,Registration,SYNTHETIC DEMO DATA — NOT OFFICIAL GOVERNMENT RECORDS
REG-1598,P1598,REGDOC-1598,Isha Kulkarni 10,2025-01-21,INHERITANCE,7487875.0,ACTIVE,P1598,SUR-20597,599.03,Registration,SYNTHETIC DEMO DATA — NOT OFFICIAL GOVERNMENT RECORDS
REG-1599,P1599,REGDOC-1599,Mohan Solanki 10,2025-01-20,LEASE,8075250.0,ACTIVE,P1599,SUR-20598,646.02,Registration,SYNTHETIC DEMO DATA — NOT OFFICIAL GOVERNMENT RECORDS
REG-1600,P1600,REGDOC-1600,Rekha Bansal 10,2025-01-19,TRANSFER,8671250.0,ACTIVE,P1600,SUR-20599,693.7,Registration,SYNTHETIC DEMO DATA — NOT OFFICIAL GOVERNMENT RECORDS
REG-1601,P1601,REGDOC-1601,Rahul Sharma,2025-01-18,SALE,9260250.0,ACTIVE,P1601,SUR-20600,740.82,Registration,SYNTHETIC DEMO DATA — NOT OFFICIAL GOVERNMENT RECORDS
REG-1602,P1602,REGDOC-1602,Amit Verma,2025-01-17,GIFT,9842875.0,ACTIVE,P1602,SUR-20601,787.43,Registration,SYNTHETIC DEMO DATA — NOT OFFICIAL GOVERNMENT RECORDS
REG-1603,P1603,REGDOC-1603,Neha Patel,2025-01-16,INHERITANCE,10425875.0,ACTIVE,P1603,SUR-20602,834.07,Registration,SYNTHETIC DEMO DATA — NOT OFFICIAL GOVERNMENT RECORDS
REG-1604,P1604,REGDOC-1604,Priya Singh,2025-01-15,LEASE,11020875.0,ACTIVE,P1604,SUR-20603,881.67,Registration,SYNTHETIC DEMO DATA — NOT OFFICIAL GOVERNMENT RECORDS
REG-1605,P1605,REGDOC-1605,Suresh Yadav,2025-01-14,TRANSFER,11600625.0,ACTIVE,P1605,SUR-20604,928.05,Registration,SYNTHETIC DEMO DATA — NOT OFFICIAL GOVERNMENT RECORDS
REG-1606,P1606,REGDOC-1606,Anjali Jain,2025-01-13,SALE,12190625.0,ACTIVE,P1606,SUR-20605,975.25,Registration,SYNTHETIC DEMO DATA — NOT OFFICIAL GOVERNMENT RECORDS
REG-1607,P1607,REGDOC-1607,Vikram Mehta,2025-01-12,GIFT,12775625.0,ACTIVE,P1607,SUR-20606,1022.05,Registration,SYNTHETIC DEMO DATA — NOT OFFICIAL GOVERNMENT RECORDS
REG-1608,P1608,REGDOC-1608,Kavita Joshi,2025-01-11,INHERITANCE,13368750.0,ACTIVE,P1608,SUR-20607,1069.5,Registration,SYNTHETIC DEMO DATA — NOT OFFICIAL GOVERNMENT RECORDS
REG-1609,P1609,REGDOC-1609,Manoj Gupta,2025-01-10,LEASE,13955000.0,ACTIVE,P1609,SUR-20608,1116.4,Registration,SYNTHETIC DEMO DATA — NOT OFFICIAL GOVERNMENT RECORDS
REG-1610,P1610,REGDOC-1610,Ritu Mishra,2025-01-09,TRANSFER,14545875.0,ACTIVE,P1610,SUR-20609,1163.67,Registration,SYNTHETIC DEMO DATA — NOT OFFICIAL GOVERNMENT RECORDS
REG-1611,P1611,REGDOC-1611,Arjun Malviya,2025-01-08,SALE,15131375.0,ACTIVE,P1611,SUR-20610,1210.51,Registration,SYNTHETIC DEMO DATA — NOT OFFICIAL GOVERNMENT RECORDS
REG-1612,P1612,REGDOC-1612,Pooja Thakur,2025-01-07,GIFT,15724375.0,ACTIVE,P1612,SUR-20611,1257.95,Registration,SYNTHETIC DEMO DATA — NOT OFFICIAL GOVERNMENT RECORDS
REG-1613,P1613,REGDOC-1613,Nitin Saxena,2025-01-06,INHERITANCE,16304625.0,ACTIVE,P1613,SUR-20612,1304.37,Registration,SYNTHETIC DEMO DATA — NOT OFFICIAL GOVERNMENT RECORDS
REG-1614,P1614,REGDOC-1614,Meera Chouhan,2025-01-05,LEASE,16896750.0,ACTIVE,P1614,SUR-20613,1351.74,Registration,SYNTHETIC DEMO DATA — NOT OFFICIAL GOVERNMENT RECORDS
REG-1615,P1615,REGDOC-1615,Deepak Tiwari,2025-01-04,TRANSFER,17480375.0,ACTIVE,P1615,SUR-20614,1398.43,Registration,SYNTHETIC DEMO DATA — NOT OFFICIAL GOVERNMENT RECORDS
REG-1616,P1616,REGDOC-1616,Sunita Rathore,2025-01-03,SALE,18065875.0,ACTIVE,P1616,SUR-20615,1445.27,Registration,SYNTHETIC DEMO DATA — NOT OFFICIAL GOVERNMENT RECORDS
REG-1617,P1617,REGDOC-1617,Karan Dubey,2025-01-02,GIFT,18654625.0,ACTIVE,P1617,SUR-20616,1492.37,Registration,SYNTHETIC DEMO DATA — NOT OFFICIAL GOVERNMENT RECORDS
REG-1618,P1618,REGDOC-1618,Isha Kulkarni,2025-01-01,INHERITANCE,19238375.0,ACTIVE,P1618,SUR-20617,1539.07,Registration,SYNTHETIC DEMO DATA — NOT OFFICIAL GOVERNMENT RECORDS
REG-1619,P1619,REGDOC-1619,Mohan Solanki,2024-12-31,LEASE,1712250.0,ACTIVE,P1619,SUR-20618,136.98,Registration,SYNTHETIC DEMO DATA — NOT OFFICIAL GOVERNMENT RECORDS
REG-1620,P1620,REGDOC-1620,Rekha Bansal,2024-12-30,TRANSFER,2296625.0,ACTIVE,P1620,SUR-20619,183.73,Registration,SYNTHETIC DEMO DATA — NOT OFFICIAL GOVERNMENT RECORDS
REG-1621,P1621,REGDOC-1621,Rahul Sharma 2,2024-12-29,SALE,2886625.0,ACTIVE,P1621,SUR-20620,230.93,Registration,SYNTHETIC DEMO DATA — NOT OFFICIAL GOVERNMENT RECORDS
REG-1622,P1622,REGDOC-1622,Amit Verma 2,2024-12-28,GIFT,3467750.0,ACTIVE,P1622,SUR-20621,277.42,Registration,SYNTHETIC DEMO DATA — NOT OFFICIAL GOVERNMENT RECORDS
REG-1623,P1623,REGDOC-1623,Neha Patel 2,2024-12-27,INHERITANCE,4057625.0,ACTIVE,P1623,SUR-20622,324.61,Registration,SYNTHETIC DEMO DATA — NOT OFFICIAL GOVERNMENT RECORDS
REG-1624,P1624,REGDOC-1624,Priya Singh 2,2024-12-26,LEASE,4638500.0,ACTIVE,P1624,SUR-20623,371.08,Registration,SYNTHETIC DEMO DATA — NOT OFFICIAL GOVERNMENT RECORDS
REG-1625,P1625,REGDOC-1625,Suresh Yadav 2,2024-12-25,TRANSFER,5233375.0,ACTIVE,P1625,SUR-20624,418.67,Registration,SYNTHETIC DEMO DATA — NOT OFFICIAL GOVERNMENT RECORDS
REG-1626,P1626,REGDOC-1626,Anjali Jain 2,2024-12-24,SALE,5818750.0,ACTIVE,P1626,SUR-20625,465.5,Registration,SYNTHETIC DEMO DATA — NOT OFFICIAL GOVERNMENT RECORDS
REG-1627,P1627,REGDOC-1627,Vikram Mehta 2,2024-12-23,GIFT,6401750.0,ACTIVE,P1627,SUR-20626,512.14,Registration,SYNTHETIC DEMO DATA — NOT OFFICIAL GOVERNMENT RECORDS
REG-1628,P1628,REGDOC-1628,Kavita Joshi 2,2024-12-22,INHERITANCE,6994500.0,ACTIVE,P1628,SUR-20627,559.56,Registration,SYNTHETIC DEMO DATA — NOT OFFICIAL GOVERNMENT RECORDS
REG-1629,P1629,REGDOC-1629,Manoj Gupta 2,2024-12-21,LEASE,7582750.0,ACTIVE,P1629,SUR-20628,606.62,Registration,SYNTHETIC DEMO DATA — NOT OFFICIAL GOVERNMENT RECORDS
REG-1630,P1630,REGDOC-1630,Ritu Mishra 2,2024-12-20,TRANSFER,8167375.0,ACTIVE,P1630,SUR-20629,653.39,Registration,SYNTHETIC DEMO DATA — NOT OFFICIAL GOVERNMENT RECORDS
REG-1631,P1631,REGDOC-1631,Arjun Malviya 2,2024-12-19,SALE,8750625.0,ACTIVE,P1631,SUR-20630,700.05,Registration,SYNTHETIC DEMO DATA — NOT OFFICIAL GOVERNMENT RECORDS
REG-1632,P1632,REGDOC-1632,Pooja Thakur 2,2024-12-18,GIFT,9344625.0,ACTIVE,P1632,SUR-20631,747.57,Registration,SYNTHETIC DEMO DATA — NOT OFFICIAL GOVERNMENT RECORDS
REG-1633,P1633,REGDOC-1633,Nitin Saxena 2,2024-12-17,INHERITANCE,9926250.0,ACTIVE,P1633,SUR-20632,794.1,Registration,SYNTHETIC DEMO DATA — NOT OFFICIAL GOVERNMENT RECORDS
REG-1634,P1634,REGDOC-1634,Meera Chouhan 2,2024-12-16,LEASE,10521625.0,ACTIVE,P1634,SUR-20633,841.73,Registration,SYNTHETIC DEMO DATA — NOT OFFICIAL GOVERNMENT RECORDS
REG-1635,P1635,REGDOC-1635,Deepak Tiwari 2,2024-12-15,TRANSFER,11101500.0,ACTIVE,P1635,SUR-20634,888.12,Registration,SYNTHETIC DEMO DATA — NOT OFFICIAL GOVERNMENT RECORDS
REG-1636,P1636,REGDOC-1636,Sunita Rathore 2,2024-12-14,SALE,11697375.0,ACTIVE,P1636,SUR-20635,935.79,Registration,SYNTHETIC DEMO DATA — NOT OFFICIAL GOVERNMENT RECORDS
REG-1637,P1637,REGDOC-1637,Karan Dubey 2,2024-12-13,GIFT,12284750.0,ACTIVE,P1637,SUR-20636,982.78,Registration,SYNTHETIC DEMO DATA — NOT OFFICIAL GOVERNMENT RECORDS
REG-1638,P1638,REGDOC-1638,Isha Kulkarni 2,2024-12-12,INHERITANCE,12864625.0,ACTIVE,P1638,SUR-20637,1029.17,Registration,SYNTHETIC DEMO DATA — NOT OFFICIAL GOVERNMENT RECORDS
REG-1639,P1639,REGDOC-1639,Mohan Solanki 2,2024-12-11,LEASE,13457250.0,ACTIVE,P1639,SUR-20638,1076.58,Registration,SYNTHETIC DEMO DATA — NOT OFFICIAL GOVERNMENT RECORDS
REG-1640,P1640,REGDOC-1640,Rekha Bansal 2,2024-12-10,TRANSFER,14044750.0,ACTIVE,P1640,SUR-20639,1123.58,Registration,SYNTHETIC DEMO DATA — NOT OFFICIAL GOVERNMENT RECORDS
REG-1641,P1641,REGDOC-1641,Rahul Sharma 3,2024-12-09,SALE,14627625.0,ACTIVE,P1641,SUR-20640,1170.21,Registration,SYNTHETIC DEMO DATA — NOT OFFICIAL GOVERNMENT RECORDS
REG-1642,P1642,REGDOC-1642,Amit Verma 3,2024-12-08,GIFT,15218000.0,ACTIVE,P1642,SUR-20641,1217.44,Registration,SYNTHETIC DEMO DATA — NOT OFFICIAL GOVERNMENT RECORDS
REG-1643,P1643,REGDOC-1643,Neha Patel 3,2024-12-07,INHERITANCE,15805875.0,ACTIVE,P1643,SUR-20642,1264.47,Registration,SYNTHETIC DEMO DATA — NOT OFFICIAL GOVERNMENT RECORDS
REG-1644,P1644,REGDOC-1644,Priya Singh 3,2024-12-06,LEASE,16391625.0,ACTIVE,P1644,SUR-20643,1311.33,Registration,SYNTHETIC DEMO DATA — NOT OFFICIAL GOVERNMENT RECORDS
REG-1645,P1645,REGDOC-1645,Suresh Yadav 3,2024-12-05,TRANSFER,16975250.0,ACTIVE,P1645,SUR-20644,1358.02,Registration,SYNTHETIC DEMO DATA — NOT OFFICIAL GOVERNMENT RECORDS
REG-1646,P1646,REGDOC-1646,Anjali Jain 3,2024-12-04,SALE,17568875.0,ACTIVE,P1646,SUR-20645,1405.51,Registration,SYNTHETIC DEMO DATA — NOT OFFICIAL GOVERNMENT RECORDS
REG-1647,P1647,REGDOC-1647,Vikram Mehta 3,2024-12-03,GIFT,18158125.0,ACTIVE,P1647,SUR-20646,1452.65,Registration,SYNTHETIC DEMO DATA — NOT OFFICIAL GOVERNMENT RECORDS
REG-1648,P1648,REGDOC-1648,Kavita Joshi 3,2024-12-02,INHERITANCE,18744875.0,ACTIVE,P1648,SUR-20647,1499.59,Registration,SYNTHETIC DEMO DATA — NOT OFFICIAL GOVERNMENT RECORDS
REG-1649,P1649,REGDOC-1649,Manoj Gupta 3,2024-12-01,LEASE,1201875.0,ACTIVE,P1649,SUR-20648,96.15,Registration,SYNTHETIC DEMO DATA — NOT OFFICIAL GOVERNMENT RECORDS
REG-1650,P1650,REGDOC-1650,Ritu Mishra 3,2024-11-30,TRANSFER,1796625.0,ACTIVE,P1650,SUR-20649,143.73,Registration,SYNTHETIC DEMO DATA — NOT OFFICIAL GOVERNMENT RECORDS
REG-1651,P1651,REGDOC-1651,Arjun Malviya 3,2024-11-29,SALE,2383125.0,ACTIVE,P1651,SUR-20650,190.65,Registration,SYNTHETIC DEMO DATA — NOT OFFICIAL GOVERNMENT RECORDS
REG-1652,P1652,REGDOC-1652,Pooja Thakur 3,2024-11-28,GIFT,2967750.0,ACTIVE,P1652,SUR-20651,237.42,Registration,SYNTHETIC DEMO DATA — NOT OFFICIAL GOVERNMENT RECORDS
REG-1653,P1653,REGDOC-1653,Nitin Saxena 3,2024-11-27,INHERITANCE,3552500.0,ACTIVE,P1653,SUR-20652,284.2,Registration,SYNTHETIC DEMO DATA — NOT OFFICIAL GOVERNMENT RECORDS
REG-1654,P1654,REGDOC-1654,Meera Chouhan 3,2024-11-26,LEASE,4138125.0,ACTIVE,P1654,SUR-20653,331.05,Registration,SYNTHETIC DEMO DATA — NOT OFFICIAL GOVERNMENT RECORDS
REG-1655,P1655,REGDOC-1655,Deepak Tiwari 3,2024-11-25,TRANSFER,4733375.0,ACTIVE,P1655,SUR-20654,378.67,Registration,SYNTHETIC DEMO DATA — NOT OFFICIAL GOVERNMENT RECORDS
REG-1656,P1656,REGDOC-1656,Sunita Rathore 3,2024-11-24,SALE,5324000.0,ACTIVE,P1656,SUR-20655,425.92,Registration,SYNTHETIC DEMO DATA — NOT OFFICIAL GOVERNMENT RECORDS
REG-1657,P1657,REGDOC-1657,Karan Dubey 3,2024-11-23,GIFT,5905000.0,ACTIVE,P1657,SUR-20656,472.4,Registration,SYNTHETIC DEMO DATA — NOT OFFICIAL GOVERNMENT RECORDS
REG-1658,P1658,REGDOC-1658,Isha Kulkarni 3,2024-11-22,INHERITANCE,6492500.0,ACTIVE,P1658,SUR-20657,519.4,Registration,SYNTHETIC DEMO DATA — NOT OFFICIAL GOVERNMENT RECORDS
REG-1659,P1659,REGDOC-1659,Mohan Solanki 3,2024-11-21,LEASE,7082125.0,ACTIVE,P1659,SUR-20658,566.57,Registration,SYNTHETIC DEMO DATA — NOT OFFICIAL GOVERNMENT RECORDS
REG-1660,P1660,REGDOC-1660,Rekha Bansal 3,2024-11-20,TRANSFER,7671750.0,ACTIVE,P1660,SUR-20659,613.74,Registration,SYNTHETIC DEMO DATA — NOT OFFICIAL GOVERNMENT RECORDS
REG-1661,P1661,REGDOC-1661,Rahul Sharma 4,2024-11-19,SALE,8256625.0,ACTIVE,P1661,SUR-20660,660.53,Registration,SYNTHETIC DEMO DATA — NOT OFFICIAL GOVERNMENT RECORDS
REG-1662,P1662,REGDOC-1662,Amit Verma 4,2024-11-18,GIFT,8845000.0,ACTIVE,P1662,SUR-20661,707.6,Registration,SYNTHETIC DEMO DATA — NOT OFFICIAL GOVERNMENT RECORDS
REG-1663,P1663,REGDOC-1663,Neha Patel 4,2024-11-17,INHERITANCE,9433250.0,ACTIVE,P1663,SUR-20662,754.66,Registration,SYNTHETIC DEMO DATA — NOT OFFICIAL GOVERNMENT RECORDS
REG-1664,P1664,REGDOC-1664,Priya Singh 4,2024-11-16,LEASE,10021250.0,ACTIVE,P1664,SUR-20663,801.7,Registration,SYNTHETIC DEMO DATA — NOT OFFICIAL GOVERNMENT RECORDS
REG-1665,P1665,REGDOC-1665,Suresh Yadav 4,2024-11-15,TRANSFER,10607375.0,ACTIVE,P1665,SUR-20664,848.59,Registration,SYNTHETIC DEMO DATA — NOT OFFICIAL GOVERNMENT RECORDS
REG-1666,P1666,REGDOC-1666,Anjali Jain 4,2024-11-14,SALE,11196875.0,ACTIVE,P1666,SUR-20665,895.75,Registration,SYNTHETIC DEMO DATA — NOT OFFICIAL GOVERNMENT RECORDS
REG-1667,P1667,REGDOC-1667,Vikram Mehta 4,2024-11-13,GIFT,11777000.0,ACTIVE,P1667,SUR-20666,942.16,Registration,SYNTHETIC DEMO DATA — NOT OFFICIAL GOVERNMENT RECORDS
REG-1668,P1668,REGDOC-1668,Kavita Joshi 4,2024-11-12,INHERITANCE,12365625.0,ACTIVE,P1668,SUR-20667,989.25,Registration,SYNTHETIC DEMO DATA — NOT OFFICIAL GOVERNMENT RECORDS
REG-1669,P1669,REGDOC-1669,Manoj Gupta 4,2024-11-11,LEASE,12962375.0,ACTIVE,P1669,SUR-20668,1036.99,Registration,SYNTHETIC DEMO DATA — NOT OFFICIAL GOVERNMENT RECORDS
REG-1670,P1670,REGDOC-1670,Ritu Mishra 4,2024-11-10,TRANSFER,13541000.0,ACTIVE,P1670,SUR-20669,1083.28,Registration,SYNTHETIC DEMO DATA — NOT OFFICIAL GOVERNMENT RECORDS
REG-1671,P1671,REGDOC-1671,Arjun Malviya 4,2024-11-09,SALE,14134125.0,ACTIVE,P1671,SUR-20670,1130.73,Registration,SYNTHETIC DEMO DATA — NOT OFFICIAL GOVERNMENT RECORDS
REG-1672,P1672,REGDOC-1672,Pooja Thakur 4,2024-11-08,GIFT,14714375.0,ACTIVE,P1672,SUR-20671,1177.15,Registration,SYNTHETIC DEMO DATA — NOT OFFICIAL GOVERNMENT RECORDS
REG-1673,P1673,REGDOC-1673,Nitin Saxena 4,2024-11-07,INHERITANCE,15300625.0,ACTIVE,P1673,SUR-20672,1224.05,Registration,SYNTHETIC DEMO DATA — NOT OFFICIAL GOVERNMENT RECORDS
REG-1674,P1674,REGDOC-1674,Meera Chouhan 4,2024-11-06,LEASE,15898000.0,ACTIVE,P1674,SUR-20673,1271.84,Registration,SYNTHETIC DEMO DATA — NOT OFFICIAL GOVERNMENT RECORDS
REG-1675,P1675,REGDOC-1675,Deepak Tiwari 4,2024-11-05,TRANSFER,16487125.0,ACTIVE,P1675,SUR-20674,1318.97,Registration,SYNTHETIC DEMO DATA — NOT OFFICIAL GOVERNMENT RECORDS
REG-1676,P1676,REGDOC-1676,Sunita Rathore 4,2024-11-04,SALE,17065500.0,ACTIVE,P1676,SUR-20675,1365.24,Registration,SYNTHETIC DEMO DATA — NOT OFFICIAL GOVERNMENT RECORDS
REG-1677,P1677,REGDOC-1677,Karan Dubey 4,2024-11-03,GIFT,17654125.0,ACTIVE,P1677,SUR-20676,1412.33,Registration,SYNTHETIC DEMO DATA — NOT OFFICIAL GOVERNMENT RECORDS
REG-1678,P1678,REGDOC-1678,Isha Kulkarni 4,2024-11-02,INHERITANCE,18243000.0,ACTIVE,P1678,SUR-20677,1459.44,Registration,SYNTHETIC DEMO DATA — NOT OFFICIAL GOVERNMENT RECORDS
REG-1679,P1679,REGDOC-1679,Mohan Solanki 4,2024-11-01,LEASE,18835875.0,ACTIVE,P1679,SUR-20678,1506.87,Registration,SYNTHETIC DEMO DATA — NOT OFFICIAL GOVERNMENT RECORDS
REG-1680,P1680,REGDOC-1680,Rekha Bansal 4,2024-10-31,TRANSFER,1289250.0,ACTIVE,P1680,SUR-20679,103.14,Registration,SYNTHETIC DEMO DATA — NOT OFFICIAL GOVERNMENT RECORDS
REG-1681,P1681,REGDOC-1681,Rahul Sharma 5,2024-10-30,SALE,1876000.0,ACTIVE,P1681,SUR-20680,150.08,Registration,SYNTHETIC DEMO DATA — NOT OFFICIAL GOVERNMENT RECORDS
REG-1682,P1682,REGDOC-1682,Amit Verma 5,2024-10-29,GIFT,2468625.0,ACTIVE,P1682,SUR-20681,197.49,Registration,SYNTHETIC DEMO DATA — NOT OFFICIAL GOVERNMENT RECORDS
REG-1683,P1683,REGDOC-1683,Neha Patel 5,2024-10-28,INHERITANCE,3059125.0,ACTIVE,P1683,SUR-20682,244.73,Registration,SYNTHETIC DEMO DATA — NOT OFFICIAL GOVERNMENT RECORDS
REG-1684,P1684,REGDOC-1684,Priya Singh 5,2024-10-27,LEASE,3641000.0,ACTIVE,P1684,SUR-20683,291.28,Registration,SYNTHETIC DEMO DATA — NOT OFFICIAL GOVERNMENT RECORDS
REG-1685,P1685,REGDOC-1685,Suresh Yadav 5,2024-10-26,TRANSFER,4237125.0,ACTIVE,P1685,SUR-20684,338.97,Registration,SYNTHETIC DEMO DATA — NOT OFFICIAL GOVERNMENT RECORDS
REG-1686,P1686,REGDOC-1686,Anjali Jain 5,2024-10-25,SALE,4823500.0,ACTIVE,P1686,SUR-20685,385.88,Registration,SYNTHETIC DEMO DATA — NOT OFFICIAL GOVERNMENT RECORDS
REG-1687,P1687,REGDOC-1687,Vikram Mehta 5,2024-10-24,GIFT,5410375.0,ACTIVE,P1687,SUR-20686,432.83,Registration,SYNTHETIC DEMO DATA — NOT OFFICIAL GOVERNMENT RECORDS
REG-1688,P1688,REGDOC-1688,Kavita Joshi 5,2024-10-23,INHERITANCE,5995625.0,ACTIVE,P1688,SUR-20687,479.65,Registration,SYNTHETIC DEMO DATA — NOT OFFICIAL GOVERNMENT RECORDS
REG-1689,P1689,REGDOC-1689,Manoj Gupta 5,2024-10-22,LEASE,6580750.0,ACTIVE,P1689,SUR-20688,526.46,Registration,SYNTHETIC DEMO DATA — NOT OFFICIAL GOVERNMENT RECORDS
REG-1690,P1690,REGDOC-1690,Ritu Mishra 5,2024-10-21,TRANSFER,7166125.0,ACTIVE,P1690,SUR-20689,573.29,Registration,SYNTHETIC DEMO DATA — NOT OFFICIAL GOVERNMENT RECORDS
REG-1691,P1691,REGDOC-1691,Arjun Malviya 5,2024-10-20,SALE,7758000.0,ACTIVE,P1691,SUR-20690,620.64,Registration,SYNTHETIC DEMO DATA — NOT OFFICIAL GOVERNMENT RECORDS
REG-1692,P1692,REGDOC-1692,Pooja Thakur 5,2024-10-19,GIFT,8343125.0,ACTIVE,P1692,SUR-20691,667.45,Registration,SYNTHETIC DEMO DATA — NOT OFFICIAL GOVERNMENT RECORDS
REG-1693,P1693,REGDOC-1693,Nitin Saxena 5,2024-10-18,INHERITANCE,8925125.0,ACTIVE,P1693,SUR-20692,714.01,Registration,SYNTHETIC DEMO DATA — NOT OFFICIAL GOVERNMENT RECORDS
REG-1694,P1694,REGDOC-1694,Meera Chouhan 5,2024-10-17,LEASE,9519500.0,ACTIVE,P1694,SUR-20693,761.56,Registration,SYNTHETIC DEMO DATA — NOT OFFICIAL GOVERNMENT RECORDS
REG-1695,P1695,REGDOC-1695,Deepak Tiwari 5,2024-10-16,TRANSFER,10106125.0,ACTIVE,P1695,SUR-20694,808.49,Registration,SYNTHETIC DEMO DATA — NOT OFFICIAL GOVERNMENT RECORDS
REG-1696,P1696,REGDOC-1696,Sunita Rathore 5,2024-10-15,SALE,10691500.0,ACTIVE,P1696,SUR-20695,855.32,Registration,SYNTHETIC DEMO DATA — NOT OFFICIAL GOVERNMENT RECORDS
REG-1697,P1697,REGDOC-1697,Karan Dubey 5,2024-10-14,GIFT,11276625.0,ACTIVE,P1697,SUR-20696,902.13,Registration,SYNTHETIC DEMO DATA — NOT OFFICIAL GOVERNMENT RECORDS
REG-1698,P1698,REGDOC-1698,Isha Kulkarni 5,2024-10-13,INHERITANCE,11871750.0,ACTIVE,P1698,SUR-20697,949.74,Registration,SYNTHETIC DEMO DATA — NOT OFFICIAL GOVERNMENT RECORDS
REG-1699,P1699,REGDOC-1699,Mohan Solanki 5,2024-10-12,LEASE,12458125.0,ACTIVE,P1699,SUR-20698,996.65,Registration,SYNTHETIC DEMO DATA — NOT OFFICIAL GOVERNMENT RECORDS
REG-1700,P1700,REGDOC-1700,Rekha Bansal 5,2024-10-11,TRANSFER,13038250.0,ACTIVE,P1700,SUR-20699,1043.06,Registration,SYNTHETIC DEMO DATA — NOT OFFICIAL GOVERNMENT RECORDS
REG-1701,P1701,REGDOC-1701,Rahul Sharma 6,2024-10-10,SALE,13634125.0,ACTIVE,P1701,SUR-20700,1090.73,Registration,SYNTHETIC DEMO DATA — NOT OFFICIAL GOVERNMENT RECORDS
REG-1702,P1702,REGDOC-1702,Amit Verma 6,2024-10-09,GIFT,14217000.0,ACTIVE,P1702,SUR-20701,1137.36,Registration,SYNTHETIC DEMO DATA — NOT OFFICIAL GOVERNMENT RECORDS
REG-1703,P1703,REGDOC-1703,Neha Patel 6,2024-10-08,INHERITANCE,14801125.0,ACTIVE,P1703,SUR-20702,1184.09,Registration,SYNTHETIC DEMO DATA — NOT OFFICIAL GOVERNMENT RECORDS
REG-1704,P1704,REGDOC-1704,Priya Singh 6,2024-10-07,LEASE,15397625.0,ACTIVE,P1704,SUR-20703,1231.81,Registration,SYNTHETIC DEMO DATA — NOT OFFICIAL GOVERNMENT RECORDS
REG-1705,P1705,REGDOC-1705,Suresh Yadav 6,2024-10-06,TRANSFER,15981500.0,ACTIVE,P1705,SUR-20704,1278.52,Registration,SYNTHETIC DEMO DATA — NOT OFFICIAL GOVERNMENT RECORDS
REG-1706,P1706,REGDOC-1706,Anjali Jain 6,2024-10-05,SALE,16563000.0,ACTIVE,P1706,SUR-20705,1325.04,Registration,SYNTHETIC DEMO DATA — NOT OFFICIAL GOVERNMENT RECORDS
REG-1707,P1707,REGDOC-1707,Vikram Mehta 6,2024-10-04,GIFT,17158000.0,ACTIVE,P1707,SUR-20706,1372.64,Registration,SYNTHETIC DEMO DATA — NOT OFFICIAL GOVERNMENT RECORDS
REG-1708,P1708,REGDOC-1708,Kavita Joshi 6,2024-10-03,INHERITANCE,17741000.0,ACTIVE,P1708,SUR-20707,1419.28,Registration,SYNTHETIC DEMO DATA — NOT OFFICIAL GOVERNMENT RECORDS
REG-1709,P1709,REGDOC-1709,Manoj Gupta 6,2024-10-02,LEASE,18337125.0,ACTIVE,P1709,SUR-20708,1466.97,Registration,SYNTHETIC DEMO DATA — NOT OFFICIAL GOVERNMENT RECORDS
REG-1710,P1710,REGDOC-1710,Ritu Mishra 6,2024-10-01,TRANSFER,18914250.0,ACTIVE,P1710,SUR-20709,1513.14,Registration,SYNTHETIC DEMO DATA — NOT OFFICIAL GOVERNMENT RECORDS
REG-1711,P1711,REGDOC-1711,Arjun Malviya 6,2024-09-30,SALE,1386375.0,ACTIVE,P1711,SUR-20710,110.91,Registration,SYNTHETIC DEMO DATA — NOT OFFICIAL GOVERNMENT RECORDS
REG-1712,P1712,REGDOC-1712,Pooja Thakur 6,2024-09-29,GIFT,1969625.0,ACTIVE,P1712,SUR-20711,157.57,Registration,SYNTHETIC DEMO DATA — NOT OFFICIAL GOVERNMENT RECORDS
REG-1713,P1713,REGDOC-1713,Nitin Saxena 6,2024-09-28,INHERITANCE,2550625.0,ACTIVE,P1713,SUR-20712,204.05,Registration,SYNTHETIC DEMO DATA — NOT OFFICIAL GOVERNMENT RECORDS
REG-1714,P1714,REGDOC-1714,Meera Chouhan 6,2024-09-27,LEASE,3146125.0,ACTIVE,P1714,SUR-20713,251.69,Registration,SYNTHETIC DEMO DATA — NOT OFFICIAL GOVERNMENT RECORDS
REG-1715,P1715,REGDOC-1715,Deepak Tiwari 6,2024-09-26,TRANSFER,3728625.0,ACTIVE,P1715,SUR-20714,298.29,Registration,SYNTHETIC DEMO DATA — NOT OFFICIAL GOVERNMENT RECORDS
REG-1716,P1716,REGDOC-1716,Sunita Rathore 6,2024-09-25,SALE,4312875.0,ACTIVE,P1716,SUR-20715,345.03,Registration,SYNTHETIC DEMO DATA — NOT OFFICIAL GOVERNMENT RECORDS
REG-1717,P1717,REGDOC-1717,Karan Dubey 6,2024-09-24,GIFT,4902375.0,ACTIVE,P1717,SUR-20716,392.19,Registration,SYNTHETIC DEMO DATA — NOT OFFICIAL GOVERNMENT RECORDS
REG-1718,P1718,REGDOC-1718,Isha Kulkarni 6,2024-09-23,INHERITANCE,5499125.0,ACTIVE,P1718,SUR-20717,439.93,Registration,SYNTHETIC DEMO DATA — NOT OFFICIAL GOVERNMENT RECORDS
REG-1719,P1719,REGDOC-1719,Mohan Solanki 6,2024-09-22,LEASE,6086875.0,ACTIVE,P1719,SUR-20718,486.95,Registration,SYNTHETIC DEMO DATA — NOT OFFICIAL GOVERNMENT RECORDS
REG-1720,P1720,REGDOC-1720,Rekha Bansal 6,2024-09-21,TRANSFER,6664875.0,ACTIVE,P1720,SUR-20719,533.19,Registration,SYNTHETIC DEMO DATA — NOT OFFICIAL GOVERNMENT RECORDS
REG-1721,P1721,REGDOC-1721,Rahul Sharma 7,2024-09-20,SALE,7260500.0,ACTIVE,P1721,SUR-20720,580.84,Registration,SYNTHETIC DEMO DATA — NOT OFFICIAL GOVERNMENT RECORDS
REG-1722,P1722,REGDOC-1722,Amit Verma 7,2024-09-19,GIFT,7837500.0,ACTIVE,P1722,SUR-20721,627.0,Registration,SYNTHETIC DEMO DATA — NOT OFFICIAL GOVERNMENT RECORDS
REG-1723,P1723,REGDOC-1723,Neha Patel 7,2024-09-18,INHERITANCE,8435125.0,ACTIVE,P1723,SUR-20722,674.81,Registration,SYNTHETIC DEMO DATA — NOT OFFICIAL GOVERNMENT RECORDS
REG-1724,P1724,REGDOC-1724,Priya Singh 7,2024-09-17,LEASE,9022250.0,ACTIVE,P1724,SUR-20723,721.78,Registration,SYNTHETIC DEMO DATA — NOT OFFICIAL GOVERNMENT RECORDS
REG-1725,P1725,REGDOC-1725,Suresh Yadav 7,2024-09-16,TRANSFER,9602500.0,ACTIVE,P1725,SUR-20724,768.2,Registration,SYNTHETIC DEMO DATA — NOT OFFICIAL GOVERNMENT RECORDS
REG-1726,P1726,REGDOC-1726,Anjali Jain 7,2024-09-15,SALE,10189250.0,ACTIVE,P1726,SUR-20725,815.14,Registration,SYNTHETIC DEMO DATA — NOT OFFICIAL GOVERNMENT RECORDS
REG-1727,P1727,REGDOC-1727,Vikram Mehta 7,2024-09-14,GIFT,10781750.0,ACTIVE,P1727,SUR-20726,862.54,Registration,SYNTHETIC DEMO DATA — NOT OFFICIAL GOVERNMENT RECORDS
REG-1728,P1728,REGDOC-1728,Kavita Joshi 7,2024-09-13,INHERITANCE,11373250.0,ACTIVE,P1728,SUR-20727,909.86,Registration,SYNTHETIC DEMO DATA — NOT OFFICIAL GOVERNMENT RECORDS
REG-1729,P1729,REGDOC-1729,Manoj Gupta 7,2024-09-12,LEASE,11959125.0,ACTIVE,P1729,SUR-20728,956.73,Registration,SYNTHETIC DEMO DATA — NOT OFFICIAL GOVERNMENT RECORDS
REG-1730,P1730,REGDOC-1730,Ritu Mishra 7,2024-09-11,TRANSFER,12547125.0,ACTIVE,P1730,SUR-20729,1003.77,Registration,SYNTHETIC DEMO DATA — NOT OFFICIAL GOVERNMENT RECORDS
REG-1731,P1731,REGDOC-1731,Arjun Malviya 7,2024-09-10,SALE,13136875.0,ACTIVE,P1731,SUR-20730,1050.95,Registration,SYNTHETIC DEMO DATA — NOT OFFICIAL GOVERNMENT RECORDS
REG-1732,P1732,REGDOC-1732,Pooja Thakur 7,2024-09-09,GIFT,13714250.0,ACTIVE,P1732,SUR-20731,1097.14,Registration,SYNTHETIC DEMO DATA — NOT OFFICIAL GOVERNMENT RECORDS
REG-1733,P1733,REGDOC-1733,Nitin Saxena 7,2024-09-08,INHERITANCE,14311000.0,ACTIVE,P1733,SUR-20732,1144.88,Registration,SYNTHETIC DEMO DATA — NOT OFFICIAL GOVERNMENT RECORDS
REG-1734,P1734,REGDOC-1734,Meera Chouhan 7,2024-09-07,LEASE,14891750.0,ACTIVE,P1734,SUR-20733,1191.34,Registration,SYNTHETIC DEMO DATA — NOT OFFICIAL GOVERNMENT RECORDS
REG-1735,P1735,REGDOC-1735,Deepak Tiwari 7,2024-09-06,TRANSFER,15479375.0,ACTIVE,P1735,SUR-20734,1238.35,Registration,SYNTHETIC DEMO DATA — NOT OFFICIAL GOVERNMENT RECORDS
REG-1736,P1736,REGDOC-1736,Sunita Rathore 7,2024-09-05,SALE,16066000.0,ACTIVE,P1736,SUR-20735,1285.28,Registration,SYNTHETIC DEMO DATA — NOT OFFICIAL GOVERNMENT RECORDS
REG-1737,P1737,REGDOC-1737,Karan Dubey 7,2024-09-04,GIFT,16659500.0,ACTIVE,P1737,SUR-20736,1332.76,Registration,SYNTHETIC DEMO DATA — NOT OFFICIAL GOVERNMENT RECORDS
REG-1738,P1738,REGDOC-1738,Isha Kulkarni 7,2024-09-03,INHERITANCE,17238375.0,ACTIVE,P1738,SUR-20737,1379.07,Registration,SYNTHETIC DEMO DATA — NOT OFFICIAL GOVERNMENT RECORDS
REG-1739,P1739,REGDOC-1739,Mohan Solanki 7,2024-09-02,LEASE,17828000.0,ACTIVE,P1739,SUR-20738,1426.24,Registration,SYNTHETIC DEMO DATA — NOT OFFICIAL GOVERNMENT RECORDS
REG-1740,P1740,REGDOC-1740,Rekha Bansal 7,2024-09-01,TRANSFER,18414750.0,ACTIVE,P1740,SUR-20739,1473.18,Registration,SYNTHETIC DEMO DATA — NOT OFFICIAL GOVERNMENT RECORDS
REG-1741,P1741,REGDOC-1741,Rahul Sharma 8,2024-08-31,SALE,19004125.0,ACTIVE,P1741,SUR-20740,1520.33,Registration,SYNTHETIC DEMO DATA — NOT OFFICIAL GOVERNMENT RECORDS
REG-1742,P1742,REGDOC-1742,Amit Verma 8,2024-08-30,GIFT,1468000.0,ACTIVE,P1742,SUR-20741,117.44,Registration,SYNTHETIC DEMO DATA — NOT OFFICIAL GOVERNMENT RECORDS
REG-1743,P1743,REGDOC-1743,Neha Patel 8,2024-08-29,INHERITANCE,2061625.0,ACTIVE,P1743,SUR-20742,164.93,Registration,SYNTHETIC DEMO DATA — NOT OFFICIAL GOVERNMENT RECORDS
REG-1744,P1744,REGDOC-1744,Priya Singh 8,2024-08-28,LEASE,2638000.0,ACTIVE,P1744,SUR-20743,211.04,Registration,SYNTHETIC DEMO DATA — NOT OFFICIAL GOVERNMENT RECORDS
REG-1745,P1745,REGDOC-1745,Suresh Yadav 8,2024-08-27,TRANSFER,3236500.0,ACTIVE,P1745,SUR-20744,258.92,Registration,SYNTHETIC DEMO DATA — NOT OFFICIAL GOVERNMENT RECORDS
REG-1746,P1746,REGDOC-1746,Anjali Jain 8,2024-08-26,SALE,3816000.0,ACTIVE,P1746,SUR-20745,305.28,Registration,SYNTHETIC DEMO DATA — NOT OFFICIAL GOVERNMENT RECORDS
REG-1747,P1747,REGDOC-1747,Vikram Mehta 8,2024-08-25,GIFT,4402750.0,ACTIVE,P1747,SUR-20746,352.22,Registration,SYNTHETIC DEMO DATA — NOT OFFICIAL GOVERNMENT RECORDS
REG-1748,P1748,REGDOC-1748,Kavita Joshi 8,2024-08-24,INHERITANCE,4999125.0,ACTIVE,P1748,SUR-20747,399.93,Registration,SYNTHETIC DEMO DATA — NOT OFFICIAL GOVERNMENT RECORDS
REG-1749,P1749,REGDOC-1749,Manoj Gupta 8,2024-08-23,LEASE,5586625.0,ACTIVE,P1749,SUR-20748,446.93,Registration,SYNTHETIC DEMO DATA — NOT OFFICIAL GOVERNMENT RECORDS
REG-1750,P1750,REGDOC-1750,Ritu Mishra 8,2024-08-22,TRANSFER,6165875.0,ACTIVE,P1750,SUR-20749,493.27,Registration,SYNTHETIC DEMO DATA — NOT OFFICIAL GOVERNMENT RECORDS
REG-1751,P1751,REGDOC-1751,Arjun Malviya 8,2024-08-21,SALE,6755625.0,ACTIVE,P1751,SUR-20750,540.45,Registration,SYNTHETIC DEMO DATA — NOT OFFICIAL GOVERNMENT RECORDS
REG-1752,P1752,REGDOC-1752,Pooja Thakur 8,2024-08-20,GIFT,7344625.0,ACTIVE,P1752,SUR-20751,587.57,Registration,SYNTHETIC DEMO DATA — NOT OFFICIAL GOVERNMENT RECORDS
REG-1753,P1753,REGDOC-1753,Nitin Saxena 8,2024-08-19,INHERITANCE,7931375.0,ACTIVE,P1753,SUR-20752,634.51,Registration,SYNTHETIC DEMO DATA — NOT OFFICIAL GOVERNMENT RECORDS
REG-1754,P1754,REGDOC-1754,Meera Chouhan 8,2024-08-18,LEASE,8514000.0,ACTIVE,P1754,SUR-20753,681.12,Registration,SYNTHETIC DEMO DATA — NOT OFFICIAL GOVERNMENT RECORDS
REG-1755,P1755,REGDOC-1755,Deepak Tiwari 8,2024-08-17,TRANSFER,9102000.0,ACTIVE,P1755,SUR-20754,728.16,Registration,SYNTHETIC DEMO DATA — NOT OFFICIAL GOVERNMENT RECORDS
REG-1756,P1756,REGDOC-1756,Sunita Rathore 8,2024-08-16,SALE,9698125.0,ACTIVE,P1756,SUR-20755,775.85,Registration,SYNTHETIC DEMO DATA — NOT OFFICIAL GOVERNMENT RECORDS
REG-1757,P1757,REGDOC-1757,Karan Dubey 8,2024-08-15,GIFT,10279875.0,ACTIVE,P1757,SUR-20756,822.39,Registration,SYNTHETIC DEMO DATA — NOT OFFICIAL GOVERNMENT RECORDS
REG-1758,P1758,REGDOC-1758,Isha Kulkarni 8,2024-08-14,INHERITANCE,10866875.0,ACTIVE,P1758,SUR-20757,869.35,Registration,SYNTHETIC DEMO DATA — NOT OFFICIAL GOVERNMENT RECORDS
REG-1759,P1759,REGDOC-1759,Mohan Solanki 8,2024-08-13,LEASE,11461750.0,ACTIVE,P1759,SUR-20758,916.94,Registration,SYNTHETIC DEMO DATA — NOT OFFICIAL GOVERNMENT RECORDS
REG-1760,P1760,REGDOC-1760,Rekha Bansal 8,2024-08-12,TRANSFER,12038000.0,ACTIVE,P1760,SUR-20759,963.04,Registration,SYNTHETIC DEMO DATA — NOT OFFICIAL GOVERNMENT RECORDS
REG-1761,P1761,REGDOC-1761,Rahul Sharma 9,2024-08-11,SALE,12625625.0,ACTIVE,P1761,SUR-20760,1010.05,Registration,SYNTHETIC DEMO DATA — NOT OFFICIAL GOVERNMENT RECORDS
REG-1762,P1762,REGDOC-1762,Amit Verma 9,2024-08-10,GIFT,13223500.0,ACTIVE,P1762,SUR-20761,1057.88,Registration,SYNTHETIC DEMO DATA — NOT OFFICIAL GOVERNMENT RECORDS
REG-1763,P1763,REGDOC-1763,Neha Patel 9,2024-08-09,INHERITANCE,13811375.0,ACTIVE,P1763,SUR-20762,1104.91,Registration,SYNTHETIC DEMO DATA — NOT OFFICIAL GOVERNMENT RECORDS
REG-1764,P1764,REGDOC-1764,Priya Singh 9,2024-08-08,LEASE,14389250.0,ACTIVE,P1764,SUR-20763,1151.14,Registration,SYNTHETIC DEMO DATA — NOT OFFICIAL GOVERNMENT RECORDS
REG-1765,P1765,REGDOC-1765,Suresh Yadav 9,2024-08-07,TRANSFER,14982750.0,ACTIVE,P1765,SUR-20764,1198.62,Registration,SYNTHETIC DEMO DATA — NOT OFFICIAL GOVERNMENT RECORDS
REG-1766,P1766,REGDOC-1766,Anjali Jain 9,2024-08-06,SALE,15565750.0,ACTIVE,P1766,SUR-20765,1245.26,Registration,SYNTHETIC DEMO DATA — NOT OFFICIAL GOVERNMENT RECORDS
REG-1767,P1767,REGDOC-1767,Vikram Mehta 9,2024-08-05,GIFT,16151500.0,ACTIVE,P1767,SUR-20766,1292.12,Registration,SYNTHETIC DEMO DATA — NOT OFFICIAL GOVERNMENT RECORDS
REG-1768,P1768,REGDOC-1768,Kavita Joshi 9,2024-08-04,INHERITANCE,16741375.0,ACTIVE,P1768,SUR-20767,1339.31,Registration,SYNTHETIC DEMO DATA — NOT OFFICIAL GOVERNMENT RECORDS
REG-1769,P1769,REGDOC-1769,Manoj Gupta 9,2024-08-03,LEASE,17333125.0,ACTIVE,P1769,SUR-20768,1386.65,Registration,SYNTHETIC DEMO DATA — NOT OFFICIAL GOVERNMENT RECORDS
REG-1770,P1770,REGDOC-1770,Ritu Mishra 9,2024-08-02,TRANSFER,17914500.0,ACTIVE,P1770,SUR-20769,1433.16,Registration,SYNTHETIC DEMO DATA — NOT OFFICIAL GOVERNMENT RECORDS
REG-1771,P1771,REGDOC-1771,Arjun Malviya 9,2024-08-01,SALE,18510000.0,ACTIVE,P1771,SUR-20770,1480.8,Registration,SYNTHETIC DEMO DATA — NOT OFFICIAL GOVERNMENT RECORDS
REG-1772,P1772,REGDOC-1772,Pooja Thakur 9,2024-07-31,GIFT,19097625.0,ACTIVE,P1772,SUR-20771,1527.81,Registration,SYNTHETIC DEMO DATA — NOT OFFICIAL GOVERNMENT RECORDS
REG-1773,P1773,REGDOC-1773,Nitin Saxena 9,2024-07-30,INHERITANCE,1562000.0,ACTIVE,P1773,SUR-20772,124.96,Registration,SYNTHETIC DEMO DATA — NOT OFFICIAL GOVERNMENT RECORDS
REG-1774,P1774,REGDOC-1774,Meera Chouhan 9,2024-07-29,LEASE,2149750.0,ACTIVE,P1774,SUR-20773,171.98,Registration,SYNTHETIC DEMO DATA — NOT OFFICIAL GOVERNMENT RECORDS
REG-1775,P1775,REGDOC-1775,Deepak Tiwari 9,2024-07-28,TRANSFER,2732000.0,ACTIVE,P1775,SUR-20774,218.56,Registration,SYNTHETIC DEMO DATA — NOT OFFICIAL GOVERNMENT RECORDS
REG-1776,P1776,REGDOC-1776,Sunita Rathore 9,2024-07-27,SALE,3324750.0,ACTIVE,P1776,SUR-20775,265.98,Registration,SYNTHETIC DEMO DATA — NOT OFFICIAL GOVERNMENT RECORDS
REG-1777,P1777,REGDOC-1777,Karan Dubey 9,2024-07-26,GIFT,3909875.0,ACTIVE,P1777,SUR-20776,312.79,Registration,SYNTHETIC DEMO DATA — NOT OFFICIAL GOVERNMENT RECORDS
REG-1778,P1778,REGDOC-1778,Isha Kulkarni 9,2024-07-25,INHERITANCE,4497375.0,ACTIVE,P1778,SUR-20777,359.79,Registration,SYNTHETIC DEMO DATA — NOT OFFICIAL GOVERNMENT RECORDS
REG-1779,P1779,REGDOC-1779,Mohan Solanki 9,2024-07-24,LEASE,5086500.0,ACTIVE,P1779,SUR-20778,406.92,Registration,SYNTHETIC DEMO DATA — NOT OFFICIAL GOVERNMENT RECORDS
REG-1780,P1780,REGDOC-1780,Rekha Bansal 9,2024-07-23,TRANSFER,5674500.0,ACTIVE,P1780,SUR-20779,453.96,Registration,SYNTHETIC DEMO DATA — NOT OFFICIAL GOVERNMENT RECORDS
REG-1781,P1781,REGDOC-1781,Rahul Sharma 10,2024-07-22,SALE,6258750.0,ACTIVE,P1781,SUR-20780,500.7,Registration,SYNTHETIC DEMO DATA — NOT OFFICIAL GOVERNMENT RECORDS
REG-1782,P1782,REGDOC-1782,Amit Verma 10,2024-07-21,GIFT,6843375.0,ACTIVE,P1782,SUR-20781,547.47,Registration,SYNTHETIC DEMO DATA — NOT OFFICIAL GOVERNMENT RECORDS
REG-1783,P1783,REGDOC-1783,Neha Patel 10,2024-07-20,INHERITANCE,7435250.0,ACTIVE,P1783,SUR-20782,594.82,Registration,SYNTHETIC DEMO DATA — NOT OFFICIAL GOVERNMENT RECORDS
REG-1784,P1784,REGDOC-1784,Priya Singh 10,2024-07-19,LEASE,8013125.0,ACTIVE,P1784,SUR-20783,641.05,Registration,SYNTHETIC DEMO DATA — NOT OFFICIAL GOVERNMENT RECORDS
REG-1785,P1785,REGDOC-1785,Suresh Yadav 10,2024-07-18,TRANSFER,8608625.0,ACTIVE,P1785,SUR-20784,688.69,Registration,SYNTHETIC DEMO DATA — NOT OFFICIAL GOVERNMENT RECORDS
REG-1786,P1786,REGDOC-1786,Anjali Jain 10,2024-07-17,SALE,9192125.0,ACTIVE,P1786,SUR-20785,735.37,Registration,SYNTHETIC DEMO DATA — NOT OFFICIAL GOVERNMENT RECORDS
REG-1787,P1787,REGDOC-1787,Vikram Mehta 10,2024-07-16,GIFT,9785750.0,ACTIVE,P1787,SUR-20786,782.86,Registration,SYNTHETIC DEMO DATA — NOT OFFICIAL GOVERNMENT RECORDS
REG-1788,P1788,REGDOC-1788,Kavita Joshi 10,2024-07-15,INHERITANCE,10363625.0,ACTIVE,P1788,SUR-20787,829.09,Registration,SYNTHETIC DEMO DATA — NOT OFFICIAL GOVERNMENT RECORDS
REG-1789,P1789,REGDOC-1789,Manoj Gupta 10,2024-07-14,LEASE,10961125.0,ACTIVE,P1789,SUR-20788,876.89,Registration,SYNTHETIC DEMO DATA — NOT OFFICIAL GOVERNMENT RECORDS
REG-1790,P1790,REGDOC-1790,Ritu Mishra 10,2024-07-13,TRANSFER,11544500.0,ACTIVE,P1790,SUR-20789,923.56,Registration,SYNTHETIC DEMO DATA — NOT OFFICIAL GOVERNMENT RECORDS
REG-1791,P1791,REGDOC-1791,Arjun Malviya 10,2024-07-12,SALE,12126750.0,ACTIVE,P1791,SUR-20790,970.14,Registration,SYNTHETIC DEMO DATA — NOT OFFICIAL GOVERNMENT RECORDS
REG-1792,P1792,REGDOC-1792,Pooja Thakur 10,2024-07-11,GIFT,12723875.0,ACTIVE,P1792,SUR-20791,1017.91,Registration,SYNTHETIC DEMO DATA — NOT OFFICIAL GOVERNMENT RECORDS
REG-1793,P1793,REGDOC-1793,Nitin Saxena 10,2024-07-10,INHERITANCE,13301625.0,ACTIVE,P1793,SUR-20792,1064.13,Registration,SYNTHETIC DEMO DATA — NOT OFFICIAL GOVERNMENT RECORDS
REG-1794,P1794,REGDOC-1794,Meera Chouhan 10,2024-07-09,LEASE,13897750.0,ACTIVE,P1794,SUR-20793,1111.82,Registration,SYNTHETIC DEMO DATA — NOT OFFICIAL GOVERNMENT RECORDS
REG-1795,P1795,REGDOC-1795,Deepak Tiwari 10,2024-07-08,TRANSFER,14480000.0,ACTIVE,P1795,SUR-20794,1158.4,Registration,SYNTHETIC DEMO DATA — NOT OFFICIAL GOVERNMENT RECORDS
REG-1796,P1796,REGDOC-1796,Sunita Rathore 10,2024-07-07,SALE,15063375.0,ACTIVE,P1796,SUR-20795,1205.07,Registration,SYNTHETIC DEMO DATA — NOT OFFICIAL GOVERNMENT RECORDS
REG-1797,P1797,REGDOC-1797,Karan Dubey 10,2024-07-06,GIFT,15650625.0,ACTIVE,P1797,SUR-20796,1252.05,Registration,SYNTHETIC DEMO DATA — NOT OFFICIAL GOVERNMENT RECORDS
REG-1798,P1798,REGDOC-1798,Isha Kulkarni 10,2024-07-05,INHERITANCE,16243125.0,ACTIVE,P1798,SUR-20797,1299.45,Registration,SYNTHETIC DEMO DATA — NOT OFFICIAL GOVERNMENT RECORDS
REG-1799,P1799,REGDOC-1799,Mohan Solanki 10,2024-07-04,LEASE,16832625.0,ACTIVE,P1799,SUR-20798,1346.61,Registration,SYNTHETIC DEMO DATA — NOT OFFICIAL GOVERNMENT RECORDS
REG-1800,P1800,REGDOC-1800,Rekha Bansal 10,2024-07-03,TRANSFER,17416875.0,ACTIVE,P1800,SUR-20799,1393.35,Registration,SYNTHETIC DEMO DATA — NOT OFFICIAL GOVERNMENT RECORDS
REG-1801,P1801,REGDOC-1801,Rahul Sharma,2024-07-02,SALE,18012250.0,ACTIVE,P1801,SUR-20800,1440.98,Registration,SYNTHETIC DEMO DATA — NOT OFFICIAL GOVERNMENT RECORDS
REG-1802,P1802,REGDOC-1802,Amit Verma,2024-07-01,GIFT,18591500.0,ACTIVE,P1802,SUR-20801,1487.32,Registration,SYNTHETIC DEMO DATA — NOT OFFICIAL GOVERNMENT RECORDS
REG-1803,P1803,REGDOC-1803,Neha Patel,2024-06-30,INHERITANCE,19183375.0,ACTIVE,P1803,SUR-20802,1534.67,Registration,SYNTHETIC DEMO DATA — NOT OFFICIAL GOVERNMENT RECORDS
REG-1804,P1804,REGDOC-1804,Priya Singh,2024-06-29,LEASE,1641125.0,ACTIVE,P1804,SUR-20803,131.29,Registration,SYNTHETIC DEMO DATA — NOT OFFICIAL GOVERNMENT RECORDS
REG-1805,P1805,REGDOC-1805,Suresh Yadav,2024-06-28,TRANSFER,2236125.0,ACTIVE,P1805,SUR-20804,178.89,Registration,SYNTHETIC DEMO DATA — NOT OFFICIAL GOVERNMENT RECORDS
REG-1806,P1806,REGDOC-1806,Anjali Jain,2024-06-27,SALE,2818500.0,ACTIVE,P1806,SUR-20805,225.48,Registration,SYNTHETIC DEMO DATA — NOT OFFICIAL GOVERNMENT RECORDS
REG-1807,P1807,REGDOC-1807,Vikram Mehta,2024-06-26,GIFT,3402500.0,ACTIVE,P1807,SUR-20806,272.2,Registration,SYNTHETIC DEMO DATA — NOT OFFICIAL GOVERNMENT RECORDS
REG-1808,P1808,REGDOC-1808,Kavita Joshi,2024-06-25,INHERITANCE,3988125.0,ACTIVE,P1808,SUR-20807,319.05,Registration,SYNTHETIC DEMO DATA — NOT OFFICIAL GOVERNMENT RECORDS
REG-1809,P1809,REGDOC-1809,Manoj Gupta,2024-06-24,LEASE,4579875.0,ACTIVE,P1809,SUR-20808,366.39,Registration,SYNTHETIC DEMO DATA — NOT OFFICIAL GOVERNMENT RECORDS
REG-1810,P1810,REGDOC-1810,Ritu Mishra,2024-06-23,TRANSFER,5167750.0,ACTIVE,P1810,SUR-20809,413.42,Registration,SYNTHETIC DEMO DATA — NOT OFFICIAL GOVERNMENT RECORDS
REG-1811,P1811,REGDOC-1811,Arjun Malviya,2024-06-22,SALE,5750250.0,ACTIVE,P1811,SUR-20810,460.02,Registration,SYNTHETIC DEMO DATA — NOT OFFICIAL GOVERNMENT RECORDS
REG-1812,P1812,REGDOC-1812,Pooja Thakur,2024-06-21,GIFT,6341750.0,ACTIVE,P1812,SUR-20811,507.34,Registration,SYNTHETIC DEMO DATA — NOT OFFICIAL GOVERNMENT RECORDS
REG-1813,P1813,REGDOC-1813,Nitin Saxena,2024-06-20,INHERITANCE,6928125.0,ACTIVE,P1813,SUR-20812,554.25,Registration,SYNTHETIC DEMO DATA — NOT OFFICIAL GOVERNMENT RECORDS
REG-1814,P1814,REGDOC-1814,Meera Chouhan,2024-06-19,LEASE,7522750.0,ACTIVE,P1814,SUR-20813,601.82,Registration,SYNTHETIC DEMO DATA — NOT OFFICIAL GOVERNMENT RECORDS
REG-1815,P1815,REGDOC-1815,Deepak Tiwari,2024-06-18,TRANSFER,8105125.0,ACTIVE,P1815,SUR-20814,648.41,Registration,SYNTHETIC DEMO DATA — NOT OFFICIAL GOVERNMENT RECORDS
REG-1816,P1816,REGDOC-1816,Sunita Rathore,2024-06-17,SALE,8688375.0,ACTIVE,P1816,SUR-20815,695.07,Registration,SYNTHETIC DEMO DATA — NOT OFFICIAL GOVERNMENT RECORDS
REG-1817,P1817,REGDOC-1817,Karan Dubey,2024-06-16,GIFT,9277500.0,ACTIVE,P1817,SUR-20816,742.2,Registration,SYNTHETIC DEMO DATA — NOT OFFICIAL GOVERNMENT RECORDS
REG-1818,P1818,REGDOC-1818,Isha Kulkarni,2024-06-15,INHERITANCE,9863500.0,ACTIVE,P1818,SUR-20817,789.08,Registration,SYNTHETIC DEMO DATA — NOT OFFICIAL GOVERNMENT RECORDS
REG-1819,P1819,REGDOC-1819,Mohan Solanki,2024-06-14,LEASE,10451875.0,ACTIVE,P1819,SUR-20818,836.15,Registration,SYNTHETIC DEMO DATA — NOT OFFICIAL GOVERNMENT RECORDS
REG-1820,P1820,REGDOC-1820,Rekha Bansal,2024-06-13,TRANSFER,11046375.0,ACTIVE,P1820,SUR-20819,883.71,Registration,SYNTHETIC DEMO DATA — NOT OFFICIAL GOVERNMENT RECORDS
REG-1821,P1821,REGDOC-1821,Rahul Sharma 2,2024-06-12,SALE,11626625.0,ACTIVE,P1821,SUR-20820,930.13,Registration,SYNTHETIC DEMO DATA — NOT OFFICIAL GOVERNMENT RECORDS
REG-1822,P1822,REGDOC-1822,Amit Verma 2,2024-06-11,GIFT,12215250.0,ACTIVE,P1822,SUR-20821,977.22,Registration,SYNTHETIC DEMO DATA — NOT OFFICIAL GOVERNMENT RECORDS
REG-1823,P1823,REGDOC-1823,Neha Patel 2,2024-06-10,INHERITANCE,12811875.0,ACTIVE,P1823,SUR-20822,1024.95,Registration,SYNTHETIC DEMO DATA — NOT OFFICIAL GOVERNMENT RECORDS
REG-1824,P1824,REGDOC-1824,Priya Singh 2,2024-06-09,LEASE,13390000.0,ACTIVE,P1824,SUR-20823,1071.2,Registration,SYNTHETIC DEMO DATA — NOT OFFICIAL GOVERNMENT RECORDS
REG-1825,P1825,REGDOC-1825,Suresh Yadav 2,2024-06-08,TRANSFER,13984750.0,ACTIVE,P1825,SUR-20824,1118.78,Registration,SYNTHETIC DEMO DATA — NOT OFFICIAL GOVERNMENT RECORDS
REG-1826,P1826,REGDOC-1826,Anjali Jain 2,2024-06-07,SALE,14565000.0,ACTIVE,P1826,SUR-20825,1165.2,Registration,SYNTHETIC DEMO DATA — NOT OFFICIAL GOVERNMENT RECORDS
REG-1827,P1827,REGDOC-1827,Vikram Mehta 2,2024-06-06,GIFT,15155625.0,ACTIVE,P1827,SUR-20826,1212.45,Registration,SYNTHETIC DEMO DATA — NOT OFFICIAL GOVERNMENT RECORDS
REG-1828,P1828,REGDOC-1828,Kavita Joshi 2,2024-06-05,INHERITANCE,15743000.0,ACTIVE,P1828,SUR-20827,1259.44,Registration,SYNTHETIC DEMO DATA — NOT OFFICIAL GOVERNMENT RECORDS
REG-1829,P1829,REGDOC-1829,Manoj Gupta 2,2024-06-04,LEASE,16333250.0,ACTIVE,P1829,SUR-20828,1306.66,Registration,SYNTHETIC DEMO DATA — NOT OFFICIAL GOVERNMENT RECORDS
REG-1830,P1830,REGDOC-1830,Ritu Mishra 2,2024-06-03,TRANSFER,16924375.0,ACTIVE,P1830,SUR-20829,1353.95,Registration,SYNTHETIC DEMO DATA — NOT OFFICIAL GOVERNMENT RECORDS
REG-1831,P1831,REGDOC-1831,Arjun Malviya 2,2024-06-02,SALE,17511125.0,ACTIVE,P1831,SUR-20830,1400.89,Registration,SYNTHETIC DEMO DATA — NOT OFFICIAL GOVERNMENT RECORDS
REG-1832,P1832,REGDOC-1832,Pooja Thakur 2,2024-06-01,GIFT,18094125.0,ACTIVE,P1832,SUR-20831,1447.53,Registration,SYNTHETIC DEMO DATA — NOT OFFICIAL GOVERNMENT RECORDS
REG-1833,P1833,REGDOC-1833,Nitin Saxena 2,2024-05-31,INHERITANCE,18684750.0,ACTIVE,P1833,SUR-20832,1494.78,Registration,SYNTHETIC DEMO DATA — NOT OFFICIAL GOVERNMENT RECORDS
REG-1834,P1834,REGDOC-1834,Meera Chouhan 2,2024-05-30,LEASE,1137875.0,ACTIVE,P1834,SUR-20833,91.03,Registration,SYNTHETIC DEMO DATA — NOT OFFICIAL GOVERNMENT RECORDS
REG-1835,P1835,REGDOC-1835,Deepak Tiwari 2,2024-05-29,TRANSFER,1728250.0,ACTIVE,P1835,SUR-20834,138.26,Registration,SYNTHETIC DEMO DATA — NOT OFFICIAL GOVERNMENT RECORDS
REG-1836,P1836,REGDOC-1836,Sunita Rathore 2,2024-05-28,SALE,2318000.0,ACTIVE,P1836,SUR-20835,185.44,Registration,SYNTHETIC DEMO DATA — NOT OFFICIAL GOVERNMENT RECORDS
REG-1837,P1837,REGDOC-1837,Karan Dubey 2,2024-05-27,GIFT,2909500.0,ACTIVE,P1837,SUR-20836,232.76,Registration,SYNTHETIC DEMO DATA — NOT OFFICIAL GOVERNMENT RECORDS
REG-1838,P1838,REGDOC-1838,Isha Kulkarni 2,2024-05-26,INHERITANCE,3492875.0,ACTIVE,P1838,SUR-20837,279.43,Registration,SYNTHETIC DEMO DATA — NOT OFFICIAL GOVERNMENT RECORDS
REG-1839,P1839,REGDOC-1839,Mohan Solanki 2,2024-05-25,LEASE,4076125.0,ACTIVE,P1839,SUR-20838,326.09,Registration,SYNTHETIC DEMO DATA — NOT OFFICIAL GOVERNMENT RECORDS
REG-1840,P1840,REGDOC-1840,Rekha Bansal 2,2024-05-24,TRANSFER,4664125.0,ACTIVE,P1840,SUR-20839,373.13,Registration,SYNTHETIC DEMO DATA — NOT OFFICIAL GOVERNMENT RECORDS
REG-1841,P1841,REGDOC-1841,Rahul Sharma 3,2024-05-23,SALE,5255000.0,ACTIVE,P1841,SUR-20840,420.4,Registration,SYNTHETIC DEMO DATA — NOT OFFICIAL GOVERNMENT RECORDS
REG-1842,P1842,REGDOC-1842,Amit Verma 3,2024-05-22,GIFT,5849125.0,ACTIVE,P1842,SUR-20841,467.93,Registration,SYNTHETIC DEMO DATA — NOT OFFICIAL GOVERNMENT RECORDS
REG-1843,P1843,REGDOC-1843,Neha Patel 3,2024-05-21,INHERITANCE,6425500.0,ACTIVE,P1843,SUR-20842,514.04,Registration,SYNTHETIC DEMO DATA — NOT OFFICIAL GOVERNMENT RECORDS
REG-1844,P1844,REGDOC-1844,Priya Singh 3,2024-05-20,LEASE,7023625.0,ACTIVE,P1844,SUR-20843,561.89,Registration,SYNTHETIC DEMO DATA — NOT OFFICIAL GOVERNMENT RECORDS
REG-1845,P1845,REGDOC-1845,Suresh Yadav 3,2024-05-19,TRANSFER,7610500.0,ACTIVE,P1845,SUR-20844,608.84,Registration,SYNTHETIC DEMO DATA — NOT OFFICIAL GOVERNMENT RECORDS
REG-1846,P1846,REGDOC-1846,Anjali Jain 3,2024-05-18,SALE,8188625.0,ACTIVE,P1846,SUR-20845,655.09,Registration,SYNTHETIC DEMO DATA — NOT OFFICIAL GOVERNMENT RECORDS
REG-1847,P1847,REGDOC-1847,Vikram Mehta 3,2024-05-17,GIFT,8786375.0,ACTIVE,P1847,SUR-20846,702.91,Registration,SYNTHETIC DEMO DATA — NOT OFFICIAL GOVERNMENT RECORDS
REG-1848,P1848,REGDOC-1848,Kavita Joshi 3,2024-05-16,INHERITANCE,9366000.0,ACTIVE,P1848,SUR-20847,749.28,Registration,SYNTHETIC DEMO DATA — NOT OFFICIAL GOVERNMENT RECORDS
REG-1849,P1849,REGDOC-1849,Manoj Gupta 3,2024-05-15,LEASE,9952000.0,ACTIVE,P1849,SUR-20848,796.16,Registration,SYNTHETIC DEMO DATA — NOT OFFICIAL GOVERNMENT RECORDS
REG-1850,P1850,REGDOC-1850,Ritu Mishra 3,2024-05-14,TRANSFER,10539500.0,ACTIVE,P1850,SUR-20849,843.16,Registration,SYNTHETIC DEMO DATA — NOT OFFICIAL GOVERNMENT RECORDS
REG-1851,P1851,REGDOC-1851,Arjun Malviya 3,2024-05-13,SALE,11136875.0,ACTIVE,P1851,SUR-20850,890.95,Registration,SYNTHETIC DEMO DATA — NOT OFFICIAL GOVERNMENT RECORDS
REG-1852,P1852,REGDOC-1852,Pooja Thakur 3,2024-05-12,GIFT,11720750.0,ACTIVE,P1852,SUR-20851,937.66,Registration,SYNTHETIC DEMO DATA — NOT OFFICIAL GOVERNMENT RECORDS
REG-1853,P1853,REGDOC-1853,Nitin Saxena 3,2024-05-11,INHERITANCE,12306625.0,ACTIVE,P1853,SUR-20852,984.53,Registration,SYNTHETIC DEMO DATA — NOT OFFICIAL GOVERNMENT RECORDS
REG-1854,P1854,REGDOC-1854,Meera Chouhan 3,2024-05-10,LEASE,12889500.0,ACTIVE,P1854,SUR-20853,1031.16,Registration,SYNTHETIC DEMO DATA — NOT OFFICIAL GOVERNMENT RECORDS
REG-1855,P1855,REGDOC-1855,Deepak Tiwari 3,2024-05-09,TRANSFER,13475000.0,ACTIVE,P1855,SUR-20854,1078.0,Registration,SYNTHETIC DEMO DATA — NOT OFFICIAL GOVERNMENT RECORDS
REG-1856,P1856,REGDOC-1856,Sunita Rathore 3,2024-05-08,SALE,14066375.0,ACTIVE,P1856,SUR-20855,1125.31,Registration,SYNTHETIC DEMO DATA — NOT OFFICIAL GOVERNMENT RECORDS
REG-1857,P1857,REGDOC-1857,Karan Dubey 3,2024-05-07,GIFT,14656125.0,ACTIVE,P1857,SUR-20856,1172.49,Registration,SYNTHETIC DEMO DATA — NOT OFFICIAL GOVERNMENT RECORDS
REG-1858,P1858,REGDOC-1858,Isha Kulkarni 3,2024-05-06,INHERITANCE,15244000.0,ACTIVE,P1858,SUR-20857,1219.52,Registration,SYNTHETIC DEMO DATA — NOT OFFICIAL GOVERNMENT RECORDS
REG-1859,P1859,REGDOC-1859,Mohan Solanki 3,2024-05-05,LEASE,15834750.0,ACTIVE,P1859,SUR-20858,1266.78,Registration,SYNTHETIC DEMO DATA — NOT OFFICIAL GOVERNMENT RECORDS
REG-1860,P1860,REGDOC-1860,Rekha Bansal 3,2024-05-04,TRANSFER,16416500.0,ACTIVE,P1860,SUR-20859,1313.32,Registration,SYNTHETIC DEMO DATA — NOT OFFICIAL GOVERNMENT RECORDS
REG-1861,P1861,REGDOC-1861,Rahul Sharma 4,2024-05-03,SALE,17011500.0,ACTIVE,P1861,SUR-20860,1360.92,Registration,SYNTHETIC DEMO DATA — NOT OFFICIAL GOVERNMENT RECORDS
REG-1862,P1862,REGDOC-1862,Amit Verma 4,2024-05-02,GIFT,17592875.0,ACTIVE,P1862,SUR-20861,1407.43,Registration,SYNTHETIC DEMO DATA — NOT OFFICIAL GOVERNMENT RECORDS
REG-1863,P1863,REGDOC-1863,Neha Patel 4,2024-05-01,INHERITANCE,18180875.0,ACTIVE,P1863,SUR-20862,1454.47,Registration,SYNTHETIC DEMO DATA — NOT OFFICIAL GOVERNMENT RECORDS
REG-1864,P1864,REGDOC-1864,Priya Singh 4,2024-04-30,LEASE,18770625.0,ACTIVE,P1864,SUR-20863,1501.65,Registration,SYNTHETIC DEMO DATA — NOT OFFICIAL GOVERNMENT RECORDS
REG-1865,P1865,REGDOC-1865,Suresh Yadav 4,2024-04-29,TRANSFER,1236625.0,ACTIVE,P1865,SUR-20864,98.93,Registration,SYNTHETIC DEMO DATA — NOT OFFICIAL GOVERNMENT RECORDS
REG-1866,P1866,REGDOC-1866,Anjali Jain 4,2024-04-28,SALE,1818125.0,ACTIVE,P1866,SUR-20865,145.45,Registration,SYNTHETIC DEMO DATA — NOT OFFICIAL GOVERNMENT RECORDS
REG-1867,P1867,REGDOC-1867,Vikram Mehta 4,2024-04-27,GIFT,2408375.0,ACTIVE,P1867,SUR-20866,192.67,Registration,SYNTHETIC DEMO DATA — NOT OFFICIAL GOVERNMENT RECORDS
REG-1868,P1868,REGDOC-1868,Kavita Joshi 4,2024-04-26,INHERITANCE,2994000.0,ACTIVE,P1868,SUR-20867,239.52,Registration,SYNTHETIC DEMO DATA — NOT OFFICIAL GOVERNMENT RECORDS
REG-1869,P1869,REGDOC-1869,Manoj Gupta 4,2024-04-25,LEASE,3576875.0,ACTIVE,P1869,SUR-20868,286.15,Registration,SYNTHETIC DEMO DATA — NOT OFFICIAL GOVERNMENT RECORDS
REG-1870,P1870,REGDOC-1870,Ritu Mishra 4,2024-04-24,TRANSFER,4163625.0,ACTIVE,P1870,SUR-20869,333.09,Registration,SYNTHETIC DEMO DATA — NOT OFFICIAL GOVERNMENT RECORDS
REG-1871,P1871,REGDOC-1871,Arjun Malviya 4,2024-04-23,SALE,4757750.0,ACTIVE,P1871,SUR-20870,380.62,Registration,SYNTHETIC DEMO DATA — NOT OFFICIAL GOVERNMENT RECORDS
REG-1872,P1872,REGDOC-1872,Pooja Thakur 4,2024-04-22,GIFT,5344875.0,ACTIVE,P1872,SUR-20871,427.59,Registration,SYNTHETIC DEMO DATA — NOT OFFICIAL GOVERNMENT RECORDS
REG-1873,P1873,REGDOC-1873,Nitin Saxena 4,2024-04-21,INHERITANCE,5928750.0,ACTIVE,P1873,SUR-20872,474.3,Registration,SYNTHETIC DEMO DATA — NOT OFFICIAL GOVERNMENT RECORDS
REG-1874,P1874,REGDOC-1874,Meera Chouhan 4,2024-04-20,LEASE,6515000.0,ACTIVE,P1874,SUR-20873,521.2,Registration,SYNTHETIC DEMO DATA — NOT OFFICIAL GOVERNMENT RECORDS
REG-1875,P1875,REGDOC-1875,Deepak Tiwari 4,2024-04-19,TRANSFER,7107500.0,ACTIVE,P1875,SUR-20874,568.6,Registration,SYNTHETIC DEMO DATA — NOT OFFICIAL GOVERNMENT RECORDS
REG-1876,P1876,REGDOC-1876,Sunita Rathore 4,2024-04-18,SALE,7691500.0,ACTIVE,P1876,SUR-20875,615.32,Registration,SYNTHETIC DEMO DATA — NOT OFFICIAL GOVERNMENT RECORDS
REG-1877,P1877,REGDOC-1877,Karan Dubey 4,2024-04-17,GIFT,8283375.0,ACTIVE,P1877,SUR-20876,662.67,Registration,SYNTHETIC DEMO DATA — NOT OFFICIAL GOVERNMENT RECORDS
REG-1878,P1878,REGDOC-1878,Isha Kulkarni 4,2024-04-16,INHERITANCE,8865750.0,ACTIVE,P1878,SUR-20877,709.26,Registration,SYNTHETIC DEMO DATA — NOT OFFICIAL GOVERNMENT RECORDS
REG-1879,P1879,REGDOC-1879,Mohan Solanki 4,2024-04-15,LEASE,9460000.0,ACTIVE,P1879,SUR-20878,756.8,Registration,SYNTHETIC DEMO DATA — NOT OFFICIAL GOVERNMENT RECORDS
REG-1880,P1880,REGDOC-1880,Rekha Bansal 4,2024-04-14,TRANSFER,10038375.0,ACTIVE,P1880,SUR-20879,803.07,Registration,SYNTHETIC DEMO DATA — NOT OFFICIAL GOVERNMENT RECORDS
REG-1881,P1881,REGDOC-1881,Rahul Sharma 5,2024-04-13,SALE,10630500.0,ACTIVE,P1881,SUR-20880,850.44,Registration,SYNTHETIC DEMO DATA — NOT OFFICIAL GOVERNMENT RECORDS
REG-1882,P1882,REGDOC-1882,Amit Verma 5,2024-04-12,GIFT,11224250.0,ACTIVE,P1882,SUR-20881,897.94,Registration,SYNTHETIC DEMO DATA — NOT OFFICIAL GOVERNMENT RECORDS
REG-1883,P1883,REGDOC-1883,Neha Patel 5,2024-04-11,INHERITANCE,11800625.0,ACTIVE,P1883,SUR-20882,944.05,Registration,SYNTHETIC DEMO DATA — NOT OFFICIAL GOVERNMENT RECORDS
REG-1884,P1884,REGDOC-1884,Priya Singh 5,2024-04-10,LEASE,12397750.0,ACTIVE,P1884,SUR-20883,991.82,Registration,SYNTHETIC DEMO DATA — NOT OFFICIAL GOVERNMENT RECORDS
REG-1885,P1885,REGDOC-1885,Suresh Yadav 5,2024-04-09,TRANSFER,12982750.0,ACTIVE,P1885,SUR-20884,1038.62,Registration,SYNTHETIC DEMO DATA — NOT OFFICIAL GOVERNMENT RECORDS
REG-1886,P1886,REGDOC-1886,Anjali Jain 5,2024-04-08,SALE,13566625.0,ACTIVE,P1886,SUR-20885,1085.33,Registration,SYNTHETIC DEMO DATA — NOT OFFICIAL GOVERNMENT RECORDS
REG-1887,P1887,REGDOC-1887,Vikram Mehta 5,2024-04-07,GIFT,14154500.0,ACTIVE,P1887,SUR-20886,1132.36,Registration,SYNTHETIC DEMO DATA — NOT OFFICIAL GOVERNMENT RECORDS
REG-1888,P1888,REGDOC-1888,Kavita Joshi 5,2024-04-06,INHERITANCE,14740250.0,ACTIVE,P1888,SUR-20887,1179.22,Registration,SYNTHETIC DEMO DATA — NOT OFFICIAL GOVERNMENT RECORDS
REG-1889,P1889,REGDOC-1889,Manoj Gupta 5,2024-04-05,LEASE,15333000.0,ACTIVE,P1889,SUR-20888,1226.64,Registration,SYNTHETIC DEMO DATA — NOT OFFICIAL GOVERNMENT RECORDS
REG-1890,P1890,REGDOC-1890,Ritu Mishra 5,2024-04-04,TRANSFER,15915125.0,ACTIVE,P1890,SUR-20889,1273.21,Registration,SYNTHETIC DEMO DATA — NOT OFFICIAL GOVERNMENT RECORDS
REG-1891,P1891,REGDOC-1891,Arjun Malviya 5,2024-04-03,SALE,16512125.0,ACTIVE,P1891,SUR-20890,1320.97,Registration,SYNTHETIC DEMO DATA — NOT OFFICIAL GOVERNMENT RECORDS
REG-1892,P1892,REGDOC-1892,Pooja Thakur 5,2024-04-02,GIFT,17096875.0,ACTIVE,P1892,SUR-20891,1367.75,Registration,SYNTHETIC DEMO DATA — NOT OFFICIAL GOVERNMENT RECORDS
REG-1893,P1893,REGDOC-1893,Nitin Saxena 5,2024-04-01,INHERITANCE,17679500.0,ACTIVE,P1893,SUR-20892,1414.36,Registration,SYNTHETIC DEMO DATA — NOT OFFICIAL GOVERNMENT RECORDS
REG-1894,P1894,REGDOC-1894,Meera Chouhan 5,2024-03-31,LEASE,18270625.0,ACTIVE,P1894,SUR-20893,1461.65,Registration,SYNTHETIC DEMO DATA — NOT OFFICIAL GOVERNMENT RECORDS
REG-1895,P1895,REGDOC-1895,Deepak Tiwari 5,2024-03-30,TRANSFER,18854750.0,ACTIVE,P1895,SUR-20894,1508.38,Registration,SYNTHETIC DEMO DATA — NOT OFFICIAL GOVERNMENT RECORDS
REG-1896,P1896,REGDOC-1896,Sunita Rathore 5,2024-03-29,SALE,1314375.0,ACTIVE,P1896,SUR-20895,105.15,Registration,SYNTHETIC DEMO DATA — NOT OFFICIAL GOVERNMENT RECORDS
REG-1897,P1897,REGDOC-1897,Karan Dubey 5,2024-03-28,GIFT,1906250.0,ACTIVE,P1897,SUR-20896,152.5,Registration,SYNTHETIC DEMO DATA — NOT OFFICIAL GOVERNMENT RECORDS
REG-1898,P1898,REGDOC-1898,Isha Kulkarni 5,2024-03-27,INHERITANCE,2488125.0,ACTIVE,P1898,SUR-20897,199.05,Registration,SYNTHETIC DEMO DATA — NOT OFFICIAL GOVERNMENT RECORDS
REG-1899,P1899,REGDOC-1899,Mohan Solanki 5,2024-03-26,LEASE,3079625.0,ACTIVE,P1899,SUR-20898,246.37,Registration,SYNTHETIC DEMO DATA — NOT OFFICIAL GOVERNMENT RECORDS
REG-1900,P1900,REGDOC-1900,Rekha Bansal 5,2024-03-25,TRANSFER,3671750.0,ACTIVE,P1900,SUR-20899,293.74,Registration,SYNTHETIC DEMO DATA — NOT OFFICIAL GOVERNMENT RECORDS
REG-1901,P1901,REGDOC-1901,Rahul Sharma 6,2024-03-24,SALE,4259000.0,ACTIVE,P1901,SUR-20900,340.72,Registration,SYNTHETIC DEMO DATA — NOT OFFICIAL GOVERNMENT RECORDS
REG-1902,P1902,REGDOC-1902,Amit Verma 6,2024-03-23,GIFT,4844750.0,ACTIVE,P1902,SUR-20901,387.58,Registration,SYNTHETIC DEMO DATA — NOT OFFICIAL GOVERNMENT RECORDS
REG-1903,P1903,REGDOC-1903,Neha Patel 6,2024-03-22,INHERITANCE,5432875.0,ACTIVE,P1903,SUR-20902,434.63,Registration,SYNTHETIC DEMO DATA — NOT OFFICIAL GOVERNMENT RECORDS
REG-1904,P1904,REGDOC-1904,Priya Singh 6,2024-03-21,LEASE,6013000.0,ACTIVE,P1904,SUR-20903,481.04,Registration,SYNTHETIC DEMO DATA — NOT OFFICIAL GOVERNMENT RECORDS
REG-1905,P1905,REGDOC-1905,Suresh Yadav 6,2024-03-20,TRANSFER,6606875.0,ACTIVE,P1905,SUR-20904,528.55,Registration,SYNTHETIC DEMO DATA — NOT OFFICIAL GOVERNMENT RECORDS
REG-1906,P1906,REGDOC-1906,Anjali Jain 6,2024-03-19,SALE,7189625.0,ACTIVE,P1906,SUR-20905,575.17,Registration,SYNTHETIC DEMO DATA — NOT OFFICIAL GOVERNMENT RECORDS
REG-1907,P1907,REGDOC-1907,Vikram Mehta 6,2024-03-18,GIFT,7786625.0,ACTIVE,P1907,SUR-20906,622.93,Registration,SYNTHETIC DEMO DATA — NOT OFFICIAL GOVERNMENT RECORDS
REG-1908,P1908,REGDOC-1908,Kavita Joshi 6,2024-03-17,INHERITANCE,8370500.0,ACTIVE,P1908,SUR-20907,669.64,Registration,SYNTHETIC DEMO DATA — NOT OFFICIAL GOVERNMENT RECORDS
REG-1909,P1909,REGDOC-1909,Manoj Gupta 6,2024-03-16,LEASE,8954500.0,ACTIVE,P1909,SUR-20908,716.36,Registration,SYNTHETIC DEMO DATA — NOT OFFICIAL GOVERNMENT RECORDS
REG-1910,P1910,REGDOC-1910,Ritu Mishra 6,2024-03-15,TRANSFER,9540875.0,ACTIVE,P1910,SUR-20909,763.27,Registration,SYNTHETIC DEMO DATA — NOT OFFICIAL GOVERNMENT RECORDS
REG-1911,P1911,REGDOC-1911,Arjun Malviya 6,2024-03-14,SALE,10128375.0,ACTIVE,P1911,SUR-20910,810.27,Registration,SYNTHETIC DEMO DATA — NOT OFFICIAL GOVERNMENT RECORDS
REG-1912,P1912,REGDOC-1912,Pooja Thakur 6,2024-03-13,GIFT,10722750.0,ACTIVE,P1912,SUR-20911,857.82,Registration,SYNTHETIC DEMO DATA — NOT OFFICIAL GOVERNMENT RECORDS
REG-1913,P1913,REGDOC-1913,Nitin Saxena 6,2024-03-12,INHERITANCE,11311250.0,ACTIVE,P1913,SUR-20912,904.9,Registration,SYNTHETIC DEMO DATA — NOT OFFICIAL GOVERNMENT RECORDS
REG-1914,P1914,REGDOC-1914,Meera Chouhan 6,2024-03-11,LEASE,11895750.0,ACTIVE,P1914,SUR-20913,951.66,Registration,SYNTHETIC DEMO DATA — NOT OFFICIAL GOVERNMENT RECORDS
REG-1915,P1915,REGDOC-1915,Deepak Tiwari 6,2024-03-10,TRANSFER,12485000.0,ACTIVE,P1915,SUR-20914,998.8,Registration,SYNTHETIC DEMO DATA — NOT OFFICIAL GOVERNMENT RECORDS
REG-1916,P1916,REGDOC-1916,Sunita Rathore 6,2024-03-09,SALE,13072500.0,ACTIVE,P1916,SUR-20915,1045.8,Registration,SYNTHETIC DEMO DATA — NOT OFFICIAL GOVERNMENT RECORDS
REG-1917,P1917,REGDOC-1917,Karan Dubey 6,2024-03-08,GIFT,13662000.0,ACTIVE,P1917,SUR-20916,1092.96,Registration,SYNTHETIC DEMO DATA — NOT OFFICIAL GOVERNMENT RECORDS
REG-1918,P1918,REGDOC-1918,Isha Kulkarni 6,2024-03-07,INHERITANCE,14243125.0,ACTIVE,P1918,SUR-20917,1139.45,Registration,SYNTHETIC DEMO DATA — NOT OFFICIAL GOVERNMENT RECORDS
REG-1919,P1919,REGDOC-1919,Mohan Solanki 6,2024-03-06,LEASE,14828375.0,ACTIVE,P1919,SUR-20918,1186.27,Registration,SYNTHETIC DEMO DATA — NOT OFFICIAL GOVERNMENT RECORDS
REG-1920,P1920,REGDOC-1920,Rekha Bansal 6,2024-03-05,TRANSFER,15413125.0,ACTIVE,P1920,SUR-20919,1233.05,Registration,SYNTHETIC DEMO DATA — NOT OFFICIAL GOVERNMENT RECORDS
REG-1921,P1921,REGDOC-1921,Rahul Sharma 7,2024-03-04,SALE,16002375.0,ACTIVE,P1921,SUR-20920,1280.19,Registration,SYNTHETIC DEMO DATA — NOT OFFICIAL GOVERNMENT RECORDS
REG-1922,P1922,REGDOC-1922,Amit Verma 7,2024-03-03,GIFT,16595625.0,ACTIVE,P1922,SUR-20921,1327.65,Registration,SYNTHETIC DEMO DATA — NOT OFFICIAL GOVERNMENT RECORDS
REG-1923,P1923,REGDOC-1923,Neha Patel 7,2024-03-02,INHERITANCE,17176000.0,ACTIVE,P1923,SUR-20922,1374.08,Registration,SYNTHETIC DEMO DATA — NOT OFFICIAL GOVERNMENT RECORDS
REG-1924,P1924,REGDOC-1924,Priya Singh 7,2024-03-01,LEASE,17766000.0,ACTIVE,P1924,SUR-20923,1421.28,Registration,SYNTHETIC DEMO DATA — NOT OFFICIAL GOVERNMENT RECORDS
REG-1925,P1925,REGDOC-1925,Suresh Yadav 7,2024-02-29,TRANSFER,18352625.0,ACTIVE,P1925,SUR-20924,1468.21,Registration,SYNTHETIC DEMO DATA — NOT OFFICIAL GOVERNMENT RECORDS
REG-1926,P1926,REGDOC-1926,Anjali Jain 7,2024-02-28,SALE,18943375.0,ACTIVE,P1926,SUR-20925,1515.47,Registration,SYNTHETIC DEMO DATA — NOT OFFICIAL GOVERNMENT RECORDS
REG-1927,P1927,REGDOC-1927,Vikram Mehta 7,2024-02-27,GIFT,1402875.0,ACTIVE,P1927,SUR-20926,112.23,Registration,SYNTHETIC DEMO DATA — NOT OFFICIAL GOVERNMENT RECORDS
REG-1928,P1928,REGDOC-1928,Kavita Joshi 7,2024-02-26,INHERITANCE,1998875.0,ACTIVE,P1928,SUR-20927,159.91,Registration,SYNTHETIC DEMO DATA — NOT OFFICIAL GOVERNMENT RECORDS
REG-1929,P1929,REGDOC-1929,Manoj Gupta 7,2024-02-25,LEASE,2585000.0,ACTIVE,P1929,SUR-20928,206.8,Registration,SYNTHETIC DEMO DATA — NOT OFFICIAL GOVERNMENT RECORDS
REG-1930,P1930,REGDOC-1930,Ritu Mishra 7,2024-02-24,TRANSFER,3162625.0,ACTIVE,P1930,SUR-20929,253.01,Registration,SYNTHETIC DEMO DATA — NOT OFFICIAL GOVERNMENT RECORDS
REG-1931,P1931,REGDOC-1931,Arjun Malviya 7,2024-02-23,SALE,3751125.0,ACTIVE,P1931,SUR-20930,300.09,Registration,SYNTHETIC DEMO DATA — NOT OFFICIAL GOVERNMENT RECORDS
REG-1932,P1932,REGDOC-1932,Pooja Thakur 7,2024-02-22,GIFT,4348375.0,ACTIVE,P1932,SUR-20931,347.87,Registration,SYNTHETIC DEMO DATA — NOT OFFICIAL GOVERNMENT RECORDS
REG-1933,P1933,REGDOC-1933,Nitin Saxena 7,2024-02-21,INHERITANCE,4933125.0,ACTIVE,P1933,SUR-20932,394.65,Registration,SYNTHETIC DEMO DATA — NOT OFFICIAL GOVERNMENT RECORDS
REG-1934,P1934,REGDOC-1934,Meera Chouhan 7,2024-02-20,LEASE,5521125.0,ACTIVE,P1934,SUR-20933,441.69,Registration,SYNTHETIC DEMO DATA — NOT OFFICIAL GOVERNMENT RECORDS
REG-1935,P1935,REGDOC-1935,Deepak Tiwari 7,2024-02-19,TRANSFER,6109500.0,ACTIVE,P1935,SUR-20934,488.76,Registration,SYNTHETIC DEMO DATA — NOT OFFICIAL GOVERNMENT RECORDS
REG-1936,P1936,REGDOC-1936,Sunita Rathore 7,2024-02-18,SALE,6692250.0,ACTIVE,P1936,SUR-20935,535.38,Registration,SYNTHETIC DEMO DATA — NOT OFFICIAL GOVERNMENT RECORDS
REG-1937,P1937,REGDOC-1937,Karan Dubey 7,2024-02-17,GIFT,7281250.0,ACTIVE,P1937,SUR-20936,582.5,Registration,SYNTHETIC DEMO DATA — NOT OFFICIAL GOVERNMENT RECORDS
REG-1938,P1938,REGDOC-1938,Isha Kulkarni 7,2024-02-16,INHERITANCE,7870500.0,ACTIVE,P1938,SUR-20937,629.64,Registration,SYNTHETIC DEMO DATA — NOT OFFICIAL GOVERNMENT RECORDS
REG-1939,P1939,REGDOC-1939,Mohan Solanki 7,2024-02-15,LEASE,8450125.0,ACTIVE,P1939,SUR-20938,676.01,Registration,SYNTHETIC DEMO DATA — NOT OFFICIAL GOVERNMENT RECORDS
REG-1940,P1940,REGDOC-1940,Rekha Bansal 7,2024-02-14,TRANSFER,9042375.0,ACTIVE,P1940,SUR-20939,723.39,Registration,SYNTHETIC DEMO DATA — NOT OFFICIAL GOVERNMENT RECORDS
REG-1941,P1941,REGDOC-1941,Rahul Sharma 8,2024-02-13,SALE,9631125.0,ACTIVE,P1941,SUR-20940,770.49,Registration,SYNTHETIC DEMO DATA — NOT OFFICIAL GOVERNMENT RECORDS
REG-1942,P1942,REGDOC-1942,Amit Verma 8,2024-02-12,GIFT,10222750.0,ACTIVE,P1942,SUR-20941,817.82,Registration,SYNTHETIC DEMO DATA — NOT OFFICIAL GOVERNMENT RECORDS
REG-1943,P1943,REGDOC-1943,Neha Patel 8,2024-02-11,INHERITANCE,10810125.0,ACTIVE,P1943,SUR-20942,864.81,Registration,SYNTHETIC DEMO DATA — NOT OFFICIAL GOVERNMENT RECORDS
REG-1944,P1944,REGDOC-1944,Priya Singh 8,2024-02-10,LEASE,11388250.0,ACTIVE,P1944,SUR-20943,911.06,Registration,SYNTHETIC DEMO DATA — NOT OFFICIAL GOVERNMENT RECORDS
REG-1945,P1945,REGDOC-1945,Suresh Yadav 8,2024-02-09,TRANSFER,11985000.0,ACTIVE,P1945,SUR-20944,958.8,Registration,SYNTHETIC DEMO DATA — NOT OFFICIAL GOVERNMENT RECORDS
REG-1946,P1946,REGDOC-1946,Anjali Jain 8,2024-02-08,SALE,12571125.0,ACTIVE,P1946,SUR-20945,1005.69,Registration,SYNTHETIC DEMO DATA — NOT OFFICIAL GOVERNMENT RECORDS
REG-1947,P1947,REGDOC-1947,Vikram Mehta 8,2024-02-07,GIFT,13153875.0,ACTIVE,P1947,SUR-20946,1052.31,Registration,SYNTHETIC DEMO DATA — NOT OFFICIAL GOVERNMENT RECORDS
REG-1948,P1948,REGDOC-1948,Kavita Joshi 8,2024-02-06,INHERITANCE,13742375.0,ACTIVE,P1948,SUR-20947,1099.39,Registration,SYNTHETIC DEMO DATA — NOT OFFICIAL GOVERNMENT RECORDS
REG-1949,P1949,REGDOC-1949,Manoj Gupta 8,2024-02-05,LEASE,14330125.0,ACTIVE,P1949,SUR-20948,1146.41,Registration,SYNTHETIC DEMO DATA — NOT OFFICIAL GOVERNMENT RECORDS
REG-1950,P1950,REGDOC-1950,Ritu Mishra 8,2024-02-04,TRANSFER,14923625.0,ACTIVE,P1950,SUR-20949,1193.89,Registration,SYNTHETIC DEMO DATA — NOT OFFICIAL GOVERNMENT RECORDS
