source_record_id,property_id,parcel_id,owner_name,survey_number,khasra_number,area_sq_m,land_use,village,tehsil,district,record_status,dataset_version,created_at,updated_at,data_type
REV-1001,P1001,P1001,Rahul K Sharma,SUR-20000,KHA-50000,90.88,Residential,Sanchi Road,Vidisha,Vidisha,CURRENT,v1.0,2026-09-10T12:00:00,2026-09-10T12:00:00,SYNTHETIC DEMO DATA — NOT OFFICIAL GOVERNMENT RECORDS
REV-1002,P1002,P1002,Amit Verma,SUR-20001,KHA-50001,137.25,Commercial,Betwa Nagar,Vidisha,Vidisha,CURRENT,v1.0,2026-09-09T12:00:00,2026-09-10T12:00:00,SYNTHETIC DEMO DATA — NOT OFFICIAL GOVERNMENT RECORDS
REV-1003,P1003,P1003,Neha Patel,SUR-20002,KHA-50002,184.16,Industrial,Ganj Basoda Road,Vidisha,Vidisha,CURRENT,v1.0,2026-09-08T12:00:00,2026-09-10T12:00:00,SYNTHETIC DEMO DATA — NOT OFFICIAL GOVERNMENT RECORDS
REV-1004,P1004,P1004,Priya Singh,SUR-20003,KHA-50003,231.68,Agricultural,Civil Lines Extension,Vidisha,Vidisha,CURRENT,v1.0,2026-09-07T12:00:00,2026-09-10T12:00:00,SYNTHETIC DEMO DATA — NOT OFFICIAL GOVERNMENT RECORDS
REV-1005,P1005,P1005,Suresh Yadav,SUR-20004,KHA-50004,278.72,Institutional,Kachhi Khedi,Vidisha,Vidisha,CURRENT,v1.0,2026-09-06T12:00:00,2026-09-10T12:00:00,SYNTHETIC DEMO DATA — NOT OFFICIAL GOVERNMENT RECORDS
REV-1006,P1006,P1006,Anjali Jain,SUR-20005,KHA-50005,325.57,Mixed Use,Madhav Nagar,Vidisha,Vidisha,CURRENT,v1.0,2026-09-05T12:00:00,2026-09-10T12:00:00,SYNTHETIC DEMO DATA — NOT OFFICIAL GOVERNMENT RECORDS
REV-1007,P1007,P1007,Vikram Mehta,SUR-20006,KHA-50006,372.83,Vacant Land,Raisen Link,Vidisha,Vidisha,CURRENT,v1.0,2026-09-04T12:00:00,2026-09-10T12:00:00,SYNTHETIC DEMO DATA — NOT OFFICIAL GOVERNMENT RECORDS
REV-1008,P1008,P1008,Kavita Joshi,SUR-20007,KHA-50007,419.09,Public/Semi-Public,Vidisha Urban,Vidisha,Vidisha,CURRENT,v1.0,2026-09-03T12:00:00,2026-09-10T12:00:00,SYNTHETIC DEMO DATA — NOT OFFICIAL GOVERNMENT RECORDS
REV-1009,P1009,P1009,Manoj Gupta,SUR-20008,KHA-50008,466.19,Residential,Sanchi Road,Vidisha,Vidisha,CURRENT,v1.0,2026-09-02T12:00:00,2026-09-10T12:00:00,SYNTHETIC DEMO DATA — NOT OFFICIAL GOVERNMENT RECORDS
REV-1010,P1010,P1010,Ritu K Mishra,SUR-20009,KHA-50009,513.13,Commercial,Betwa Nagar,Vidisha,Vidisha,CURRENT,v1.0,2026-09-01T12:00:00,2026-09-10T12:00:00,SYNTHETIC DEMO DATA — NOT OFFICIAL GOVERNMENT RECORDS
REV-1011,P1011,P1011,Arjun Malviya,SUR-20010,KHA-50010,560.69,Industrial,Ganj Basoda Road,Vidisha,Vidisha,CURRENT,v1.0,2026-08-31T12:00:00,2026-09-10T12:00:00,SYNTHETIC DEMO DATA — NOT OFFICIAL GOVERNMENT RECORDS
REV-1012,P1012,P1012,Pooja Thakur,SUR-20011,KHA-50011,607.79,Agricultural,Civil Lines Extension,Vidisha,Vidisha,CURRENT,v1.0,2026-08-30T12:00:00,2026-09-10T12:00:00,SYNTHETIC DEMO DATA — NOT OFFICIAL GOVERNMENT RECORDS
REV-1013,P1013,P1013,Nitin Saxena,SUR-20012,KHA-50012,654.36,Institutional,Kachhi Khedi,Vidisha,Vidisha,CURRENT,v1.0,2026-08-29T12:00:00,2026-09-10T12:00:00,SYNTHETIC DEMO DATA — NOT OFFICIAL GOVERNMENT RECORDS
REV-1014,P1014,P1014,Meera Chouhan,SUR-20013,KHA-50013,701.09,Mixed Use,Madhav Nagar,Vidisha,Vidisha,CURRENT,v1.0,2026-08-28T12:00:00,2026-09-10T12:00:00,SYNTHETIC DEMO DATA — NOT OFFICIAL GOVERNMENT RECORDS
REV-1015,P1015,P1015,Deepak Tiwari,SUR-20014,KHA-50014,748.74,Vacant Land,Raisen Link,Vidisha,Vidisha,CURRENT,v1.0,2026-08-27T12:00:00,2026-09-10T12:00:00,SYNTHETIC DEMO DATA — NOT OFFICIAL GOVERNMENT RECORDS
REV-1016,P1016,P1016,Sunita Rathore,SUR-20015,KHA-50015,795.25,Public/Semi-Public,Vidisha Urban,Vidisha,Vidisha,CURRENT,v1.0,2026-08-26T12:00:00,2026-09-10T12:00:00,SYNTHETIC DEMO DATA — NOT OFFICIAL GOVERNMENT RECORDS
REV-1017,P1017,P1017,Karan Dubey,SUR-20016,KHA-50016,842.14,Residential,Sanchi Road,Vidisha,Vidisha,CURRENT,v1.0,2026-08-25T12:00:00,2026-09-10T12:00:00,SYNTHETIC DEMO DATA — NOT OFFICIAL GOVERNMENT RECORDS
REV-1018,P1018,P1018,Isha Kulkarni,SUR-20017,KHA-50017,889.28,Commercial,Betwa Nagar,Vidisha,Vidisha,CURRENT,v1.0,2026-08-24T12:00:00,2026-09-10T12:00:00,SYNTHETIC DEMO DATA — NOT OFFICIAL GOVERNMENT RECORDS
REV-1019,P1019,P1019,Mohan K Solanki,SUR-20018,KHA-50018,936.22,Industrial,Ganj Basoda Road,Vidisha,Vidisha,CURRENT,v1.0,2026-08-23T12:00:00,2026-09-10T12:00:00,SYNTHETIC DEMO DATA — NOT OFFICIAL GOVERNMENT RECORDS
REV-1020,P1020,P1020,Rekha Bansal,SUR-20019,KHA-50019,983.44,Agricultural,Civil Lines Extension,Vidisha,Vidisha,CURRENT,v1.0,2026-08-22T12:00:00,2026-09-10T12:00:00,SYNTHETIC DEMO DATA — NOT OFFICIAL GOVERNMENT RECORDS
REV-1021,P1021,P1021,Rahul Sharma 2,SUR-20020,KHA-50020,1030.79,Institutional,Kachhi Khedi,Vidisha,Vidisha,CURRENT,v1.0,2026-08-21T12:00:00,2026-09-10T12:00:00,SYNTHETIC DEMO DATA — NOT OFFICIAL GOVERNMENT RECORDS
REV-1022,P1022,P1022,Amit Verma 2,SUR-20021,KHA-50021,1077.67,Mixed Use,Madhav Nagar,Vidisha,Vidisha,CURRENT,v1.0,2026-08-20T12:00:00,2026-09-10T12:00:00,SYNTHETIC DEMO DATA — NOT OFFICIAL GOVERNMENT RECORDS
REV-1023,P1023,P1023,Neha Patel 2,SUR-20022,KHA-50022,1124.92,Vacant Land,Raisen Link,Vidisha,Vidisha,CURRENT,v1.0,2026-08-19T12:00:00,2026-09-10T12:00:00,SYNTHETIC DEMO DATA — NOT OFFICIAL GOVERNMENT RECORDS
REV-1024,P1024,P1024,Priya Singh 2,SUR-20023,KHA-50023,1171.61,Public/Semi-Public,Vidisha Urban,Vidisha,Vidisha,CURRENT,v1.0,2026-08-18T12:00:00,2026-09-10T12:00:00,SYNTHETIC DEMO DATA — NOT OFFICIAL GOVERNMENT RECORDS
REV-1025,P1025,P1025,Suresh Yadav 2,SUR-20024,KHA-50024,1218.57,Residential,Sanchi Road,Vidisha,Vidisha,CURRENT,v1.0,2026-08-17T12:00:00,2026-09-10T12:00:00,SYNTHETIC DEMO DATA — NOT OFFICIAL GOVERNMENT RECORDS
REV-1026,P1026,P1026,Anjali Jain 2,SUR-20025,KHA-50025,1265.17,Commercial,Betwa Nagar,Vidisha,Vidisha,CURRENT,v1.0,2026-08-16T12:00:00,2026-09-10T12:00:00,SYNTHETIC DEMO DATA — NOT OFFICIAL GOVERNMENT RECORDS
REV-1027,P1027,P1027,Vikram Mehta 2,SUR-20026,KHA-50026,1312.64,Industrial,Ganj Basoda Road,Vidisha,Vidisha,CURRENT,v1.0,2026-08-15T12:00:00,2026-09-10T12:00:00,SYNTHETIC DEMO DATA — NOT OFFICIAL GOVERNMENT RECORDS
REV-1028,P1028,P1028,Kavita K Joshi 2,SUR-20027,KHA-50027,1359.6,Agricultural,Civil Lines Extension,Vidisha,Vidisha,CURRENT,v1.0,2026-08-14T12:00:00,2026-09-10T12:00:00,SYNTHETIC DEMO DATA — NOT OFFICIAL GOVERNMENT RECORDS
REV-1029,P1029,P1029,Manoj Gupta 2,SUR-20028,KHA-50028,1406.98,Institutional,Kachhi Khedi,Vidisha,Vidisha,CURRENT,v1.0,2026-08-13T12:00:00,2026-09-10T12:00:00,SYNTHETIC DEMO DATA — NOT OFFICIAL GOVERNMENT RECORDS
REV-1030,P1030,P1030,Ritu Mishra 2,SUR-20029,KHA-50029,1453.01,Mixed Use,Madhav Nagar,Vidisha,Vidisha,CURRENT,v1.0,2026-08-12T12:00:00,2026-09-10T12:00:00,SYNTHETIC DEMO DATA — NOT OFFICIAL GOVERNMENT RECORDS
REV-1031,P1031,P1031,Arjun Malviya 2,SUR-20030,KHA-50030,1500.38,Vacant Land,Raisen Link,Vidisha,Vidisha,CURRENT,v1.0,2026-08-11T12:00:00,2026-09-10T12:00:00,SYNTHETIC DEMO DATA — NOT OFFICIAL GOVERNMENT RECORDS
REV-1032,P1032,P1032,Pooja Thakur 2,SUR-20031,KHA-50031,97.67,Public/Semi-Public,Vidisha Urban,Vidisha,Vidisha,CURRENT,v1.0,2026-08-10T12:00:00,2026-09-10T12:00:00,SYNTHETIC DEMO DATA — NOT OFFICIAL GOVERNMENT RECORDS
REV-1033,P1033,P1033,Nitin Saxena 2,SUR-20032,KHA-50032,144.26,Residential,Sanchi Road,Vidisha,Vidisha,CURRENT,v1.0,2026-08-09T12:00:00,2026-09-10T12:00:00,SYNTHETIC DEMO DATA — NOT OFFICIAL GOVERNMENT RECORDS
REV-1034,P1034,P1034,Meera Chouhan 2,SUR-20033,KHA-50033,191.99,Commercial,Betwa Nagar,Vidisha,Vidisha,CURRENT,v1.0,2026-08-08T12:00:00,2026-09-10T12:00:00,SYNTHETIC DEMO DATA — NOT OFFICIAL GOVERNMENT RECORDS
REV-1035,P1035,P1035,Deepak Tiwari 2,SUR-20034,KHA-50034,238.22,Industrial,Ganj Basoda Road,Vidisha,Vidisha,CURRENT,v1.0,2026-08-07T12:00:00,2026-09-10T12:00:00,SYNTHETIC DEMO DATA — NOT OFFICIAL GOVERNMENT RECORDS
REV-1036,P1036,P1036,Sunita Rathore 2,SUR-20035,KHA-50035,285.46,Agricultural,Civil Lines Extension,Vidisha,Vidisha,CURRENT,v1.0,2026-08-06T12:00:00,2026-09-10T12:00:00,SYNTHETIC DEMO DATA — NOT OFFICIAL GOVERNMENT RECORDS
REV-1037,P1037,P1037,Karan K Dubey 2,SUR-20036,KHA-50036,332.5,Institutional,Kachhi Khedi,Vidisha,Vidisha,CURRENT,v1.0,2026-08-05T12:00:00,2026-09-10T12:00:00,SYNTHETIC DEMO DATA — NOT OFFICIAL GOVERNMENT RECORDS
REV-1038,P1038,P1038,Isha Kulkarni 2,SUR-20037,KHA-50037,379.33,Mixed Use,Madhav Nagar,Vidisha,Vidisha,CURRENT,v1.0,2026-08-04T12:00:00,2026-09-10T12:00:00,SYNTHETIC DEMO DATA — NOT OFFICIAL GOVERNMENT RECORDS
REV-1039,P1039,P1039,Mohan Solanki 2,SUR-20038,KHA-50038,426.94,Vacant Land,Raisen Link,Vidisha,Vidisha,CURRENT,v1.0,2026-08-03T12:00:00,2026-09-10T12:00:00,SYNTHETIC DEMO DATA — NOT OFFICIAL GOVERNMENT RECORDS
REV-1040,P1040,P1040,Rekha Bansal 2,SUR-20039,KHA-50039,473.48,Public/Semi-Public,Vidisha Urban,Vidisha,Vidisha,CURRENT,v1.0,2026-08-02T12:00:00,2026-09-10T12:00:00,SYNTHETIC DEMO DATA — NOT OFFICIAL GOVERNMENT RECORDS
REV-1041,P1041,P1041,Rahul Sharma 3,SUR-20040,KHA-50040,520.68,Residential,Sanchi Road,Vidisha,Vidisha,CURRENT,v1.0,2026-08-01T12:00:00,2026-09-10T12:00:00,SYNTHETIC DEMO DATA — NOT OFFICIAL GOVERNMENT RECORDS
REV-1042,P1042,P1042,Amit Verma 3,SUR-20041,KHA-50041,567.61,Commercial,Betwa Nagar,Vidisha,Vidisha,CURRENT,v1.0,2026-07-31T12:00:00,2026-09-10T12:00:00,SYNTHETIC DEMO DATA — NOT OFFICIAL GOVERNMENT RECORDS
REV-1043,P1043,P1043,Neha Patel 3,SUR-20042,KHA-50042,614.88,Industrial,Ganj Basoda Road,Vidisha,Vidisha,CURRENT,v1.0,2026-07-30T12:00:00,2026-09-10T12:00:00,SYNTHETIC DEMO DATA — NOT OFFICIAL GOVERNMENT RECORDS
REV-1044,P1044,P1044,Priya Singh 3,SUR-20043,KHA-50043,661.88,Agricultural,Civil Lines Extension,Vidisha,Vidisha,CURRENT,v1.0,2026-07-29T12:00:00,2026-09-10T12:00:00,SYNTHETIC DEMO DATA — NOT OFFICIAL GOVERNMENT RECORDS
REV-1045,P1045,P1045,Suresh Yadav 3,SUR-20044,KHA-50044,708.81,Institutional,Kachhi Khedi,Vidisha,Vidisha,CURRENT,v1.0,2026-07-28T12:00:00,2026-09-10T12:00:00,SYNTHETIC DEMO DATA — NOT OFFICIAL GOVERNMENT RECORDS
REV-1046,P1046,P1046,Anjali K Jain 3,SUR-20045,KHA-50045,755.67,Mixed Use,Madhav Nagar,Vidisha,Vidisha,CURRENT,v1.0,2026-07-27T12:00:00,2026-09-10T12:00:00,SYNTHETIC DEMO DATA — NOT OFFICIAL GOVERNMENT RECORDS
REV-1047,P1047,P1047,Vikram Mehta 3,SUR-20046,KHA-50046,802.03,Vacant Land,Raisen Link,Vidisha,Vidisha,CURRENT,v1.0,2026-07-26T12:00:00,2026-09-10T12:00:00,SYNTHETIC DEMO DATA — NOT OFFICIAL GOVERNMENT RECORDS
REV-1048,P1048,P1048,Kavita Joshi 3,SUR-20047,KHA-50047,849.82,Public/Semi-Public,Vidisha Urban,Vidisha,Vidisha,CURRENT,v1.0,2026-07-25T12:00:00,2026-09-10T12:00:00,SYNTHETIC DEMO DATA — NOT OFFICIAL GOVERNMENT RECORDS
REV-1049,P1049,P1049,Manoj Gupta 3,SUR-20048,KHA-50048,896.78,Residential,Sanchi Road,Vidisha,Vidisha,CURRENT,v1.0,2026-07-24T12:00:00,2026-09-10T12:00:00,SYNTHETIC DEMO DATA — NOT OFFICIAL GOVERNMENT RECORDS
REV-1050,P1050,P1050,Ritu Mishra 3,SUR-20049,KHA-50049,943.76,Commercial,Betwa Nagar,Vidisha,Vidisha,CURRENT,v1.0,2026-07-23T12:00:00,2026-09-10T12:00:00,SYNTHETIC DEMO DATA — NOT OFFICIAL GOVERNMENT RECORDS
REV-1051,P1051,P1051,Arjun Malviya 3,SUR-20050,KHA-50050,990.52,Industrial,Ganj Basoda Road,Vidisha,Vidisha,CURRENT,v1.0,2026-07-22T12:00:00,2026-09-10T12:00:00,SYNTHETIC DEMO DATA — NOT OFFICIAL GOVERNMENT RECORDS
REV-1052,P1052,P1052,Pooja Thakur 3,SUR-20051,KHA-50051,1037.57,Agricultural,Civil Lines Extension,Vidisha,Vidisha,CURRENT,v1.0,2026-07-21T12:00:00,2026-09-10T12:00:00,SYNTHETIC DEMO DATA — NOT OFFICIAL GOVERNMENT RECORDS
REV-1053,P1053,P1053,Nitin Saxena 3,SUR-20052,KHA-50052,1084.23,Institutional,Kachhi Khedi,Vidisha,Vidisha,CURRENT,v1.0,2026-07-20T12:00:00,2026-09-10T12:00:00,SYNTHETIC DEMO DATA — NOT OFFICIAL GOVERNMENT RECORDS
REV-1054,P1054,P1054,Meera Chouhan 3,SUR-20053,KHA-50053,1131.82,Mixed Use,Madhav Nagar,Vidisha,Vidisha,CURRENT,v1.0,2026-07-19T12:00:00,2026-09-10T12:00:00,SYNTHETIC DEMO DATA — NOT OFFICIAL GOVERNMENT RECORDS
REV-1055,P1055,P1055,Deepak K Tiwari 3,SUR-20054,KHA-50054,1178.24,Vacant Land,Raisen Link,Vidisha,Vidisha,CURRENT,v1.0,2026-07-18T12:00:00,2026-09-10T12:00:00,SYNTHETIC DEMO DATA — NOT OFFICIAL GOVERNMENT RECORDS
REV-1056,P1056,P1056,Sunita Rathore 3,SUR-20055,KHA-50055,1225.89,Public/Semi-Public,Vidisha Urban,Vidisha,Vidisha,CURRENT,v1.0,2026-07-17T12:00:00,2026-09-10T12:00:00,SYNTHETIC DEMO DATA — NOT OFFICIAL GOVERNMENT RECORDS
REV-1057,P1057,P1057,Karan Dubey 3,SUR-20056,KHA-50056,1272.69,Residential,Sanchi Road,Vidisha,Vidisha,CURRENT,v1.0,2026-07-16T12:00:00,2026-09-10T12:00:00,SYNTHETIC DEMO DATA — NOT OFFICIAL GOVERNMENT RECORDS
REV-1058,P1058,P1058,Isha Kulkarni 3,SUR-20057,KHA-50057,1319.45,Commercial,Betwa Nagar,Vidisha,Vidisha,CURRENT,v1.0,2026-07-15T12:00:00,2026-09-10T12:00:00,SYNTHETIC DEMO DATA — NOT OFFICIAL GOVERNMENT RECORDS
REV-1059,P1059,P1059,Mohan Solanki 3,SUR-20058,KHA-50058,1366.86,Industrial,Ganj Basoda Road,Vidisha,Vidisha,CURRENT,v1.0,2026-07-14T12:00:00,2026-09-10T12:00:00,SYNTHETIC DEMO DATA — NOT OFFICIAL GOVERNMENT RECORDS
REV-1060,P1060,P1060,Rekha Bansal 3,SUR-20059,KHA-50059,1413.98,Agricultural,Civil Lines Extension,Vidisha,Vidisha,CURRENT,v1.0,2026-07-13T12:00:00,2026-09-10T12:00:00,SYNTHETIC DEMO DATA — NOT OFFICIAL GOVERNMENT RECORDS
REV-1061,P1061,P1061,Rahul Sharma 4,SUR-20060,KHA-50060,1460.33,Institutional,Kachhi Khedi,Vidisha,Vidisha,CURRENT,v1.0,2026-07-12T12:00:00,2026-09-10T12:00:00,SYNTHETIC DEMO DATA — NOT OFFICIAL GOVERNMENT RECORDS
REV-1062,P1062,P1062,Amit Verma 4,SUR-20061,KHA-50061,1507.23,Mixed Use,Madhav Nagar,Vidisha,Vidisha,CURRENT,v1.0,2026-07-11T12:00:00,2026-09-10T12:00:00,SYNTHETIC DEMO DATA — NOT OFFICIAL GOVERNMENT RECORDS
REV-1063,P1063,P1063,Neha Patel 4,SUR-20062,KHA-50062,104.14,Vacant Land,Raisen Link,Vidisha,Vidisha,CURRENT,v1.0,2026-07-10T12:00:00,2026-09-10T12:00:00,SYNTHETIC DEMO DATA — NOT OFFICIAL GOVERNMENT RECORDS
REV-1064,P1064,P1064,Priya K Singh 4,SUR-20063,KHA-50063,151.74,Public/Semi-Public,Vidisha Urban,Vidisha,Vidisha,CURRENT,v1.0,2026-07-09T12:00:00,2026-09-10T12:00:00,SYNTHETIC DEMO DATA — NOT OFFICIAL GOVERNMENT RECORDS
REV-1065,P1065,P1065,Suresh Yadav 4,SUR-20064,KHA-50064,198.7,Residential,Sanchi Road,Vidisha,Vidisha,CURRENT,v1.0,2026-07-08T12:00:00,2026-09-10T12:00:00,SYNTHETIC DEMO DATA — NOT OFFICIAL GOVERNMENT RECORDS
REV-1066,P1066,P1066,Anjali Jain 4,SUR-20065,KHA-50065,245.28,Commercial,Betwa Nagar,Vidisha,Vidisha,CURRENT,v1.0,2026-07-07T12:00:00,2026-09-10T12:00:00,SYNTHETIC DEMO DATA — NOT OFFICIAL GOVERNMENT RECORDS
REV-1067,P1067,P1067,Vikram Mehta 4,SUR-20066,KHA-50066,292.04,Industrial,Ganj Basoda Road,Vidisha,Vidisha,CURRENT,v1.0,2026-07-06T12:00:00,2026-09-10T12:00:00,SYNTHETIC DEMO DATA — NOT OFFICIAL GOVERNMENT RECORDS
REV-1068,P1068,P1068,Kavita Joshi 4,SUR-20067,KHA-50067,339.25,Agricultural,Civil Lines Extension,Vidisha,Vidisha,CURRENT,v1.0,2026-07-05T12:00:00,2026-09-10T12:00:00,SYNTHETIC DEMO DATA — NOT OFFICIAL GOVERNMENT RECORDS
REV-1069,P1069,P1069,Manoj Gupta 4,SUR-20068,KHA-50068,386.33,Institutional,Kachhi Khedi,Vidisha,Vidisha,CURRENT,v1.0,2026-07-04T12:00:00,2026-09-10T12:00:00,SYNTHETIC DEMO DATA — NOT OFFICIAL GOVERNMENT RECORDS
REV-1070,P1070,P1070,Ritu Mishra 4,SUR-20069,KHA-50069,433.63,Mixed Use,Madhav Nagar,Vidisha,Vidisha,CURRENT,v1.0,2026-07-03T12:00:00,2026-09-10T12:00:00,SYNTHETIC DEMO DATA — NOT OFFICIAL GOVERNMENT RECORDS
REV-1071,P1071,P1071,Arjun Malviya 4,SUR-20070,KHA-50070,480.55,Vacant Land,Raisen Link,Vidisha,Vidisha,CURRENT,v1.0,2026-07-02T12:00:00,2026-09-10T12:00:00,SYNTHETIC DEMO DATA — NOT OFFICIAL GOVERNMENT RECORDS
REV-1072,P1072,P1072,Pooja Thakur 4,SUR-20071,KHA-50071,527.82,Public/Semi-Public,Vidisha Urban,Vidisha,Vidisha,CURRENT,v1.0,2026-07-01T12:00:00,2026-09-10T12:00:00,SYNTHETIC DEMO DATA — NOT OFFICIAL GOVERNMENT RECORDS
REV-1073,P1073,P1073,Nitin K Saxena 4,SUR-20072,KHA-50072,574.46,Residential,Sanchi Road,Vidisha,Vidisha,CURRENT,v1.0,2026-06-30T12:00:00,2026-09-10T12:00:00,SYNTHETIC DEMO DATA — NOT OFFICIAL GOVERNMENT RECORDS
REV-1074,P1074,P1074,Meera Chouhan 4,SUR-20073,KHA-50073,621.89,Commercial,Betwa Nagar,Vidisha,Vidisha,CURRENT,v1.0,2026-06-29T12:00:00,2026-09-10T12:00:00,SYNTHETIC DEMO DATA — NOT OFFICIAL GOVERNMENT RECORDS
REV-1075,P1075,P1075,Deepak Tiwari 4,SUR-20074,KHA-50074,668.94,Industrial,Ganj Basoda Road,Vidisha,Vidisha,CURRENT,v1.0,2026-06-28T12:00:00,2026-09-10T12:00:00,SYNTHETIC DEMO DATA — NOT OFFICIAL GOVERNMENT RECORDS
REV-1076,P1076,P1076,Sunita Rathore 4,SUR-20075,KHA-50075,715.16,Agricultural,Civil Lines Extension,Vidisha,Vidisha,CURRENT,v1.0,2026-06-27T12:00:00,2026-09-10T12:00:00,SYNTHETIC DEMO DATA — NOT OFFICIAL GOVERNMENT RECORDS
REV-1077,P1077,P1077,Karan Dubey 4,SUR-20076,KHA-50076,762.06,Institutional,Kachhi Khedi,Vidisha,Vidisha,CURRENT,v1.0,2026-06-26T12:00:00,2026-09-10T12:00:00,SYNTHETIC DEMO DATA — NOT OFFICIAL GOVERNMENT RECORDS
REV-1078,P1078,P1078,Isha Kulkarni 4,SUR-20077,KHA-50077,809.51,Mixed Use,Madhav Nagar,Vidisha,Vidisha,CURRENT,v1.0,2026-06-25T12:00:00,2026-09-10T12:00:00,SYNTHETIC DEMO DATA — NOT OFFICIAL GOVERNMENT RECORDS
REV-1079,P1079,P1079,Mohan Solanki 4,SUR-20078,KHA-50078,856.52,Vacant Land,Raisen Link,Vidisha,Vidisha,CURRENT,v1.0,2026-06-24T12:00:00,2026-09-10T12:00:00,SYNTHETIC DEMO DATA — NOT OFFICIAL GOVERNMENT RECORDS
REV-1080,P1080,P1080,Rekha Bansal 4,SUR-20079,KHA-50079,903.94,Public/Semi-Public,Vidisha Urban,Vidisha,Vidisha,CURRENT,v1.0,2026-06-23T12:00:00,2026-09-10T12:00:00,SYNTHETIC DEMO DATA — NOT OFFICIAL GOVERNMENT RECORDS
REV-1081,P1081,P1081,Rahul Sharma 5,SUR-20080,KHA-50080,950.53,Residential,Sanchi Road,Vidisha,Vidisha,CURRENT,v1.0,2026-06-22T12:00:00,2026-09-10T12:00:00,SYNTHETIC DEMO DATA — NOT OFFICIAL GOVERNMENT RECORDS
REV-1082,P1082,P1082,Amit K Verma 5,SUR-20081,KHA-50081,997.89,Commercial,Betwa Nagar,Vidisha,Vidisha,CURRENT,v1.0,2026-06-21T12:00:00,2026-09-10T12:00:00,SYNTHETIC DEMO DATA — NOT OFFICIAL GOVERNMENT RECORDS
REV-1083,P1083,P1083,Neha Patel 5,SUR-20082,KHA-50082,1044.03,Industrial,Ganj Basoda Road,Vidisha,Vidisha,CURRENT,v1.0,2026-06-20T12:00:00,2026-09-10T12:00:00,SYNTHETIC DEMO DATA — NOT OFFICIAL GOVERNMENT RECORDS
REV-1084,P1084,P1084,Priya Singh 5,SUR-20083,KHA-50083,1091.37,Agricultural,Civil Lines Extension,Vidisha,Vidisha,CURRENT,v1.0,2026-06-19T12:00:00,2026-09-10T12:00:00,SYNTHETIC DEMO DATA — NOT OFFICIAL GOVERNMENT RECORDS
REV-1085,P1085,P1085,Suresh Yadav 5,SUR-20084,KHA-50084,1138.72,Institutional,Kachhi Khedi,Vidisha,Vidisha,CURRENT,v1.0,2026-06-18T12:00:00,2026-09-10T12:00:00,SYNTHETIC DEMO DATA — NOT OFFICIAL GOVERNMENT RECORDS
REV-1086,P1086,P1086,Anjali Jain 5,SUR-20085,KHA-50085,1185.37,Mixed Use,Madhav Nagar,Vidisha,Vidisha,CURRENT,v1.0,2026-06-17T12:00:00,2026-09-10T12:00:00,SYNTHETIC DEMO DATA — NOT OFFICIAL GOVERNMENT RECORDS
REV-1087,P1087,P1087,Vikram Mehta 5,SUR-20086,KHA-50086,1232.22,Vacant Land,Raisen Link,Vidisha,Vidisha,CURRENT,v1.0,2026-06-16T12:00:00,2026-09-10T12:00:00,SYNTHETIC DEMO DATA — NOT OFFICIAL GOVERNMENT RECORDS
REV-1088,P1088,P1088,Kavita Joshi 5,SUR-20087,KHA-50087,1279.91,Public/Semi-Public,Vidisha Urban,Vidisha,Vidisha,CURRENT,v1.0,2026-06-15T12:00:00,2026-09-10T12:00:00,SYNTHETIC DEMO DATA — NOT OFFICIAL GOVERNMENT RECORDS
REV-1089,P1089,P1089,Manoj Gupta 5,SUR-20088,KHA-50088,1326.48,Residential,Sanchi Road,Vidisha,Vidisha,CURRENT,v1.0,2026-06-14T12:00:00,2026-09-10T12:00:00,SYNTHETIC DEMO DATA — NOT OFFICIAL GOVERNMENT RECORDS
REV-1090,P1090,P1090,Ritu Mishra 5,SUR-20089,KHA-50089,1373.11,Commercial,Betwa Nagar,Vidisha,Vidisha,CURRENT,v1.0,2026-06-13T12:00:00,2026-09-10T12:00:00,SYNTHETIC DEMO DATA — NOT OFFICIAL GOVERNMENT RECORDS
REV-1091,P1091,P1091,Arjun K Malviya 5,SUR-20090,KHA-50090,1420.24,Industrial,Ganj Basoda Road,Vidisha,Vidisha,CURRENT,v1.0,2026-06-12T12:00:00,2026-09-10T12:00:00,SYNTHETIC DEMO DATA — NOT OFFICIAL GOVERNMENT RECORDS
REV-1092,P1092,P1092,Pooja Thakur 5,SUR-20091,KHA-50091,1467.59,Agricultural,Civil Lines Extension,Vidisha,Vidisha,CURRENT,v1.0,2026-06-11T12:00:00,2026-09-10T12:00:00,SYNTHETIC DEMO DATA — NOT OFFICIAL GOVERNMENT RECORDS
REV-1093,P1093,P1093,Nitin Saxena 5,SUR-20092,KHA-50092,1514.35,Institutional,Kachhi Khedi,Vidisha,Vidisha,CURRENT,v1.0,2026-06-10T12:00:00,2026-09-10T12:00:00,SYNTHETIC DEMO DATA — NOT OFFICIAL GOVERNMENT RECORDS
REV-1094,P1094,P1094,Meera Chouhan 5,SUR-20093,KHA-50093,111.85,Mixed Use,Madhav Nagar,Vidisha,Vidisha,CURRENT,v1.0,2026-06-09T12:00:00,2026-09-10T12:00:00,SYNTHETIC DEMO DATA — NOT OFFICIAL GOVERNMENT RECORDS
REV-1095,P1095,P1095,Deepak Tiwari 5,SUR-20094,KHA-50094,158.13,Vacant Land,Raisen Link,Vidisha,Vidisha,CURRENT,v1.0,2026-06-08T12:00:00,2026-09-10T12:00:00,SYNTHETIC DEMO DATA — NOT OFFICIAL GOVERNMENT RECORDS
REV-1096,P1096,P1096,Sunita Rathore 5,SUR-20095,KHA-50095,205.62,Public/Semi-Public,Vidisha Urban,Vidisha,Vidisha,CURRENT,v1.0,2026-06-07T12:00:00,2026-09-10T12:00:00,SYNTHETIC DEMO DATA — NOT OFFICIAL GOVERNMENT RECORDS
REV-1097,P1097,P1097,Karan Dubey 5,SUR-20096,KHA-50096,252.66,Residential,Sanchi Road,Vidisha,Vidisha,CURRENT,v1.0,2026-06-06T12:00:00,2026-09-10T12:00:00,SYNTHETIC DEMO DATA — NOT OFFICIAL GOVERNMENT RECORDS
REV-1098,P1098,P1098,Isha Kulkarni 5,SUR-20097,KHA-50097,299.83,Commercial,Betwa Nagar,Vidisha,Vidisha,CURRENT,v1.0,2026-06-05T12:00:00,2026-09-10T12:00:00,SYNTHETIC DEMO DATA — NOT OFFICIAL GOVERNMENT RECORDS
REV-1099,P1099,P1099,Mohan Solanki 5,SUR-20098,KHA-50098,346.42,Industrial,Ganj Basoda Road,Vidisha,Vidisha,CURRENT,v1.0,2026-06-04T12:00:00,2026-09-10T12:00:00,SYNTHETIC DEMO DATA — NOT OFFICIAL GOVERNMENT RECORDS
REV-1100,P1100,P1100,Rekha K Bansal 5,SUR-20099,KHA-50099,393.74,Agricultural,Civil Lines Extension,Vidisha,Vidisha,CURRENT,v1.0,2026-06-03T12:00:00,2026-09-10T12:00:00,SYNTHETIC DEMO DATA — NOT OFFICIAL GOVERNMENT RECORDS
REV-1101,P1101,P1101,Rahul Sharma 6,SUR-20100,KHA-50100,440.38,Institutional,Kachhi Khedi,Vidisha,Vidisha,CURRENT,v1.0,2026-06-02T12:00:00,2026-09-10T12:00:00,SYNTHETIC DEMO DATA — NOT OFFICIAL GOVERNMENT RECORDS
REV-1102,P1102,P1102,Amit Verma 6,SUR-20101,KHA-50101,487.18,Mixed Use,Madhav Nagar,Vidisha,Vidisha,CURRENT,v1.0,2026-06-01T12:00:00,2026-09-10T12:00:00,SYNTHETIC DEMO DATA — NOT OFFICIAL GOVERNMENT RECORDS
REV-1103,P1103,P1103,Neha Patel 6,SUR-20102,KHA-50102,534.05,Vacant Land,Raisen Link,Vidisha,Vidisha,CURRENT,v1.0,2026-05-31T12:00:00,2026-09-10T12:00:00,SYNTHETIC DEMO DATA — NOT OFFICIAL GOVERNMENT RECORDS
REV-1104,P1104,P1104,Priya Singh 6,SUR-20103,KHA-50103,581.01,Public/Semi-Public,Vidisha Urban,Vidisha,Vidisha,CURRENT,v1.0,2026-05-30T12:00:00,2026-09-10T12:00:00,SYNTHETIC DEMO DATA — NOT OFFICIAL GOVERNMENT RECORDS
REV-1105,P1105,P1105,Suresh Yadav 6,SUR-20104,KHA-50104,628.42,Residential,Sanchi Road,Vidisha,Vidisha,CURRENT,v1.0,2026-05-29T12:00:00,2026-09-10T12:00:00,SYNTHETIC DEMO DATA — NOT OFFICIAL GOVERNMENT RECORDS
REV-1106,P1106,P1106,Anjali Jain 6,SUR-20105,KHA-50105,675.09,Commercial,Betwa Nagar,Vidisha,Vidisha,CURRENT,v1.0,2026-05-28T12:00:00,2026-09-10T12:00:00,SYNTHETIC DEMO DATA — NOT OFFICIAL GOVERNMENT RECORDS
REV-1107,P1107,P1107,Vikram Mehta 6,SUR-20106,KHA-50106,722.3,Industrial,Ganj Basoda Road,Vidisha,Vidisha,CURRENT,v1.0,2026-05-27T12:00:00,2026-09-10T12:00:00,SYNTHETIC DEMO DATA — NOT OFFICIAL GOVERNMENT RECORDS
REV-1108,P1108,P1108,Kavita Joshi 6,SUR-20107,KHA-50107,769.8,Agricultural,Civil Lines Extension,Vidisha,Vidisha,CURRENT,v1.0,2026-05-26T12:00:00,2026-09-10T12:00:00,SYNTHETIC DEMO DATA — NOT OFFICIAL GOVERNMENT RECORDS
REV-1109,P1109,P1109,Manoj K Gupta 6,SUR-20108,KHA-50108,816.16,Institutional,Kachhi Khedi,Vidisha,Vidisha,CURRENT,v1.0,2026-05-25T12:00:00,2026-09-10T12:00:00,SYNTHETIC DEMO DATA — NOT OFFICIAL GOVERNMENT RECORDS
REV-1110,P1110,P1110,Ritu Mishra 6,SUR-20109,KHA-50109,863.34,Mixed Use,Madhav Nagar,Vidisha,Vidisha,CURRENT,v1.0,2026-05-24T12:00:00,2026-09-10T12:00:00,SYNTHETIC DEMO DATA — NOT OFFICIAL GOVERNMENT RECORDS
REV-1111,P1111,P1111,Arjun Malviya 6,SUR-20110,KHA-50110,910.88,Vacant Land,Raisen Link,Vidisha,Vidisha,CURRENT,v1.0,2026-05-23T12:00:00,2026-09-10T12:00:00,SYNTHETIC DEMO DATA — NOT OFFICIAL GOVERNMENT RECORDS
REV-1112,P1112,P1112,Pooja Thakur 6,SUR-20111,KHA-50111,957.16,Public/Semi-Public,Vidisha Urban,Vidisha,Vidisha,CURRENT,v1.0,2026-05-22T12:00:00,2026-09-10T12:00:00,SYNTHETIC DEMO DATA — NOT OFFICIAL GOVERNMENT RECORDS
REV-1113,P1113,P1113,Nitin Saxena 6,SUR-20112,KHA-50112,1004.11,Residential,Sanchi Road,Vidisha,Vidisha,CURRENT,v1.0,2026-05-21T12:00:00,2026-09-10T12:00:00,SYNTHETIC DEMO DATA — NOT OFFICIAL GOVERNMENT RECORDS
REV-1114,P1114,P1114,Meera Chouhan 6,SUR-20113,KHA-50113,1051.28,Commercial,Betwa Nagar,Vidisha,Vidisha,CURRENT,v1.0,2026-05-20T12:00:00,2026-09-10T12:00:00,SYNTHETIC DEMO DATA — NOT OFFICIAL GOVERNMENT RECORDS
REV-1115,P1115,P1115,Deepak Tiwari 6,SUR-20114,KHA-50114,1098.37,Industrial,Ganj Basoda Road,Vidisha,Vidisha,CURRENT,v1.0,2026-05-19T12:00:00,2026-09-10T12:00:00,SYNTHETIC DEMO DATA — NOT OFFICIAL GOVERNMENT RECORDS
REV-1116,P1116,P1116,Sunita Rathore 6,SUR-20115,KHA-50115,1145.85,Agricultural,Civil Lines Extension,Vidisha,Vidisha,CURRENT,v1.0,2026-05-18T12:00:00,2026-09-10T12:00:00,SYNTHETIC DEMO DATA — NOT OFFICIAL GOVERNMENT RECORDS
REV-1117,P1117,P1117,Karan Dubey 6,SUR-20116,KHA-50116,1192.83,Institutional,Kachhi Khedi,Vidisha,Vidisha,CURRENT,v1.0,2026-05-17T12:00:00,2026-09-10T12:00:00,SYNTHETIC DEMO DATA — NOT OFFICIAL GOVERNMENT RECORDS
REV-1118,P1118,P1118,Isha K Kulkarni 6,SUR-20117,KHA-50117,1239.97,Mixed Use,Madhav Nagar,Vidisha,Vidisha,CURRENT,v1.0,2026-05-16T12:00:00,2026-09-10T12:00:00,SYNTHETIC DEMO DATA — NOT OFFICIAL GOVERNMENT RECORDS
REV-1119,P1119,P1119,Mohan Solanki 6,SUR-20118,KHA-50118,1286.08,Vacant Land,Raisen Link,Vidisha,Vidisha,CURRENT,v1.0,2026-05-15T12:00:00,2026-09-10T12:00:00,SYNTHETIC DEMO DATA — NOT OFFICIAL GOVERNMENT RECORDS
REV-1120,P1120,P1120,Rekha Bansal 6,SUR-20119,KHA-50119,1333.88,Public/Semi-Public,Vidisha Urban,Vidisha,Vidisha,CURRENT,v1.0,2026-05-14T12:00:00,2026-09-10T12:00:00,SYNTHETIC DEMO DATA — NOT OFFICIAL GOVERNMENT RECORDS
REV-1121,P1121,P1121,Rahul Sharma 7,SUR-20120,KHA-50120,1380.83,Residential,Sanchi Road,Vidisha,Vidisha,CURRENT,v1.0,2026-05-13T12:00:00,2026-09-10T12:00:00,SYNTHETIC DEMO DATA — NOT OFFICIAL GOVERNMENT RECORDS
REV-1122,P1122,P1122,Amit Verma 7,SUR-20121,KHA-50121,1427.3,Commercial,Betwa Nagar,Vidisha,Vidisha,CURRENT,v1.0,2026-05-12T12:00:00,2026-09-10T12:00:00,SYNTHETIC DEMO DATA — NOT OFFICIAL GOVERNMENT RECORDS
REV-1123,P1123,P1123,Neha Patel 7,SUR-20122,KHA-50122,1474.97,Industrial,Ganj Basoda Road,Vidisha,Vidisha,CURRENT,v1.0,2026-05-11T12:00:00,2026-09-10T12:00:00,SYNTHETIC DEMO DATA — NOT OFFICIAL GOVERNMENT RECORDS
REV-1124,P1124,P1124,Priya Singh 7,SUR-20123,KHA-50123,1521.12,Agricultural,Civil Lines Extension,Vidisha,Vidisha,CURRENT,v1.0,2026-05-10T12:00:00,2026-09-10T12:00:00,SYNTHETIC DEMO DATA — NOT OFFICIAL GOVERNMENT RECORDS
REV-1125,P1125,P1125,Suresh Yadav 7,SUR-20124,KHA-50124,118.88,Institutional,Kachhi Khedi,Vidisha,Vidisha,CURRENT,v1.0,2026-05-09T12:00:00,2026-09-10T12:00:00,SYNTHETIC DEMO DATA — NOT OFFICIAL GOVERNMENT RECORDS
REV-1126,P1126,P1126,Anjali Jain 7,SUR-20125,KHA-50125,165.0,Mixed Use,Madhav Nagar,Vidisha,Vidisha,CURRENT,v1.0,2026-05-08T12:00:00,2026-09-10T12:00:00,SYNTHETIC DEMO DATA — NOT OFFICIAL GOVERNMENT RECORDS
REV-1127,P1127,P1127,Vikram K Mehta 7,SUR-20126,KHA-50126,212.23,Vacant Land,Raisen Link,Vidisha,Vidisha,CURRENT,v1.0,2026-05-07T12:00:00,2026-09-10T12:00:00,SYNTHETIC DEMO DATA — NOT OFFICIAL GOVERNMENT RECORDS
REV-1128,P1128,P1128,Kavita Joshi 7,SUR-20127,KHA-50127,259.82,Public/Semi-Public,Vidisha Urban,Vidisha,Vidisha,CURRENT,v1.0,2026-05-06T12:00:00,2026-09-10T12:00:00,SYNTHETIC DEMO DATA — NOT OFFICIAL GOVERNMENT RECORDS
REV-1129,P1129,P1129,Manoj Gupta 7,SUR-20128,KHA-50128,306.78,Residential,Sanchi Road,Vidisha,Vidisha,CURRENT,v1.0,2026-05-05T12:00:00,2026-09-10T12:00:00,SYNTHETIC DEMO DATA — NOT OFFICIAL GOVERNMENT RECORDS
REV-1130,P1130,P1130,Ritu Mishra 7,SUR-20129,KHA-50129,353.42,Commercial,Betwa Nagar,Vidisha,Vidisha,CURRENT,v1.0,2026-05-04T12:00:00,2026-09-10T12:00:00,SYNTHETIC DEMO DATA — NOT OFFICIAL GOVERNMENT RECORDS
REV-1131,P1131,P1131,Arjun Malviya 7,SUR-20130,KHA-50130,400.82,Industrial,Ganj Basoda Road,Vidisha,Vidisha,CURRENT,v1.0,2026-05-03T12:00:00,2026-09-10T12:00:00,SYNTHETIC DEMO DATA — NOT OFFICIAL GOVERNMENT RECORDS
REV-1132,P1132,P1132,Pooja Thakur 7,SUR-20131,KHA-50131,447.55,Agricultural,Civil Lines Extension,Vidisha,Vidisha,CURRENT,v1.0,2026-05-02T12:00:00,2026-09-10T12:00:00,SYNTHETIC DEMO DATA — NOT OFFICIAL GOVERNMENT RECORDS
REV-1133,P1133,P1133,Nitin Saxena 7,SUR-20132,KHA-50132,494.01,Institutional,Kachhi Khedi,Vidisha,Vidisha,CURRENT,v1.0,2026-05-01T12:00:00,2026-09-10T12:00:00,SYNTHETIC DEMO DATA — NOT OFFICIAL GOVERNMENT RECORDS
REV-1134,P1134,P1134,Meera Chouhan 7,SUR-20133,KHA-50133,541.71,Mixed Use,Madhav Nagar,Vidisha,Vidisha,CURRENT,v1.0,2026-04-30T12:00:00,2026-09-10T12:00:00,SYNTHETIC DEMO DATA — NOT OFFICIAL GOVERNMENT RECORDS
REV-1135,P1135,P1135,Deepak Tiwari 7,SUR-20134,KHA-50134,588.41,Vacant Land,Raisen Link,Vidisha,Vidisha,CURRENT,v1.0,2026-04-29T12:00:00,2026-09-10T12:00:00,SYNTHETIC DEMO DATA — NOT OFFICIAL GOVERNMENT RECORDS
REV-1136,P1136,P1136,Sunita K Rathore 7,SUR-20135,KHA-50135,635.42,Public/Semi-Public,Vidisha Urban,Vidisha,Vidisha,CURRENT,v1.0,2026-04-28T12:00:00,2026-09-10T12:00:00,SYNTHETIC DEMO DATA — NOT OFFICIAL GOVERNMENT RECORDS
REV-1137,P1137,P1137,Karan Dubey 7,SUR-20136,KHA-50136,682.66,Residential,Sanchi Road,Vidisha,Vidisha,CURRENT,v1.0,2026-04-27T12:00:00,2026-09-10T12:00:00,SYNTHETIC DEMO DATA — NOT OFFICIAL GOVERNMENT RECORDS
REV-1138,P1138,P1138,Isha Kulkarni 7,SUR-20137,KHA-50137,729.9,Commercial,Betwa Nagar,Vidisha,Vidisha,CURRENT,v1.0,2026-04-26T12:00:00,2026-09-10T12:00:00,SYNTHETIC DEMO DATA — NOT OFFICIAL GOVERNMENT RECORDS
REV-1139,P1139,P1139,Mohan Solanki 7,SUR-20138,KHA-50138,776.65,Industrial,Ganj Basoda Road,Vidisha,Vidisha,CURRENT,v1.0,2026-04-25T12:00:00,2026-09-10T12:00:00,SYNTHETIC DEMO DATA — NOT OFFICIAL GOVERNMENT RECORDS
REV-1140,P1140,P1140,Rekha Bansal 7,SUR-20139,KHA-50139,823.25,Agricultural,Civil Lines Extension,Vidisha,Vidisha,CURRENT,v1.0,2026-04-24T12:00:00,2026-09-10T12:00:00,SYNTHETIC DEMO DATA — NOT OFFICIAL GOVERNMENT RECORDS
REV-1141,P1141,P1141,Rahul Sharma 8,SUR-20140,KHA-50140,870.14,Institutional,Kachhi Khedi,Vidisha,Vidisha,CURRENT,v1.0,2026-04-23T12:00:00,2026-09-10T12:00:00,SYNTHETIC DEMO DATA — NOT OFFICIAL GOVERNMENT RECORDS
REV-1142,P1142,P1142,Amit Verma 8,SUR-20141,KHA-50141,917.96,Mixed Use,Madhav Nagar,Vidisha,Vidisha,CURRENT,v1.0,2026-04-22T12:00:00,2026-09-10T12:00:00,SYNTHETIC DEMO DATA — NOT OFFICIAL GOVERNMENT RECORDS
REV-1143,P1143,P1143,Neha Patel 8,SUR-20142,KHA-50142,964.98,Vacant Land,Raisen Link,Vidisha,Vidisha,CURRENT,v1.0,2026-04-21T12:00:00,2026-09-10T12:00:00,SYNTHETIC DEMO DATA — NOT OFFICIAL GOVERNMENT RECORDS
REV-1144,P1144,P1144,Priya Singh 8,SUR-20143,KHA-50143,1011.34,Public/Semi-Public,Vidisha Urban,Vidisha,Vidisha,CURRENT,v1.0,2026-04-20T12:00:00,2026-09-10T12:00:00,SYNTHETIC DEMO DATA — NOT OFFICIAL GOVERNMENT RECORDS
REV-1145,P1145,P1145,Suresh K Yadav 8,SUR-20144,KHA-50144,1058.91,Residential,Sanchi Road,Vidisha,Vidisha,CURRENT,v1.0,2026-04-19T12:00:00,2026-09-10T12:00:00,SYNTHETIC DEMO DATA — NOT OFFICIAL GOVERNMENT RECORDS
REV-1146,P1146,P1146,Anjali Jain 8,SUR-20145,KHA-50145,1105.81,Commercial,Betwa Nagar,Vidisha,Vidisha,CURRENT,v1.0,2026-04-18T12:00:00,2026-09-10T12:00:00,SYNTHETIC DEMO DATA — NOT OFFICIAL GOVERNMENT RECORDS
REV-1147,P1147,P1147,Vikram Mehta 8,SUR-20146,KHA-50146,1152.08,Industrial,Ganj Basoda Road,Vidisha,Vidisha,CURRENT,v1.0,2026-04-17T12:00:00,2026-09-10T12:00:00,SYNTHETIC DEMO DATA — NOT OFFICIAL GOVERNMENT RECORDS
REV-1148,P1148,P1148,Kavita Joshi 8,SUR-20147,KHA-50147,1199.8,Agricultural,Civil Lines Extension,Vidisha,Vidisha,CURRENT,v1.0,2026-04-16T12:00:00,2026-09-10T12:00:00,SYNTHETIC DEMO DATA — NOT OFFICIAL GOVERNMENT RECORDS
REV-1149,P1149,P1149,Manoj Gupta 8,SUR-20148,KHA-50148,1246.56,Institutional,Kachhi Khedi,Vidisha,Vidisha,CURRENT,v1.0,2026-04-15T12:00:00,2026-09-10T12:00:00,SYNTHETIC DEMO DATA — NOT OFFICIAL GOVERNMENT RECORDS
REV-1150,P1150,P1150,Ritu Mishra 8,SUR-20149,KHA-50149,1293.75,Mixed Use,Madhav Nagar,Vidisha,Vidisha,CURRENT,v1.0,2026-04-14T12:00:00,2026-09-10T12:00:00,SYNTHETIC DEMO DATA — NOT OFFICIAL GOVERNMENT RECORDS
REV-1151,P1151,P1151,Arjun Malviya 8,SUR-20150,KHA-50150,1340.75,Vacant Land,Raisen Link,Vidisha,Vidisha,CURRENT,v1.0,2026-04-13T12:00:00,2026-09-10T12:00:00,SYNTHETIC DEMO DATA — NOT OFFICIAL GOVERNMENT RECORDS
REV-1152,P1152,P1152,Pooja Thakur 8,SUR-20151,KHA-50151,1387.99,Public/Semi-Public,Vidisha Urban,Vidisha,Vidisha,CURRENT,v1.0,2026-04-12T12:00:00,2026-09-10T12:00:00,SYNTHETIC DEMO DATA — NOT OFFICIAL GOVERNMENT RECORDS
REV-1153,P1153,P1153,Nitin Saxena 8,SUR-20152,KHA-50152,1434.15,Residential,Sanchi Road,Vidisha,Vidisha,CURRENT,v1.0,2026-04-11T12:00:00,2026-09-10T12:00:00,SYNTHETIC DEMO DATA — NOT OFFICIAL GOVERNMENT RECORDS
REV-1154,P1154,P1154,Meera K Chouhan 8,SUR-20153,KHA-50153,1481.15,Commercial,Betwa Nagar,Vidisha,Vidisha,CURRENT,v1.0,2026-04-10T12:00:00,2026-09-10T12:00:00,SYNTHETIC DEMO DATA — NOT OFFICIAL GOVERNMENT RECORDS
REV-1155,P1155,P1155,Deepak Tiwari 8,SUR-20154,KHA-50154,1528.46,Industrial,Ganj Basoda Road,Vidisha,Vidisha,CURRENT,v1.0,2026-04-09T12:00:00,2026-09-10T12:00:00,SYNTHETIC DEMO DATA — NOT OFFICIAL GOVERNMENT RECORDS
REV-1156,P1156,P1156,Sunita Rathore 8,SUR-20155,KHA-50155,125.73,Agricultural,Civil Lines Extension,Vidisha,Vidisha,CURRENT,v1.0,2026-04-08T12:00:00,2026-09-10T12:00:00,SYNTHETIC DEMO DATA — NOT OFFICIAL GOVERNMENT RECORDS
REV-1157,P1157,P1157,Karan Dubey 8,SUR-20156,KHA-50156,172.41,Institutional,Kachhi Khedi,Vidisha,Vidisha,CURRENT,v1.0,2026-04-07T12:00:00,2026-09-10T12:00:00,SYNTHETIC DEMO DATA — NOT OFFICIAL GOVERNMENT RECORDS
REV-1158,P1158,P1158,Isha Kulkarni 8,SUR-20157,KHA-50157,219.54,Mixed Use,Madhav Nagar,Vidisha,Vidisha,CURRENT,v1.0,2026-04-06T12:00:00,2026-09-10T12:00:00,SYNTHETIC DEMO DATA — NOT OFFICIAL GOVERNMENT RECORDS
REV-1159,P1159,P1159,Mohan Solanki 8,SUR-20158,KHA-50158,266.67,Vacant Land,Raisen Link,Vidisha,Vidisha,CURRENT,v1.0,2026-04-05T12:00:00,2026-09-10T12:00:00,SYNTHETIC DEMO DATA — NOT OFFICIAL GOVERNMENT RECORDS
REV-1160,P1160,P1160,Rekha Bansal 8,SUR-20159,KHA-50159,313.04,Public/Semi-Public,Vidisha Urban,Vidisha,Vidisha,CURRENT,v1.0,2026-04-04T12:00:00,2026-09-10T12:00:00,SYNTHETIC DEMO DATA — NOT OFFICIAL GOVERNMENT RECORDS
REV-1161,P1161,P1161,Rahul Sharma 9,SUR-20160,KHA-50160,360.26,Residential,Sanchi Road,Vidisha,Vidisha,CURRENT,v1.0,2026-04-03T12:00:00,2026-09-10T12:00:00,SYNTHETIC DEMO DATA — NOT OFFICIAL GOVERNMENT RECORDS
REV-1162,P1162,P1162,Amit Verma 9,SUR-20161,KHA-50161,407.33,Commercial,Betwa Nagar,Vidisha,Vidisha,CURRENT,v1.0,2026-04-02T12:00:00,2026-09-10T12:00:00,SYNTHETIC DEMO DATA — NOT OFFICIAL GOVERNMENT RECORDS
REV-1163,P1163,P1163,Neha K Patel 9,SUR-20162,KHA-50162,454.66,Industrial,Ganj Basoda Road,Vidisha,Vidisha,CURRENT,v1.0,2026-04-01T12:00:00,2026-09-10T12:00:00,SYNTHETIC DEMO DATA — NOT OFFICIAL GOVERNMENT RECORDS
REV-1164,P1164,P1164,Priya Singh 9,SUR-20163,KHA-50163,501.6,Agricultural,Civil Lines Extension,Vidisha,Vidisha,CURRENT,v1.0,2026-03-31T12:00:00,2026-09-10T12:00:00,SYNTHETIC DEMO DATA — NOT OFFICIAL GOVERNMENT RECORDS
REV-1165,P1165,P1165,Suresh Yadav 9,SUR-20164,KHA-50164,548.32,Institutional,Kachhi Khedi,Vidisha,Vidisha,CURRENT,v1.0,2026-03-30T12:00:00,2026-09-10T12:00:00,SYNTHETIC DEMO DATA — NOT OFFICIAL GOVERNMENT RECORDS
REV-1166,P1166,P1166,Anjali Jain 9,SUR-20165,KHA-50165,595.56,Mixed Use,Madhav Nagar,Vidisha,Vidisha,CURRENT,v1.0,2026-03-29T12:00:00,2026-09-10T12:00:00,SYNTHETIC DEMO DATA — NOT OFFICIAL GOVERNMENT RECORDS
REV-1167,P1167,P1167,Vikram Mehta 9,SUR-20166,KHA-50166,642.73,Vacant Land,Raisen Link,Vidisha,Vidisha,CURRENT,v1.0,2026-03-28T12:00:00,2026-09-10T12:00:00,SYNTHETIC DEMO DATA — NOT OFFICIAL GOVERNMENT RECORDS
REV-1168,P1168,P1168,Kavita Joshi 9,SUR-20167,KHA-50167,689.67,Public/Semi-Public,Vidisha Urban,Vidisha,Vidisha,CURRENT,v1.0,2026-03-27T12:00:00,2026-09-10T12:00:00,SYNTHETIC DEMO DATA — NOT OFFICIAL GOVERNMENT RECORDS
REV-1169,P1169,P1169,Manoj Gupta 9,SUR-20168,KHA-50168,736.91,Residential,Sanchi Road,Vidisha,Vidisha,CURRENT,v1.0,2026-03-26T12:00:00,2026-09-10T12:00:00,SYNTHETIC DEMO DATA — NOT OFFICIAL GOVERNMENT RECORDS
REV-1170,P1170,P1170,Ritu Mishra 9,SUR-20169,KHA-50169,783.59,Commercial,Betwa Nagar,Vidisha,Vidisha,CURRENT,v1.0,2026-03-25T12:00:00,2026-09-10T12:00:00,SYNTHETIC DEMO DATA — NOT OFFICIAL GOVERNMENT RECORDS
REV-1171,P1171,P1171,Arjun Malviya 9,SUR-20170,KHA-50170,830.38,Industrial,Ganj Basoda Road,Vidisha,Vidisha,CURRENT,v1.0,2026-03-24T12:00:00,2026-09-10T12:00:00,SYNTHETIC DEMO DATA — NOT OFFICIAL GOVERNMENT RECORDS
REV-1172,P1172,P1172,Pooja K Thakur 9,SUR-20171,KHA-50171,877.93,Agricultural,Civil Lines Extension,Vidisha,Vidisha,CURRENT,v1.0,2026-03-23T12:00:00,2026-09-10T12:00:00,SYNTHETIC DEMO DATA — NOT OFFICIAL GOVERNMENT RECORDS
REV-1173,P1173,P1173,Nitin Saxena 9,SUR-20172,KHA-50172,924.06,Institutional,Kachhi Khedi,Vidisha,Vidisha,CURRENT,v1.0,2026-03-22T12:00:00,2026-09-10T12:00:00,SYNTHETIC DEMO DATA — NOT OFFICIAL GOVERNMENT RECORDS
REV-1174,P1174,P1174,Meera Chouhan 9,SUR-20173,KHA-50173,971.93,Mixed Use,Madhav Nagar,Vidisha,Vidisha,CURRENT,v1.0,2026-03-21T12:00:00,2026-09-10T12:00:00,SYNTHETIC DEMO DATA — NOT OFFICIAL GOVERNMENT RECORDS
REV-1175,P1175,P1175,Deepak Tiwari 9,SUR-20174,KHA-50174,1018.63,Vacant Land,Raisen Link,Vidisha,Vidisha,CURRENT,v1.0,2026-03-20T12:00:00,2026-09-10T12:00:00,SYNTHETIC DEMO DATA — NOT OFFICIAL GOVERNMENT RECORDS
REV-1176,P1176,P1176,Sunita Rathore 9,SUR-20175,KHA-50175,1065.43,Public/Semi-Public,Vidisha Urban,Vidisha,Vidisha,CURRENT,v1.0,2026-03-19T12:00:00,2026-09-10T12:00:00,SYNTHETIC DEMO DATA — NOT OFFICIAL GOVERNMENT RECORDS
REV-1177,P1177,P1177,Karan Dubey 9,SUR-20176,KHA-50176,1112.79,Residential,Sanchi Road,Vidisha,Vidisha,CURRENT,v1.0,2026-03-18T12:00:00,2026-09-10T12:00:00,SYNTHETIC DEMO DATA — NOT OFFICIAL GOVERNMENT RECORDS
REV-1178,P1178,P1178,Isha Kulkarni 9,SUR-20177,KHA-50177,1159.16,Commercial,Betwa Nagar,Vidisha,Vidisha,CURRENT,v1.0,2026-03-17T12:00:00,2026-09-10T12:00:00,SYNTHETIC DEMO DATA — NOT OFFICIAL GOVERNMENT RECORDS
REV-1179,P1179,P1179,Mohan Solanki 9,SUR-20178,KHA-50178,1206.89,Industrial,Ganj Basoda Road,Vidisha,Vidisha,CURRENT,v1.0,2026-03-16T12:00:00,2026-09-10T12:00:00,SYNTHETIC DEMO DATA — NOT OFFICIAL GOVERNMENT RECORDS
REV-1180,P1180,P1180,Rekha Bansal 9,SUR-20179,KHA-50179,1253.27,Agricultural,Civil Lines Extension,Vidisha,Vidisha,CURRENT,v1.0,2026-03-15T12:00:00,2026-09-10T12:00:00,SYNTHETIC DEMO DATA — NOT OFFICIAL GOVERNMENT RECORDS
REV-1181,P1181,P1181,Rahul K Sharma 10,SUR-20180,KHA-50180,1300.23,Institutional,Kachhi Khedi,Vidisha,Vidisha,CURRENT,v1.0,2026-03-14T12:00:00,2026-09-10T12:00:00,SYNTHETIC DEMO DATA — NOT OFFICIAL GOVERNMENT RECORDS
REV-1182,P1182,P1182,Amit Verma 10,SUR-20181,KHA-50181,1347.89,Mixed Use,Madhav Nagar,Vidisha,Vidisha,CURRENT,v1.0,2026-03-13T12:00:00,2026-09-10T12:00:00,SYNTHETIC DEMO DATA — NOT OFFICIAL GOVERNMENT RECORDS
REV-1183,P1183,P1183,Neha Patel 10,SUR-20182,KHA-50182,1394.43,Vacant Land,Raisen Link,Vidisha,Vidisha,CURRENT,v1.0,2026-03-12T12:00:00,2026-09-10T12:00:00,SYNTHETIC DEMO DATA — NOT OFFICIAL GOVERNMENT RECORDS
REV-1184,P1184,P1184,Priya Singh 10,SUR-20183,KHA-50183,1441.37,Public/Semi-Public,Vidisha Urban,Vidisha,Vidisha,CURRENT,v1.0,2026-03-11T12:00:00,2026-09-10T12:00:00,SYNTHETIC DEMO DATA — NOT OFFICIAL GOVERNMENT RECORDS
REV-1185,P1185,P1185,Suresh Yadav 10,SUR-20184,KHA-50184,1488.8,Residential,Sanchi Road,Vidisha,Vidisha,CURRENT,v1.0,2026-03-10T12:00:00,2026-09-10T12:00:00,SYNTHETIC DEMO DATA — NOT OFFICIAL GOVERNMENT RECORDS
REV-1186,P1186,P1186,Anjali Jain 10,SUR-20185,KHA-50185,1535.66,Commercial,Betwa Nagar,Vidisha,Vidisha,CURRENT,v1.0,2026-03-09T12:00:00,2026-09-10T12:00:00,SYNTHETIC DEMO DATA — NOT OFFICIAL GOVERNMENT RECORDS
REV-1187,P1187,P1187,Vikram Mehta 10,SUR-20186,KHA-50186,132.37,Industrial,Ganj Basoda Road,Vidisha,Vidisha,CURRENT,v1.0,2026-03-08T12:00:00,2026-09-10T12:00:00,SYNTHETIC DEMO DATA — NOT OFFICIAL GOVERNMENT RECORDS
REV-1188,P1188,P1188,Kavita Joshi 10,SUR-20187,KHA-50187,179.96,Agricultural,Civil Lines Extension,Vidisha,Vidisha,CURRENT,v1.0,2026-03-07T12:00:00,2026-09-10T12:00:00,SYNTHETIC DEMO DATA — NOT OFFICIAL GOVERNMENT RECORDS
REV-1189,P1189,P1189,Manoj Gupta 10,SUR-20188,KHA-50188,226.67,Institutional,Kachhi Khedi,Vidisha,Vidisha,CURRENT,v1.0,2026-03-06T12:00:00,2026-09-10T12:00:00,SYNTHETIC DEMO DATA — NOT OFFICIAL GOVERNMENT RECORDS
REV-1190,P1190,P1190,Ritu K Mishra 10,SUR-20189,KHA-50189,273.58,Mixed Use,Madhav Nagar,Vidisha,Vidisha,CURRENT,v1.0,2026-03-05T12:00:00,2026-09-10T12:00:00,SYNTHETIC DEMO DATA — NOT OFFICIAL GOVERNMENT RECORDS
REV-1191,P1191,P1191,Arjun Malviya 10,SUR-20190,KHA-50190,320.44,Vacant Land,Raisen Link,Vidisha,Vidisha,CURRENT,v1.0,2026-03-04T12:00:00,2026-09-10T12:00:00,SYNTHETIC DEMO DATA — NOT OFFICIAL GOVERNMENT RECORDS
REV-1192,P1192,P1192,Pooja Thakur 10,SUR-20191,KHA-50191,367.28,Public/Semi-Public,Vidisha Urban,Vidisha,Vidisha,CURRENT,v1.0,2026-03-03T12:00:00,2026-09-10T12:00:00,SYNTHETIC DEMO DATA — NOT OFFICIAL GOVERNMENT RECORDS
REV-1193,P1193,P1193,Nitin Saxena 10,SUR-20192,KHA-50192,414.91,Residential,Sanchi Road,Vidisha,Vidisha,CURRENT,v1.0,2026-03-02T12:00:00,2026-09-10T12:00:00,SYNTHETIC DEMO DATA — NOT OFFICIAL GOVERNMENT RECORDS
REV-1194,P1194,P1194,Meera Chouhan 10,SUR-20193,KHA-50193,461.83,Commercial,Betwa Nagar,Vidisha,Vidisha,CURRENT,v1.0,2026-03-01T12:00:00,2026-09-10T12:00:00,SYNTHETIC DEMO DATA — NOT OFFICIAL GOVERNMENT RECORDS
REV-1195,P1195,P1195,Deepak Tiwari 10,SUR-20194,KHA-50194,508.33,Industrial,Ganj Basoda Road,Vidisha,Vidisha,CURRENT,v1.0,2026-02-28T12:00:00,2026-09-10T12:00:00,SYNTHETIC DEMO DATA — NOT OFFICIAL GOVERNMENT RECORDS
REV-1196,P1196,P1196,Sunita Rathore 10,SUR-20195,KHA-50195,555.28,Agricultural,Civil Lines Extension,Vidisha,Vidisha,CURRENT,v1.0,2026-02-27T12:00:00,2026-09-10T12:00:00,SYNTHETIC DEMO DATA — NOT OFFICIAL GOVERNMENT RECORDS
REV-1197,P1197,P1197,Karan Dubey 10,SUR-20196,KHA-50196,602.29,Institutional,Kachhi Khedi,Vidisha,Vidisha,CURRENT,v1.0,2026-02-26T12:00:00,2026-09-10T12:00:00,SYNTHETIC DEMO DATA — NOT OFFICIAL GOVERNMENT RECORDS
REV-1198,P1198,P1198,Isha Kulkarni 10,SUR-20197,KHA-50197,649.74,Mixed Use,Madhav Nagar,Vidisha,Vidisha,CURRENT,v1.0,2026-02-25T12:00:00,2026-09-10T12:00:00,SYNTHETIC DEMO DATA — NOT OFFICIAL GOVERNMENT RECORDS
REV-1199,P1199,P1199,Mohan K Solanki 10,SUR-20198,KHA-50198,696.54,Vacant Land,Raisen Link,Vidisha,Vidisha,CURRENT,v1.0,2026-02-24T12:00:00,2026-09-10T12:00:00,SYNTHETIC DEMO DATA — NOT OFFICIAL GOVERNMENT RECORDS
REV-1200,P1200,P1200,Rekha Bansal 10,SUR-20199,KHA-50199,743.69,Public/Semi-Public,Vidisha Urban,Vidisha,Vidisha,CURRENT,v1.0,2026-02-23T12:00:00,2026-09-10T12:00:00,SYNTHETIC DEMO DATA — NOT OFFICIAL GOVERNMENT RECORDS
REV-1201,P1201,P1201,Rahul Sharma,SUR-20200,KHA-50200,790.51,Residential,Sanchi Road,Vidisha,Vidisha,CURRENT,v1.0,2026-02-22T12:00:00,2026-09-10T12:00:00,SYNTHETIC DEMO DATA — NOT OFFICIAL GOVERNMENT RECORDS
REV-1202,P1202,P1202,Amit Verma,SUR-20201,KHA-50201,837.11,Commercial,Betwa Nagar,Vidisha,Vidisha,CURRENT,v1.0,2026-02-21T12:00:00,2026-09-10T12:00:00,SYNTHETIC DEMO DATA — NOT OFFICIAL GOVERNMENT RECORDS
REV-1203,P1203,P1203,Neha Patel,SUR-20202,KHA-50202,884.69,Industrial,Ganj Basoda Road,Vidisha,Vidisha,CURRENT,v1.0,2026-02-20T12:00:00,2026-09-10T12:00:00,SYNTHETIC DEMO DATA — NOT OFFICIAL GOVERNMENT RECORDS
REV-1204,P1204,P1204,Priya Singh,SUR-20203,KHA-50203,931.27,Agricultural,Civil Lines Extension,Vidisha,Vidisha,CURRENT,v1.0,2026-02-19T12:00:00,2026-09-10T12:00:00,SYNTHETIC DEMO DATA — NOT OFFICIAL GOVERNMENT RECORDS
REV-1205,P1205,P1205,Suresh Yadav,SUR-20204,KHA-50204,978.96,Institutional,Kachhi Khedi,Vidisha,Vidisha,CURRENT,v1.0,2026-02-18T12:00:00,2026-09-10T12:00:00,SYNTHETIC DEMO DATA — NOT OFFICIAL GOVERNMENT RECORDS
REV-1206,P1206,P1206,Anjali Jain,SUR-20205,KHA-50205,1025.13,Mixed Use,Madhav Nagar,Vidisha,Vidisha,CURRENT,v1.0,2026-02-17T12:00:00,2026-09-10T12:00:00,SYNTHETIC DEMO DATA — NOT OFFICIAL GOVERNMENT RECORDS
REV-1207,P1207,P1207,Vikram Mehta,SUR-20206,KHA-50206,1072.87,Vacant Land,Raisen Link,Vidisha,Vidisha,CURRENT,v1.0,2026-02-16T12:00:00,2026-09-10T12:00:00,SYNTHETIC DEMO DATA — NOT OFFICIAL GOVERNMENT RECORDS
REV-1208,P1208,P1208,Kavita K Joshi,SUR-20207,KHA-50207,1119.33,Public/Semi-Public,Vidisha Urban,Vidisha,Vidisha,CURRENT,v1.0,2026-02-15T12:00:00,2026-09-10T12:00:00,SYNTHETIC DEMO DATA — NOT OFFICIAL GOVERNMENT RECORDS
REV-1209,P1209,P1209,Manoj Gupta,SUR-20208,KHA-50208,1166.01,Residential,Sanchi Road,Vidisha,Vidisha,CURRENT,v1.0,2026-02-14T12:00:00,2026-09-10T12:00:00,SYNTHETIC DEMO DATA — NOT OFFICIAL GOVERNMENT RECORDS
REV-1210,P1210,P1210,Ritu Mishra,SUR-20209,KHA-50209,1213.04,Commercial,Betwa Nagar,Vidisha,Vidisha,CURRENT,v1.0,2026-02-13T12:00:00,2026-09-10T12:00:00,SYNTHETIC DEMO DATA — NOT OFFICIAL GOVERNMENT RECORDS
REV-1211,P1211,P1211,Arjun Malviya,SUR-20210,KHA-50210,1260.19,Industrial,Ganj Basoda Road,Vidisha,Vidisha,CURRENT,v1.0,2026-02-12T12:00:00,2026-09-10T12:00:00,SYNTHETIC DEMO DATA — NOT OFFICIAL GOVERNMENT RECORDS
REV-1212,P1212,P1212,Pooja Thakur,SUR-20211,KHA-50211,1307.48,Agricultural,Civil Lines Extension,Vidisha,Vidisha,CURRENT,v1.0,2026-02-11T12:00:00,2026-09-10T12:00:00,SYNTHETIC DEMO DATA — NOT OFFICIAL GOVERNMENT RECORDS
REV-1213,P1213,P1213,Nitin Saxena,SUR-20212,KHA-50212,1354.89,Institutional,Kachhi Khedi,Vidisha,Vidisha,CURRENT,v1.0,2026-02-10T12:00:00,2026-09-10T12:00:00,SYNTHETIC DEMO DATA — NOT OFFICIAL GOVERNMENT RECORDS
REV-1214,P1214,P1214,Meera Chouhan,SUR-20213,KHA-50213,1401.69,Mixed Use,Madhav Nagar,Vidisha,Vidisha,CURRENT,v1.0,2026-02-09T12:00:00,2026-09-10T12:00:00,SYNTHETIC DEMO DATA — NOT OFFICIAL GOVERNMENT RECORDS
REV-1215,P1215,P1215,Deepak Tiwari,SUR-20214,KHA-50214,1448.87,Vacant Land,Raisen Link,Vidisha,Vidisha,CURRENT,v1.0,2026-02-08T12:00:00,2026-09-10T12:00:00,SYNTHETIC DEMO DATA — NOT OFFICIAL GOVERNMENT RECORDS
REV-1216,P1216,P1216,Sunita Rathore,SUR-20215,KHA-50215,1495.22,Public/Semi-Public,Vidisha Urban,Vidisha,Vidisha,CURRENT,v1.0,2026-02-07T12:00:00,2026-09-10T12:00:00,SYNTHETIC DEMO DATA — NOT OFFICIAL GOVERNMENT RECORDS
REV-1217,P1217,P1217,Karan K Dubey,SUR-20216,KHA-50216,92.95,Residential,Sanchi Road,Vidisha,Vidisha,CURRENT,v1.0,2026-02-06T12:00:00,2026-09-10T12:00:00,SYNTHETIC DEMO DATA — NOT OFFICIAL GOVERNMENT RECORDS
REV-1218,P1218,P1218,Isha Kulkarni,SUR-20217,KHA-50217,139.09,Commercial,Betwa Nagar,Vidisha,Vidisha,CURRENT,v1.0,2026-02-05T12:00:00,2026-09-10T12:00:00,SYNTHETIC DEMO DATA — NOT OFFICIAL GOVERNMENT RECORDS
REV-1219,P1219,P1219,Mohan Solanki,SUR-20218,KHA-50218,186.33,Industrial,Ganj Basoda Road,Vidisha,Vidisha,CURRENT,v1.0,2026-02-04T12:00:00,2026-09-10T12:00:00,SYNTHETIC DEMO DATA — NOT OFFICIAL GOVERNMENT RECORDS
REV-1220,P1220,P1220,Rekha Bansal,SUR-20219,KHA-50219,233.99,Agricultural,Civil Lines Extension,Vidisha,Vidisha,CURRENT,v1.0,2026-02-03T12:00:00,2026-09-10T12:00:00,SYNTHETIC DEMO DATA — NOT OFFICIAL GOVERNMENT RECORDS
REV-1221,P1221,P1221,Rahul Sharma 2,SUR-20220,KHA-50220,280.35,Institutional,Kachhi Khedi,Vidisha,Vidisha,CURRENT,v1.0,2026-02-02T12:00:00,2026-09-10T12:00:00,SYNTHETIC DEMO DATA — NOT OFFICIAL GOVERNMENT RECORDS
REV-1222,P1222,P1222,Amit Verma 2,SUR-20221,KHA-50221,327.64,Mixed Use,Madhav Nagar,Vidisha,Vidisha,CURRENT,v1.0,2026-02-01T12:00:00,2026-09-10T12:00:00,SYNTHETIC DEMO DATA — NOT OFFICIAL GOVERNMENT RECORDS
REV-1223,P1223,P1223,Neha Patel 2,SUR-20222,KHA-50222,374.43,Vacant Land,Raisen Link,Vidisha,Vidisha,CURRENT,v1.0,2026-01-31T12:00:00,2026-09-10T12:00:00,SYNTHETIC DEMO DATA — NOT OFFICIAL GOVERNMENT RECORDS
REV-1224,P1224,P1224,Priya Singh 2,SUR-20223,KHA-50223,421.07,Public/Semi-Public,Vidisha Urban,Vidisha,Vidisha,CURRENT,v1.0,2026-01-30T12:00:00,2026-09-10T12:00:00,SYNTHETIC DEMO DATA — NOT OFFICIAL GOVERNMENT RECORDS
REV-1225,P1225,P1225,Suresh Yadav 2,SUR-20224,KHA-50224,468.26,Residential,Sanchi Road,Vidisha,Vidisha,CURRENT,v1.0,2026-01-29T12:00:00,2026-09-10T12:00:00,SYNTHETIC DEMO DATA — NOT OFFICIAL GOVERNMENT RECORDS
REV-1226,P1226,P1226,Anjali K Jain 2,SUR-20225,KHA-50225,515.81,Commercial,Betwa Nagar,Vidisha,Vidisha,CURRENT,v1.0,2026-01-28T12:00:00,2026-09-10T12:00:00,SYNTHETIC DEMO DATA — NOT OFFICIAL GOVERNMENT RECORDS
REV-1227,P1227,P1227,Vikram Mehta 2,SUR-20226,KHA-50226,562.26,Industrial,Ganj Basoda Road,Vidisha,Vidisha,CURRENT,v1.0,2026-01-27T12:00:00,2026-09-10T12:00:00,SYNTHETIC DEMO DATA — NOT OFFICIAL GOVERNMENT RECORDS
REV-1228,P1228,P1228,Kavita Joshi 2,SUR-20227,KHA-50227,609.41,Agricultural,Civil Lines Extension,Vidisha,Vidisha,CURRENT,v1.0,2026-01-26T12:00:00,2026-09-10T12:00:00,SYNTHETIC DEMO DATA — NOT OFFICIAL GOVERNMENT RECORDS
REV-1229,P1229,P1229,Manoj Gupta 2,SUR-20228,KHA-50228,656.38,Institutional,Kachhi Khedi,Vidisha,Vidisha,CURRENT,v1.0,2026-01-25T12:00:00,2026-09-10T12:00:00,SYNTHETIC DEMO DATA — NOT OFFICIAL GOVERNMENT RECORDS
REV-1230,P1230,P1230,Ritu Mishra 2,SUR-20229,KHA-50229,703.68,Mixed Use,Madhav Nagar,Vidisha,Vidisha,CURRENT,v1.0,2026-01-24T12:00:00,2026-09-10T12:00:00,SYNTHETIC DEMO DATA — NOT OFFICIAL GOVERNMENT RECORDS
REV-1231,P1231,P1231,Arjun Malviya 2,SUR-20230,KHA-50230,750.77,Vacant Land,Raisen Link,Vidisha,Vidisha,CURRENT,v1.0,2026-01-23T12:00:00,2026-09-10T12:00:00,SYNTHETIC DEMO DATA — NOT OFFICIAL GOVERNMENT RECORDS
REV-1232,P1232,P1232,Pooja Thakur 2,SUR-20231,KHA-50231,797.04,Public/Semi-Public,Vidisha Urban,Vidisha,Vidisha,CURRENT,v1.0,2026-01-22T12:00:00,2026-09-10T12:00:00,SYNTHETIC DEMO DATA — NOT OFFICIAL GOVERNMENT RECORDS
REV-1233,P1233,P1233,Nitin Saxena 2,SUR-20232,KHA-50232,844.4,Residential,Sanchi Road,Vidisha,Vidisha,CURRENT,v1.0,2026-01-21T12:00:00,2026-09-10T12:00:00,SYNTHETIC DEMO DATA — NOT OFFICIAL GOVERNMENT RECORDS
REV-1234,P1234,P1234,Meera Chouhan 2,SUR-20233,KHA-50233,891.28,Commercial,Betwa Nagar,Vidisha,Vidisha,CURRENT,v1.0,2026-01-20T12:00:00,2026-09-10T12:00:00,SYNTHETIC DEMO DATA — NOT OFFICIAL GOVERNMENT RECORDS
REV-1235,P1235,P1235,Deepak K Tiwari 2,SUR-20234,KHA-50234,938.99,Industrial,Ganj Basoda Road,Vidisha,Vidisha,CURRENT,v1.0,2026-01-19T12:00:00,2026-09-10T12:00:00,SYNTHETIC DEMO DATA — NOT OFFICIAL GOVERNMENT RECORDS
REV-1236,P1236,P1236,Sunita Rathore 2,SUR-20235,KHA-50235,985.69,Agricultural,Civil Lines Extension,Vidisha,Vidisha,CURRENT,v1.0,2026-01-18T12:00:00,2026-09-10T12:00:00,SYNTHETIC DEMO DATA — NOT OFFICIAL GOVERNMENT RECORDS
REV-1237,P1237,P1237,Karan Dubey 2,SUR-20236,KHA-50236,1032.98,Institutional,Kachhi Khedi,Vidisha,Vidisha,CURRENT,v1.0,2026-01-17T12:00:00,2026-09-10T12:00:00,SYNTHETIC DEMO DATA — NOT OFFICIAL GOVERNMENT RECORDS
REV-1238,P1238,P1238,Isha Kulkarni 2,SUR-20237,KHA-50237,1079.44,Mixed Use,Madhav Nagar,Vidisha,Vidisha,CURRENT,v1.0,2026-01-16T12:00:00,2026-09-10T12:00:00,SYNTHETIC DEMO DATA — NOT OFFICIAL GOVERNMENT RECORDS
REV-1239,P1239,P1239,Mohan Solanki 2,SUR-20238,KHA-50238,1126.16,Vacant Land,Raisen Link,Vidisha,Vidisha,CURRENT,v1.0,2026-01-15T12:00:00,2026-09-10T12:00:00,SYNTHETIC DEMO DATA — NOT OFFICIAL GOVERNMENT RECORDS
REV-1240,P1240,P1240,Rekha Bansal 2,SUR-20239,KHA-50239,1173.5,Public/Semi-Public,Vidisha Urban,Vidisha,Vidisha,CURRENT,v1.0,2026-01-14T12:00:00,2026-09-10T12:00:00,SYNTHETIC DEMO DATA — NOT OFFICIAL GOVERNMENT RECORDS
REV-1241,P1241,P1241,Rahul Sharma 3,SUR-20240,KHA-50240,1220.87,Residential,Sanchi Road,Vidisha,Vidisha,CURRENT,v1.0,2026-01-13T12:00:00,2026-09-10T12:00:00,SYNTHETIC DEMO DATA — NOT OFFICIAL GOVERNMENT RECORDS
REV-1242,P1242,P1242,Amit Verma 3,SUR-20241,KHA-50241,1267.83,Commercial,Betwa Nagar,Vidisha,Vidisha,CURRENT,v1.0,2026-01-12T12:00:00,2026-09-10T12:00:00,SYNTHETIC DEMO DATA — NOT OFFICIAL GOVERNMENT RECORDS
REV-1243,P1243,P1243,Neha Patel 3,SUR-20242,KHA-50242,1314.75,Industrial,Ganj Basoda Road,Vidisha,Vidisha,CURRENT,v1.0,2026-01-11T12:00:00,2026-09-10T12:00:00,SYNTHETIC DEMO DATA — NOT OFFICIAL GOVERNMENT RECORDS
REV-1244,P1244,P1244,Priya K Singh 3,SUR-20243,KHA-50243,1361.19,Agricultural,Civil Lines Extension,Vidisha,Vidisha,CURRENT,v1.0,2026-01-10T12:00:00,2026-09-10T12:00:00,SYNTHETIC DEMO DATA — NOT OFFICIAL GOVERNMENT RECORDS
REV-1245,P1245,P1245,Suresh Yadav 3,SUR-20244,KHA-50244,1408.02,Institutional,Kachhi Khedi,Vidisha,Vidisha,CURRENT,v1.0,2026-01-09T12:00:00,2026-09-10T12:00:00,SYNTHETIC DEMO DATA — NOT OFFICIAL GOVERNMENT RECORDS
REV-1246,P1246,P1246,Anjali Jain 3,SUR-20245,KHA-50245,1455.96,Mixed Use,Madhav Nagar,Vidisha,Vidisha,CURRENT,v1.0,2026-01-08T12:00:00,2026-09-10T12:00:00,SYNTHETIC DEMO DATA — NOT OFFICIAL GOVERNMENT RECORDS
REV-1247,P1247,P1247,Vikram Mehta 3,SUR-20246,KHA-50246,1502.11,Vacant Land,Raisen Link,Vidisha,Vidisha,CURRENT,v1.0,2026-01-07T12:00:00,2026-09-10T12:00:00,SYNTHETIC DEMO DATA — NOT OFFICIAL GOVERNMENT RECORDS
REV-1248,P1248,P1248,Kavita Joshi 3,SUR-20247,KHA-50247,99.48,Public/Semi-Public,Vidisha Urban,Vidisha,Vidisha,CURRENT,v1.0,2026-01-06T12:00:00,2026-09-10T12:00:00,SYNTHETIC DEMO DATA — NOT OFFICIAL GOVERNMENT RECORDS
REV-1249,P1249,P1249,Manoj Gupta 3,SUR-20248,KHA-50248,146.29,Residential,Sanchi Road,Vidisha,Vidisha,CURRENT,v1.0,2026-01-05T12:00:00,2026-09-10T12:00:00,SYNTHETIC DEMO DATA — NOT OFFICIAL GOVERNMENT RECORDS
REV-1250,P1250,P1250,Ritu Mishra 3,SUR-20249,KHA-50249,193.53,Commercial,Betwa Nagar,Vidisha,Vidisha,CURRENT,v1.0,2026-01-04T12:00:00,2026-09-10T12:00:00,SYNTHETIC DEMO DATA — NOT OFFICIAL GOVERNMENT RECORDS
REV-1251,P1251,P1251,Arjun Malviya 3,SUR-20250,KHA-50250,240.63,Industrial,Ganj Basoda Road,Vidisha,Vidisha,CURRENT,v1.0,2026-01-03T12:00:00,2026-09-10T12:00:00,SYNTHETIC DEMO DATA — NOT OFFICIAL GOVERNMENT RECORDS
REV-1252,P1252,P1252,Pooja Thakur 3,SUR-20251,KHA-50251,287.53,Agricultural,Civil Lines Extension,Vidisha,Vidisha,CURRENT,v1.0,2026-01-02T12:00:00,2026-09-10T12:00:00,SYNTHETIC DEMO DATA — NOT OFFICIAL GOVERNMENT RECORDS
REV-1253,P1253,P1253,Nitin K Saxena 3,SUR-20252,KHA-50252,334.71,Institutional,Kachhi Khedi,Vidisha,Vidisha,CURRENT,v1.0,2026-01-01T12:00:00,2026-09-10T12:00:00,SYNTHETIC DEMO DATA — NOT OFFICIAL GOVERNMENT RECORDS
REV-1254,P1254,P1254,Meera Chouhan 3,SUR-20253,KHA-50253,381.38,Mixed Use,Madhav Nagar,Vidisha,Vidisha,CURRENT,v1.0,2025-12-31T12:00:00,2026-09-10T12:00:00,SYNTHETIC DEMO DATA — NOT OFFICIAL GOVERNMENT RECORDS
REV-1255,P1255,P1255,Deepak Tiwari 3,SUR-20254,KHA-50254,428.79,Vacant Land,Raisen Link,Vidisha,Vidisha,CURRENT,v1.0,2025-12-30T12:00:00,2026-09-10T12:00:00,SYNTHETIC DEMO DATA — NOT OFFICIAL GOVERNMENT RECORDS
REV-1256,P1256,P1256,Sunita Rathore 3,SUR-20255,KHA-50255,475.19,Public/Semi-Public,Vidisha Urban,Vidisha,Vidisha,CURRENT,v1.0,2025-12-29T12:00:00,2026-09-10T12:00:00,SYNTHETIC DEMO DATA — NOT OFFICIAL GOVERNMENT RECORDS
REV-1257,P1257,P1257,Karan Dubey 3,SUR-20256,KHA-50256,522.73,Residential,Sanchi Road,Vidisha,Vidisha,CURRENT,v1.0,2025-12-28T12:00:00,2026-09-10T12:00:00,SYNTHETIC DEMO DATA — NOT OFFICIAL GOVERNMENT RECORDS
REV-1258,P1258,P1258,Isha Kulkarni 3,SUR-20257,KHA-50257,569.26,Commercial,Betwa Nagar,Vidisha,Vidisha,CURRENT,v1.0,2025-12-27T12:00:00,2026-09-10T12:00:00,SYNTHETIC DEMO DATA — NOT OFFICIAL GOVERNMENT RECORDS
REV-1259,P1259,P1259,Mohan Solanki 3,SUR-20258,KHA-50258,616.1,Industrial,Ganj Basoda Road,Vidisha,Vidisha,CURRENT,v1.0,2025-12-26T12:00:00,2026-09-10T12:00:00,SYNTHETIC DEMO DATA — NOT OFFICIAL GOVERNMENT RECORDS
REV-1260,P1260,P1260,Rekha Bansal 3,SUR-20259,KHA-50259,663.14,Agricultural,Civil Lines Extension,Vidisha,Vidisha,CURRENT,v1.0,2025-12-25T12:00:00,2026-09-10T12:00:00,SYNTHETIC DEMO DATA — NOT OFFICIAL GOVERNMENT RECORDS
REV-1261,P1261,P1261,Rahul Sharma 4,SUR-20260,KHA-50260,710.39,Institutional,Kachhi Khedi,Vidisha,Vidisha,CURRENT,v1.0,2025-12-24T12:00:00,2026-09-10T12:00:00,SYNTHETIC DEMO DATA — NOT OFFICIAL GOVERNMENT RECORDS
REV-1262,P1262,P1262,Amit K Verma 4,SUR-20261,KHA-50261,757.51,Mixed Use,Madhav Nagar,Vidisha,Vidisha,CURRENT,v1.0,2025-12-23T12:00:00,2026-09-10T12:00:00,SYNTHETIC DEMO DATA — NOT OFFICIAL GOVERNMENT RECORDS
REV-1263,P1263,P1263,Neha Patel 4,SUR-20262,KHA-50262,804.12,Vacant Land,Raisen Link,Vidisha,Vidisha,CURRENT,v1.0,2025-12-22T12:00:00,2026-09-10T12:00:00,SYNTHETIC DEMO DATA — NOT OFFICIAL GOVERNMENT RECORDS
REV-1264,P1264,P1264,Priya Singh 4,SUR-20263,KHA-50263,851.54,Public/Semi-Public,Vidisha Urban,Vidisha,Vidisha,CURRENT,v1.0,2025-12-21T12:00:00,2026-09-10T12:00:00,SYNTHETIC DEMO DATA — NOT OFFICIAL GOVERNMENT RECORDS
REV-1265,P1265,P1265,Suresh Yadav 4,SUR-20264,KHA-50264,898.46,Residential,Sanchi Road,Vidisha,Vidisha,CURRENT,v1.0,2025-12-20T12:00:00,2026-09-10T12:00:00,SYNTHETIC DEMO DATA — NOT OFFICIAL GOVERNMENT RECORDS
REV-1266,P1266,P1266,Anjali Jain 4,SUR-20265,KHA-50265,945.99,Commercial,Betwa Nagar,Vidisha,Vidisha,CURRENT,v1.0,2025-12-19T12:00:00,2026-09-10T12:00:00,SYNTHETIC DEMO DATA — NOT OFFICIAL GOVERNMENT RECORDS
REV-1267,P1267,P1267,Vikram Mehta 4,SUR-20266,KHA-50266,992.07,Industrial,Ganj Basoda Road,Vidisha,Vidisha,CURRENT,v1.0,2025-12-18T12:00:00,2026-09-10T12:00:00,SYNTHETIC DEMO DATA — NOT OFFICIAL GOVERNMENT RECORDS
REV-1268,P1268,P1268,Kavita Joshi 4,SUR-20267,KHA-50267,1039.84,Agricultural,Civil Lines Extension,Vidisha,Vidisha,CURRENT,v1.0,2025-12-17T12:00:00,2026-09-10T12:00:00,SYNTHETIC DEMO DATA — NOT OFFICIAL GOVERNMENT RECORDS
REV-1269,P1269,P1269,Manoj Gupta 4,SUR-20268,KHA-50268,1086.48,Institutional,Kachhi Khedi,Vidisha,Vidisha,CURRENT,v1.0,2025-12-16T12:00:00,2026-09-10T12:00:00,SYNTHETIC DEMO DATA — NOT OFFICIAL GOVERNMENT RECORDS
REV-1270,P1270,P1270,Ritu Mishra 4,SUR-20269,KHA-50269,1133.76,Mixed Use,Madhav Nagar,Vidisha,Vidisha,CURRENT,v1.0,2025-12-15T12:00:00,2026-09-10T12:00:00,SYNTHETIC DEMO DATA — NOT OFFICIAL GOVERNMENT RECORDS
REV-1271,P1271,P1271,Arjun K Malviya 4,SUR-20270,KHA-50270,1180.99,Vacant Land,Raisen Link,Vidisha,Vidisha,CURRENT,v1.0,2025-12-14T12:00:00,2026-09-10T12:00:00,SYNTHETIC DEMO DATA — NOT OFFICIAL GOVERNMENT RECORDS
REV-1272,P1272,P1272,Pooja Thakur 4,SUR-20271,KHA-50271,1227.26,Public/Semi-Public,Vidisha Urban,Vidisha,Vidisha,CURRENT,v1.0,2025-12-13T12:00:00,2026-09-10T12:00:00,SYNTHETIC DEMO DATA — NOT OFFICIAL GOVERNMENT RECORDS
REV-1273,P1273,P1273,Nitin Saxena 4,SUR-20272,KHA-50272,1274.6,Residential,Sanchi Road,Vidisha,Vidisha,CURRENT,v1.0,2025-12-12T12:00:00,2026-09-10T12:00:00,SYNTHETIC DEMO DATA — NOT OFFICIAL GOVERNMENT RECORDS
REV-1274,P1274,P1274,Meera Chouhan 4,SUR-20273,KHA-50273,1321.78,Commercial,Betwa Nagar,Vidisha,Vidisha,CURRENT,v1.0,2025-12-11T12:00:00,2026-09-10T12:00:00,SYNTHETIC DEMO DATA — NOT OFFICIAL GOVERNMENT RECORDS
REV-1275,P1275,P1275,Deepak Tiwari 4,SUR-20274,KHA-50274,1368.64,Industrial,Ganj Basoda Road,Vidisha,Vidisha,CURRENT,v1.0,2025-12-10T12:00:00,2026-09-10T12:00:00,SYNTHETIC DEMO DATA — NOT OFFICIAL GOVERNMENT RECORDS
REV-1276,P1276,P1276,Sunita Rathore 4,SUR-20275,KHA-50275,1415.16,Agricultural,Civil Lines Extension,Vidisha,Vidisha,CURRENT,v1.0,2025-12-09T12:00:00,2026-09-10T12:00:00,SYNTHETIC DEMO DATA — NOT OFFICIAL GOVERNMENT RECORDS
REV-1277,P1277,P1277,Karan Dubey 4,SUR-20276,KHA-50276,1462.89,Institutional,Kachhi Khedi,Vidisha,Vidisha,CURRENT,v1.0,2025-12-08T12:00:00,2026-09-10T12:00:00,SYNTHETIC DEMO DATA — NOT OFFICIAL GOVERNMENT RECORDS
REV-1278,P1278,P1278,Isha Kulkarni 4,SUR-20277,KHA-50277,1509.26,Mixed Use,Madhav Nagar,Vidisha,Vidisha,CURRENT,v1.0,2025-12-07T12:00:00,2026-09-10T12:00:00,SYNTHETIC DEMO DATA — NOT OFFICIAL GOVERNMENT RECORDS
REV-1279,P1279,P1279,Mohan Solanki 4,SUR-20278,KHA-50278,106.34,Vacant Land,Raisen Link,Vidisha,Vidisha,CURRENT,v1.0,2025-12-06T12:00:00,2026-09-10T12:00:00,SYNTHETIC DEMO DATA — NOT OFFICIAL GOVERNMENT RECORDS
REV-1280,P1280,P1280,Rekha K Bansal 4,SUR-20279,KHA-50279,153.38,Public/Semi-Public,Vidisha Urban,Vidisha,Vidisha,CURRENT,v1.0,2025-12-05T12:00:00,2026-09-10T12:00:00,SYNTHETIC DEMO DATA — NOT OFFICIAL GOVERNMENT RECORDS
REV-1281,P1281,P1281,Rahul Sharma 5,SUR-20280,KHA-50280,200.16,Residential,Sanchi Road,Vidisha,Vidisha,CURRENT,v1.0,2025-12-04T12:00:00,2026-09-10T12:00:00,SYNTHETIC DEMO DATA — NOT OFFICIAL GOVERNMENT RECORDS
REV-1282,P1282,P1282,Amit Verma 5,SUR-20281,KHA-50281,247.94,Commercial,Betwa Nagar,Vidisha,Vidisha,CURRENT,v1.0,2025-12-03T12:00:00,2026-09-10T12:00:00,SYNTHETIC DEMO DATA — NOT OFFICIAL GOVERNMENT RECORDS
REV-1283,P1283,P1283,Neha Patel 5,SUR-20282,KHA-50282,294.49,Industrial,Ganj Basoda Road,Vidisha,Vidisha,CURRENT,v1.0,2025-12-02T12:00:00,2026-09-10T12:00:00,SYNTHETIC DEMO DATA — NOT OFFICIAL GOVERNMENT RECORDS
REV-1284,P1284,P1284,Priya Singh 5,SUR-20283,KHA-50283,341.05,Agricultural,Civil Lines Extension,Vidisha,Vidisha,CURRENT,v1.0,2025-12-01T12:00:00,2026-09-10T12:00:00,SYNTHETIC DEMO DATA — NOT OFFICIAL GOVERNMENT RECORDS
REV-1285,P1285,P1285,Suresh Yadav 5,SUR-20284,KHA-50284,388.78,Institutional,Kachhi Khedi,Vidisha,Vidisha,CURRENT,v1.0,2025-11-30T12:00:00,2026-09-10T12:00:00,SYNTHETIC DEMO DATA — NOT OFFICIAL GOVERNMENT RECORDS
REV-1286,P1286,P1286,Anjali Jain 5,SUR-20285,KHA-50285,435.71,Mixed Use,Madhav Nagar,Vidisha,Vidisha,CURRENT,v1.0,2025-11-29T12:00:00,2026-09-10T12:00:00,SYNTHETIC DEMO DATA — NOT OFFICIAL GOVERNMENT RECORDS
REV-1287,P1287,P1287,Vikram Mehta 5,SUR-20286,KHA-50286,482.16,Vacant Land,Raisen Link,Vidisha,Vidisha,CURRENT,v1.0,2025-11-28T12:00:00,2026-09-10T12:00:00,SYNTHETIC DEMO DATA — NOT OFFICIAL GOVERNMENT RECORDS
REV-1288,P1288,P1288,Kavita Joshi 5,SUR-20287,KHA-50287,529.61,Public/Semi-Public,Vidisha Urban,Vidisha,Vidisha,CURRENT,v1.0,2025-11-27T12:00:00,2026-09-10T12:00:00,SYNTHETIC DEMO DATA — NOT OFFICIAL GOVERNMENT RECORDS
REV-1289,P1289,P1289,Manoj K Gupta 5,SUR-20288,KHA-50288,576.01,Residential,Sanchi Road,Vidisha,Vidisha,CURRENT,v1.0,2025-11-26T12:00:00,2026-09-10T12:00:00,SYNTHETIC DEMO DATA — NOT OFFICIAL GOVERNMENT RECORDS
REV-1290,P1290,P1290,Ritu Mishra 5,SUR-20289,KHA-50289,623.02,Commercial,Betwa Nagar,Vidisha,Vidisha,CURRENT,v1.0,2025-11-25T12:00:00,2026-09-10T12:00:00,SYNTHETIC DEMO DATA — NOT OFFICIAL GOVERNMENT RECORDS
REV-1291,P1291,P1291,Arjun Malviya 5,SUR-20290,KHA-50290,670.57,Industrial,Ganj Basoda Road,Vidisha,Vidisha,CURRENT,v1.0,2025-11-24T12:00:00,2026-09-10T12:00:00,SYNTHETIC DEMO DATA — NOT OFFICIAL GOVERNMENT RECORDS
REV-1292,P1292,P1292,Pooja Thakur 5,SUR-20291,KHA-50291,717.89,Agricultural,Civil Lines Extension,Vidisha,Vidisha,CURRENT,v1.0,2025-11-23T12:00:00,2026-09-10T12:00:00,SYNTHETIC DEMO DATA — NOT OFFICIAL GOVERNMENT RECORDS
REV-1293,P1293,P1293,Nitin Saxena 5,SUR-20292,KHA-50292,764.97,Institutional,Kachhi Khedi,Vidisha,Vidisha,CURRENT,v1.0,2025-11-22T12:00:00,2026-09-10T12:00:00,SYNTHETIC DEMO DATA — NOT OFFICIAL GOVERNMENT RECORDS
REV-1294,P1294,P1294,Meera Chouhan 5,SUR-20293,KHA-50293,811.11,Mixed Use,Madhav Nagar,Vidisha,Vidisha,CURRENT,v1.0,2025-11-21T12:00:00,2026-09-10T12:00:00,SYNTHETIC DEMO DATA — NOT OFFICIAL GOVERNMENT RECORDS
REV-1295,P1295,P1295,Deepak Tiwari 5,SUR-20294,KHA-50294,858.09,Vacant Land,Raisen Link,Vidisha,Vidisha,CURRENT,v1.0,2025-11-20T12:00:00,2026-09-10T12:00:00,SYNTHETIC DEMO DATA — NOT OFFICIAL GOVERNMENT RECORDS
REV-1296,P1296,P1296,Sunita Rathore 5,SUR-20295,KHA-50295,905.11,Public/Semi-Public,Vidisha Urban,Vidisha,Vidisha,CURRENT,v1.0,2025-11-19T12:00:00,2026-09-10T12:00:00,SYNTHETIC DEMO DATA — NOT OFFICIAL GOVERNMENT RECORDS
REV-1297,P1297,P1297,Karan Dubey 5,SUR-20296,KHA-50296,952.63,Residential,Sanchi Road,Vidisha,Vidisha,CURRENT,v1.0,2025-11-18T12:00:00,2026-09-10T12:00:00,SYNTHETIC DEMO DATA — NOT OFFICIAL GOVERNMENT RECORDS
REV-1298,P1298,P1298,Isha K Kulkarni 5,SUR-20297,KHA-50297,999.15,Commercial,Betwa Nagar,Vidisha,Vidisha,CURRENT,v1.0,2025-11-17T12:00:00,2026-09-10T12:00:00,SYNTHETIC DEMO DATA — NOT OFFICIAL GOVERNMENT RECORDS
REV-1299,P1299,P1299,Mohan Solanki 5,SUR-20298,KHA-50298,1046.36,Industrial,Ganj Basoda Road,Vidisha,Vidisha,CURRENT,v1.0,2025-11-16T12:00:00,2026-09-10T12:00:00,SYNTHETIC DEMO DATA — NOT OFFICIAL GOVERNMENT RECORDS
REV-1300,P1300,P1300,Rekha Bansal 5,SUR-20299,KHA-50299,1093.71,Agricultural,Civil Lines Extension,Vidisha,Vidisha,CURRENT,v1.0,2025-11-15T12:00:00,2026-09-10T12:00:00,SYNTHETIC DEMO DATA — NOT OFFICIAL GOVERNMENT RECORDS
REV-1301,P1301,P1301,Rahul Sharma 6,SUR-20300,KHA-50300,1140.15,Institutional,Kachhi Khedi,Vidisha,Vidisha,CURRENT,v1.0,2025-11-14T12:00:00,2026-09-10T12:00:00,SYNTHETIC DEMO DATA — NOT OFFICIAL GOVERNMENT RECORDS
REV-1302,P1302,P1302,Amit Verma 6,SUR-20301,KHA-50301,1187.15,Mixed Use,Madhav Nagar,Vidisha,Vidisha,CURRENT,v1.0,2025-11-13T12:00:00,2026-09-10T12:00:00,SYNTHETIC DEMO DATA — NOT OFFICIAL GOVERNMENT RECORDS
REV-1303,P1303,P1303,Neha Patel 6,SUR-20302,KHA-50302,1234.25,Vacant Land,Raisen Link,Vidisha,Vidisha,CURRENT,v1.0,2025-11-12T12:00:00,2026-09-10T12:00:00,SYNTHETIC DEMO DATA — NOT OFFICIAL GOVERNMENT RECORDS
REV-1304,P1304,P1304,Priya Singh 6,SUR-20303,KHA-50303,1282.0,Public/Semi-Public,Vidisha Urban,Vidisha,Vidisha,CURRENT,v1.0,2025-11-11T12:00:00,2026-09-10T12:00:00,SYNTHETIC DEMO DATA — NOT OFFICIAL GOVERNMENT RECORDS
REV-1305,P1305,P1305,Suresh Yadav 6,SUR-20304,KHA-50304,1328.1,Residential,Sanchi Road,Vidisha,Vidisha,CURRENT,v1.0,2025-11-10T12:00:00,2026-09-10T12:00:00,SYNTHETIC DEMO DATA — NOT OFFICIAL GOVERNMENT RECORDS
REV-1306,P1306,P1306,Anjali Jain 6,SUR-20305,KHA-50305,1375.82,Commercial,Betwa Nagar,Vidisha,Vidisha,CURRENT,v1.0,2025-11-09T12:00:00,2026-09-10T12:00:00,SYNTHETIC DEMO DATA — NOT OFFICIAL GOVERNMENT RECORDS
REV-1307,P1307,P1307,Vikram K Mehta 6,SUR-20306,KHA-50306,1422.43,Industrial,Ganj Basoda Road,Vidisha,Vidisha,CURRENT,v1.0,2025-11-08T12:00:00,2026-09-10T12:00:00,SYNTHETIC DEMO DATA — NOT OFFICIAL GOVERNMENT RECORDS
REV-1308,P1308,P1308,Kavita Joshi 6,SUR-20307,KHA-50307,1469.98,Agricultural,Civil Lines Extension,Vidisha,Vidisha,CURRENT,v1.0,2025-11-07T12:00:00,2026-09-10T12:00:00,SYNTHETIC DEMO DATA — NOT OFFICIAL GOVERNMENT RECORDS
REV-1309,P1309,P1309,Manoj Gupta 6,SUR-20308,KHA-50308,1516.85,Institutional,Kachhi Khedi,Vidisha,Vidisha,CURRENT,v1.0,2025-11-06T12:00:00,2026-09-10T12:00:00,SYNTHETIC DEMO DATA — NOT OFFICIAL GOVERNMENT RECORDS
REV-1310,P1310,P1310,Ritu Mishra 6,SUR-20309,KHA-50309,114.0,Mixed Use,Madhav Nagar,Vidisha,Vidisha,CURRENT,v1.0,2025-11-05T12:00:00,2026-09-10T12:00:00,SYNTHETIC DEMO DATA — NOT OFFICIAL GOVERNMENT RECORDS
REV-1311,P1311,P1311,Arjun Malviya 6,SUR-20310,KHA-50310,160.32,Vacant Land,Raisen Link,Vidisha,Vidisha,CURRENT,v1.0,2025-11-04T12:00:00,2026-09-10T12:00:00,SYNTHETIC DEMO DATA — NOT OFFICIAL GOVERNMENT RECORDS
REV-1312,P1312,P1312,Pooja Thakur 6,SUR-20311,KHA-50311,207.85,Public/Semi-Public,Vidisha Urban,Vidisha,Vidisha,CURRENT,v1.0,2025-11-03T12:00:00,2026-09-10T12:00:00,SYNTHETIC DEMO DATA — NOT OFFICIAL GOVERNMENT RECORDS
REV-1313,P1313,P1313,Nitin Saxena 6,SUR-20312,KHA-50312,254.48,Residential,Sanchi Road,Vidisha,Vidisha,CURRENT,v1.0,2025-11-02T12:00:00,2026-09-10T12:00:00,SYNTHETIC DEMO DATA — NOT OFFICIAL GOVERNMENT RECORDS
REV-1314,P1314,P1314,Meera Chouhan 6,SUR-20313,KHA-50313,301.25,Commercial,Betwa Nagar,Vidisha,Vidisha,CURRENT,v1.0,2025-11-01T12:00:00,2026-09-10T12:00:00,SYNTHETIC DEMO DATA — NOT OFFICIAL GOVERNMENT RECORDS
REV-1315,P1315,P1315,Deepak Tiwari 6,SUR-20314,KHA-50314,348.88,Industrial,Ganj Basoda Road,Vidisha,Vidisha,CURRENT,v1.0,2025-10-31T12:00:00,2026-09-10T12:00:00,SYNTHETIC DEMO DATA — NOT OFFICIAL GOVERNMENT RECORDS
REV-1316,P1316,P1316,Sunita K Rathore 6,SUR-20315,KHA-50315,395.55,Agricultural,Civil Lines Extension,Vidisha,Vidisha,CURRENT,v1.0,2025-10-30T12:00:00,2026-09-10T12:00:00,SYNTHETIC DEMO DATA — NOT OFFICIAL GOVERNMENT RECORDS
REV-1317,P1317,P1317,Karan Dubey 6,SUR-20316,KHA-50316,442.67,Institutional,Kachhi Khedi,Vidisha,Vidisha,CURRENT,v1.0,2025-10-29T12:00:00,2026-09-10T12:00:00,SYNTHETIC DEMO DATA — NOT OFFICIAL GOVERNMENT RECORDS
REV-1318,P1318,P1318,Isha Kulkarni 6,SUR-20317,KHA-50317,489.2,Mixed Use,Madhav Nagar,Vidisha,Vidisha,CURRENT,v1.0,2025-10-28T12:00:00,2026-09-10T12:00:00,SYNTHETIC DEMO DATA — NOT OFFICIAL GOVERNMENT RECORDS
REV-1319,P1319,P1319,Mohan Solanki 6,SUR-20318,KHA-50318,536.63,Vacant Land,Raisen Link,Vidisha,Vidisha,CURRENT,v1.0,2025-10-27T12:00:00,2026-09-10T12:00:00,SYNTHETIC DEMO DATA — NOT OFFICIAL GOVERNMENT RECORDS
REV-1320,P1320,P1320,Rekha Bansal 6,SUR-20319,KHA-50319,583.02,Public/Semi-Public,Vidisha Urban,Vidisha,Vidisha,CURRENT,v1.0,2025-10-26T12:00:00,2026-09-10T12:00:00,SYNTHETIC DEMO DATA — NOT OFFICIAL GOVERNMENT RECORDS
REV-1321,P1321,P1321,Rahul Sharma 7,SUR-20320,KHA-50320,630.62,Residential,Sanchi Road,Vidisha,Vidisha,CURRENT,v1.0,2025-10-25T12:00:00,2026-09-10T12:00:00,SYNTHETIC DEMO DATA — NOT OFFICIAL GOVERNMENT RECORDS
REV-1322,P1322,P1322,Amit Verma 7,SUR-20321,KHA-50321,677.75,Commercial,Betwa Nagar,Vidisha,Vidisha,CURRENT,v1.0,2025-10-24T12:00:00,2026-09-10T12:00:00,SYNTHETIC DEMO DATA — NOT OFFICIAL GOVERNMENT RECORDS
REV-1323,P1323,P1323,Neha Patel 7,SUR-20322,KHA-50322,724.18,Industrial,Ganj Basoda Road,Vidisha,Vidisha,CURRENT,v1.0,2025-10-23T12:00:00,2026-09-10T12:00:00,SYNTHETIC DEMO DATA — NOT OFFICIAL GOVERNMENT RECORDS
REV-1324,P1324,P1324,Priya Singh 7,SUR-20323,KHA-50323,771.65,Agricultural,Civil Lines Extension,Vidisha,Vidisha,CURRENT,v1.0,2025-10-22T12:00:00,2026-09-10T12:00:00,SYNTHETIC DEMO DATA — NOT OFFICIAL GOVERNMENT RECORDS
REV-1325,P1325,P1325,Suresh K Yadav 7,SUR-20324,KHA-50324,818.99,Institutional,Kachhi Khedi,Vidisha,Vidisha,CURRENT,v1.0,2025-10-21T12:00:00,2026-09-10T12:00:00,SYNTHETIC DEMO DATA — NOT OFFICIAL GOVERNMENT RECORDS
REV-1326,P1326,P1326,Anjali Jain 7,SUR-20325,KHA-50325,865.0,Mixed Use,Madhav Nagar,Vidisha,Vidisha,CURRENT,v1.0,2025-10-20T12:00:00,2026-09-10T12:00:00,SYNTHETIC DEMO DATA — NOT OFFICIAL GOVERNMENT RECORDS
REV-1327,P1327,P1327,Vikram Mehta 7,SUR-20326,KHA-50326,912.51,Vacant Land,Raisen Link,Vidisha,Vidisha,CURRENT,v1.0,2025-10-19T12:00:00,2026-09-10T12:00:00,SYNTHETIC DEMO DATA — NOT OFFICIAL GOVERNMENT RECORDS
REV-1328,P1328,P1328,Kavita Joshi 7,SUR-20327,KHA-50327,959.26,Public/Semi-Public,Vidisha Urban,Vidisha,Vidisha,CURRENT,v1.0,2025-10-18T12:00:00,2026-09-10T12:00:00,SYNTHETIC DEMO DATA — NOT OFFICIAL GOVERNMENT RECORDS
REV-1329,P1329,P1329,Manoj Gupta 7,SUR-20328,KHA-50328,1006.59,Residential,Sanchi Road,Vidisha,Vidisha,CURRENT,v1.0,2025-10-17T12:00:00,2026-09-10T12:00:00,SYNTHETIC DEMO DATA — NOT OFFICIAL GOVERNMENT RECORDS
REV-1330,P1330,P1330,Ritu Mishra 7,SUR-20329,KHA-50329,1053.58,Commercial,Betwa Nagar,Vidisha,Vidisha,CURRENT,v1.0,2025-10-16T12:00:00,2026-09-10T12:00:00,SYNTHETIC DEMO DATA — NOT OFFICIAL GOVERNMENT RECORDS
REV-1331,P1331,P1331,Arjun Malviya 7,SUR-20330,KHA-50330,1100.12,Industrial,Ganj Basoda Road,Vidisha,Vidisha,CURRENT,v1.0,2025-10-15T12:00:00,2026-09-10T12:00:00,SYNTHETIC DEMO DATA — NOT OFFICIAL GOVERNMENT RECORDS
REV-1332,P1332,P1332,Pooja Thakur 7,SUR-20331,KHA-50331,1147.66,Agricultural,Civil Lines Extension,Vidisha,Vidisha,CURRENT,v1.0,2025-10-14T12:00:00,2026-09-10T12:00:00,SYNTHETIC DEMO DATA — NOT OFFICIAL GOVERNMENT RECORDS
REV-1333,P1333,P1333,Nitin Saxena 7,SUR-20332,KHA-50332,1194.06,Institutional,Kachhi Khedi,Vidisha,Vidisha,CURRENT,v1.0,2025-10-13T12:00:00,2026-09-10T12:00:00,SYNTHETIC DEMO DATA — NOT OFFICIAL GOVERNMENT RECORDS
REV-1334,P1334,P1334,Meera K Chouhan 7,SUR-20333,KHA-50333,1241.97,Mixed Use,Madhav Nagar,Vidisha,Vidisha,CURRENT,v1.0,2025-10-12T12:00:00,2026-09-10T12:00:00,SYNTHETIC DEMO DATA — NOT OFFICIAL GOVERNMENT RECORDS
REV-1335,P1335,P1335,Deepak Tiwari 7,SUR-20334,KHA-50334,1288.32,Vacant Land,Raisen Link,Vidisha,Vidisha,CURRENT,v1.0,2025-10-11T12:00:00,2026-09-10T12:00:00,SYNTHETIC DEMO DATA — NOT OFFICIAL GOVERNMENT RECORDS
REV-1336,P1336,P1336,Sunita Rathore 7,SUR-20335,KHA-50335,1335.57,Public/Semi-Public,Vidisha Urban,Vidisha,Vidisha,CURRENT,v1.0,2025-10-10T12:00:00,2026-09-10T12:00:00,SYNTHETIC DEMO DATA — NOT OFFICIAL GOVERNMENT RECORDS
REV-1337,P1337,P1337,Karan Dubey 7,SUR-20336,KHA-50336,1382.71,Residential,Sanchi Road,Vidisha,Vidisha,CURRENT,v1.0,2025-10-09T12:00:00,2026-09-10T12:00:00,SYNTHETIC DEMO DATA — NOT OFFICIAL GOVERNMENT RECORDS
REV-1338,P1338,P1338,Isha Kulkarni 7,SUR-20337,KHA-50337,1429.8,Commercial,Betwa Nagar,Vidisha,Vidisha,CURRENT,v1.0,2025-10-08T12:00:00,2026-09-10T12:00:00,SYNTHETIC DEMO DATA — NOT OFFICIAL GOVERNMENT RECORDS
REV-1339,P1339,P1339,Mohan Solanki 7,SUR-20338,KHA-50338,1476.92,Industrial,Ganj Basoda Road,Vidisha,Vidisha,CURRENT,v1.0,2025-10-07T12:00:00,2026-09-10T12:00:00,SYNTHETIC DEMO DATA — NOT OFFICIAL GOVERNMENT RECORDS
REV-1340,P1340,P1340,Rekha Bansal 7,SUR-20339,KHA-50339,1523.05,Agricultural,Civil Lines Extension,Vidisha,Vidisha,CURRENT,v1.0,2025-10-06T12:00:00,2026-09-10T12:00:00,SYNTHETIC DEMO DATA — NOT OFFICIAL GOVERNMENT RECORDS
REV-1341,P1341,P1341,Rahul Sharma 8,SUR-20340,KHA-50340,120.43,Institutional,Kachhi Khedi,Vidisha,Vidisha,CURRENT,v1.0,2025-10-05T12:00:00,2026-09-10T12:00:00,SYNTHETIC DEMO DATA — NOT OFFICIAL GOVERNMENT RECORDS
REV-1342,P1342,P1342,Amit Verma 8,SUR-20341,KHA-50341,167.65,Mixed Use,Madhav Nagar,Vidisha,Vidisha,CURRENT,v1.0,2025-10-04T12:00:00,2026-09-10T12:00:00,SYNTHETIC DEMO DATA — NOT OFFICIAL GOVERNMENT RECORDS
REV-1343,P1343,P1343,Neha K Patel 8,SUR-20342,KHA-50342,214.38,Vacant Land,Raisen Link,Vidisha,Vidisha,CURRENT,v1.0,2025-10-03T12:00:00,2026-09-10T12:00:00,SYNTHETIC DEMO DATA — NOT OFFICIAL GOVERNMENT RECORDS
REV-1344,P1344,P1344,Priya Singh 8,SUR-20343,KHA-50343,261.44,Public/Semi-Public,Vidisha Urban,Vidisha,Vidisha,CURRENT,v1.0,2025-10-02T12:00:00,2026-09-10T12:00:00,SYNTHETIC DEMO DATA — NOT OFFICIAL GOVERNMENT RECORDS
REV-1345,P1345,P1345,Suresh Yadav 8,SUR-20344,KHA-50344,308.29,Residential,Sanchi Road,Vidisha,Vidisha,CURRENT,v1.0,2025-10-01T12:00:00,2026-09-10T12:00:00,SYNTHETIC DEMO DATA — NOT OFFICIAL GOVERNMENT RECORDS
REV-1346,P1346,P1346,Anjali Jain 8,SUR-20345,KHA-50345,355.53,Commercial,Betwa Nagar,Vidisha,Vidisha,CURRENT,v1.0,2025-09-30T12:00:00,2026-09-10T12:00:00,SYNTHETIC DEMO DATA — NOT OFFICIAL GOVERNMENT RECORDS
REV-1347,P1347,P1347,Vikram Mehta 8,SUR-20346,KHA-50346,402.14,Industrial,Ganj Basoda Road,Vidisha,Vidisha,CURRENT,v1.0,2025-09-29T12:00:00,2026-09-10T12:00:00,SYNTHETIC DEMO DATA — NOT OFFICIAL GOVERNMENT RECORDS
REV-1348,P1348,P1348,Kavita Joshi 8,SUR-20347,KHA-50347,449.03,Agricultural,Civil Lines Extension,Vidisha,Vidisha,CURRENT,v1.0,2025-09-28T12:00:00,2026-09-10T12:00:00,SYNTHETIC DEMO DATA — NOT OFFICIAL GOVERNMENT RECORDS
REV-1349,P1349,P1349,Manoj Gupta 8,SUR-20348,KHA-50348,496.18,Institutional,Kachhi Khedi,Vidisha,Vidisha,CURRENT,v1.0,2025-09-27T12:00:00,2026-09-10T12:00:00,SYNTHETIC DEMO DATA — NOT OFFICIAL GOVERNMENT RECORDS
REV-1350,P1350,P1350,Ritu Mishra 8,SUR-20349,KHA-50349,543.03,Mixed Use,Madhav Nagar,Vidisha,Vidisha,CURRENT,v1.0,2025-09-26T12:00:00,2026-09-10T12:00:00,SYNTHETIC DEMO DATA — NOT OFFICIAL GOVERNMENT RECORDS
REV-1351,P1351,P1351,Arjun Malviya 8,SUR-20350,KHA-50350,590.08,Vacant Land,Raisen Link,Vidisha,Vidisha,CURRENT,v1.0,2025-09-25T12:00:00,2026-09-10T12:00:00,SYNTHETIC DEMO DATA — NOT OFFICIAL GOVERNMENT RECORDS
REV-1352,P1352,P1352,Pooja K Thakur 8,SUR-20351,KHA-50351,637.55,Public/Semi-Public,Vidisha Urban,Vidisha,Vidisha,CURRENT,v1.0,2025-09-24T12:00:00,2026-09-10T12:00:00,SYNTHETIC DEMO DATA — NOT OFFICIAL GOVERNMENT RECORDS
REV-1353,P1353,P1353,Nitin Saxena 8,SUR-20352,KHA-50352,684.99,Residential,Sanchi Road,Vidisha,Vidisha,CURRENT,v1.0,2025-09-23T12:00:00,2026-09-10T12:00:00,SYNTHETIC DEMO DATA — NOT OFFICIAL GOVERNMENT RECORDS
REV-1354,P1354,P1354,Meera Chouhan 8,SUR-20353,KHA-50353,731.49,Commercial,Betwa Nagar,Vidisha,Vidisha,CURRENT,v1.0,2025-09-22T12:00:00,2026-09-10T12:00:00,SYNTHETIC DEMO DATA — NOT OFFICIAL GOVERNMENT RECORDS
REV-1355,P1355,P1355,Deepak Tiwari 8,SUR-20354,KHA-50354,778.62,Industrial,Ganj Basoda Road,Vidisha,Vidisha,CURRENT,v1.0,2025-09-21T12:00:00,2026-09-10T12:00:00,SYNTHETIC DEMO DATA — NOT OFFICIAL GOVERNMENT RECORDS
REV-1356,P1356,P1356,Sunita Rathore 8,SUR-20355,KHA-50355,825.09,Agricultural,Civil Lines Extension,Vidisha,Vidisha,CURRENT,v1.0,2025-09-20T12:00:00,2026-09-10T12:00:00,SYNTHETIC DEMO DATA — NOT OFFICIAL GOVERNMENT RECORDS
REV-1357,P1357,P1357,Karan Dubey 8,SUR-20356,KHA-50356,872.49,Institutional,Kachhi Khedi,Vidisha,Vidisha,CURRENT,v1.0,2025-09-19T12:00:00,2026-09-10T12:00:00,SYNTHETIC DEMO DATA — NOT OFFICIAL GOVERNMENT RECORDS
REV-1358,P1358,P1358,Isha Kulkarni 8,SUR-20357,KHA-50357,919.29,Mixed Use,Madhav Nagar,Vidisha,Vidisha,CURRENT,v1.0,2025-09-18T12:00:00,2026-09-10T12:00:00,SYNTHETIC DEMO DATA — NOT OFFICIAL GOVERNMENT RECORDS
REV-1359,P1359,P1359,Mohan Solanki 8,SUR-20358,KHA-50358,966.61,Vacant Land,Raisen Link,Vidisha,Vidisha,CURRENT,v1.0,2025-09-17T12:00:00,2026-09-10T12:00:00,SYNTHETIC DEMO DATA — NOT OFFICIAL GOVERNMENT RECORDS
REV-1360,P1360,P1360,Rekha Bansal 8,SUR-20359,KHA-50359,1013.44,Public/Semi-Public,Vidisha Urban,Vidisha,Vidisha,CURRENT,v1.0,2025-09-16T12:00:00,2026-09-10T12:00:00,SYNTHETIC DEMO DATA — NOT OFFICIAL GOVERNMENT RECORDS
REV-1361,P1361,P1361,Rahul K Sharma 9,SUR-20360,KHA-50360,1060.9,Residential,Sanchi Road,Vidisha,Vidisha,CURRENT,v1.0,2025-09-15T12:00:00,2026-09-10T12:00:00,SYNTHETIC DEMO DATA — NOT OFFICIAL GOVERNMENT RECORDS
REV-1362,P1362,P1362,Amit Verma 9,SUR-20361,KHA-50361,1107.17,Commercial,Betwa Nagar,Vidisha,Vidisha,CURRENT,v1.0,2025-09-14T12:00:00,2026-09-10T12:00:00,SYNTHETIC DEMO DATA — NOT OFFICIAL GOVERNMENT RECORDS
REV-1363,P1363,P1363,Neha Patel 9,SUR-20362,KHA-50362,1154.79,Industrial,Ganj Basoda Road,Vidisha,Vidisha,CURRENT,v1.0,2025-09-13T12:00:00,2026-09-10T12:00:00,SYNTHETIC DEMO DATA — NOT OFFICIAL GOVERNMENT RECORDS
REV-1364,P1364,P1364,Priya Singh 9,SUR-20363,KHA-50363,1201.59,Agricultural,Civil Lines Extension,Vidisha,Vidisha,CURRENT,v1.0,2025-09-12T12:00:00,2026-09-10T12:00:00,SYNTHETIC DEMO DATA — NOT OFFICIAL GOVERNMENT RECORDS
REV-1365,P1365,P1365,Suresh Yadav 9,SUR-20364,KHA-50364,1248.84,Institutional,Kachhi Khedi,Vidisha,Vidisha,CURRENT,v1.0,2025-09-11T12:00:00,2026-09-10T12:00:00,SYNTHETIC DEMO DATA — NOT OFFICIAL GOVERNMENT RECORDS
REV-1366,P1366,P1366,Anjali Jain 9,SUR-20365,KHA-50365,1295.9,Mixed Use,Madhav Nagar,Vidisha,Vidisha,CURRENT,v1.0,2025-09-10T12:00:00,2026-09-10T12:00:00,SYNTHETIC DEMO DATA — NOT OFFICIAL GOVERNMENT RECORDS
REV-1367,P1367,P1367,Vikram Mehta 9,SUR-20366,KHA-50366,1342.59,Vacant Land,Raisen Link,Vidisha,Vidisha,CURRENT,v1.0,2025-09-09T12:00:00,2026-09-10T12:00:00,SYNTHETIC DEMO DATA — NOT OFFICIAL GOVERNMENT RECORDS
REV-1368,P1368,P1368,Kavita Joshi 9,SUR-20367,KHA-50367,1389.32,Public/Semi-Public,Vidisha Urban,Vidisha,Vidisha,CURRENT,v1.0,2025-09-08T12:00:00,2026-09-10T12:00:00,SYNTHETIC DEMO DATA — NOT OFFICIAL GOVERNMENT RECORDS
REV-1369,P1369,P1369,Manoj Gupta 9,SUR-20368,KHA-50368,1436.56,Residential,Sanchi Road,Vidisha,Vidisha,CURRENT,v1.0,2025-09-07T12:00:00,2026-09-10T12:00:00,SYNTHETIC DEMO DATA — NOT OFFICIAL GOVERNMENT RECORDS
REV-1370,P1370,P1370,Ritu K Mishra 9,SUR-20369,KHA-50369,1483.53,Commercial,Betwa Nagar,Vidisha,Vidisha,CURRENT,v1.0,2025-09-06T12:00:00,2026-09-10T12:00:00,SYNTHETIC DEMO DATA — NOT OFFICIAL GOVERNMENT RECORDS
REV-1371,P1371,P1371,Arjun Malviya 9,SUR-20370,KHA-50370,1530.45,Industrial,Ganj Basoda Road,Vidisha,Vidisha,CURRENT,v1.0,2025-09-05T12:00:00,2026-09-10T12:00:00,SYNTHETIC DEMO DATA — NOT OFFICIAL GOVERNMENT RECORDS
REV-1372,P1372,P1372,Pooja Thakur 9,SUR-20371,KHA-50371,127.05,Agricultural,Civil Lines Extension,Vidisha,Vidisha,CURRENT,v1.0,2025-09-04T12:00:00,2026-09-10T12:00:00,SYNTHETIC DEMO DATA — NOT OFFICIAL GOVERNMENT RECORDS
REV-1373,P1373,P1373,Nitin Saxena 9,SUR-20372,KHA-50372,174.25,Institutional,Kachhi Khedi,Vidisha,Vidisha,CURRENT,v1.0,2025-09-03T12:00:00,2026-09-10T12:00:00,SYNTHETIC DEMO DATA — NOT OFFICIAL GOVERNMENT RECORDS
REV-1374,P1374,P1374,Meera Chouhan 9,SUR-20373,KHA-50373,221.26,Mixed Use,Madhav Nagar,Vidisha,Vidisha,CURRENT,v1.0,2025-09-02T12:00:00,2026-09-10T12:00:00,SYNTHETIC DEMO DATA — NOT OFFICIAL GOVERNMENT RECORDS
REV-1375,P1375,P1375,Deepak Tiwari 9,SUR-20374,KHA-50374,268.48,Vacant Land,Raisen Link,Vidisha,Vidisha,CURRENT,v1.0,2025-09-01T12:00:00,2026-09-10T12:00:00,SYNTHETIC DEMO DATA — NOT OFFICIAL GOVERNMENT RECORDS
REV-1376,P1376,P1376,Sunita Rathore 9,SUR-20375,KHA-50375,315.46,Public/Semi-Public,Vidisha Urban,Vidisha,Vidisha,CURRENT,v1.0,2025-08-31T12:00:00,2026-09-10T12:00:00,SYNTHETIC DEMO DATA — NOT OFFICIAL GOVERNMENT RECORDS
REV-1377,P1377,P1377,Karan Dubey 9,SUR-20376,KHA-50376,362.85,Residential,Sanchi Road,Vidisha,Vidisha,CURRENT,v1.0,2025-08-30T12:00:00,2026-09-10T12:00:00,SYNTHETIC DEMO DATA — NOT OFFICIAL GOVERNMENT RECORDS
REV-1378,P1378,P1378,Isha Kulkarni 9,SUR-20377,KHA-50377,409.62,Commercial,Betwa Nagar,Vidisha,Vidisha,CURRENT,v1.0,2025-08-29T12:00:00,2026-09-10T12:00:00,SYNTHETIC DEMO DATA — NOT OFFICIAL GOVERNMENT RECORDS
REV-1379,P1379,P1379,Mohan K Solanki 9,SUR-20378,KHA-50378,456.22,Industrial,Ganj Basoda Road,Vidisha,Vidisha,CURRENT,v1.0,2025-08-28T12:00:00,2026-09-10T12:00:00,SYNTHETIC DEMO DATA — NOT OFFICIAL GOVERNMENT RECORDS
REV-1380,P1380,P1380,Rekha Bansal 9,SUR-20379,KHA-50379,503.87,Agricultural,Civil Lines Extension,Vidisha,Vidisha,CURRENT,v1.0,2025-08-27T12:00:00,2026-09-10T12:00:00,SYNTHETIC DEMO DATA — NOT OFFICIAL GOVERNMENT RECORDS
REV-1381,P1381,P1381,Rahul Sharma 10,SUR-20380,KHA-50380,550.55,Institutional,Kachhi Khedi,Vidisha,Vidisha,CURRENT,v1.0,2025-08-26T12:00:00,2026-09-10T12:00:00,SYNTHETIC DEMO DATA — NOT OFFICIAL GOVERNMENT RECORDS
REV-1382,P1382,P1382,Amit Verma 10,SUR-20381,KHA-50381,597.66,Mixed Use,Madhav Nagar,Vidisha,Vidisha,CURRENT,v1.0,2025-08-25T12:00:00,2026-09-10T12:00:00,SYNTHETIC DEMO DATA — NOT OFFICIAL GOVERNMENT RECORDS
REV-1383,P1383,P1383,Neha Patel 10,SUR-20382,KHA-50382,644.3,Vacant Land,Raisen Link,Vidisha,Vidisha,CURRENT,v1.0,2025-08-24T12:00:00,2026-09-10T12:00:00,SYNTHETIC DEMO DATA — NOT OFFICIAL GOVERNMENT RECORDS
REV-1384,P1384,P1384,Priya Singh 10,SUR-20383,KHA-50383,691.9,Public/Semi-Public,Vidisha Urban,Vidisha,Vidisha,CURRENT,v1.0,2025-08-23T12:00:00,2026-09-10T12:00:00,SYNTHETIC DEMO DATA — NOT OFFICIAL GOVERNMENT RECORDS
REV-1385,P1385,P1385,Suresh Yadav 10,SUR-20384,KHA-50384,738.44,Residential,Sanchi Road,Vidisha,Vidisha,CURRENT,v1.0,2025-08-22T12:00:00,2026-09-10T12:00:00,SYNTHETIC DEMO DATA — NOT OFFICIAL GOVERNMENT RECORDS
REV-1386,P1386,P1386,Anjali Jain 10,SUR-20385,KHA-50385,785.59,Commercial,Betwa Nagar,Vidisha,Vidisha,CURRENT,v1.0,2025-08-21T12:00:00,2026-09-10T12:00:00,SYNTHETIC DEMO DATA — NOT OFFICIAL GOVERNMENT RECORDS
REV-1387,P1387,P1387,Vikram Mehta 10,SUR-20386,KHA-50386,832.37,Industrial,Ganj Basoda Road,Vidisha,Vidisha,CURRENT,v1.0,2025-08-20T12:00:00,2026-09-10T12:00:00,SYNTHETIC DEMO DATA — NOT OFFICIAL GOVERNMENT RECORDS
REV-1388,P1388,P1388,Kavita K Joshi 10,SUR-20387,KHA-50387,879.52,Agricultural,Civil Lines Extension,Vidisha,Vidisha,CURRENT,v1.0,2025-08-19T12:00:00,2026-09-10T12:00:00,SYNTHETIC DEMO DATA — NOT OFFICIAL GOVERNMENT RECORDS
REV-1389,P1389,P1389,Manoj Gupta 10,SUR-20388,KHA-50388,926.25,Institutional,Kachhi Khedi,Vidisha,Vidisha,CURRENT,v1.0,2025-08-18T12:00:00,2026-09-10T12:00:00,SYNTHETIC DEMO DATA — NOT OFFICIAL GOVERNMENT RECORDS
REV-1390,P1390,P1390,Ritu Mishra 10,SUR-20389,KHA-50389,973.6,Mixed Use,Madhav Nagar,Vidisha,Vidisha,CURRENT,v1.0,2025-08-17T12:00:00,2026-09-10T12:00:00,SYNTHETIC DEMO DATA — NOT OFFICIAL GOVERNMENT RECORDS
REV-1391,P1391,P1391,Arjun Malviya 10,SUR-20390,KHA-50390,1020.73,Vacant Land,Raisen Link,Vidisha,Vidisha,CURRENT,v1.0,2025-08-16T12:00:00,2026-09-10T12:00:00,SYNTHETIC DEMO DATA — NOT OFFICIAL GOVERNMENT RECORDS
REV-1392,P1392,P1392,Pooja Thakur 10,SUR-20391,KHA-50391,1067.12,Public/Semi-Public,Vidisha Urban,Vidisha,Vidisha,CURRENT,v1.0,2025-08-15T12:00:00,2026-09-10T12:00:00,SYNTHETIC DEMO DATA — NOT OFFICIAL GOVERNMENT RECORDS
REV-1393,P1393,P1393,Nitin Saxena 10,SUR-20392,KHA-50392,1114.9,Residential,Sanchi Road,Vidisha,Vidisha,CURRENT,v1.0,2025-08-14T12:00:00,2026-09-10T12:00:00,SYNTHETIC DEMO DATA — NOT OFFICIAL GOVERNMENT RECORDS
REV-1394,P1394,P1394,Meera Chouhan 10,SUR-20393,KHA-50393,1161.11,Commercial,Betwa Nagar,Vidisha,Vidisha,CURRENT,v1.0,2025-08-13T12:00:00,2026-09-10T12:00:00,SYNTHETIC DEMO DATA — NOT OFFICIAL GOVERNMENT RECORDS
REV-1395,P1395,P1395,Deepak Tiwari 10,SUR-20394,KHA-50394,1208.96,Industrial,Ganj Basoda Road,Vidisha,Vidisha,CURRENT,v1.0,2025-08-12T12:00:00,2026-09-10T12:00:00,SYNTHETIC DEMO DATA — NOT OFFICIAL GOVERNMENT RECORDS
REV-1396,P1396,P1396,Sunita Rathore 10,SUR-20395,KHA-50395,1255.22,Agricultural,Civil Lines Extension,Vidisha,Vidisha,CURRENT,v1.0,2025-08-11T12:00:00,2026-09-10T12:00:00,SYNTHETIC DEMO DATA — NOT OFFICIAL GOVERNMENT RECORDS
REV-1397,P1397,P1397,Karan K Dubey 10,SUR-20396,KHA-50396,1302.61,Institutional,Kachhi Khedi,Vidisha,Vidisha,CURRENT,v1.0,2025-08-10T12:00:00,2026-09-10T12:00:00,SYNTHETIC DEMO DATA — NOT OFFICIAL GOVERNMENT RECORDS
REV-1398,P1398,P1398,Isha Kulkarni 10,SUR-20397,KHA-50397,1349.54,Mixed Use,Madhav Nagar,Vidisha,Vidisha,CURRENT,v1.0,2025-08-09T12:00:00,2026-09-10T12:00:00,SYNTHETIC DEMO DATA — NOT OFFICIAL GOVERNMENT RECORDS
REV-1399,P1399,P1399,Mohan Solanki 10,SUR-20398,KHA-50398,1396.13,Vacant Land,Raisen Link,Vidisha,Vidisha,CURRENT,v1.0,2025-08-08T12:00:00,2026-09-10T12:00:00,SYNTHETIC DEMO DATA — NOT OFFICIAL GOVERNMENT RECORDS
REV-1400,P1400,P1400,Rekha Bansal 10,SUR-20399,KHA-50399,1443.08,Public/Semi-Public,Vidisha Urban,Vidisha,Vidisha,CURRENT,v1.0,2025-08-07T12:00:00,2026-09-10T12:00:00,SYNTHETIC DEMO DATA — NOT OFFICIAL GOVERNMENT RECORDS
REV-1401,P1401,P1401,Rahul Sharma,SUR-20400,KHA-50400,1490.99,Residential,Sanchi Road,Vidisha,Vidisha,CURRENT,v1.0,2025-08-06T12:00:00,2026-09-10T12:00:00,SYNTHETIC DEMO DATA — NOT OFFICIAL GOVERNMENT RECORDS
REV-1402,P1402,P1402,Amit Verma,SUR-20401,KHA-50401,1537.55,Commercial,Betwa Nagar,Vidisha,Vidisha,CURRENT,v1.0,2025-08-05T12:00:00,2026-09-10T12:00:00,SYNTHETIC DEMO DATA — NOT OFFICIAL GOVERNMENT RECORDS
REV-1403,P1403,P1403,Neha Patel,SUR-20402,KHA-50402,134.09,Industrial,Ganj Basoda Road,Vidisha,Vidisha,CURRENT,v1.0,2025-08-04T12:00:00,2026-09-10T12:00:00,SYNTHETIC DEMO DATA — NOT OFFICIAL GOVERNMENT RECORDS
REV-1404,P1404,P1404,Priya Singh,SUR-20403,KHA-50403,181.54,Agricultural,Civil Lines Extension,Vidisha,Vidisha,CURRENT,v1.0,2025-08-03T12:00:00,2026-09-10T12:00:00,SYNTHETIC DEMO DATA — NOT OFFICIAL GOVERNMENT RECORDS
REV-1405,P1405,P1405,Suresh Yadav,SUR-20404,KHA-50404,228.62,Institutional,Kachhi Khedi,Vidisha,Vidisha,CURRENT,v1.0,2025-08-02T12:00:00,2026-09-10T12:00:00,SYNTHETIC DEMO DATA — NOT OFFICIAL GOVERNMENT RECORDS
REV-1406,P1406,P1406,Anjali K Jain,SUR-20405,KHA-50405,275.39,Mixed Use,Madhav Nagar,Vidisha,Vidisha,CURRENT,v1.0,2025-08-01T12:00:00,2026-09-10T12:00:00,SYNTHETIC DEMO DATA — NOT OFFICIAL GOVERNMENT RECORDS
REV-1407,P1407,P1407,Vikram Mehta,SUR-20406,KHA-50406,322.28,Vacant Land,Raisen Link,Vidisha,Vidisha,CURRENT,v1.0,2025-07-31T12:00:00,2026-09-10T12:00:00,SYNTHETIC DEMO DATA — NOT OFFICIAL GOVERNMENT RECORDS
REV-1408,P1408,P1408,Kavita Joshi,SUR-20407,KHA-50407,369.73,Public/Semi-Public,Vidisha Urban,Vidisha,Vidisha,CURRENT,v1.0,2025-07-30T12:00:00,2026-09-10T12:00:00,SYNTHETIC DEMO DATA — NOT OFFICIAL GOVERNMENT RECORDS
REV-1409,P1409,P1409,Manoj Gupta,SUR-20408,KHA-50408,416.77,Residential,Sanchi Road,Vidisha,Vidisha,CURRENT,v1.0,2025-07-29T12:00:00,2026-09-10T12:00:00,SYNTHETIC DEMO DATA — NOT OFFICIAL GOVERNMENT RECORDS
REV-1410,P1410,P1410,Ritu Mishra,SUR-20409,KHA-50409,463.27,Commercial,Betwa Nagar,Vidisha,Vidisha,CURRENT,v1.0,2025-07-28T12:00:00,2026-09-10T12:00:00,SYNTHETIC DEMO DATA — NOT OFFICIAL GOVERNMENT RECORDS
REV-1411,P1411,P1411,Arjun Malviya,SUR-20410,KHA-50410,510.76,Industrial,Ganj Basoda Road,Vidisha,Vidisha,CURRENT,v1.0,2025-07-27T12:00:00,2026-09-10T12:00:00,SYNTHETIC DEMO DATA — NOT OFFICIAL GOVERNMENT RECORDS
REV-1412,P1412,P1412,Pooja Thakur,SUR-20411,KHA-50411,557.61,Agricultural,Civil Lines Extension,Vidisha,Vidisha,CURRENT,v1.0,2025-07-26T12:00:00,2026-09-10T12:00:00,SYNTHETIC DEMO DATA — NOT OFFICIAL GOVERNMENT RECORDS
REV-1413,P1413,P1413,Nitin Saxena,SUR-20412,KHA-50412,604.71,Institutional,Kachhi Khedi,Vidisha,Vidisha,CURRENT,v1.0,2025-07-25T12:00:00,2026-09-10T12:00:00,SYNTHETIC DEMO DATA — NOT OFFICIAL GOVERNMENT RECORDS
REV-1414,P1414,P1414,Meera Chouhan,SUR-20413,KHA-50413,651.93,Mixed Use,Madhav Nagar,Vidisha,Vidisha,CURRENT,v1.0,2025-07-24T12:00:00,2026-09-10T12:00:00,SYNTHETIC DEMO DATA — NOT OFFICIAL GOVERNMENT RECORDS
REV-1415,P1415,P1415,Deepak K Tiwari,SUR-20414,KHA-50414,698.73,Vacant Land,Raisen Link,Vidisha,Vidisha,CURRENT,v1.0,2025-07-23T12:00:00,2026-09-10T12:00:00,SYNTHETIC DEMO DATA — NOT OFFICIAL GOVERNMENT RECORDS
REV-1416,P1416,P1416,Sunita Rathore,SUR-20415,KHA-50415,745.32,Public/Semi-Public,Vidisha Urban,Vidisha,Vidisha,CURRENT,v1.0,2025-07-22T12:00:00,2026-09-10T12:00:00,SYNTHETIC DEMO DATA — NOT OFFICIAL GOVERNMENT RECORDS
REV-1417,P1417,P1417,Karan Dubey,SUR-20416,KHA-50416,792.62,Residential,Sanchi Road,Vidisha,Vidisha,CURRENT,v1.0,2025-07-21T12:00:00,2026-09-10T12:00:00,SYNTHETIC DEMO DATA — NOT OFFICIAL GOVERNMENT RECORDS
REV-1418,P1418,P1418,Isha Kulkarni,SUR-20417,KHA-50417,839.3,Commercial,Betwa Nagar,Vidisha,Vidisha,CURRENT,v1.0,2025-07-20T12:00:00,2026-09-10T12:00:00,SYNTHETIC DEMO DATA — NOT OFFICIAL GOVERNMENT RECORDS
REV-1419,P1419,P1419,Mohan Solanki,SUR-20418,KHA-50418,886.42,Industrial,Ganj Basoda Road,Vidisha,Vidisha,CURRENT,v1.0,2025-07-19T12:00:00,2026-09-10T12:00:00,SYNTHETIC DEMO DATA — NOT OFFICIAL GOVERNMENT RECORDS
REV-1420,P1420,P1420,Rekha Bansal,SUR-20419,KHA-50419,933.0,Agricultural,Civil Lines Extension,Vidisha,Vidisha,CURRENT,v1.0,2025-07-18T12:00:00,2026-09-10T12:00:00,SYNTHETIC DEMO DATA — NOT OFFICIAL GOVERNMENT RECORDS
REV-1421,P1421,P1421,Rahul Sharma 2,SUR-20420,KHA-50420,980.47,Institutional,Kachhi Khedi,Vidisha,Vidisha,CURRENT,v1.0,2025-07-17T12:00:00,2026-09-10T12:00:00,SYNTHETIC DEMO DATA — NOT OFFICIAL GOVERNMENT RECORDS
REV-1422,P1422,P1422,Amit Verma 2,SUR-20421,KHA-50421,1027.9,Mixed Use,Madhav Nagar,Vidisha,Vidisha,CURRENT,v1.0,2025-07-16T12:00:00,2026-09-10T12:00:00,SYNTHETIC DEMO DATA — NOT OFFICIAL GOVERNMENT RECORDS
REV-1423,P1423,P1423,Neha Patel 2,SUR-20422,KHA-50422,1074.78,Vacant Land,Raisen Link,Vidisha,Vidisha,CURRENT,v1.0,2025-07-15T12:00:00,2026-09-10T12:00:00,SYNTHETIC DEMO DATA — NOT OFFICIAL GOVERNMENT RECORDS
REV-1424,P1424,P1424,Priya K Singh 2,SUR-20423,KHA-50423,1121.34,Public/Semi-Public,Vidisha Urban,Vidisha,Vidisha,CURRENT,v1.0,2025-07-14T12:00:00,2026-09-10T12:00:00,SYNTHETIC DEMO DATA — NOT OFFICIAL GOVERNMENT RECORDS
REV-1425,P1425,P1425,Suresh Yadav 2,SUR-20424,KHA-50424,1168.84,Residential,Sanchi Road,Vidisha,Vidisha,CURRENT,v1.0,2025-07-13T12:00:00,2026-09-10T12:00:00,SYNTHETIC DEMO DATA — NOT OFFICIAL GOVERNMENT RECORDS
REV-1426,P1426,P1426,Anjali Jain 2,SUR-20425,KHA-50425,1215.91,Commercial,Betwa Nagar,Vidisha,Vidisha,CURRENT,v1.0,2025-07-12T12:00:00,2026-09-10T12:00:00,SYNTHETIC DEMO DATA — NOT OFFICIAL GOVERNMENT RECORDS
REV-1427,P1427,P1427,Vikram Mehta 2,SUR-20426,KHA-50426,1262.52,Industrial,Ganj Basoda Road,Vidisha,Vidisha,CURRENT,v1.0,2025-07-11T12:00:00,2026-09-10T12:00:00,SYNTHETIC DEMO DATA — NOT OFFICIAL GOVERNMENT RECORDS
REV-1428,P1428,P1428,Kavita Joshi 2,SUR-20427,KHA-50427,1309.68,Agricultural,Civil Lines Extension,Vidisha,Vidisha,CURRENT,v1.0,2025-07-10T12:00:00,2026-09-10T12:00:00,SYNTHETIC DEMO DATA — NOT OFFICIAL GOVERNMENT RECORDS
REV-1429,P1429,P1429,Manoj Gupta 2,SUR-20428,KHA-50428,1356.38,Institutional,Kachhi Khedi,Vidisha,Vidisha,CURRENT,v1.0,2025-07-09T12:00:00,2026-09-10T12:00:00,SYNTHETIC DEMO DATA — NOT OFFICIAL GOVERNMENT RECORDS
REV-1430,P1430,P1430,Ritu Mishra 2,SUR-20429,KHA-50429,1403.93,Mixed Use,Madhav Nagar,Vidisha,Vidisha,CURRENT,v1.0,2025-07-08T12:00:00,2026-09-10T12:00:00,SYNTHETIC DEMO DATA — NOT OFFICIAL GOVERNMENT RECORDS
REV-1431,P1431,P1431,Arjun Malviya 2,SUR-20430,KHA-50430,1450.35,Vacant Land,Raisen Link,Vidisha,Vidisha,CURRENT,v1.0,2025-07-07T12:00:00,2026-09-10T12:00:00,SYNTHETIC DEMO DATA — NOT OFFICIAL GOVERNMENT RECORDS
REV-1432,P1432,P1432,Pooja Thakur 2,SUR-20431,KHA-50431,1497.61,Public/Semi-Public,Vidisha Urban,Vidisha,Vidisha,CURRENT,v1.0,2025-07-06T12:00:00,2026-09-10T12:00:00,SYNTHETIC DEMO DATA — NOT OFFICIAL GOVERNMENT RECORDS
REV-1433,P1433,P1433,Nitin K Saxena 2,SUR-20432,KHA-50432,94.61,Residential,Sanchi Road,Vidisha,Vidisha,CURRENT,v1.0,2025-07-05T12:00:00,2026-09-10T12:00:00,SYNTHETIC DEMO DATA — NOT OFFICIAL GOVERNMENT RECORDS
REV-1434,P1434,P1434,Meera Chouhan 2,SUR-20433,KHA-50433,141.68,Commercial,Betwa Nagar,Vidisha,Vidisha,CURRENT,v1.0,2025-07-04T12:00:00,2026-09-10T12:00:00,SYNTHETIC DEMO DATA — NOT OFFICIAL GOVERNMENT RECORDS
REV-1435,P1435,P1435,Deepak Tiwari 2,SUR-20434,KHA-50434,188.69,Industrial,Ganj Basoda Road,Vidisha,Vidisha,CURRENT,v1.0,2025-07-03T12:00:00,2026-09-10T12:00:00,SYNTHETIC DEMO DATA — NOT OFFICIAL GOVERNMENT RECORDS
REV-1436,P1436,P1436,Sunita Rathore 2,SUR-20435,KHA-50435,235.38,Agricultural,Civil Lines Extension,Vidisha,Vidisha,CURRENT,v1.0,2025-07-02T12:00:00,2026-09-10T12:00:00,SYNTHETIC DEMO DATA — NOT OFFICIAL GOVERNMENT RECORDS
REV-1437,P1437,P1437,Karan Dubey 2,SUR-20436,KHA-50436,282.62,Institutional,Kachhi Khedi,Vidisha,Vidisha,CURRENT,v1.0,2025-07-01T12:00:00,2026-09-10T12:00:00,SYNTHETIC DEMO DATA — NOT OFFICIAL GOVERNMENT RECORDS
REV-1438,P1438,P1438,Isha Kulkarni 2,SUR-20437,KHA-50437,329.93,Mixed Use,Madhav Nagar,Vidisha,Vidisha,CURRENT,v1.0,2025-06-30T12:00:00,2026-09-10T12:00:00,SYNTHETIC DEMO DATA — NOT OFFICIAL GOVERNMENT RECORDS
REV-1439,P1439,P1439,Mohan Solanki 2,SUR-20438,KHA-50438,376.97,Vacant Land,Raisen Link,Vidisha,Vidisha,CURRENT,v1.0,2025-06-29T12:00:00,2026-09-10T12:00:00,SYNTHETIC DEMO DATA — NOT OFFICIAL GOVERNMENT RECORDS
REV-1440,P1440,P1440,Rekha Bansal 2,SUR-20439,KHA-50439,423.48,Public/Semi-Public,Vidisha Urban,Vidisha,Vidisha,CURRENT,v1.0,2025-06-28T12:00:00,2026-09-10T12:00:00,SYNTHETIC DEMO DATA — NOT OFFICIAL GOVERNMENT RECORDS
REV-1441,P1441,P1441,Rahul Sharma 3,SUR-20440,KHA-50440,470.13,Residential,Sanchi Road,Vidisha,Vidisha,CURRENT,v1.0,2025-06-27T12:00:00,2026-09-10T12:00:00,SYNTHETIC DEMO DATA — NOT OFFICIAL GOVERNMENT RECORDS
REV-1442,P1442,P1442,Amit K Verma 3,SUR-20441,KHA-50441,517.12,Commercial,Betwa Nagar,Vidisha,Vidisha,CURRENT,v1.0,2025-06-26T12:00:00,2026-09-10T12:00:00,SYNTHETIC DEMO DATA — NOT OFFICIAL GOVERNMENT RECORDS
REV-1443,P1443,P1443,Neha Patel 3,SUR-20442,KHA-50442,564.47,Industrial,Ganj Basoda Road,Vidisha,Vidisha,CURRENT,v1.0,2025-06-25T12:00:00,2026-09-10T12:00:00,SYNTHETIC DEMO DATA — NOT OFFICIAL GOVERNMENT RECORDS
REV-1444,P1444,P1444,Priya Singh 3,SUR-20443,KHA-50443,611.55,Agricultural,Civil Lines Extension,Vidisha,Vidisha,CURRENT,v1.0,2025-06-24T12:00:00,2026-09-10T12:00:00,SYNTHETIC DEMO DATA — NOT OFFICIAL GOVERNMENT RECORDS
REV-1445,P1445,P1445,Suresh Yadav 3,SUR-20444,KHA-50444,658.98,Institutional,Kachhi Khedi,Vidisha,Vidisha,CURRENT,v1.0,2025-06-23T12:00:00,2026-09-10T12:00:00,SYNTHETIC DEMO DATA — NOT OFFICIAL GOVERNMENT RECORDS
REV-1446,P1446,P1446,Anjali Jain 3,SUR-20445,KHA-50445,705.55,Mixed Use,Madhav Nagar,Vidisha,Vidisha,CURRENT,v1.0,2025-06-22T12:00:00,2026-09-10T12:00:00,SYNTHETIC DEMO DATA — NOT OFFICIAL GOVERNMENT RECORDS
REV-1447,P1447,P1447,Vikram Mehta 3,SUR-20446,KHA-50446,752.91,Vacant Land,Raisen Link,Vidisha,Vidisha,CURRENT,v1.0,2025-06-21T12:00:00,2026-09-10T12:00:00,SYNTHETIC DEMO DATA — NOT OFFICIAL GOVERNMENT RECORDS
REV-1448,P1448,P1448,Kavita Joshi 3,SUR-20447,KHA-50447,799.83,Public/Semi-Public,Vidisha Urban,Vidisha,Vidisha,CURRENT,v1.0,2025-06-20T12:00:00,2026-09-10T12:00:00,SYNTHETIC DEMO DATA — NOT OFFICIAL GOVERNMENT RECORDS
REV-1449,P1449,P1449,Manoj Gupta 3,SUR-20448,KHA-50448,846.11,Residential,Sanchi Road,Vidisha,Vidisha,CURRENT,v1.0,2025-06-19T12:00:00,2026-09-10T12:00:00,SYNTHETIC DEMO DATA — NOT OFFICIAL GOVERNMENT RECORDS
REV-1450,P1450,P1450,Ritu Mishra 3,SUR-20449,KHA-50449,893.4,Commercial,Betwa Nagar,Vidisha,Vidisha,CURRENT,v1.0,2025-06-18T12:00:00,2026-09-10T12:00:00,SYNTHETIC DEMO DATA — NOT OFFICIAL GOVERNMENT RECORDS
REV-1451,P1451,P1451,Arjun K Malviya 3,SUR-20450,KHA-50450,940.17,Industrial,Ganj Basoda Road,Vidisha,Vidisha,CURRENT,v1.0,2025-06-17T12:00:00,2026-09-10T12:00:00,SYNTHETIC DEMO DATA — NOT OFFICIAL GOVERNMENT RECORDS
REV-1452,P1452,P1452,Pooja Thakur 3,SUR-20451,KHA-50451,987.48,Agricultural,Civil Lines Extension,Vidisha,Vidisha,CURRENT,v1.0,2025-06-16T12:00:00,2026-09-10T12:00:00,SYNTHETIC DEMO DATA — NOT OFFICIAL GOVERNMENT RECORDS
REV-1453,P1453,P1453,Nitin Saxena 3,SUR-20452,KHA-50452,1034.68,Institutional,Kachhi Khedi,Vidisha,Vidisha,CURRENT,v1.0,2025-06-15T12:00:00,2026-09-10T12:00:00,SYNTHETIC DEMO DATA — NOT OFFICIAL GOVERNMENT RECORDS
REV-1454,P1454,P1454,Meera Chouhan 3,SUR-20453,KHA-50453,1081.17,Mixed Use,Madhav Nagar,Vidisha,Vidisha,CURRENT,v1.0,2025-06-14T12:00:00,2026-09-10T12:00:00,SYNTHETIC DEMO DATA — NOT OFFICIAL GOVERNMENT RECORDS
REV-1455,P1455,P1455,Deepak Tiwari 3,SUR-20454,KHA-50454,1128.88,Vacant Land,Raisen Link,Vidisha,Vidisha,CURRENT,v1.0,2025-06-13T12:00:00,2026-09-10T12:00:00,SYNTHETIC DEMO DATA — NOT OFFICIAL GOVERNMENT RECORDS
REV-1456,P1456,P1456,Sunita Rathore 3,SUR-20455,KHA-50455,1175.57,Public/Semi-Public,Vidisha Urban,Vidisha,Vidisha,CURRENT,v1.0,2025-06-12T12:00:00,2026-09-10T12:00:00,SYNTHETIC DEMO DATA — NOT OFFICIAL GOVERNMENT RECORDS
REV-1457,P1457,P1457,Karan Dubey 3,SUR-20456,KHA-50456,1222.61,Residential,Sanchi Road,Vidisha,Vidisha,CURRENT,v1.0,2025-06-11T12:00:00,2026-09-10T12:00:00,SYNTHETIC DEMO DATA — NOT OFFICIAL GOVERNMENT RECORDS
REV-1458,P1458,P1458,Isha Kulkarni 3,SUR-20457,KHA-50457,1269.45,Commercial,Betwa Nagar,Vidisha,Vidisha,CURRENT,v1.0,2025-06-10T12:00:00,2026-09-10T12:00:00,SYNTHETIC DEMO DATA — NOT OFFICIAL GOVERNMENT RECORDS
REV-1459,P1459,P1459,Mohan Solanki 3,SUR-20458,KHA-50458,1316.1,Industrial,Ganj Basoda Road,Vidisha,Vidisha,CURRENT,v1.0,2025-06-09T12:00:00,2026-09-10T12:00:00,SYNTHETIC DEMO DATA — NOT OFFICIAL GOVERNMENT RECORDS
REV-1460,P1460,P1460,Rekha K Bansal 3,SUR-20459,KHA-50459,1363.47,Agricultural,Civil Lines Extension,Vidisha,Vidisha,CURRENT,v1.0,2025-06-08T12:00:00,2026-09-10T12:00:00,SYNTHETIC DEMO DATA — NOT OFFICIAL GOVERNMENT RECORDS
REV-1461,P1461,P1461,Rahul Sharma 4,SUR-20460,KHA-50460,1410.83,Institutional,Kachhi Khedi,Vidisha,Vidisha,CURRENT,v1.0,2025-06-07T12:00:00,2026-09-10T12:00:00,SYNTHETIC DEMO DATA — NOT OFFICIAL GOVERNMENT RECORDS
REV-1462,P1462,P1462,Amit Verma 4,SUR-20461,KHA-50461,1457.24,Mixed Use,Madhav Nagar,Vidisha,Vidisha,CURRENT,v1.0,2025-06-06T12:00:00,2026-09-10T12:00:00,SYNTHETIC DEMO DATA — NOT OFFICIAL GOVERNMENT RECORDS
REV-1463,P1463,P1463,Neha Patel 4,SUR-20462,KHA-50462,1504.58,Vacant Land,Raisen Link,Vidisha,Vidisha,CURRENT,v1.0,2025-06-05T12:00:00,2026-09-10T12:00:00,SYNTHETIC DEMO DATA — NOT OFFICIAL GOVERNMENT RECORDS
REV-1464,P1464,P1464,Priya Singh 4,SUR-20463,KHA-50463,101.15,Public/Semi-Public,Vidisha Urban,Vidisha,Vidisha,CURRENT,v1.0,2025-06-04T12:00:00,2026-09-10T12:00:00,SYNTHETIC DEMO DATA — NOT OFFICIAL GOVERNMENT RECORDS
REV-1465,P1465,P1465,Suresh Yadav 4,SUR-20464,KHA-50464,148.83,Residential,Sanchi Road,Vidisha,Vidisha,CURRENT,v1.0,2025-06-03T12:00:00,2026-09-10T12:00:00,SYNTHETIC DEMO DATA — NOT OFFICIAL GOVERNMENT RECORDS
REV-1466,P1466,P1466,Anjali Jain 4,SUR-20465,KHA-50465,195.53,Commercial,Betwa Nagar,Vidisha,Vidisha,CURRENT,v1.0,2025-06-02T12:00:00,2026-09-10T12:00:00,SYNTHETIC DEMO DATA — NOT OFFICIAL GOVERNMENT RECORDS
REV-1467,P1467,P1467,Vikram Mehta 4,SUR-20466,KHA-50466,242.16,Industrial,Ganj Basoda Road,Vidisha,Vidisha,CURRENT,v1.0,2025-06-01T12:00:00,2026-09-10T12:00:00,SYNTHETIC DEMO DATA — NOT OFFICIAL GOVERNMENT RECORDS
REV-1468,P1468,P1468,Kavita Joshi 4,SUR-20467,KHA-50467,289.56,Agricultural,Civil Lines Extension,Vidisha,Vidisha,CURRENT,v1.0,2025-05-31T12:00:00,2026-09-10T12:00:00,SYNTHETIC DEMO DATA — NOT OFFICIAL GOVERNMENT RECORDS
REV-1469,P1469,P1469,Manoj K Gupta 4,SUR-20468,KHA-50468,336.62,Institutional,Kachhi Khedi,Vidisha,Vidisha,CURRENT,v1.0,2025-05-30T12:00:00,2026-09-10T12:00:00,SYNTHETIC DEMO DATA — NOT OFFICIAL GOVERNMENT RECORDS
REV-1470,P1470,P1470,Ritu Mishra 4,SUR-20469,KHA-50469,383.83,Mixed Use,Madhav Nagar,Vidisha,Vidisha,CURRENT,v1.0,2025-05-29T12:00:00,2026-09-10T12:00:00,SYNTHETIC DEMO DATA — NOT OFFICIAL GOVERNMENT RECORDS
REV-1471,P1471,P1471,Arjun Malviya 4,SUR-20470,KHA-50470,430.36,Vacant Land,Raisen Link,Vidisha,Vidisha,CURRENT,v1.0,2025-05-28T12:00:00,2026-09-10T12:00:00,SYNTHETIC DEMO DATA — NOT OFFICIAL GOVERNMENT RECORDS
REV-1472,P1472,P1472,Pooja Thakur 4,SUR-20471,KHA-50471,477.48,Public/Semi-Public,Vidisha Urban,Vidisha,Vidisha,CURRENT,v1.0,2025-05-27T12:00:00,2026-09-10T12:00:00,SYNTHETIC DEMO DATA — NOT OFFICIAL GOVERNMENT RECORDS
REV-1473,P1473,P1473,Nitin Saxena 4,SUR-20472,KHA-50472,524.14,Residential,Sanchi Road,Vidisha,Vidisha,CURRENT,v1.0,2025-05-26T12:00:00,2026-09-10T12:00:00,SYNTHETIC DEMO DATA — NOT OFFICIAL GOVERNMENT RECORDS
REV-1474,P1474,P1474,Meera Chouhan 4,SUR-20473,KHA-50473,571.68,Commercial,Betwa Nagar,Vidisha,Vidisha,CURRENT,v1.0,2025-05-25T12:00:00,2026-09-10T12:00:00,SYNTHETIC DEMO DATA — NOT OFFICIAL GOVERNMENT RECORDS
REV-1475,P1475,P1475,Deepak Tiwari 4,SUR-20474,KHA-50474,618.16,Industrial,Ganj Basoda Road,Vidisha,Vidisha,CURRENT,v1.0,2025-05-24T12:00:00,2026-09-10T12:00:00,SYNTHETIC DEMO DATA — NOT OFFICIAL GOVERNMENT RECORDS
REV-1476,P1476,P1476,Sunita Rathore 4,SUR-20475,KHA-50475,665.0,Agricultural,Civil Lines Extension,Vidisha,Vidisha,CURRENT,v1.0,2025-05-23T12:00:00,2026-09-10T12:00:00,SYNTHETIC DEMO DATA — NOT OFFICIAL GOVERNMENT RECORDS
REV-1477,P1477,P1477,Karan Dubey 4,SUR-20476,KHA-50476,712.42,Institutional,Kachhi Khedi,Vidisha,Vidisha,CURRENT,v1.0,2025-05-22T12:00:00,2026-09-10T12:00:00,SYNTHETIC DEMO DATA — NOT OFFICIAL GOVERNMENT RECORDS
REV-1478,P1478,P1478,Isha K Kulkarni 4,SUR-20477,KHA-50477,759.7,Mixed Use,Madhav Nagar,Vidisha,Vidisha,CURRENT,v1.0,2025-05-21T12:00:00,2026-09-10T12:00:00,SYNTHETIC DEMO DATA — NOT OFFICIAL GOVERNMENT RECORDS
REV-1479,P1479,P1479,Mohan Solanki 4,SUR-20478,KHA-50478,806.85,Vacant Land,Raisen Link,Vidisha,Vidisha,CURRENT,v1.0,2025-05-20T12:00:00,2026-09-10T12:00:00,SYNTHETIC DEMO DATA — NOT OFFICIAL GOVERNMENT RECORDS
REV-1480,P1480,P1480,Rekha Bansal 4,SUR-20479,KHA-50479,853.76,Public/Semi-Public,Vidisha Urban,Vidisha,Vidisha,CURRENT,v1.0,2025-05-19T12:00:00,2026-09-10T12:00:00,SYNTHETIC DEMO DATA — NOT OFFICIAL GOVERNMENT RECORDS
REV-1481,P1481,P1481,Rahul Sharma 5,SUR-20480,KHA-50480,900.29,Residential,Sanchi Road,Vidisha,Vidisha,CURRENT,v1.0,2025-05-18T12:00:00,2026-09-10T12:00:00,SYNTHETIC DEMO DATA — NOT OFFICIAL GOVERNMENT RECORDS
REV-1482,P1482,P1482,Amit Verma 5,SUR-20481,KHA-50481,947.27,Commercial,Betwa Nagar,Vidisha,Vidisha,CURRENT,v1.0,2025-05-17T12:00:00,2026-09-10T12:00:00,SYNTHETIC DEMO DATA — NOT OFFICIAL GOVERNMENT RECORDS
REV-1483,P1483,P1483,Neha Patel 5,SUR-20482,KHA-50482,994.48,Industrial,Ganj Basoda Road,Vidisha,Vidisha,CURRENT,v1.0,2025-05-16T12:00:00,2026-09-10T12:00:00,SYNTHETIC DEMO DATA — NOT OFFICIAL GOVERNMENT RECORDS
REV-1484,P1484,P1484,Priya Singh 5,SUR-20483,KHA-50483,1041.65,Agricultural,Civil Lines Extension,Vidisha,Vidisha,CURRENT,v1.0,2025-05-15T12:00:00,2026-09-10T12:00:00,SYNTHETIC DEMO DATA — NOT OFFICIAL GOVERNMENT RECORDS
REV-1485,P1485,P1485,Suresh Yadav 5,SUR-20484,KHA-50484,1088.16,Institutional,Kachhi Khedi,Vidisha,Vidisha,CURRENT,v1.0,2025-05-14T12:00:00,2026-09-10T12:00:00,SYNTHETIC DEMO DATA — NOT OFFICIAL GOVERNMENT RECORDS
REV-1486,P1486,P1486,Anjali Jain 5,SUR-20485,KHA-50485,1135.79,Mixed Use,Madhav Nagar,Vidisha,Vidisha,CURRENT,v1.0,2025-05-13T12:00:00,2026-09-10T12:00:00,SYNTHETIC DEMO DATA — NOT OFFICIAL GOVERNMENT RECORDS
REV-1487,P1487,P1487,Vikram K Mehta 5,SUR-20486,KHA-50486,1182.34,Vacant Land,Raisen Link,Vidisha,Vidisha,CURRENT,v1.0,2025-05-12T12:00:00,2026-09-10T12:00:00,SYNTHETIC DEMO DATA — NOT OFFICIAL GOVERNMENT RECORDS
REV-1488,P1488,P1488,Kavita Joshi 5,SUR-20487,KHA-50487,1229.34,Public/Semi-Public,Vidisha Urban,Vidisha,Vidisha,CURRENT,v1.0,2025-05-11T12:00:00,2026-09-10T12:00:00,SYNTHETIC DEMO DATA — NOT OFFICIAL GOVERNMENT RECORDS
REV-1489,P1489,P1489,Manoj Gupta 5,SUR-20488,KHA-50488,1276.21,Residential,Sanchi Road,Vidisha,Vidisha,CURRENT,v1.0,2025-05-10T12:00:00,2026-09-10T12:00:00,SYNTHETIC DEMO DATA — NOT OFFICIAL GOVERNMENT RECORDS
REV-1490,P1490,P1490,Ritu Mishra 5,SUR-20489,KHA-50489,1323.15,Commercial,Betwa Nagar,Vidisha,Vidisha,CURRENT,v1.0,2025-05-09T12:00:00,2026-09-10T12:00:00,SYNTHETIC DEMO DATA — NOT OFFICIAL GOVERNMENT RECORDS
REV-1491,P1491,P1491,Arjun Malviya 5,SUR-20490,KHA-50490,1370.04,Industrial,Ganj Basoda Road,Vidisha,Vidisha,CURRENT,v1.0,2025-05-08T12:00:00,2026-09-10T12:00:00,SYNTHETIC DEMO DATA — NOT OFFICIAL GOVERNMENT RECORDS
REV-1492,P1492,P1492,Pooja Thakur 5,SUR-20491,KHA-50491,1417.77,Agricultural,Civil Lines Extension,Vidisha,Vidisha,CURRENT,v1.0,2025-05-07T12:00:00,2026-09-10T12:00:00,SYNTHETIC DEMO DATA — NOT OFFICIAL GOVERNMENT RECORDS
REV-1493,P1493,P1493,Nitin Saxena 5,SUR-20492,KHA-50492,1464.88,Institutional,Kachhi Khedi,Vidisha,Vidisha,CURRENT,v1.0,2025-05-06T12:00:00,2026-09-10T12:00:00,SYNTHETIC DEMO DATA — NOT OFFICIAL GOVERNMENT RECORDS
REV-1494,P1494,P1494,Meera Chouhan 5,SUR-20493,KHA-50493,1511.32,Mixed Use,Madhav Nagar,Vidisha,Vidisha,CURRENT,v1.0,2025-05-05T12:00:00,2026-09-10T12:00:00,SYNTHETIC DEMO DATA — NOT OFFICIAL GOVERNMENT RECORDS
REV-1495,P1495,P1495,Deepak Tiwari 5,SUR-20494,KHA-50494,108.67,Vacant Land,Raisen Link,Vidisha,Vidisha,CURRENT,v1.0,2025-05-04T12:00:00,2026-09-10T12:00:00,SYNTHETIC DEMO DATA — NOT OFFICIAL GOVERNMENT RECORDS
REV-1496,P1496,P1496,Sunita K Rathore 5,SUR-20495,KHA-50495,155.15,Public/Semi-Public,Vidisha Urban,Vidisha,Vidisha,CURRENT,v1.0,2025-05-03T12:00:00,2026-09-10T12:00:00,SYNTHETIC DEMO DATA — NOT OFFICIAL GOVERNMENT RECORDS
REV-1497,P1497,P1497,Karan Dubey 5,SUR-20496,KHA-50496,202.99,Residential,Sanchi Road,Vidisha,Vidisha,CURRENT,v1.0,2025-05-02T12:00:00,2026-09-10T12:00:00,SYNTHETIC DEMO DATA — NOT OFFICIAL GOVERNMENT RECORDS
REV-1498,P1498,P1498,Isha Kulkarni 5,SUR-20497,KHA-50497,249.92,Commercial,Betwa Nagar,Vidisha,Vidisha,CURRENT,v1.0,2025-05-01T12:00:00,2026-09-10T12:00:00,SYNTHETIC DEMO DATA — NOT OFFICIAL GOVERNMENT RECORDS
REV-1499,P1499,P1499,Mohan Solanki 5,SUR-20498,KHA-50498,297.0,Industrial,Ganj Basoda Road,Vidisha,Vidisha,CURRENT,v1.0,2025-04-30T12:00:00,2026-09-10T12:00:00,SYNTHETIC DEMO DATA — NOT OFFICIAL GOVERNMENT RECORDS
REV-1500,P1500,P1500,Rekha Bansal 5,SUR-20499,KHA-50499,343.21,Agricultural,Civil Lines Extension,Vidisha,Vidisha,CURRENT,v1.0,2025-04-29T12:00:00,2026-09-10T12:00:00,SYNTHETIC DEMO DATA — NOT OFFICIAL GOVERNMENT RECORDS
REV-1501,P1501,P1501,Rahul Sharma 6,SUR-20500,KHA-50500,390.56,Institutional,Kachhi Khedi,Vidisha,Vidisha,CURRENT,v1.0,2025-04-28T12:00:00,2026-09-10T12:00:00,SYNTHETIC DEMO DATA — NOT OFFICIAL GOVERNMENT RECORDS
REV-1502,P1502,P1502,Amit Verma 6,SUR-20501,KHA-50501,437.74,Mixed Use,Madhav Nagar,Vidisha,Vidisha,CURRENT,v1.0,2025-04-27T12:00:00,2026-09-10T12:00:00,SYNTHETIC DEMO DATA — NOT OFFICIAL GOVERNMENT RECORDS
REV-1503,P1503,P1503,Neha Patel 6,SUR-20502,KHA-50502,484.5,Vacant Land,Raisen Link,Vidisha,Vidisha,CURRENT,v1.0,2025-04-26T12:00:00,2026-09-10T12:00:00,SYNTHETIC DEMO DATA — NOT OFFICIAL GOVERNMENT RECORDS
REV-1504,P1504,P1504,Priya Singh 6,SUR-20503,KHA-50503,531.82,Public/Semi-Public,Vidisha Urban,Vidisha,Vidisha,CURRENT,v1.0,2025-04-25T12:00:00,2026-09-10T12:00:00,SYNTHETIC DEMO DATA — NOT OFFICIAL GOVERNMENT RECORDS
REV-1505,P1505,P1505,Suresh K Yadav 6,SUR-20504,KHA-50504,578.59,Residential,Sanchi Road,Vidisha,Vidisha,CURRENT,v1.0,2025-04-24T12:00:00,2026-09-10T12:00:00,SYNTHETIC DEMO DATA — NOT OFFICIAL GOVERNMENT RECORDS
REV-1506,P1506,P1506,Anjali Jain 6,SUR-20505,KHA-50505,625.41,Commercial,Betwa Nagar,Vidisha,Vidisha,CURRENT,v1.0,2025-04-23T12:00:00,2026-09-10T12:00:00,SYNTHETIC DEMO DATA — NOT OFFICIAL GOVERNMENT RECORDS
REV-1507,P1507,P1507,Vikram Mehta 6,SUR-20506,KHA-50506,672.5,Industrial,Ganj Basoda Road,Vidisha,Vidisha,CURRENT,v1.0,2025-04-22T12:00:00,2026-09-10T12:00:00,SYNTHETIC DEMO DATA — NOT OFFICIAL GOVERNMENT RECORDS
REV-1508,P1508,P1508,Kavita Joshi 6,SUR-20507,KHA-50507,719.73,Agricultural,Civil Lines Extension,Vidisha,Vidisha,CURRENT,v1.0,2025-04-21T12:00:00,2026-09-10T12:00:00,SYNTHETIC DEMO DATA — NOT OFFICIAL GOVERNMENT RECORDS
REV-1509,P1509,P1509,Manoj Gupta 6,SUR-20508,KHA-50508,766.53,Institutional,Kachhi Khedi,Vidisha,Vidisha,CURRENT,v1.0,2025-04-20T12:00:00,2026-09-10T12:00:00,SYNTHETIC DEMO DATA — NOT OFFICIAL GOVERNMENT RECORDS
REV-1510,P1510,P1510,Ritu Mishra 6,SUR-20509,KHA-50509,813.22,Mixed Use,Madhav Nagar,Vidisha,Vidisha,CURRENT,v1.0,2025-04-19T12:00:00,2026-09-10T12:00:00,SYNTHETIC DEMO DATA — NOT OFFICIAL GOVERNMENT RECORDS
REV-1511,P1511,P1511,Arjun Malviya 6,SUR-20510,KHA-50510,860.37,Vacant Land,Raisen Link,Vidisha,Vidisha,CURRENT,v1.0,2025-04-18T12:00:00,2026-09-10T12:00:00,SYNTHETIC DEMO DATA — NOT OFFICIAL GOVERNMENT RECORDS
REV-1512,P1512,P1512,Pooja Thakur 6,SUR-20511,KHA-50511,907.89,Public/Semi-Public,Vidisha Urban,Vidisha,Vidisha,CURRENT,v1.0,2025-04-17T12:00:00,2026-09-10T12:00:00,SYNTHETIC DEMO DATA — NOT OFFICIAL GOVERNMENT RECORDS
REV-1513,P1513,P1513,Nitin Saxena 6,SUR-20512,KHA-50512,954.36,Residential,Sanchi Road,Vidisha,Vidisha,CURRENT,v1.0,2025-04-16T12:00:00,2026-09-10T12:00:00,SYNTHETIC DEMO DATA — NOT OFFICIAL GOVERNMENT RECORDS
REV-1514,P1514,P1514,Meera K Chouhan 6,SUR-20513,KHA-50513,1001.13,Commercial,Betwa Nagar,Vidisha,Vidisha,CURRENT,v1.0,2025-04-15T12:00:00,2026-09-10T12:00:00,SYNTHETIC DEMO DATA — NOT OFFICIAL GOVERNMENT RECORDS
REV-1515,P1515,P1515,Deepak Tiwari 6,SUR-20514,KHA-50514,1048.7,Industrial,Ganj Basoda Road,Vidisha,Vidisha,CURRENT,v1.0,2025-04-14T12:00:00,2026-09-10T12:00:00,SYNTHETIC DEMO DATA — NOT OFFICIAL GOVERNMENT RECORDS
REV-1516,P1516,P1516,Sunita Rathore 6,SUR-20515,KHA-50515,1095.73,Agricultural,Civil Lines Extension,Vidisha,Vidisha,CURRENT,v1.0,2025-04-13T12:00:00,2026-09-10T12:00:00,SYNTHETIC DEMO DATA — NOT OFFICIAL GOVERNMENT RECORDS
REV-1517,P1517,P1517,Karan Dubey 6,SUR-20516,KHA-50516,1142.3,Institutional,Kachhi Khedi,Vidisha,Vidisha,CURRENT,v1.0,2025-04-12T12:00:00,2026-09-10T12:00:00,SYNTHETIC DEMO DATA — NOT OFFICIAL GOVERNMENT RECORDS
REV-1518,P1518,P1518,Isha Kulkarni 6,SUR-20517,KHA-50517,1189.07,Mixed Use,Madhav Nagar,Vidisha,Vidisha,CURRENT,v1.0,2025-04-11T12:00:00,2026-09-10T12:00:00,SYNTHETIC DEMO DATA — NOT OFFICIAL GOVERNMENT RECORDS
REV-1519,P1519,P1519,Mohan Solanki 6,SUR-20518,KHA-50518,1236.86,Vacant Land,Raisen Link,Vidisha,Vidisha,CURRENT,v1.0,2025-04-10T12:00:00,2026-09-10T12:00:00,SYNTHETIC DEMO DATA — NOT OFFICIAL GOVERNMENT RECORDS
REV-1520,P1520,P1520,Rekha Bansal 6,SUR-20519,KHA-50519,1283.83,Public/Semi-Public,Vidisha Urban,Vidisha,Vidisha,CURRENT,v1.0,2025-04-09T12:00:00,2026-09-10T12:00:00,SYNTHETIC DEMO DATA — NOT OFFICIAL GOVERNMENT RECORDS
REV-1521,P1521,P1521,Rahul Sharma 7,SUR-20520,KHA-50520,1330.9,Residential,Sanchi Road,Vidisha,Vidisha,CURRENT,v1.0,2025-04-08T12:00:00,2026-09-10T12:00:00,SYNTHETIC DEMO DATA — NOT OFFICIAL GOVERNMENT RECORDS
REV-1522,P1522,P1522,Amit Verma 7,SUR-20521,KHA-50521,1377.14,Commercial,Betwa Nagar,Vidisha,Vidisha,CURRENT,v1.0,2025-04-07T12:00:00,2026-09-10T12:00:00,SYNTHETIC DEMO DATA — NOT OFFICIAL GOVERNMENT RECORDS
REV-1523,P1523,P1523,Neha K Patel 7,SUR-20522,KHA-50522,1424.92,Industrial,Ganj Basoda Road,Vidisha,Vidisha,CURRENT,v1.0,2025-04-06T12:00:00,2026-09-10T12:00:00,SYNTHETIC DEMO DATA — NOT OFFICIAL GOVERNMENT RECORDS
REV-1524,P1524,P1524,Priya Singh 7,SUR-20523,KHA-50523,1471.35,Agricultural,Civil Lines Extension,Vidisha,Vidisha,CURRENT,v1.0,2025-04-05T12:00:00,2026-09-10T12:00:00,SYNTHETIC DEMO DATA — NOT OFFICIAL GOVERNMENT RECORDS
REV-1525,P1525,P1525,Suresh Yadav 7,SUR-20524,KHA-50524,1518.11,Institutional,Kachhi Khedi,Vidisha,Vidisha,CURRENT,v1.0,2025-04-04T12:00:00,2026-09-10T12:00:00,SYNTHETIC DEMO DATA — NOT OFFICIAL GOVERNMENT RECORDS
REV-1526,P1526,P1526,Anjali Jain 7,SUR-20525,KHA-50525,115.7,Mixed Use,Madhav Nagar,Vidisha,Vidisha,CURRENT,v1.0,2025-04-03T12:00:00,2026-09-10T12:00:00,SYNTHETIC DEMO DATA — NOT OFFICIAL GOVERNMENT RECORDS
REV-1527,P1527,P1527,Vikram Mehta 7,SUR-20526,KHA-50526,162.54,Vacant Land,Raisen Link,Vidisha,Vidisha,CURRENT,v1.0,2025-04-02T12:00:00,2026-09-10T12:00:00,SYNTHETIC DEMO DATA — NOT OFFICIAL GOVERNMENT RECORDS
REV-1528,P1528,P1528,Kavita Joshi 7,SUR-20527,KHA-50527,209.08,Public/Semi-Public,Vidisha Urban,Vidisha,Vidisha,CURRENT,v1.0,2025-04-01T12:00:00,2026-09-10T12:00:00,SYNTHETIC DEMO DATA — NOT OFFICIAL GOVERNMENT RECORDS
REV-1529,P1529,P1529,Manoj Gupta 7,SUR-20528,KHA-50528,256.49,Residential,Sanchi Road,Vidisha,Vidisha,CURRENT,v1.0,2025-03-31T12:00:00,2026-09-10T12:00:00,SYNTHETIC DEMO DATA — NOT OFFICIAL GOVERNMENT RECORDS
REV-1530,P1530,P1530,Ritu Mishra 7,SUR-20529,KHA-50529,303.35,Commercial,Betwa Nagar,Vidisha,Vidisha,CURRENT,v1.0,2025-03-30T12:00:00,2026-09-10T12:00:00,SYNTHETIC DEMO DATA — NOT OFFICIAL GOVERNMENT RECORDS
REV-1531,P1531,P1531,Arjun Malviya 7,SUR-20530,KHA-50530,350.53,Industrial,Ganj Basoda Road,Vidisha,Vidisha,CURRENT,v1.0,2025-03-29T12:00:00,2026-09-10T12:00:00,SYNTHETIC DEMO DATA — NOT OFFICIAL GOVERNMENT RECORDS
REV-1532,P1532,P1532,Pooja K Thakur 7,SUR-20531,KHA-50531,397.17,Agricultural,Civil Lines Extension,Vidisha,Vidisha,CURRENT,v1.0,2025-03-28T12:00:00,2026-09-10T12:00:00,SYNTHETIC DEMO DATA — NOT OFFICIAL GOVERNMENT RECORDS
REV-1533,P1533,P1533,Nitin Saxena 7,SUR-20532,KHA-50532,444.14,Institutional,Kachhi Khedi,Vidisha,Vidisha,CURRENT,v1.0,2025-03-27T12:00:00,2026-09-10T12:00:00,SYNTHETIC DEMO DATA — NOT OFFICIAL GOVERNMENT RECORDS
REV-1534,P1534,P1534,Meera Chouhan 7,SUR-20533,KHA-50533,491.43,Mixed Use,Madhav Nagar,Vidisha,Vidisha,CURRENT,v1.0,2025-03-26T12:00:00,2026-09-10T12:00:00,SYNTHETIC DEMO DATA — NOT OFFICIAL GOVERNMENT RECORDS
REV-1535,P1535,P1535,Deepak Tiwari 7,SUR-20534,KHA-50534,538.07,Vacant Land,Raisen Link,Vidisha,Vidisha,CURRENT,v1.0,2025-03-25T12:00:00,2026-09-10T12:00:00,SYNTHETIC DEMO DATA — NOT OFFICIAL GOVERNMENT RECORDS
REV-1536,P1536,P1536,Sunita Rathore 7,SUR-20535,KHA-50535,585.06,Public/Semi-Public,Vidisha Urban,Vidisha,Vidisha,CURRENT,v1.0,2025-03-24T12:00:00,2026-09-10T12:00:00,SYNTHETIC DEMO DATA — NOT OFFICIAL GOVERNMENT RECORDS
REV-1537,P1537,P1537,Karan Dubey 7,SUR-20536,KHA-50536,632.43,Residential,Sanchi Road,Vidisha,Vidisha,CURRENT,v1.0,2025-03-23T12:00:00,2026-09-10T12:00:00,SYNTHETIC DEMO DATA — NOT OFFICIAL GOVERNMENT RECORDS
REV-1538,P1538,P1538,Isha Kulkarni 7,SUR-20537,KHA-50537,679.64,Commercial,Betwa Nagar,Vidisha,Vidisha,CURRENT,v1.0,2025-03-22T12:00:00,2026-09-10T12:00:00,SYNTHETIC DEMO DATA — NOT OFFICIAL GOVERNMENT RECORDS
REV-1539,P1539,P1539,Mohan Solanki 7,SUR-20538,KHA-50538,726.51,Industrial,Ganj Basoda Road,Vidisha,Vidisha,CURRENT,v1.0,2025-03-21T12:00:00,2026-09-10T12:00:00,SYNTHETIC DEMO DATA — NOT OFFICIAL GOVERNMENT RECORDS
REV-1540,P1540,P1540,Rekha Bansal 7,SUR-20539,KHA-50539,773.71,Agricultural,Civil Lines Extension,Vidisha,Vidisha,CURRENT,v1.0,2025-03-20T12:00:00,2026-09-10T12:00:00,SYNTHETIC DEMO DATA — NOT OFFICIAL GOVERNMENT RECORDS
REV-1541,P1541,P1541,Rahul K Sharma 8,SUR-20540,KHA-50540,820.28,Institutional,Kachhi Khedi,Vidisha,Vidisha,CURRENT,v1.0,2025-03-19T12:00:00,2026-09-10T12:00:00,SYNTHETIC DEMO DATA — NOT OFFICIAL GOVERNMENT RECORDS
REV-1542,P1542,P1542,Amit Verma 8,SUR-20541,KHA-50541,867.66,Mixed Use,Madhav Nagar,Vidisha,Vidisha,CURRENT,v1.0,2025-03-18T12:00:00,2026-09-10T12:00:00,SYNTHETIC DEMO DATA — NOT OFFICIAL GOVERNMENT RECORDS
REV-1543,P1543,P1543,Neha Patel 8,SUR-20542,KHA-50542,914.45,Vacant Land,Raisen Link,Vidisha,Vidisha,CURRENT,v1.0,2025-03-17T12:00:00,2026-09-10T12:00:00,SYNTHETIC DEMO DATA — NOT OFFICIAL GOVERNMENT RECORDS
REV-1544,P1544,P1544,Priya Singh 8,SUR-20543,KHA-50543,961.49,Public/Semi-Public,Vidisha Urban,Vidisha,Vidisha,CURRENT,v1.0,2025-03-16T12:00:00,2026-09-10T12:00:00,SYNTHETIC DEMO DATA — NOT OFFICIAL GOVERNMENT RECORDS
REV-1545,P1545,P1545,Suresh Yadav 8,SUR-20544,KHA-50544,1008.57,Residential,Sanchi Road,Vidisha,Vidisha,CURRENT,v1.0,2025-03-15T12:00:00,2026-09-10T12:00:00,SYNTHETIC DEMO DATA — NOT OFFICIAL GOVERNMENT RECORDS
REV-1546,P1546,P1546,Anjali Jain 8,SUR-20545,KHA-50545,1055.61,Commercial,Betwa Nagar,Vidisha,Vidisha,CURRENT,v1.0,2025-03-14T12:00:00,2026-09-10T12:00:00,SYNTHETIC DEMO DATA — NOT OFFICIAL GOVERNMENT RECORDS
REV-1547,P1547,P1547,Vikram Mehta 8,SUR-20546,KHA-50546,1102.66,Industrial,Ganj Basoda Road,Vidisha,Vidisha,CURRENT,v1.0,2025-03-13T12:00:00,2026-09-10T12:00:00,SYNTHETIC DEMO DATA — NOT OFFICIAL GOVERNMENT RECORDS
REV-1548,P1548,P1548,Kavita Joshi 8,SUR-20547,KHA-50547,1149.42,Agricultural,Civil Lines Extension,Vidisha,Vidisha,CURRENT,v1.0,2025-03-12T12:00:00,2026-09-10T12:00:00,SYNTHETIC DEMO DATA — NOT OFFICIAL GOVERNMENT RECORDS
REV-1549,P1549,P1549,Manoj Gupta 8,SUR-20548,KHA-50548,1196.2,Institutional,Kachhi Khedi,Vidisha,Vidisha,CURRENT,v1.0,2025-03-11T12:00:00,2026-09-10T12:00:00,SYNTHETIC DEMO DATA — NOT OFFICIAL GOVERNMENT RECORDS
REV-1550,P1550,P1550,Ritu K Mishra 8,SUR-20549,KHA-50549,1243.31,Mixed Use,Madhav Nagar,Vidisha,Vidisha,CURRENT,v1.0,2025-03-10T12:00:00,2026-09-10T12:00:00,SYNTHETIC DEMO DATA — NOT OFFICIAL GOVERNMENT RECORDS
REV-1551,P1551,P1551,Arjun Malviya 8,SUR-20550,KHA-50550,1290.6,Vacant Land,Raisen Link,Vidisha,Vidisha,CURRENT,v1.0,2025-03-09T12:00:00,2026-09-10T12:00:00,SYNTHETIC DEMO DATA — NOT OFFICIAL GOVERNMENT RECORDS
REV-1552,P1552,P1552,Pooja Thakur 8,SUR-20551,KHA-50551,1337.6,Public/Semi-Public,Vidisha Urban,Vidisha,Vidisha,CURRENT,v1.0,2025-03-08T12:00:00,2026-09-10T12:00:00,SYNTHETIC DEMO DATA — NOT OFFICIAL GOVERNMENT RECORDS
REV-1553,P1553,P1553,Nitin Saxena 8,SUR-20552,KHA-50552,1384.65,Residential,Sanchi Road,Vidisha,Vidisha,CURRENT,v1.0,2025-03-07T12:00:00,2026-09-10T12:00:00,SYNTHETIC DEMO DATA — NOT OFFICIAL GOVERNMENT RECORDS
REV-1554,P1554,P1554,Meera Chouhan 8,SUR-20553,KHA-50553,1431.93,Commercial,Betwa Nagar,Vidisha,Vidisha,CURRENT,v1.0,2025-03-06T12:00:00,2026-09-10T12:00:00,SYNTHETIC DEMO DATA — NOT OFFICIAL GOVERNMENT RECORDS
REV-1555,P1555,P1555,Deepak Tiwari 8,SUR-20554,KHA-50554,1478.99,Industrial,Ganj Basoda Road,Vidisha,Vidisha,CURRENT,v1.0,2025-03-05T12:00:00,2026-09-10T12:00:00,SYNTHETIC DEMO DATA — NOT OFFICIAL GOVERNMENT RECORDS
REV-1556,P1556,P1556,Sunita Rathore 8,SUR-20555,KHA-50555,1525.51,Agricultural,Civil Lines Extension,Vidisha,Vidisha,CURRENT,v1.0,2025-03-04T12:00:00,2026-09-10T12:00:00,SYNTHETIC DEMO DATA — NOT OFFICIAL GOVERNMENT RECORDS
REV-1557,P1557,P1557,Karan Dubey 8,SUR-20556,KHA-50556,122.57,Institutional,Kachhi Khedi,Vidisha,Vidisha,CURRENT,v1.0,2025-03-03T12:00:00,2026-09-10T12:00:00,SYNTHETIC DEMO DATA — NOT OFFICIAL GOVERNMENT RECORDS
REV-1558,P1558,P1558,Isha Kulkarni 8,SUR-20557,KHA-50557,169.77,Mixed Use,Madhav Nagar,Vidisha,Vidisha,CURRENT,v1.0,2025-03-02T12:00:00,2026-09-10T12:00:00,SYNTHETIC DEMO DATA — NOT OFFICIAL GOVERNMENT RECORDS
REV-1559,P1559,P1559,Mohan K Solanki 8,SUR-20558,KHA-50558,216.69,Vacant Land,Raisen Link,Vidisha,Vidisha,CURRENT,v1.0,2025-03-01T12:00:00,2026-09-10T12:00:00,SYNTHETIC DEMO DATA — NOT OFFICIAL GOVERNMENT RECORDS
REV-1560,P1560,P1560,Rekha Bansal 8,SUR-20559,KHA-50559,263.05,Public/Semi-Public,Vidisha Urban,Vidisha,Vidisha,CURRENT,v1.0,2025-02-28T12:00:00,2026-09-10T12:00:00,SYNTHETIC DEMO DATA — NOT OFFICIAL GOVERNMENT RECORDS
REV-1561,P1561,P1561,Rahul Sharma 9,SUR-20560,KHA-50560,310.14,Residential,Sanchi Road,Vidisha,Vidisha,CURRENT,v1.0,2025-02-27T12:00:00,2026-09-10T12:00:00,SYNTHETIC DEMO DATA — NOT OFFICIAL GOVERNMENT RECORDS
REV-1562,P1562,P1562,Amit Verma 9,SUR-20561,KHA-50561,357.39,Commercial,Betwa Nagar,Vidisha,Vidisha,CURRENT,v1.0,2025-02-26T12:00:00,2026-09-10T12:00:00,SYNTHETIC DEMO DATA — NOT OFFICIAL GOVERNMENT RECORDS
REV-1563,P1563,P1563,Neha Patel 9,SUR-20562,KHA-50562,404.35,Industrial,Ganj Basoda Road,Vidisha,Vidisha,CURRENT,v1.0,2025-02-25T12:00:00,2026-09-10T12:00:00,SYNTHETIC DEMO DATA — NOT OFFICIAL GOVERNMENT RECORDS
REV-1564,P1564,P1564,Priya Singh 9,SUR-20563,KHA-50563,451.48,Agricultural,Civil Lines Extension,Vidisha,Vidisha,CURRENT,v1.0,2025-02-24T12:00:00,2026-09-10T12:00:00,SYNTHETIC DEMO DATA — NOT OFFICIAL GOVERNMENT RECORDS
REV-1565,P1565,P1565,Suresh Yadav 9,SUR-20564,KHA-50564,498.76,Institutional,Kachhi Khedi,Vidisha,Vidisha,CURRENT,v1.0,2025-02-23T12:00:00,2026-09-10T12:00:00,SYNTHETIC DEMO DATA — NOT OFFICIAL GOVERNMENT RECORDS
REV-1566,P1566,P1566,Anjali Jain 9,SUR-20565,KHA-50565,545.04,Mixed Use,Madhav Nagar,Vidisha,Vidisha,CURRENT,v1.0,2025-02-22T12:00:00,2026-09-10T12:00:00,SYNTHETIC DEMO DATA — NOT OFFICIAL GOVERNMENT RECORDS
REV-1567,P1567,P1567,Vikram Mehta 9,SUR-20566,KHA-50566,592.3,Vacant Land,Raisen Link,Vidisha,Vidisha,CURRENT,v1.0,2025-02-21T12:00:00,2026-09-10T12:00:00,SYNTHETIC DEMO DATA — NOT OFFICIAL GOVERNMENT RECORDS
REV-1568,P1568,P1568,Kavita K Joshi 9,SUR-20567,KHA-50567,639.95,Public/Semi-Public,Vidisha Urban,Vidisha,Vidisha,CURRENT,v1.0,2025-02-20T12:00:00,2026-09-10T12:00:00,SYNTHETIC DEMO DATA — NOT OFFICIAL GOVERNMENT RECORDS
REV-1569,P1569,P1569,Manoj Gupta 9,SUR-20568,KHA-50568,686.77,Residential,Sanchi Road,Vidisha,Vidisha,CURRENT,v1.0,2025-02-19T12:00:00,2026-09-10T12:00:00,SYNTHETIC DEMO DATA — NOT OFFICIAL GOVERNMENT RECORDS
REV-1570,P1570,P1570,Ritu Mishra 9,SUR-20569,KHA-50569,733.68,Commercial,Betwa Nagar,Vidisha,Vidisha,CURRENT,v1.0,2025-02-18T12:00:00,2026-09-10T12:00:00,SYNTHETIC DEMO DATA — NOT OFFICIAL GOVERNMENT RECORDS
REV-1571,P1571,P1571,Arjun Malviya 9,SUR-20570,KHA-50570,780.71,Industrial,Ganj Basoda Road,Vidisha,Vidisha,CURRENT,v1.0,2025-02-17T12:00:00,2026-09-10T12:00:00,SYNTHETIC DEMO DATA — NOT OFFICIAL GOVERNMENT RECORDS
REV-1572,P1572,P1572,Pooja Thakur 9,SUR-20571,KHA-50571,827.24,Agricultural,Civil Lines Extension,Vidisha,Vidisha,CURRENT,v1.0,2025-02-16T12:00:00,2026-09-10T12:00:00,SYNTHETIC DEMO DATA — NOT OFFICIAL GOVERNMENT RECORDS
REV-1573,P1573,P1573,Nitin Saxena 9,SUR-20572,KHA-50572,874.48,Institutional,Kachhi Khedi,Vidisha,Vidisha,CURRENT,v1.0,2025-02-15T12:00:00,2026-09-10T12:00:00,SYNTHETIC DEMO DATA — NOT OFFICIAL GOVERNMENT RECORDS
REV-1574,P1574,P1574,Meera Chouhan 9,SUR-20573,KHA-50573,921.21,Mixed Use,Madhav Nagar,Vidisha,Vidisha,CURRENT,v1.0,2025-02-14T12:00:00,2026-09-10T12:00:00,SYNTHETIC DEMO DATA — NOT OFFICIAL GOVERNMENT RECORDS
REV-1575,P1575,P1575,Deepak Tiwari 9,SUR-20574,KHA-50574,968.41,Vacant Land,Raisen Link,Vidisha,Vidisha,CURRENT,v1.0,2025-02-13T12:00:00,2026-09-10T12:00:00,SYNTHETIC DEMO DATA — NOT OFFICIAL GOVERNMENT RECORDS
REV-1576,P1576,P1576,Sunita Rathore 9,SUR-20575,KHA-50575,1015.61,Public/Semi-Public,Vidisha Urban,Vidisha,Vidisha,CURRENT,v1.0,2025-02-12T12:00:00,2026-09-10T12:00:00,SYNTHETIC DEMO DATA — NOT OFFICIAL GOVERNMENT RECORDS
REV-1577,P1577,P1577,Karan K Dubey 9,SUR-20576,KHA-50576,1062.84,Residential,Sanchi Road,Vidisha,Vidisha,CURRENT,v1.0,2025-02-11T12:00:00,2026-09-10T12:00:00,SYNTHETIC DEMO DATA — NOT OFFICIAL GOVERNMENT RECORDS
REV-1578,P1578,P1578,Isha Kulkarni 9,SUR-20577,KHA-50577,1109.08,Commercial,Betwa Nagar,Vidisha,Vidisha,CURRENT,v1.0,2025-02-10T12:00:00,2026-09-10T12:00:00,SYNTHETIC DEMO DATA — NOT OFFICIAL GOVERNMENT RECORDS
REV-1579,P1579,P1579,Mohan Solanki 9,SUR-20578,KHA-50578,1156.44,Industrial,Ganj Basoda Road,Vidisha,Vidisha,CURRENT,v1.0,2025-02-09T12:00:00,2026-09-10T12:00:00,SYNTHETIC DEMO DATA — NOT OFFICIAL GOVERNMENT RECORDS
REV-1580,P1580,P1580,Rekha Bansal 9,SUR-20579,KHA-50579,1203.64,Agricultural,Civil Lines Extension,Vidisha,Vidisha,CURRENT,v1.0,2025-02-08T12:00:00,2026-09-10T12:00:00,SYNTHETIC DEMO DATA — NOT OFFICIAL GOVERNMENT RECORDS
REV-1581,P1581,P1581,Rahul Sharma 10,SUR-20580,KHA-50580,1250.36,Institutional,Kachhi Khedi,Vidisha,Vidisha,CURRENT,v1.0,2025-02-07T12:00:00,2026-09-10T12:00:00,SYNTHETIC DEMO DATA — NOT OFFICIAL GOVERNMENT RECORDS
REV-1582,P1582,P1582,Amit Verma 10,SUR-20581,KHA-50581,1297.68,Mixed Use,Madhav Nagar,Vidisha,Vidisha,CURRENT,v1.0,2025-02-06T12:00:00,2026-09-10T12:00:00,SYNTHETIC DEMO DATA — NOT OFFICIAL GOVERNMENT RECORDS
REV-1583,P1583,P1583,Neha Patel 10,SUR-20582,KHA-50582,1344.96,Vacant Land,Raisen Link,Vidisha,Vidisha,CURRENT,v1.0,2025-02-05T12:00:00,2026-09-10T12:00:00,SYNTHETIC DEMO DATA — NOT OFFICIAL GOVERNMENT RECORDS
REV-1584,P1584,P1584,Priya Singh 10,SUR-20583,KHA-50583,1391.47,Public/Semi-Public,Vidisha Urban,Vidisha,Vidisha,CURRENT,v1.0,2025-02-04T12:00:00,2026-09-10T12:00:00,SYNTHETIC DEMO DATA — NOT OFFICIAL GOVERNMENT RECORDS
REV-1585,P1585,P1585,Suresh Yadav 10,SUR-20584,KHA-50584,1438.46,Residential,Sanchi Road,Vidisha,Vidisha,CURRENT,v1.0,2025-02-03T12:00:00,2026-09-10T12:00:00,SYNTHETIC DEMO DATA — NOT OFFICIAL GOVERNMENT RECORDS
REV-1586,P1586,P1586,Anjali K Jain 10,SUR-20585,KHA-50585,1485.08,Commercial,Betwa Nagar,Vidisha,Vidisha,CURRENT,v1.0,2025-02-02T12:00:00,2026-09-10T12:00:00,SYNTHETIC DEMO DATA — NOT OFFICIAL GOVERNMENT RECORDS
REV-1587,P1587,P1587,Vikram Mehta 10,SUR-20586,KHA-50586,1532.15,Industrial,Ganj Basoda Road,Vidisha,Vidisha,CURRENT,v1.0,2025-02-01T12:00:00,2026-09-10T12:00:00,SYNTHETIC DEMO DATA — NOT OFFICIAL GOVERNMENT RECORDS
REV-1588,P1588,P1588,Kavita Joshi 10,SUR-20587,KHA-50587,129.89,Agricultural,Civil Lines Extension,Vidisha,Vidisha,CURRENT,v1.0,2025-01-31T12:00:00,2026-09-10T12:00:00,SYNTHETIC DEMO DATA — NOT OFFICIAL GOVERNMENT RECORDS
REV-1589,P1589,P1589,Manoj Gupta 10,SUR-20588,KHA-50588,176.93,Institutional,Kachhi Khedi,Vidisha,Vidisha,CURRENT,v1.0,2025-01-30T12:00:00,2026-09-10T12:00:00,SYNTHETIC DEMO DATA — NOT OFFICIAL GOVERNMENT RECORDS
REV-1590,P1590,P1590,Ritu Mishra 10,SUR-20589,KHA-50589,223.62,Mixed Use,Madhav Nagar,Vidisha,Vidisha,CURRENT,v1.0,2025-01-29T12:00:00,2026-09-10T12:00:00,SYNTHETIC DEMO DATA — NOT OFFICIAL GOVERNMENT RECORDS
REV-1591,P1591,P1591,Arjun Malviya 10,SUR-20590,KHA-50590,270.19,Vacant Land,Raisen Link,Vidisha,Vidisha,CURRENT,v1.0,2025-01-28T12:00:00,2026-09-10T12:00:00,SYNTHETIC DEMO DATA — NOT OFFICIAL GOVERNMENT RECORDS
REV-1592,P1592,P1592,Pooja Thakur 10,SUR-20591,KHA-50591,317.22,Public/Semi-Public,Vidisha Urban,Vidisha,Vidisha,CURRENT,v1.0,2025-01-27T12:00:00,2026-09-10T12:00:00,SYNTHETIC DEMO DATA — NOT OFFICIAL GOVERNMENT RECORDS
REV-1593,P1593,P1593,Nitin Saxena 10,SUR-20592,KHA-50592,364.09,Residential,Sanchi Road,Vidisha,Vidisha,CURRENT,v1.0,2025-01-26T12:00:00,2026-09-10T12:00:00,SYNTHETIC DEMO DATA — NOT OFFICIAL GOVERNMENT RECORDS
REV-1594,P1594,P1594,Meera Chouhan 10,SUR-20593,KHA-50593,411.37,Commercial,Betwa Nagar,Vidisha,Vidisha,CURRENT,v1.0,2025-01-25T12:00:00,2026-09-10T12:00:00,SYNTHETIC DEMO DATA — NOT OFFICIAL GOVERNMENT RECORDS
REV-1595,P1595,P1595,Deepak K Tiwari 10,SUR-20594,KHA-50594,458.82,Industrial,Ganj Basoda Road,Vidisha,Vidisha,CURRENT,v1.0,2025-01-24T12:00:00,2026-09-10T12:00:00,SYNTHETIC DEMO DATA — NOT OFFICIAL GOVERNMENT RECORDS
REV-1596,P1596,P1596,Sunita Rathore 10,SUR-20595,KHA-50595,505.45,Agricultural,Civil Lines Extension,Vidisha,Vidisha,CURRENT,v1.0,2025-01-23T12:00:00,2026-09-10T12:00:00,SYNTHETIC DEMO DATA — NOT OFFICIAL GOVERNMENT RECORDS
REV-1597,P1597,P1597,Karan Dubey 10,SUR-20596,KHA-50596,552.2,Institutional,Kachhi Khedi,Vidisha,Vidisha,CURRENT,v1.0,2025-01-22T12:00:00,2026-09-10T12:00:00,SYNTHETIC DEMO DATA — NOT OFFICIAL GOVERNMENT RECORDS
REV-1598,P1598,P1598,Isha Kulkarni 10,SUR-20597,KHA-50597,599.03,Mixed Use,Madhav Nagar,Vidisha,Vidisha,CURRENT,v1.0,2025-01-21T12:00:00,2026-09-10T12:00:00,SYNTHETIC DEMO DATA — NOT OFFICIAL GOVERNMENT RECORDS
REV-1599,P1599,P1599,Mohan Solanki 10,SUR-20598,KHA-50598,646.02,Vacant Land,Raisen Link,Vidisha,Vidisha,CURRENT,v1.0,2025-01-20T12:00:00,2026-09-10T12:00:00,SYNTHETIC DEMO DATA — NOT OFFICIAL GOVERNMENT RECORDS
REV-1600,P1600,P1600,Rekha Bansal 10,SUR-20599,KHA-50599,693.7,Public/Semi-Public,Vidisha Urban,Vidisha,Vidisha,CURRENT,v1.0,2025-01-19T12:00:00,2026-09-10T12:00:00,SYNTHETIC DEMO DATA — NOT OFFICIAL GOVERNMENT RECORDS
REV-1601,P1601,P1601,Rahul Sharma,SUR-20600,KHA-50600,740.82,Residential,Sanchi Road,Vidisha,Vidisha,CURRENT,v1.0,2025-01-18T12:00:00,2026-09-10T12:00:00,SYNTHETIC DEMO DATA — NOT OFFICIAL GOVERNMENT RECORDS
REV-1602,P1602,P1602,Amit Verma,SUR-20601,KHA-50601,787.43,Commercial,Betwa Nagar,Vidisha,Vidisha,CURRENT,v1.0,2025-01-17T12:00:00,2026-09-10T12:00:00,SYNTHETIC DEMO DATA — NOT OFFICIAL GOVERNMENT RECORDS
REV-1603,P1603,P1603,Neha Patel,SUR-20602,KHA-50602,834.07,Industrial,Ganj Basoda Road,Vidisha,Vidisha,CURRENT,v1.0,2025-01-16T12:00:00,2026-09-10T12:00:00,SYNTHETIC DEMO DATA — NOT OFFICIAL GOVERNMENT RECORDS
REV-1604,P1604,P1604,Priya K Singh,SUR-20603,KHA-50603,881.67,Agricultural,Civil Lines Extension,Vidisha,Vidisha,CURRENT,v1.0,2025-01-15T12:00:00,2026-09-10T12:00:00,SYNTHETIC DEMO DATA — NOT OFFICIAL GOVERNMENT RECORDS
REV-1605,P1605,P1605,Suresh Yadav,SUR-20604,KHA-50604,928.05,Institutional,Kachhi Khedi,Vidisha,Vidisha,CURRENT,v1.0,2025-01-14T12:00:00,2026-09-10T12:00:00,SYNTHETIC DEMO DATA — NOT OFFICIAL GOVERNMENT RECORDS
REV-1606,P1606,P1606,Anjali Jain,SUR-20605,KHA-50605,975.25,Mixed Use,Madhav Nagar,Vidisha,Vidisha,CURRENT,v1.0,2025-01-13T12:00:00,2026-09-10T12:00:00,SYNTHETIC DEMO DATA — NOT OFFICIAL GOVERNMENT RECORDS
REV-1607,P1607,P1607,Vikram Mehta,SUR-20606,KHA-50606,1022.05,Vacant Land,Raisen Link,Vidisha,Vidisha,CURRENT,v1.0,2025-01-12T12:00:00,2026-09-10T12:00:00,SYNTHETIC DEMO DATA — NOT OFFICIAL GOVERNMENT RECORDS
REV-1608,P1608,P1608,Kavita Joshi,SUR-20607,KHA-50607,1069.5,Public/Semi-Public,Vidisha Urban,Vidisha,Vidisha,CURRENT,v1.0,2025-01-11T12:00:00,2026-09-10T12:00:00,SYNTHETIC DEMO DATA — NOT OFFICIAL GOVERNMENT RECORDS
REV-1609,P1609,P1609,Manoj Gupta,SUR-20608,KHA-50608,1116.4,Residential,Sanchi Road,Vidisha,Vidisha,CURRENT,v1.0,2025-01-10T12:00:00,2026-09-10T12:00:00,SYNTHETIC DEMO DATA — NOT OFFICIAL GOVERNMENT RECORDS
REV-1610,P1610,P1610,Ritu Mishra,SUR-20609,KHA-50609,1163.67,Commercial,Betwa Nagar,Vidisha,Vidisha,CURRENT,v1.0,2025-01-09T12:00:00,2026-09-10T12:00:00,SYNTHETIC DEMO DATA — NOT OFFICIAL GOVERNMENT RECORDS
REV-1611,P1611,P1611,Arjun Malviya,SUR-20610,KHA-50610,1210.51,Industrial,Ganj Basoda Road,Vidisha,Vidisha,CURRENT,v1.0,2025-01-08T12:00:00,2026-09-10T12:00:00,SYNTHETIC DEMO DATA — NOT OFFICIAL GOVERNMENT RECORDS
REV-1612,P1612,P1612,Pooja Thakur,SUR-20611,KHA-50611,1257.95,Agricultural,Civil Lines Extension,Vidisha,Vidisha,CURRENT,v1.0,2025-01-07T12:00:00,2026-09-10T12:00:00,SYNTHETIC DEMO DATA — NOT OFFICIAL GOVERNMENT RECORDS
REV-1613,P1613,P1613,Nitin K Saxena,SUR-20612,KHA-50612,1304.37,Institutional,Kachhi Khedi,Vidisha,Vidisha,CURRENT,v1.0,2025-01-06T12:00:00,2026-09-10T12:00:00,SYNTHETIC DEMO DATA — NOT OFFICIAL GOVERNMENT RECORDS
REV-1614,P1614,P1614,Meera Chouhan,SUR-20613,KHA-50613,1351.74,Mixed Use,Madhav Nagar,Vidisha,Vidisha,CURRENT,v1.0,2025-01-05T12:00:00,2026-09-10T12:00:00,SYNTHETIC DEMO DATA — NOT OFFICIAL GOVERNMENT RECORDS
REV-1615,P1615,P1615,Deepak Tiwari,SUR-20614,KHA-50614,1398.43,Vacant Land,Raisen Link,Vidisha,Vidisha,CURRENT,v1.0,2025-01-04T12:00:00,2026-09-10T12:00:00,SYNTHETIC DEMO DATA — NOT OFFICIAL GOVERNMENT RECORDS
REV-1616,P1616,P1616,Sunita Rathore,SUR-20615,KHA-50615,1445.27,Public/Semi-Public,Vidisha Urban,Vidisha,Vidisha,CURRENT,v1.0,2025-01-03T12:00:00,2026-09-10T12:00:00,SYNTHETIC DEMO DATA — NOT OFFICIAL GOVERNMENT RECORDS
REV-1617,P1617,P1617,Karan Dubey,SUR-20616,KHA-50616,1492.37,Residential,Sanchi Road,Vidisha,Vidisha,CURRENT,v1.0,2025-01-02T12:00:00,2026-09-10T12:00:00,SYNTHETIC DEMO DATA — NOT OFFICIAL GOVERNMENT RECORDS
REV-1618,P1618,P1618,Isha Kulkarni,SUR-20617,KHA-50617,1539.07,Commercial,Betwa Nagar,Vidisha,Vidisha,CURRENT,v1.0,2025-01-01T12:00:00,2026-09-10T12:00:00,SYNTHETIC DEMO DATA — NOT OFFICIAL GOVERNMENT RECORDS
REV-1619,P1619,P1619,Mohan Solanki,SUR-20618,KHA-50618,136.98,Industrial,Ganj Basoda Road,Vidisha,Vidisha,CURRENT,v1.0,2024-12-31T12:00:00,2026-09-10T12:00:00,SYNTHETIC DEMO DATA — NOT OFFICIAL GOVERNMENT RECORDS
REV-1620,P1620,P1620,Rekha Bansal,SUR-20619,KHA-50619,183.73,Agricultural,Civil Lines Extension,Vidisha,Vidisha,CURRENT,v1.0,2024-12-30T12:00:00,2026-09-10T12:00:00,SYNTHETIC DEMO DATA — NOT OFFICIAL GOVERNMENT RECORDS
REV-1621,P1621,P1621,Rahul Sharma 2,SUR-20620,KHA-50620,230.93,Institutional,Kachhi Khedi,Vidisha,Vidisha,CURRENT,v1.0,2024-12-29T12:00:00,2026-09-10T12:00:00,SYNTHETIC DEMO DATA — NOT OFFICIAL GOVERNMENT RECORDS
REV-1622,P1622,P1622,Amit K Verma 2,SUR-20621,KHA-50621,277.42,Mixed Use,Madhav Nagar,Vidisha,Vidisha,CURRENT,v1.0,2024-12-28T12:00:00,2026-09-10T12:00:00,SYNTHETIC DEMO DATA — NOT OFFICIAL GOVERNMENT RECORDS
REV-1623,P1623,P1623,Neha Patel 2,SUR-20622,KHA-50622,324.61,Vacant Land,Raisen Link,Vidisha,Vidisha,CURRENT,v1.0,2024-12-27T12:00:00,2026-09-10T12:00:00,SYNTHETIC DEMO DATA — NOT OFFICIAL GOVERNMENT RECORDS
REV-1624,P1624,P1624,Priya Singh 2,SUR-20623,KHA-50623,371.08,Public/Semi-Public,Vidisha Urban,Vidisha,Vidisha,CURRENT,v1.0,2024-12-26T12:00:00,2026-09-10T12:00:00,SYNTHETIC DEMO DATA — NOT OFFICIAL GOVERNMENT RECORDS
REV-1625,P1625,P1625,Suresh Yadav 2,SUR-20624,KHA-50624,418.67,Residential,Sanchi Road,Vidisha,Vidisha,CURRENT,v1.0,2024-12-25T12:00:00,2026-09-10T12:00:00,SYNTHETIC DEMO DATA — NOT OFFICIAL GOVERNMENT RECORDS
REV-1626,P1626,P1626,Anjali Jain 2,SUR-20625,KHA-50625,465.5,Commercial,Betwa Nagar,Vidisha,Vidisha,CURRENT,v1.0,2024-12-24T12:00:00,2026-09-10T12:00:00,SYNTHETIC DEMO DATA — NOT OFFICIAL GOVERNMENT RECORDS
REV-1627,P1627,P1627,Vikram Mehta 2,SUR-20626,KHA-50626,512.14,Industrial,Ganj Basoda Road,Vidisha,Vidisha,CURRENT,v1.0,2024-12-23T12:00:00,2026-09-10T12:00:00,SYNTHETIC DEMO DATA — NOT OFFICIAL GOVERNMENT RECORDS
REV-1628,P1628,P1628,Kavita Joshi 2,SUR-20627,KHA-50627,559.56,Agricultural,Civil Lines Extension,Vidisha,Vidisha,CURRENT,v1.0,2024-12-22T12:00:00,2026-09-10T12:00:00,SYNTHETIC DEMO DATA — NOT OFFICIAL GOVERNMENT RECORDS
REV-1629,P1629,P1629,Manoj Gupta 2,SUR-20628,KHA-50628,606.62,Institutional,Kachhi Khedi,Vidisha,Vidisha,CURRENT,v1.0,2024-12-21T12:00:00,2026-09-10T12:00:00,SYNTHETIC DEMO DATA — NOT OFFICIAL GOVERNMENT RECORDS
REV-1630,P1630,P1630,Ritu Mishra 2,SUR-20629,KHA-50629,653.39,Mixed Use,Madhav Nagar,Vidisha,Vidisha,CURRENT,v1.0,2024-12-20T12:00:00,2026-09-10T12:00:00,SYNTHETIC DEMO DATA — NOT OFFICIAL GOVERNMENT RECORDS
REV-1631,P1631,P1631,Arjun K Malviya 2,SUR-20630,KHA-50630,700.05,Vacant Land,Raisen Link,Vidisha,Vidisha,CURRENT,v1.0,2024-12-19T12:00:00,2026-09-10T12:00:00,SYNTHETIC DEMO DATA — NOT OFFICIAL GOVERNMENT RECORDS
REV-1632,P1632,P1632,Pooja Thakur 2,SUR-20631,KHA-50631,747.57,Public/Semi-Public,Vidisha Urban,Vidisha,Vidisha,CURRENT,v1.0,2024-12-18T12:00:00,2026-09-10T12:00:00,SYNTHETIC DEMO DATA — NOT OFFICIAL GOVERNMENT RECORDS
REV-1633,P1633,P1633,Nitin Saxena 2,SUR-20632,KHA-50632,794.1,Residential,Sanchi Road,Vidisha,Vidisha,CURRENT,v1.0,2024-12-17T12:00:00,2026-09-10T12:00:00,SYNTHETIC DEMO DATA — NOT OFFICIAL GOVERNMENT RECORDS
REV-1634,P1634,P1634,Meera Chouhan 2,SUR-20633,KHA-50633,841.73,Commercial,Betwa Nagar,Vidisha,Vidisha,CURRENT,v1.0,2024-12-16T12:00:00,2026-09-10T12:00:00,SYNTHETIC DEMO DATA — NOT OFFICIAL GOVERNMENT RECORDS
REV-1635,P1635,P1635,Deepak Tiwari 2,SUR-20634,KHA-50634,888.12,Industrial,Ganj Basoda Road,Vidisha,Vidisha,CURRENT,v1.0,2024-12-15T12:00:00,2026-09-10T12:00:00,SYNTHETIC DEMO DATA — NOT OFFICIAL GOVERNMENT RECORDS
REV-1636,P1636,P1636,Sunita Rathore 2,SUR-20635,KHA-50635,935.79,Agricultural,Civil Lines Extension,Vidisha,Vidisha,CURRENT,v1.0,2024-12-14T12:00:00,2026-09-10T12:00:00,SYNTHETIC DEMO DATA — NOT OFFICIAL GOVERNMENT RECORDS
REV-1637,P1637,P1637,Karan Dubey 2,SUR-20636,KHA-50636,982.78,Institutional,Kachhi Khedi,Vidisha,Vidisha,CURRENT,v1.0,2024-12-13T12:00:00,2026-09-10T12:00:00,SYNTHETIC DEMO DATA — NOT OFFICIAL GOVERNMENT RECORDS
REV-1638,P1638,P1638,Isha Kulkarni 2,SUR-20637,KHA-50637,1029.17,Mixed Use,Madhav Nagar,Vidisha,Vidisha,CURRENT,v1.0,2024-12-12T12:00:00,2026-09-10T12:00:00,SYNTHETIC DEMO DATA — NOT OFFICIAL GOVERNMENT RECORDS
REV-1639,P1639,P1639,Mohan Solanki 2,SUR-20638,KHA-50638,1076.58,Vacant Land,Raisen Link,Vidisha,Vidisha,CURRENT,v1.0,2024-12-11T12:00:00,2026-09-10T12:00:00,SYNTHETIC DEMO DATA — NOT OFFICIAL GOVERNMENT RECORDS
REV-1640,P1640,P1640,Rekha K Bansal 2,SUR-20639,KHA-50639,1123.58,Public/Semi-Public,Vidisha Urban,Vidisha,Vidisha,CURRENT,v1.0,2024-12-10T12:00:00,2026-09-10T12:00:00,SYNTHETIC DEMO DATA — NOT OFFICIAL GOVERNMENT RECORDS
REV-1641,P1641,P1641,Rahul Sharma 3,SUR-20640,KHA-50640,1170.21,Residential,Sanchi Road,Vidisha,Vidisha,CURRENT,v1.0,2024-12-09T12:00:00,2026-09-10T12:00:00,SYNTHETIC DEMO DATA — NOT OFFICIAL GOVERNMENT RECORDS
REV-1642,P1642,P1642,Amit Verma 3,SUR-20641,KHA-50641,1217.44,Commercial,Betwa Nagar,Vidisha,Vidisha,CURRENT,v1.0,2024-12-08T12:00:00,2026-09-10T12:00:00,SYNTHETIC DEMO DATA — NOT OFFICIAL GOVERNMENT RECORDS
REV-1643,P1643,P1643,Neha Patel 3,SUR-20642,KHA-50642,1264.47,Industrial,Ganj Basoda Road,Vidisha,Vidisha,CURRENT,v1.0,2024-12-07T12:00:00,2026-09-10T12:00:00,SYNTHETIC DEMO DATA — NOT OFFICIAL GOVERNMENT RECORDS
REV-1644,P1644,P1644,Priya Singh 3,SUR-20643,KHA-50643,1311.33,Agricultural,Civil Lines Extension,Vidisha,Vidisha,CURRENT,v1.0,2024-12-06T12:00:00,2026-09-10T12:00:00,SYNTHETIC DEMO DATA — NOT OFFICIAL GOVERNMENT RECORDS
REV-1645,P1645,P1645,Suresh Yadav 3,SUR-20644,KHA-50644,1358.02,Institutional,Kachhi Khedi,Vidisha,Vidisha,CURRENT,v1.0,2024-12-05T12:00:00,2026-09-10T12:00:00,SYNTHETIC DEMO DATA — NOT OFFICIAL GOVERNMENT RECORDS
REV-1646,P1646,P1646,Anjali Jain 3,SUR-20645,KHA-50645,1405.51,Mixed Use,Madhav Nagar,Vidisha,Vidisha,CURRENT,v1.0,2024-12-04T12:00:00,2026-09-10T12:00:00,SYNTHETIC DEMO DATA — NOT OFFICIAL GOVERNMENT RECORDS
REV-1647,P1647,P1647,Vikram Mehta 3,SUR-20646,KHA-50646,1452.65,Vacant Land,Raisen Link,Vidisha,Vidisha,CURRENT,v1.0,2024-12-03T12:00:00,2026-09-10T12:00:00,SYNTHETIC DEMO DATA — NOT OFFICIAL GOVERNMENT RECORDS
REV-1648,P1648,P1648,Kavita Joshi 3,SUR-20647,KHA-50647,1499.59,Public/Semi-Public,Vidisha Urban,Vidisha,Vidisha,CURRENT,v1.0,2024-12-02T12:00:00,2026-09-10T12:00:00,SYNTHETIC DEMO DATA — NOT OFFICIAL GOVERNMENT RECORDS
REV-1649,P1649,P1649,Manoj K Gupta 3,SUR-20648,KHA-50648,96.15,Residential,Sanchi Road,Vidisha,Vidisha,CURRENT,v1.0,2024-12-01T12:00:00,2026-09-10T12:00:00,SYNTHETIC DEMO DATA — NOT OFFICIAL GOVERNMENT RECORDS
REV-1650,P1650,P1650,Ritu Mishra 3,SUR-20649,KHA-50649,143.73,Commercial,Betwa Nagar,Vidisha,Vidisha,CURRENT,v1.0,2024-11-30T12:00:00,2026-09-10T12:00:00,SYNTHETIC DEMO DATA — NOT OFFICIAL GOVERNMENT RECORDS
REV-1651,P1651,P1651,Arjun Malviya 3,SUR-20650,KHA-50650,190.65,Industrial,Ganj Basoda Road,Vidisha,Vidisha,CURRENT,v1.0,2024-11-29T12:00:00,2026-09-10T12:00:00,SYNTHETIC DEMO DATA — NOT OFFICIAL GOVERNMENT RECORDS
REV-1652,P1652,P1652,Pooja Thakur 3,SUR-20651,KHA-50651,237.42,Agricultural,Civil Lines Extension,Vidisha,Vidisha,CURRENT,v1.0,2024-11-28T12:00:00,2026-09-10T12:00:00,SYNTHETIC DEMO DATA — NOT OFFICIAL GOVERNMENT RECORDS
REV-1653,P1653,P1653,Nitin Saxena 3,SUR-20652,KHA-50652,284.2,Institutional,Kachhi Khedi,Vidisha,Vidisha,CURRENT,v1.0,2024-11-27T12:00:00,2026-09-10T12:00:00,SYNTHETIC DEMO DATA — NOT OFFICIAL GOVERNMENT RECORDS
REV-1654,P1654,P1654,Meera Chouhan 3,SUR-20653,KHA-50653,331.05,Mixed Use,Madhav Nagar,Vidisha,Vidisha,CURRENT,v1.0,2024-11-26T12:00:00,2026-09-10T12:00:00,SYNTHETIC DEMO DATA — NOT OFFICIAL GOVERNMENT RECORDS
REV-1655,P1655,P1655,Deepak Tiwari 3,SUR-20654,KHA-50654,378.67,Vacant Land,Raisen Link,Vidisha,Vidisha,CURRENT,v1.0,2024-11-25T12:00:00,2026-09-10T12:00:00,SYNTHETIC DEMO DATA — NOT OFFICIAL GOVERNMENT RECORDS
REV-1656,P1656,P1656,Sunita Rathore 3,SUR-20655,KHA-50655,425.92,Public/Semi-Public,Vidisha Urban,Vidisha,Vidisha,CURRENT,v1.0,2024-11-24T12:00:00,2026-09-10T12:00:00,SYNTHETIC DEMO DATA — NOT OFFICIAL GOVERNMENT RECORDS
REV-1657,P1657,P1657,Karan Dubey 3,SUR-20656,KHA-50656,472.4,Residential,Sanchi Road,Vidisha,Vidisha,CURRENT,v1.0,2024-11-23T12:00:00,2026-09-10T12:00:00,SYNTHETIC DEMO DATA — NOT OFFICIAL GOVERNMENT RECORDS
REV-1658,P1658,P1658,Isha K Kulkarni 3,SUR-20657,KHA-50657,519.4,Commercial,Betwa Nagar,Vidisha,Vidisha,CURRENT,v1.0,2024-11-22T12:00:00,2026-09-10T12:00:00,SYNTHETIC DEMO DATA — NOT OFFICIAL GOVERNMENT RECORDS
REV-1659,P1659,P1659,Mohan Solanki 3,SUR-20658,KHA-50658,566.57,Industrial,Ganj Basoda Road,Vidisha,Vidisha,CURRENT,v1.0,2024-11-21T12:00:00,2026-09-10T12:00:00,SYNTHETIC DEMO DATA — NOT OFFICIAL GOVERNMENT RECORDS
REV-1660,P1660,P1660,Rekha Bansal 3,SUR-20659,KHA-50659,613.74,Agricultural,Civil Lines Extension,Vidisha,Vidisha,CURRENT,v1.0,2024-11-20T12:00:00,2026-09-10T12:00:00,SYNTHETIC DEMO DATA — NOT OFFICIAL GOVERNMENT RECORDS
REV-1661,P1661,P1661,Rahul Sharma 4,SUR-20660,KHA-50660,660.53,Institutional,Kachhi Khedi,Vidisha,Vidisha,CURRENT,v1.0,2024-11-19T12:00:00,2026-09-10T12:00:00,SYNTHETIC DEMO DATA — NOT OFFICIAL GOVERNMENT RECORDS
REV-1662,P1662,P1662,Amit Verma 4,SUR-20661,KHA-50661,707.6,Mixed Use,Madhav Nagar,Vidisha,Vidisha,CURRENT,v1.0,2024-11-18T12:00:00,2026-09-10T12:00:00,SYNTHETIC DEMO DATA — NOT OFFICIAL GOVERNMENT RECORDS
REV-1663,P1663,P1663,Neha Patel 4,SUR-20662,KHA-50662,754.66,Vacant Land,Raisen Link,Vidisha,Vidisha,CURRENT,v1.0,2024-11-17T12:00:00,2026-09-10T12:00:00,SYNTHETIC DEMO DATA — NOT OFFICIAL GOVERNMENT RECORDS
REV-1664,P1664,P1664,Priya Singh 4,SUR-20663,KHA-50663,801.7,Public/Semi-Public,Vidisha Urban,Vidisha,Vidisha,CURRENT,v1.0,2024-11-16T12:00:00,2026-09-10T12:00:00,SYNTHETIC DEMO DATA — NOT OFFICIAL GOVERNMENT RECORDS
REV-1665,P1665,P1665,Suresh Yadav 4,SUR-20664,KHA-50664,848.59,Residential,Sanchi Road,Vidisha,Vidisha,CURRENT,v1.0,2024-11-15T12:00:00,2026-09-10T12:00:00,SYNTHETIC DEMO DATA — NOT OFFICIAL GOVERNMENT RECORDS
REV-1666,P1666,P1666,Anjali Jain 4,SUR-20665,KHA-50665,895.75,Commercial,Betwa Nagar,Vidisha,Vidisha,CURRENT,v1.0,2024-11-14T12:00:00,2026-09-10T12:00:00,SYNTHETIC DEMO DATA — NOT OFFICIAL GOVERNMENT RECORDS
REV-1667,P1667,P1667,Vikram K Mehta 4,SUR-20666,KHA-50666,942.16,Industrial,Ganj Basoda Road,Vidisha,Vidisha,CURRENT,v1.0,2024-11-13T12:00:00,2026-09-10T12:00:00,SYNTHETIC DEMO DATA — NOT OFFICIAL GOVERNMENT RECORDS
REV-1668,P1668,P1668,Kavita Joshi 4,SUR-20667,KHA-50667,989.25,Agricultural,Civil Lines Extension,Vidisha,Vidisha,CURRENT,v1.0,2024-11-12T12:00:00,2026-09-10T12:00:00,SYNTHETIC DEMO DATA — NOT OFFICIAL GOVERNMENT RECORDS
REV-1669,P1669,P1669,Manoj Gupta 4,SUR-20668,KHA-50668,1036.99,Institutional,Kachhi Khedi,Vidisha,Vidisha,CURRENT,v1.0,2024-11-11T12:00:00,2026-09-10T12:00:00,SYNTHETIC DEMO DATA — NOT OFFICIAL GOVERNMENT RECORDS
REV-1670,P1670,P1670,Ritu Mishra 4,SUR-20669,KHA-50669,1083.28,Mixed Use,Madhav Nagar,Vidisha,Vidisha,CURRENT,v1.0,2024-11-10T12:00:00,2026-09-10T12:00:00,SYNTHETIC DEMO DATA — NOT OFFICIAL GOVERNMENT RECORDS
REV-1671,P1671,P1671,Arjun Malviya 4,SUR-20670,KHA-50670,1130.73,Vacant Land,Raisen Link,Vidisha,Vidisha,CURRENT,v1.0,2024-11-09T12:00:00,2026-09-10T12:00:00,SYNTHETIC DEMO DATA — NOT OFFICIAL GOVERNMENT RECORDS
REV-1672,P1672,P1672,Pooja Thakur 4,SUR-20671,KHA-50671,1177.15,Public/Semi-Public,Vidisha Urban,Vidisha,Vidisha,CURRENT,v1.0,2024-11-08T12:00:00,2026-09-10T12:00:00,SYNTHETIC DEMO DATA — NOT OFFICIAL GOVERNMENT RECORDS
REV-1673,P1673,P1673,Nitin Saxena 4,SUR-20672,KHA-50672,1224.05,Residential,Sanchi Road,Vidisha,Vidisha,CURRENT,v1.0,2024-11-07T12:00:00,2026-09-10T12:00:00,SYNTHETIC DEMO DATA — NOT OFFICIAL GOVERNMENT RECORDS
REV-1674,P1674,P1674,Meera Chouhan 4,SUR-20673,KHA-50673,1271.84,Commercial,Betwa Nagar,Vidisha,Vidisha,CURRENT,v1.0,2024-11-06T12:00:00,2026-09-10T12:00:00,SYNTHETIC DEMO DATA — NOT OFFICIAL GOVERNMENT RECORDS
REV-1675,P1675,P1675,Deepak Tiwari 4,SUR-20674,KHA-50674,1318.97,Industrial,Ganj Basoda Road,Vidisha,Vidisha,CURRENT,v1.0,2024-11-05T12:00:00,2026-09-10T12:00:00,SYNTHETIC DEMO DATA — NOT OFFICIAL GOVERNMENT RECORDS
REV-1676,P1676,P1676,Sunita K Rathore 4,SUR-20675,KHA-50675,1365.24,Agricultural,Civil Lines Extension,Vidisha,Vidisha,CURRENT,v1.0,2024-11-04T12:00:00,2026-09-10T12:00:00,SYNTHETIC DEMO DATA — NOT OFFICIAL GOVERNMENT RECORDS
REV-1677,P1677,P1677,Karan Dubey 4,SUR-20676,KHA-50676,1412.33,Institutional,Kachhi Khedi,Vidisha,Vidisha,CURRENT,v1.0,2024-11-03T12:00:00,2026-09-10T12:00:00,SYNTHETIC DEMO DATA — NOT OFFICIAL GOVERNMENT RECORDS
REV-1678,P1678,P1678,Isha Kulkarni 4,SUR-20677,KHA-50677,1459.44,Mixed Use,Madhav Nagar,Vidisha,Vidisha,CURRENT,v1.0,2024-11-02T12:00:00,2026-09-10T12:00:00,SYNTHETIC DEMO DATA — NOT OFFICIAL GOVERNMENT RECORDS
REV-1679,P1679,P1679,Mohan Solanki 4,SUR-20678,KHA-50678,1506.87,Vacant Land,Raisen Link,Vidisha,Vidisha,CURRENT,v1.0,2024-11-01T12:00:00,2026-09-10T12:00:00,SYNTHETIC DEMO DATA — NOT OFFICIAL GOVERNMENT RECORDS
REV-1680,P1680,P1680,Rekha Bansal 4,SUR-20679,KHA-50679,103.14,Public/Semi-Public,Vidisha Urban,Vidisha,Vidisha,CURRENT,v1.0,2024-10-31T12:00:00,2026-09-10T12:00:00,SYNTHETIC DEMO DATA — NOT OFFICIAL GOVERNMENT RECORDS
REV-1681,P1681,P1681,Rahul Sharma 5,SUR-20680,KHA-50680,150.08,Residential,Sanchi Road,Vidisha,Vidisha,CURRENT,v1.0,2024-10-30T12:00:00,2026-09-10T12:00:00,SYNTHETIC DEMO DATA — NOT OFFICIAL GOVERNMENT RECORDS
REV-1682,P1682,P1682,Amit Verma 5,SUR-20681,KHA-50681,197.49,Commercial,Betwa Nagar,Vidisha,Vidisha,CURRENT,v1.0,2024-10-29T12:00:00,2026-09-10T12:00:00,SYNTHETIC DEMO DATA — NOT OFFICIAL GOVERNMENT RECORDS
REV-1683,P1683,P1683,Neha Patel 5,SUR-20682,KHA-50682,244.73,Industrial,Ganj Basoda Road,Vidisha,Vidisha,CURRENT,v1.0,2024-10-28T12:00:00,2026-09-10T12:00:00,SYNTHETIC DEMO DATA — NOT OFFICIAL GOVERNMENT RECORDS
REV-1684,P1684,P1684,Priya Singh 5,SUR-20683,KHA-50683,291.28,Agricultural,Civil Lines Extension,Vidisha,Vidisha,CURRENT,v1.0,2024-10-27T12:00:00,2026-09-10T12:00:00,SYNTHETIC DEMO DATA — NOT OFFICIAL GOVERNMENT RECORDS
REV-1685,P1685,P1685,Suresh K Yadav 5,SUR-20684,KHA-50684,338.97,Institutional,Kachhi Khedi,Vidisha,Vidisha,CURRENT,v1.0,2024-10-26T12:00:00,2026-09-10T12:00:00,SYNTHETIC DEMO DATA — NOT OFFICIAL GOVERNMENT RECORDS
REV-1686,P1686,P1686,Anjali Jain 5,SUR-20685,KHA-50685,385.88,Mixed Use,Madhav Nagar,Vidisha,Vidisha,CURRENT,v1.0,2024-10-25T12:00:00,2026-09-10T12:00:00,SYNTHETIC DEMO DATA — NOT OFFICIAL GOVERNMENT RECORDS
REV-1687,P1687,P1687,Vikram Mehta 5,SUR-20686,KHA-50686,432.83,Vacant Land,Raisen Link,Vidisha,Vidisha,CURRENT,v1.0,2024-10-24T12:00:00,2026-09-10T12:00:00,SYNTHETIC DEMO DATA — NOT OFFICIAL GOVERNMENT RECORDS
REV-1688,P1688,P1688,Kavita Joshi 5,SUR-20687,KHA-50687,479.65,Public/Semi-Public,Vidisha Urban,Vidisha,Vidisha,CURRENT,v1.0,2024-10-23T12:00:00,2026-09-10T12:00:00,SYNTHETIC DEMO DATA — NOT OFFICIAL GOVERNMENT RECORDS
REV-1689,P1689,P1689,Manoj Gupta 5,SUR-20688,KHA-50688,526.46,Residential,Sanchi Road,Vidisha,Vidisha,CURRENT,v1.0,2024-10-22T12:00:00,2026-09-10T12:00:00,SYNTHETIC DEMO DATA — NOT OFFICIAL GOVERNMENT RECORDS
REV-1690,P1690,P1690,Ritu Mishra 5,SUR-20689,KHA-50689,573.29,Commercial,Betwa Nagar,Vidisha,Vidisha,CURRENT,v1.0,2024-10-21T12:00:00,2026-09-10T12:00:00,SYNTHETIC DEMO DATA — NOT OFFICIAL GOVERNMENT RECORDS
REV-1691,P1691,P1691,Arjun Malviya 5,SUR-20690,KHA-50690,620.64,Industrial,Ganj Basoda Road,Vidisha,Vidisha,CURRENT,v1.0,2024-10-20T12:00:00,2026-09-10T12:00:00,SYNTHETIC DEMO DATA — NOT OFFICIAL GOVERNMENT RECORDS
REV-1692,P1692,P1692,Pooja Thakur 5,SUR-20691,KHA-50691,667.45,Agricultural,Civil Lines Extension,Vidisha,Vidisha,CURRENT,v1.0,2024-10-19T12:00:00,2026-09-10T12:00:00,SYNTHETIC DEMO DATA — NOT OFFICIAL GOVERNMENT RECORDS
REV-1693,P1693,P1693,Nitin Saxena 5,SUR-20692,KHA-50692,714.01,Institutional,Kachhi Khedi,Vidisha,Vidisha,CURRENT,v1.0,2024-10-18T12:00:00,2026-09-10T12:00:00,SYNTHETIC DEMO DATA — NOT OFFICIAL GOVERNMENT RECORDS
REV-1694,P1694,P1694,Meera K Chouhan 5,SUR-20693,KHA-50693,761.56,Mixed Use,Madhav Nagar,Vidisha,Vidisha,CURRENT,v1.0,2024-10-17T12:00:00,2026-09-10T12:00:00,SYNTHETIC DEMO DATA — NOT OFFICIAL GOVERNMENT RECORDS
REV-1695,P1695,P1695,Deepak Tiwari 5,SUR-20694,KHA-50694,808.49,Vacant Land,Raisen Link,Vidisha,Vidisha,CURRENT,v1.0,2024-10-16T12:00:00,2026-09-10T12:00:00,SYNTHETIC DEMO DATA — NOT OFFICIAL GOVERNMENT RECORDS
REV-1696,P1696,P1696,Sunita Rathore 5,SUR-20695,KHA-50695,855.32,Public/Semi-Public,Vidisha Urban,Vidisha,Vidisha,CURRENT,v1.0,2024-10-15T12:00:00,2026-09-10T12:00:00,SYNTHETIC DEMO DATA — NOT OFFICIAL GOVERNMENT RECORDS
REV-1697,P1697,P1697,Karan Dubey 5,SUR-20696,KHA-50696,902.13,Residential,Sanchi Road,Vidisha,Vidisha,CURRENT,v1.0,2024-10-14T12:00:00,2026-09-10T12:00:00,SYNTHETIC DEMO DATA — NOT OFFICIAL GOVERNMENT RECORDS
REV-1698,P1698,P1698,Isha Kulkarni 5,SUR-20697,KHA-50697,949.74,Commercial,Betwa Nagar,Vidisha,Vidisha,CURRENT,v1.0,2024-10-13T12:00:00,2026-09-10T12:00:00,SYNTHETIC DEMO DATA — NOT OFFICIAL GOVERNMENT RECORDS
REV-1699,P1699,P1699,Mohan Solanki 5,SUR-20698,KHA-50698,996.65,Industrial,Ganj Basoda Road,Vidisha,Vidisha,CURRENT,v1.0,2024-10-12T12:00:00,2026-09-10T12:00:00,SYNTHETIC DEMO DATA — NOT OFFICIAL GOVERNMENT RECORDS
REV-1700,P1700,P1700,Rekha Bansal 5,SUR-20699,KHA-50699,1043.06,Agricultural,Civil Lines Extension,Vidisha,Vidisha,CURRENT,v1.0,2024-10-11T12:00:00,2026-09-10T12:00:00,SYNTHETIC DEMO DATA — NOT OFFICIAL GOVERNMENT RECORDS
REV-1701,P1701,P1701,Rahul Sharma 6,SUR-20700,KHA-50700,1090.73,Institutional,Kachhi Khedi,Vidisha,Vidisha,CURRENT,v1.0,2026-09-10T12:00:00,2026-09-10T12:00:00,SYNTHETIC DEMO DATA — NOT OFFICIAL GOVERNMENT RECORDS
REV-1702,P1702,P1702,Amit Verma 6,SUR-20701,KHA-50701,1137.36,Mixed Use,Madhav Nagar,Vidisha,Vidisha,CURRENT,v1.0,2026-09-09T12:00:00,2026-09-10T12:00:00,SYNTHETIC DEMO DATA — NOT OFFICIAL GOVERNMENT RECORDS
REV-1703,P1703,P1703,Neha K Patel 6,SUR-20702,KHA-50702,1184.09,Vacant Land,Raisen Link,Vidisha,Vidisha,CURRENT,v1.0,2026-09-08T12:00:00,2026-09-10T12:00:00,SYNTHETIC DEMO DATA — NOT OFFICIAL GOVERNMENT RECORDS
REV-1704,P1704,P1704,Priya Singh 6,SUR-20703,KHA-50703,1231.81,Public/Semi-Public,Vidisha Urban,Vidisha,Vidisha,CURRENT,v1.0,2026-09-07T12:00:00,2026-09-10T12:00:00,SYNTHETIC DEMO DATA — NOT OFFICIAL GOVERNMENT RECORDS
REV-1705,P1705,P1705,Suresh Yadav 6,SUR-20704,KHA-50704,1278.52,Residential,Sanchi Road,Vidisha,Vidisha,CURRENT,v1.0,2026-09-06T12:00:00,2026-09-10T12:00:00,SYNTHETIC DEMO DATA — NOT OFFICIAL GOVERNMENT RECORDS
REV-1706,P1706,P1706,Anjali Jain 6,SUR-20705,KHA-50705,1325.04,Commercial,Betwa Nagar,Vidisha,Vidisha,CURRENT,v1.0,2026-09-05T12:00:00,2026-09-10T12:00:00,SYNTHETIC DEMO DATA — NOT OFFICIAL GOVERNMENT RECORDS
REV-1707,P1707,P1707,Vikram Mehta 6,SUR-20706,KHA-50706,1372.64,Industrial,Ganj Basoda Road,Vidisha,Vidisha,CURRENT,v1.0,2026-09-04T12:00:00,2026-09-10T12:00:00,SYNTHETIC DEMO DATA — NOT OFFICIAL GOVERNMENT RECORDS
REV-1708,P1708,P1708,Kavita Joshi 6,SUR-20707,KHA-50707,1419.28,Agricultural,Civil Lines Extension,Vidisha,Vidisha,CURRENT,v1.0,2026-09-03T12:00:00,2026-09-10T12:00:00,SYNTHETIC DEMO DATA — NOT OFFICIAL GOVERNMENT RECORDS
REV-1709,P1709,P1709,Manoj Gupta 6,SUR-20708,KHA-50708,1466.97,Institutional,Kachhi Khedi,Vidisha,Vidisha,CURRENT,v1.0,2026-09-02T12:00:00,2026-09-10T12:00:00,SYNTHETIC DEMO DATA — NOT OFFICIAL GOVERNMENT RECORDS
REV-1710,P1710,P1710,Ritu Mishra 6,SUR-20709,KHA-50709,1513.14,Mixed Use,Madhav Nagar,Vidisha,Vidisha,CURRENT,v1.0,2026-09-01T12:00:00,2026-09-10T12:00:00,SYNTHETIC DEMO DATA — NOT OFFICIAL GOVERNMENT RECORDS
REV-1711,P1711,P1711,Arjun Malviya 6,SUR-20710,KHA-50710,110.91,Vacant Land,Raisen Link,Vidisha,Vidisha,CURRENT,v1.0,2026-08-31T12:00:00,2026-09-10T12:00:00,SYNTHETIC DEMO DATA — NOT OFFICIAL GOVERNMENT RECORDS
REV-1712,P1712,P1712,Pooja K Thakur 6,SUR-20711,KHA-50711,157.57,Public/Semi-Public,Vidisha Urban,Vidisha,Vidisha,CURRENT,v1.0,2026-08-30T12:00:00,2026-09-10T12:00:00,SYNTHETIC DEMO DATA — NOT OFFICIAL GOVERNMENT RECORDS
REV-1713,P1713,P1713,Nitin Saxena 6,SUR-20712,KHA-50712,204.05,Residential,Sanchi Road,Vidisha,Vidisha,CURRENT,v1.0,2026-08-29T12:00:00,2026-09-10T12:00:00,SYNTHETIC DEMO DATA — NOT OFFICIAL GOVERNMENT RECORDS
REV-1714,P1714,P1714,Meera Chouhan 6,SUR-20713,KHA-50713,251.69,Commercial,Betwa Nagar,Vidisha,Vidisha,CURRENT,v1.0,2026-08-28T12:00:00,2026-09-10T12:00:00,SYNTHETIC DEMO DATA — NOT OFFICIAL GOVERNMENT RECORDS
REV-1715,P1715,P1715,Deepak Tiwari 6,SUR-20714,KHA-50714,298.29,Industrial,Ganj Basoda Road,Vidisha,Vidisha,CURRENT,v1.0,2026-08-27T12:00:00,2026-09-10T12:00:00,SYNTHETIC DEMO DATA — NOT OFFICIAL GOVERNMENT RECORDS
REV-1716,P1716,P1716,Sunita Rathore 6,SUR-20715,KHA-50715,345.03,Agricultural,Civil Lines Extension,Vidisha,Vidisha,CURRENT,v1.0,2026-08-26T12:00:00,2026-09-10T12:00:00,SYNTHETIC DEMO DATA — NOT OFFICIAL GOVERNMENT RECORDS
REV-1717,P1717,P1717,Karan Dubey 6,SUR-20716,KHA-50716,392.19,Institutional,Kachhi Khedi,Vidisha,Vidisha,CURRENT,v1.0,2026-08-25T12:00:00,2026-09-10T12:00:00,SYNTHETIC DEMO DATA — NOT OFFICIAL GOVERNMENT RECORDS
REV-1718,P1718,P1718,Isha Kulkarni 6,SUR-20717,KHA-50717,439.93,Mixed Use,Madhav Nagar,Vidisha,Vidisha,CURRENT,v1.0,2026-08-24T12:00:00,2026-09-10T12:00:00,SYNTHETIC DEMO DATA — NOT OFFICIAL GOVERNMENT RECORDS
REV-1719,P1719,P1719,Mohan Solanki 6,SUR-20718,KHA-50718,486.95,Vacant Land,Raisen Link,Vidisha,Vidisha,CURRENT,v1.0,2026-08-23T12:00:00,2026-09-10T12:00:00,SYNTHETIC DEMO DATA — NOT OFFICIAL GOVERNMENT RECORDS
REV-1720,P1720,P1720,Rekha Bansal 6,SUR-20719,KHA-50719,533.19,Public/Semi-Public,Vidisha Urban,Vidisha,Vidisha,CURRENT,v1.0,2026-08-22T12:00:00,2026-09-10T12:00:00,SYNTHETIC DEMO DATA — NOT OFFICIAL GOVERNMENT RECORDS
REV-1721,P1721,P1721,Rahul K Sharma 7,SUR-20720,KHA-50720,580.84,Residential,Sanchi Road,Vidisha,Vidisha,CURRENT,v1.0,2026-08-21T12:00:00,2026-09-10T12:00:00,SYNTHETIC DEMO DATA — NOT OFFICIAL GOVERNMENT RECORDS
REV-1722,P1722,P1722,Amit Verma 7,SUR-20721,KHA-50721,627.0,Commercial,Betwa Nagar,Vidisha,Vidisha,CURRENT,v1.0,2026-08-20T12:00:00,2026-09-10T12:00:00,SYNTHETIC DEMO DATA — NOT OFFICIAL GOVERNMENT RECORDS
REV-1723,P1723,P1723,Neha Patel 7,SUR-20722,KHA-50722,674.81,Industrial,Ganj Basoda Road,Vidisha,Vidisha,CURRENT,v1.0,2026-08-19T12:00:00,2026-09-10T12:00:00,SYNTHETIC DEMO DATA — NOT OFFICIAL GOVERNMENT RECORDS
REV-1724,P1724,P1724,Priya Singh 7,SUR-20723,KHA-50723,721.78,Agricultural,Civil Lines Extension,Vidisha,Vidisha,CURRENT,v1.0,2026-08-18T12:00:00,2026-09-10T12:00:00,SYNTHETIC DEMO DATA — NOT OFFICIAL GOVERNMENT RECORDS
REV-1725,P1725,P1725,Suresh Yadav 7,SUR-20724,KHA-50724,768.2,Institutional,Kachhi Khedi,Vidisha,Vidisha,CURRENT,v1.0,2026-08-17T12:00:00,2026-09-10T12:00:00,SYNTHETIC DEMO DATA — NOT OFFICIAL GOVERNMENT RECORDS
REV-1726,P1726,P1726,Anjali Jain 7,SUR-20725,KHA-50725,815.14,Mixed Use,Madhav Nagar,Vidisha,Vidisha,CURRENT,v1.0,2026-08-16T12:00:00,2026-09-10T12:00:00,SYNTHETIC DEMO DATA — NOT OFFICIAL GOVERNMENT RECORDS
REV-1727,P1727,P1727,Vikram Mehta 7,SUR-20726,KHA-50726,862.54,Vacant Land,Raisen Link,Vidisha,Vidisha,CURRENT,v1.0,2026-08-15T12:00:00,2026-09-10T12:00:00,SYNTHETIC DEMO DATA — NOT OFFICIAL GOVERNMENT RECORDS
REV-1728,P1728,P1728,Kavita Joshi 7,SUR-20727,KHA-50727,909.86,Public/Semi-Public,Vidisha Urban,Vidisha,Vidisha,CURRENT,v1.0,2026-08-14T12:00:00,2026-09-10T12:00:00,SYNTHETIC DEMO DATA — NOT OFFICIAL GOVERNMENT RECORDS
REV-1729,P1729,P1729,Manoj Gupta 7,SUR-20728,KHA-50728,956.73,Residential,Sanchi Road,Vidisha,Vidisha,CURRENT,v1.0,2026-08-13T12:00:00,2026-09-10T12:00:00,SYNTHETIC DEMO DATA — NOT OFFICIAL GOVERNMENT RECORDS
REV-1730,P1730,P1730,Ritu K Mishra 7,SUR-20729,KHA-50729,1003.77,Commercial,Betwa Nagar,Vidisha,Vidisha,CURRENT,v1.0,2026-08-12T12:00:00,2026-09-10T12:00:00,SYNTHETIC DEMO DATA — NOT OFFICIAL GOVERNMENT RECORDS
REV-1731,P1731,P1731,Arjun Malviya 7,SUR-20730,KHA-50730,1050.95,Industrial,Ganj Basoda Road,Vidisha,Vidisha,CURRENT,v1.0,2026-08-11T12:00:00,2026-09-10T12:00:00,SYNTHETIC DEMO DATA — NOT OFFICIAL GOVERNMENT RECORDS
REV-1732,P1732,P1732,Pooja Thakur 7,SUR-20731,KHA-50731,1097.14,Agricultural,Civil Lines Extension,Vidisha,Vidisha,CURRENT,v1.0,2026-08-10T12:00:00,2026-09-10T12:00:00,SYNTHETIC DEMO DATA — NOT OFFICIAL GOVERNMENT RECORDS
REV-1733,P1733,P1733,Nitin Saxena 7,SUR-20732,KHA-50732,1144.88,Institutional,Kachhi Khedi,Vidisha,Vidisha,CURRENT,v1.0,2026-08-09T12:00:00,2026-09-10T12:00:00,SYNTHETIC DEMO DATA — NOT OFFICIAL GOVERNMENT RECORDS
REV-1734,P1734,P1734,Meera Chouhan 7,SUR-20733,KHA-50733,1191.34,Mixed Use,Madhav Nagar,Vidisha,Vidisha,CURRENT,v1.0,2026-08-08T12:00:00,2026-09-10T12:00:00,SYNTHETIC DEMO DATA — NOT OFFICIAL GOVERNMENT RECORDS
REV-1735,P1735,P1735,Deepak Tiwari 7,SUR-20734,KHA-50734,1238.35,Vacant Land,Raisen Link,Vidisha,Vidisha,CURRENT,v1.0,2026-08-07T12:00:00,2026-09-10T12:00:00,SYNTHETIC DEMO DATA — NOT OFFICIAL GOVERNMENT RECORDS
REV-1736,P1736,P1736,Sunita Rathore 7,SUR-20735,KHA-50735,1285.28,Public/Semi-Public,Vidisha Urban,Vidisha,Vidisha,CURRENT,v1.0,2026-08-06T12:00:00,2026-09-10T12:00:00,SYNTHETIC DEMO DATA — NOT OFFICIAL GOVERNMENT RECORDS
REV-1737,P1737,P1737,Karan Dubey 7,SUR-20736,KHA-50736,1332.76,Residential,Sanchi Road,Vidisha,Vidisha,CURRENT,v1.0,2026-08-05T12:00:00,2026-09-10T12:00:00,SYNTHETIC DEMO DATA — NOT OFFICIAL GOVERNMENT RECORDS
REV-1738,P1738,P1738,Isha Kulkarni 7,SUR-20737,KHA-50737,1379.07,Commercial,Betwa Nagar,Vidisha,Vidisha,CURRENT,v1.0,2026-08-04T12:00:00,2026-09-10T12:00:00,SYNTHETIC DEMO DATA — NOT OFFICIAL GOVERNMENT RECORDS
REV-1739,P1739,P1739,Mohan K Solanki 7,SUR-20738,KHA-50738,1426.24,Industrial,Ganj Basoda Road,Vidisha,Vidisha,CURRENT,v1.0,2026-08-03T12:00:00,2026-09-10T12:00:00,SYNTHETIC DEMO DATA — NOT OFFICIAL GOVERNMENT RECORDS
REV-1740,P1740,P1740,Rekha Bansal 7,SUR-20739,KHA-50739,1473.18,Agricultural,Civil Lines Extension,Vidisha,Vidisha,CURRENT,v1.0,2026-08-02T12:00:00,2026-09-10T12:00:00,SYNTHETIC DEMO DATA — NOT OFFICIAL GOVERNMENT RECORDS
REV-1741,P1741,P1741,Rahul Sharma 8,SUR-20740,KHA-50740,1520.33,Institutional,Kachhi Khedi,Vidisha,Vidisha,CURRENT,v1.0,2026-08-01T12:00:00,2026-09-10T12:00:00,SYNTHETIC DEMO DATA — NOT OFFICIAL GOVERNMENT RECORDS
REV-1742,P1742,P1742,Amit Verma 8,SUR-20741,KHA-50741,117.44,Mixed Use,Madhav Nagar,Vidisha,Vidisha,CURRENT,v1.0,2026-07-31T12:00:00,2026-09-10T12:00:00,SYNTHETIC DEMO DATA — NOT OFFICIAL GOVERNMENT RECORDS
REV-1743,P1743,P1743,Neha Patel 8,SUR-20742,KHA-50742,164.93,Vacant Land,Raisen Link,Vidisha,Vidisha,CURRENT,v1.0,2026-07-30T12:00:00,2026-09-10T12:00:00,SYNTHETIC DEMO DATA — NOT OFFICIAL GOVERNMENT RECORDS
REV-1744,P1744,P1744,Priya Singh 8,SUR-20743,KHA-50743,211.04,Public/Semi-Public,Vidisha Urban,Vidisha,Vidisha,CURRENT,v1.0,2026-07-29T12:00:00,2026-09-10T12:00:00,SYNTHETIC DEMO DATA — NOT OFFICIAL GOVERNMENT RECORDS
REV-1745,P1745,P1745,Suresh Yadav 8,SUR-20744,KHA-50744,258.92,Residential,Sanchi Road,Vidisha,Vidisha,CURRENT,v1.0,2026-07-28T12:00:00,2026-09-10T12:00:00,SYNTHETIC DEMO DATA — NOT OFFICIAL GOVERNMENT RECORDS
REV-1746,P1746,P1746,Anjali Jain 8,SUR-20745,KHA-50745,305.28,Commercial,Betwa Nagar,Vidisha,Vidisha,CURRENT,v1.0,2026-07-27T12:00:00,2026-09-10T12:00:00,SYNTHETIC DEMO DATA — NOT OFFICIAL GOVERNMENT RECORDS
REV-1747,P1747,P1747,Vikram Mehta 8,SUR-20746,KHA-50746,352.22,Industrial,Ganj Basoda Road,Vidisha,Vidisha,CURRENT,v1.0,2026-07-26T12:00:00,2026-09-10T12:00:00,SYNTHETIC DEMO DATA — NOT OFFICIAL GOVERNMENT RECORDS
REV-1748,P1748,P1748,Kavita K Joshi 8,SUR-20747,KHA-50747,399.93,Agricultural,Civil Lines Extension,Vidisha,Vidisha,CURRENT,v1.0,2026-07-25T12:00:00,2026-09-10T12:00:00,SYNTHETIC DEMO DATA — NOT OFFICIAL GOVERNMENT RECORDS
REV-1749,P1749,P1749,Manoj Gupta 8,SUR-20748,KHA-50748,446.93,Institutional,Kachhi Khedi,Vidisha,Vidisha,CURRENT,v1.0,2026-07-24T12:00:00,2026-09-10T12:00:00,SYNTHETIC DEMO DATA — NOT OFFICIAL GOVERNMENT RECORDS
REV-1750,P1750,P1750,Ritu Mishra 8,SUR-20749,KHA-50749,493.27,Mixed Use,Madhav Nagar,Vidisha,Vidisha,CURRENT,v1.0,2026-07-23T12:00:00,2026-09-10T12:00:00,SYNTHETIC DEMO DATA — NOT OFFICIAL GOVERNMENT RECORDS
REV-1751,P1751,P1751,Arjun Malviya 8,SUR-20750,KHA-50750,540.45,Vacant Land,Raisen Link,Vidisha,Vidisha,CURRENT,v1.0,2026-07-22T12:00:00,2026-09-10T12:00:00,SYNTHETIC DEMO DATA — NOT OFFICIAL GOVERNMENT RECORDS
REV-1752,P1752,P1752,Pooja Thakur 8,SUR-20751,KHA-50751,587.57,Public/Semi-Public,Vidisha Urban,Vidisha,Vidisha,CURRENT,v1.0,2026-07-21T12:00:00,2026-09-10T12:00:00,SYNTHETIC DEMO DATA — NOT OFFICIAL GOVERNMENT RECORDS
REV-1753,P1753,P1753,Nitin Saxena 8,SUR-20752,KHA-50752,634.51,Residential,Sanchi Road,Vidisha,Vidisha,CURRENT,v1.0,2026-07-20T12:00:00,2026-09-10T12:00:00,SYNTHETIC DEMO DATA — NOT OFFICIAL GOVERNMENT RECORDS
REV-1754,P1754,P1754,Meera Chouhan 8,SUR-20753,KHA-50753,681.12,Commercial,Betwa Nagar,Vidisha,Vidisha,CURRENT,v1.0,2026-07-19T12:00:00,2026-09-10T12:00:00,SYNTHETIC DEMO DATA — NOT OFFICIAL GOVERNMENT RECORDS
REV-1755,P1755,P1755,Deepak Tiwari 8,SUR-20754,KHA-50754,728.16,Industrial,Ganj Basoda Road,Vidisha,Vidisha,CURRENT,v1.0,2026-07-18T12:00:00,2026-09-10T12:00:00,SYNTHETIC DEMO DATA — NOT OFFICIAL GOVERNMENT RECORDS
REV-1756,P1756,P1756,Sunita Rathore 8,SUR-20755,KHA-50755,775.85,Agricultural,Civil Lines Extension,Vidisha,Vidisha,CURRENT,v1.0,2026-07-17T12:00:00,2026-09-10T12:00:00,SYNTHETIC DEMO DATA — NOT OFFICIAL GOVERNMENT RECORDS
REV-1757,P1757,P1757,Karan K Dubey 8,SUR-20756,KHA-50756,822.39,Institutional,Kachhi Khedi,Vidisha,Vidisha,CURRENT,v1.0,2026-07-16T12:00:00,2026-09-10T12:00:00,SYNTHETIC DEMO DATA — NOT OFFICIAL GOVERNMENT RECORDS
REV-1758,P1758,P1758,Isha Kulkarni 8,SUR-20757,KHA-50757,869.35,Mixed Use,Madhav Nagar,Vidisha,Vidisha,CURRENT,v1.0,2026-07-15T12:00:00,2026-09-10T12:00:00,SYNTHETIC DEMO DATA — NOT OFFICIAL GOVERNMENT RECORDS
REV-1759,P1759,P1759,Mohan Solanki 8,SUR-20758,KHA-50758,916.94,Vacant Land,Raisen Link,Vidisha,Vidisha,CURRENT,v1.0,2026-07-14T12:00:00,2026-09-10T12:00:00,SYNTHETIC DEMO DATA — NOT OFFICIAL GOVERNMENT RECORDS
REV-1760,P1760,P1760,Rekha Bansal 8,SUR-20759,KHA-50759,963.04,Public/Semi-Public,Vidisha Urban,Vidisha,Vidisha,CURRENT,v1.0,2026-07-13T12:00:00,2026-09-10T12:00:00,SYNTHETIC DEMO DATA — NOT OFFICIAL GOVERNMENT RECORDS
REV-1761,P1761,P1761,Rahul Sharma 9,SUR-20760,KHA-50760,1010.05,Residential,Sanchi Road,Vidisha,Vidisha,CURRENT,v1.0,2026-07-12T12:00:00,2026-09-10T12:00:00,SYNTHETIC DEMO DATA — NOT OFFICIAL GOVERNMENT RECORDS
REV-1762,P1762,P1762,Amit Verma 9,SUR-20761,KHA-50761,1057.88,Commercial,Betwa Nagar,Vidisha,Vidisha,CURRENT,v1.0,2026-07-11T12:00:00,2026-09-10T12:00:00,SYNTHETIC DEMO DATA — NOT OFFICIAL GOVERNMENT RECORDS
REV-1763,P1763,P1763,Neha Patel 9,SUR-20762,KHA-50762,1104.91,Industrial,Ganj Basoda Road,Vidisha,Vidisha,CURRENT,v1.0,2026-07-10T12:00:00,2026-09-10T12:00:00,SYNTHETIC DEMO DATA — NOT OFFICIAL GOVERNMENT RECORDS
REV-1764,P1764,P1764,Priya Singh 9,SUR-20763,KHA-50763,1151.14,Agricultural,Civil Lines Extension,Vidisha,Vidisha,CURRENT,v1.0,2026-07-09T12:00:00,2026-09-10T12:00:00,SYNTHETIC DEMO DATA — NOT OFFICIAL GOVERNMENT RECORDS
REV-1765,P1765,P1765,Suresh Yadav 9,SUR-20764,KHA-50764,1198.62,Institutional,Kachhi Khedi,Vidisha,Vidisha,CURRENT,v1.0,2026-07-08T12:00:00,2026-09-10T12:00:00,SYNTHETIC DEMO DATA — NOT OFFICIAL GOVERNMENT RECORDS
REV-1766,P1766,P1766,Anjali K Jain 9,SUR-20765,KHA-50765,1245.26,Mixed Use,Madhav Nagar,Vidisha,Vidisha,CURRENT,v1.0,2026-07-07T12:00:00,2026-09-10T12:00:00,SYNTHETIC DEMO DATA — NOT OFFICIAL GOVERNMENT RECORDS
REV-1767,P1767,P1767,Vikram Mehta 9,SUR-20766,KHA-50766,1292.12,Vacant Land,Raisen Link,Vidisha,Vidisha,CURRENT,v1.0,2026-07-06T12:00:00,2026-09-10T12:00:00,SYNTHETIC DEMO DATA — NOT OFFICIAL GOVERNMENT RECORDS
REV-1768,P1768,P1768,Kavita Joshi 9,SUR-20767,KHA-50767,1339.31,Public/Semi-Public,Vidisha Urban,Vidisha,Vidisha,CURRENT,v1.0,2026-07-05T12:00:00,2026-09-10T12:00:00,SYNTHETIC DEMO DATA — NOT OFFICIAL GOVERNMENT RECORDS
REV-1769,P1769,P1769,Manoj Gupta 9,SUR-20768,KHA-50768,1386.65,Residential,Sanchi Road,Vidisha,Vidisha,CURRENT,v1.0,2026-07-04T12:00:00,2026-09-10T12:00:00,SYNTHETIC DEMO DATA — NOT OFFICIAL GOVERNMENT RECORDS
REV-1770,P1770,P1770,Ritu Mishra 9,SUR-20769,KHA-50769,1433.16,Commercial,Betwa Nagar,Vidisha,Vidisha,CURRENT,v1.0,2026-07-03T12:00:00,2026-09-10T12:00:00,SYNTHETIC DEMO DATA — NOT OFFICIAL GOVERNMENT RECORDS
REV-1771,P1771,P1771,Arjun Malviya 9,SUR-20770,KHA-50770,1480.8,Industrial,Ganj Basoda Road,Vidisha,Vidisha,CURRENT,v1.0,2026-07-02T12:00:00,2026-09-10T12:00:00,SYNTHETIC DEMO DATA — NOT OFFICIAL GOVERNMENT RECORDS
REV-1772,P1772,P1772,Pooja Thakur 9,SUR-20771,KHA-50771,1527.81,Agricultural,Civil Lines Extension,Vidisha,Vidisha,CURRENT,v1.0,2026-07-01T12:00:00,2026-09-10T12:00:00,SYNTHETIC DEMO DATA — NOT OFFICIAL GOVERNMENT RECORDS
REV-1773,P1773,P1773,Nitin Saxena 9,SUR-20772,KHA-50772,124.96,Institutional,Kachhi Khedi,Vidisha,Vidisha,CURRENT,v1.0,2026-06-30T12:00:00,2026-09-10T12:00:00,SYNTHETIC DEMO DATA — NOT OFFICIAL GOVERNMENT RECORDS
REV-1774,P1774,P1774,Meera Chouhan 9,SUR-20773,KHA-50773,171.98,Mixed Use,Madhav Nagar,Vidisha,Vidisha,CURRENT,v1.0,2026-06-29T12:00:00,2026-09-10T12:00:00,SYNTHETIC DEMO DATA — NOT OFFICIAL GOVERNMENT RECORDS
REV-1775,P1775,P1775,Deepak K Tiwari 9,SUR-20774,KHA-50774,218.56,Vacant Land,Raisen Link,Vidisha,Vidisha,CURRENT,v1.0,2026-06-28T12:00:00,2026-09-10T12:00:00,SYNTHETIC DEMO DATA — NOT OFFICIAL GOVERNMENT RECORDS
REV-1776,P1776,P1776,Sunita Rathore 9,SUR-20775,KHA-50775,265.98,Public/Semi-Public,Vidisha Urban,Vidisha,Vidisha,CURRENT,v1.0,2026-06-27T12:00:00,2026-09-10T12:00:00,SYNTHETIC DEMO DATA — NOT OFFICIAL GOVERNMENT RECORDS
REV-1777,P1777,P1777,Karan Dubey 9,SUR-20776,KHA-50776,312.79,Residential,Sanchi Road,Vidisha,Vidisha,CURRENT,v1.0,2026-06-26T12:00:00,2026-09-10T12:00:00,SYNTHETIC DEMO DATA — NOT OFFICIAL GOVERNMENT RECORDS
REV-1778,P1778,P1778,Isha Kulkarni 9,SUR-20777,KHA-50777,359.79,Commercial,Betwa Nagar,Vidisha,Vidisha,CURRENT,v1.0,2026-06-25T12:00:00,2026-09-10T12:00:00,SYNTHETIC DEMO DATA — NOT OFFICIAL GOVERNMENT RECORDS
REV-1779,P1779,P1779,Mohan Solanki 9,SUR-20778,KHA-50778,406.92,Industrial,Ganj Basoda Road,Vidisha,Vidisha,CURRENT,v1.0,2026-06-24T12:00:00,2026-09-10T12:00:00,SYNTHETIC DEMO DATA — NOT OFFICIAL GOVERNMENT RECORDS
REV-1780,P1780,P1780,Rekha Bansal 9,SUR-20779,KHA-50779,453.96,Agricultural,Civil Lines Extension,Vidisha,Vidisha,CURRENT,v1.0,2026-06-23T12:00:00,2026-09-10T12:00:00,SYNTHETIC DEMO DATA — NOT OFFICIAL GOVERNMENT RECORDS
REV-1781,P1781,P1781,Rahul Sharma 10,SUR-20780,KHA-50780,500.7,Institutional,Kachhi Khedi,Vidisha,Vidisha,CURRENT,v1.0,2026-06-22T12:00:00,2026-09-10T12:00:00,SYNTHETIC DEMO DATA — NOT OFFICIAL GOVERNMENT RECORDS
REV-1782,P1782,P1782,Amit Verma 10,SUR-20781,KHA-50781,547.47,Mixed Use,Madhav Nagar,Vidisha,Vidisha,CURRENT,v1.0,2026-06-21T12:00:00,2026-09-10T12:00:00,SYNTHETIC DEMO DATA — NOT OFFICIAL GOVERNMENT RECORDS
REV-1783,P1783,P1783,Neha Patel 10,SUR-20782,KHA-50782,594.82,Vacant Land,Raisen Link,Vidisha,Vidisha,CURRENT,v1.0,2026-06-20T12:00:00,2026-09-10T12:00:00,SYNTHETIC DEMO DATA — NOT OFFICIAL GOVERNMENT RECORDS
REV-1784,P1784,P1784,Priya K Singh 10,SUR-20783,KHA-50783,641.05,Public/Semi-Public,Vidisha Urban,Vidisha,Vidisha,CURRENT,v1.0,2026-06-19T12:00:00,2026-09-10T12:00:00,SYNTHETIC DEMO DATA — NOT OFFICIAL GOVERNMENT RECORDS
REV-1785,P1785,P1785,Suresh Yadav 10,SUR-20784,KHA-50784,688.69,Residential,Sanchi Road,Vidisha,Vidisha,CURRENT,v1.0,2026-06-18T12:00:00,2026-09-10T12:00:00,SYNTHETIC DEMO DATA — NOT OFFICIAL GOVERNMENT RECORDS
REV-1786,P1786,P1786,Anjali Jain 10,SUR-20785,KHA-50785,735.37,Commercial,Betwa Nagar,Vidisha,Vidisha,CURRENT,v1.0,2026-06-17T12:00:00,2026-09-10T12:00:00,SYNTHETIC DEMO DATA — NOT OFFICIAL GOVERNMENT RECORDS
REV-1787,P1787,P1787,Vikram Mehta 10,SUR-20786,KHA-50786,782.86,Industrial,Ganj Basoda Road,Vidisha,Vidisha,CURRENT,v1.0,2026-06-16T12:00:00,2026-09-10T12:00:00,SYNTHETIC DEMO DATA — NOT OFFICIAL GOVERNMENT RECORDS
REV-1788,P1788,P1788,Kavita Joshi 10,SUR-20787,KHA-50787,829.09,Agricultural,Civil Lines Extension,Vidisha,Vidisha,CURRENT,v1.0,2026-06-15T12:00:00,2026-09-10T12:00:00,SYNTHETIC DEMO DATA — NOT OFFICIAL GOVERNMENT RECORDS
REV-1789,P1789,P1789,Manoj Gupta 10,SUR-20788,KHA-50788,876.89,Institutional,Kachhi Khedi,Vidisha,Vidisha,CURRENT,v1.0,2026-06-14T12:00:00,2026-09-10T12:00:00,SYNTHETIC DEMO DATA — NOT OFFICIAL GOVERNMENT RECORDS
REV-1790,P1790,P1790,Ritu Mishra 10,SUR-20789,KHA-50789,923.56,Mixed Use,Madhav Nagar,Vidisha,Vidisha,CURRENT,v1.0,2026-06-13T12:00:00,2026-09-10T12:00:00,SYNTHETIC DEMO DATA — NOT OFFICIAL GOVERNMENT RECORDS
REV-1791,P1791,P1791,Arjun Malviya 10,SUR-20790,KHA-50790,970.14,Vacant Land,Raisen Link,Vidisha,Vidisha,CURRENT,v1.0,2026-06-12T12:00:00,2026-09-10T12:00:00,SYNTHETIC DEMO DATA — NOT OFFICIAL GOVERNMENT RECORDS
REV-1792,P1792,P1792,Pooja Thakur 10,SUR-20791,KHA-50791,1017.91,Public/Semi-Public,Vidisha Urban,Vidisha,Vidisha,CURRENT,v1.0,2026-06-11T12:00:00,2026-09-10T12:00:00,SYNTHETIC DEMO DATA — NOT OFFICIAL GOVERNMENT RECORDS
REV-1793,P1793,P1793,Nitin K Saxena 10,SUR-20792,KHA-50792,1064.13,Residential,Sanchi Road,Vidisha,Vidisha,CURRENT,v1.0,2026-06-10T12:00:00,2026-09-10T12:00:00,SYNTHETIC DEMO DATA — NOT OFFICIAL GOVERNMENT RECORDS
REV-1794,P1794,P1794,Meera Chouhan 10,SUR-20793,KHA-50793,1111.82,Commercial,Betwa Nagar,Vidisha,Vidisha,CURRENT,v1.0,2026-06-09T12:00:00,2026-09-10T12:00:00,SYNTHETIC DEMO DATA — NOT OFFICIAL GOVERNMENT RECORDS
REV-1795,P1795,P1795,Deepak Tiwari 10,SUR-20794,KHA-50794,1158.4,Industrial,Ganj Basoda Road,Vidisha,Vidisha,CURRENT,v1.0,2026-06-08T12:00:00,2026-09-10T12:00:00,SYNTHETIC DEMO DATA — NOT OFFICIAL GOVERNMENT RECORDS
REV-1796,P1796,P1796,Sunita Rathore 10,SUR-20795,KHA-50795,1205.07,Agricultural,Civil Lines Extension,Vidisha,Vidisha,CURRENT,v1.0,2026-06-07T12:00:00,2026-09-10T12:00:00,SYNTHETIC DEMO DATA — NOT OFFICIAL GOVERNMENT RECORDS
REV-1797,P1797,P1797,Karan Dubey 10,SUR-20796,KHA-50796,1252.05,Institutional,Kachhi Khedi,Vidisha,Vidisha,CURRENT,v1.0,2026-06-06T12:00:00,2026-09-10T12:00:00,SYNTHETIC DEMO DATA — NOT OFFICIAL GOVERNMENT RECORDS
REV-1798,P1798,P1798,Isha Kulkarni 10,SUR-20797,KHA-50797,1299.45,Mixed Use,Madhav Nagar,Vidisha,Vidisha,CURRENT,v1.0,2026-06-05T12:00:00,2026-09-10T12:00:00,SYNTHETIC DEMO DATA — NOT OFFICIAL GOVERNMENT RECORDS
REV-1799,P1799,P1799,Mohan Solanki 10,SUR-20798,KHA-50798,1346.61,Vacant Land,Raisen Link,Vidisha,Vidisha,CURRENT,v1.0,2026-06-04T12:00:00,2026-09-10T12:00:00,SYNTHETIC DEMO DATA — NOT OFFICIAL GOVERNMENT RECORDS
REV-1800,P1800,P1800,Rekha Bansal 10,SUR-20799,KHA-50799,1393.35,Public/Semi-Public,Vidisha Urban,Vidisha,Vidisha,CURRENT,v1.0,2026-06-03T12:00:00,2026-09-10T12:00:00,SYNTHETIC DEMO DATA — NOT OFFICIAL GOVERNMENT RECORDS
REV-1801,P1801,P1801,Rahul Sharma,SUR-20800,KHA-50800,1440.98,Residential,Sanchi Road,Vidisha,Vidisha,CURRENT,v1.0,2026-06-02T12:00:00,2026-09-10T12:00:00,SYNTHETIC DEMO DATA — NOT OFFICIAL GOVERNMENT RECORDS
REV-1802,P1802,P1802,Amit K Verma,SUR-20801,KHA-50801,1487.32,Commercial,Betwa Nagar,Vidisha,Vidisha,CURRENT,v1.0,2026-06-01T12:00:00,2026-09-10T12:00:00,SYNTHETIC DEMO DATA — NOT OFFICIAL GOVERNMENT RECORDS
REV-1803,P1803,P1803,Neha Patel,SUR-20802,KHA-50802,1534.67,Industrial,Ganj Basoda Road,Vidisha,Vidisha,CURRENT,v1.0,2026-05-31T12:00:00,2026-09-10T12:00:00,SYNTHETIC DEMO DATA — NOT OFFICIAL GOVERNMENT RECORDS
REV-1804,P1804,P1804,Priya Singh,SUR-20803,KHA-50803,131.29,Agricultural,Civil Lines Extension,Vidisha,Vidisha,CURRENT,v1.0,2026-05-30T12:00:00,2026-09-10T12:00:00,SYNTHETIC DEMO DATA — NOT OFFICIAL GOVERNMENT RECORDS
REV-1805,P1805,P1805,Suresh Yadav,SUR-20804,KHA-50804,178.89,Institutional,Kachhi Khedi,Vidisha,Vidisha,CURRENT,v1.0,2026-05-29T12:00:00,2026-09-10T12:00:00,SYNTHETIC DEMO DATA — NOT OFFICIAL GOVERNMENT RECORDS
REV-1806,P1806,P1806,Anjali Jain,SUR-20805,KHA-50805,225.48,Mixed Use,Madhav Nagar,Vidisha,Vidisha,CURRENT,v1.0,2026-05-28T12:00:00,2026-09-10T12:00:00,SYNTHETIC DEMO DATA — NOT OFFICIAL GOVERNMENT RECORDS
REV-1807,P1807,P1807,Vikram Mehta,SUR-20806,KHA-50806,272.2,Vacant Land,Raisen Link,Vidisha,Vidisha,CURRENT,v1.0,2026-05-27T12:00:00,2026-09-10T12:00:00,SYNTHETIC DEMO DATA — NOT OFFICIAL GOVERNMENT RECORDS
REV-1808,P1808,P1808,Kavita Joshi,SUR-20807,KHA-50807,319.05,Public/Semi-Public,Vidisha Urban,Vidisha,Vidisha,CURRENT,v1.0,2026-05-26T12:00:00,2026-09-10T12:00:00,SYNTHETIC DEMO DATA — NOT OFFICIAL GOVERNMENT RECORDS
REV-1809,P1809,P1809,Manoj Gupta,SUR-20808,KHA-50808,366.39,Residential,Sanchi Road,Vidisha,Vidisha,CURRENT,v1.0,2026-05-25T12:00:00,2026-09-10T12:00:00,SYNTHETIC DEMO DATA — NOT OFFICIAL GOVERNMENT RECORDS
REV-1810,P1810,P1810,Ritu Mishra,SUR-20809,KHA-50809,413.42,Commercial,Betwa Nagar,Vidisha,Vidisha,CURRENT,v1.0,2026-05-24T12:00:00,2026-09-10T12:00:00,SYNTHETIC DEMO DATA — NOT OFFICIAL GOVERNMENT RECORDS
REV-1811,P1811,P1811,Arjun K Malviya,SUR-20810,KHA-50810,460.02,Industrial,Ganj Basoda Road,Vidisha,Vidisha,CURRENT,v1.0,2026-05-23T12:00:00,2026-09-10T12:00:00,SYNTHETIC DEMO DATA — NOT OFFICIAL GOVERNMENT RECORDS
REV-1812,P1812,P1812,Pooja Thakur,SUR-20811,KHA-50811,507.34,Agricultural,Civil Lines Extension,Vidisha,Vidisha,CURRENT,v1.0,2026-05-22T12:00:00,2026-09-10T12:00:00,SYNTHETIC DEMO DATA — NOT OFFICIAL GOVERNMENT RECORDS
REV-1813,P1813,P1813,Nitin Saxena,SUR-20812,KHA-50812,554.25,Institutional,Kachhi Khedi,Vidisha,Vidisha,CURRENT,v1.0,2026-05-21T12:00:00,2026-09-10T12:00:00,SYNTHETIC DEMO DATA — NOT OFFICIAL GOVERNMENT RECORDS
REV-1814,P1814,P1814,Meera Chouhan,SUR-20813,KHA-50813,601.82,Mixed Use,Madhav Nagar,Vidisha,Vidisha,CURRENT,v1.0,2026-05-20T12:00:00,2026-09-10T12:00:00,SYNTHETIC DEMO DATA — NOT OFFICIAL GOVERNMENT RECORDS
REV-1815,P1815,P1815,Deepak Tiwari,SUR-20814,KHA-50814,648.41,Vacant Land,Raisen Link,Vidisha,Vidisha,CURRENT,v1.0,2026-05-19T12:00:00,2026-09-10T12:00:00,SYNTHETIC DEMO DATA — NOT OFFICIAL GOVERNMENT RECORDS
REV-1816,P1816,P1816,Sunita Rathore,SUR-20815,KHA-50815,695.07,Public/Semi-Public,Vidisha Urban,Vidisha,Vidisha,CURRENT,v1.0,2026-05-18T12:00:00,2026-09-10T12:00:00,SYNTHETIC DEMO DATA — NOT OFFICIAL GOVERNMENT RECORDS
REV-1817,P1817,P1817,Karan Dubey,SUR-20816,KHA-50816,742.2,Residential,Sanchi Road,Vidisha,Vidisha,CURRENT,v1.0,2026-05-17T12:00:00,2026-09-10T12:00:00,SYNTHETIC DEMO DATA — NOT OFFICIAL GOVERNMENT RECORDS
REV-1818,P1818,P1818,Isha Kulkarni,SUR-20817,KHA-50817,789.08,Commercial,Betwa Nagar,Vidisha,Vidisha,CURRENT,v1.0,2026-05-16T12:00:00,2026-09-10T12:00:00,SYNTHETIC DEMO DATA — NOT OFFICIAL GOVERNMENT RECORDS
REV-1819,P1819,P1819,Mohan Solanki,SUR-20818,KHA-50818,836.15,Industrial,Ganj Basoda Road,Vidisha,Vidisha,CURRENT,v1.0,2026-05-15T12:00:00,2026-09-10T12:00:00,SYNTHETIC DEMO DATA — NOT OFFICIAL GOVERNMENT RECORDS
REV-1820,P1820,P1820,Rekha K Bansal,SUR-20819,KHA-50819,883.71,Agricultural,Civil Lines Extension,Vidisha,Vidisha,CURRENT,v1.0,2026-05-14T12:00:00,2026-09-10T12:00:00,SYNTHETIC DEMO DATA — NOT OFFICIAL GOVERNMENT RECORDS
REV-1821,P1821,P1821,Rahul Sharma 2,SUR-20820,KHA-50820,930.13,Institutional,Kachhi Khedi,Vidisha,Vidisha,CURRENT,v1.0,2026-05-13T12:00:00,2026-09-10T12:00:00,SYNTHETIC DEMO DATA — NOT OFFICIAL GOVERNMENT RECORDS
REV-1822,P1822,P1822,Amit Verma 2,SUR-20821,KHA-50821,977.22,Mixed Use,Madhav Nagar,Vidisha,Vidisha,CURRENT,v1.0,2026-05-12T12:00:00,2026-09-10T12:00:00,SYNTHETIC DEMO DATA — NOT OFFICIAL GOVERNMENT RECORDS
REV-1823,P1823,P1823,Neha Patel 2,SUR-20822,KHA-50822,1024.95,Vacant Land,Raisen Link,Vidisha,Vidisha,CURRENT,v1.0,2026-05-11T12:00:00,2026-09-10T12:00:00,SYNTHETIC DEMO DATA — NOT OFFICIAL GOVERNMENT RECORDS
REV-1824,P1824,P1824,Priya Singh 2,SUR-20823,KHA-50823,1071.2,Public/Semi-Public,Vidisha Urban,Vidisha,Vidisha,CURRENT,v1.0,2026-05-10T12:00:00,2026-09-10T12:00:00,SYNTHETIC DEMO DATA — NOT OFFICIAL GOVERNMENT RECORDS
REV-1825,P1825,P1825,Suresh Yadav 2,SUR-20824,KHA-50824,1118.78,Residential,Sanchi Road,Vidisha,Vidisha,CURRENT,v1.0,2026-05-09T12:00:00,2026-09-10T12:00:00,SYNTHETIC DEMO DATA — NOT OFFICIAL GOVERNMENT RECORDS
REV-1826,P1826,P1826,Anjali Jain 2,SUR-20825,KHA-50825,1165.2,Commercial,Betwa Nagar,Vidisha,Vidisha,CURRENT,v1.0,2026-05-08T12:00:00,2026-09-10T12:00:00,SYNTHETIC DEMO DATA — NOT OFFICIAL GOVERNMENT RECORDS
REV-1827,P1827,P1827,Vikram Mehta 2,SUR-20826,KHA-50826,1212.45,Industrial,Ganj Basoda Road,Vidisha,Vidisha,CURRENT,v1.0,2026-05-07T12:00:00,2026-09-10T12:00:00,SYNTHETIC DEMO DATA — NOT OFFICIAL GOVERNMENT RECORDS
REV-1828,P1828,P1828,Kavita Joshi 2,SUR-20827,KHA-50827,1259.44,Agricultural,Civil Lines Extension,Vidisha,Vidisha,CURRENT,v1.0,2026-05-06T12:00:00,2026-09-10T12:00:00,SYNTHETIC DEMO DATA — NOT OFFICIAL GOVERNMENT RECORDS
REV-1829,P1829,P1829,Manoj K Gupta 2,SUR-20828,KHA-50828,1306.66,Institutional,Kachhi Khedi,Vidisha,Vidisha,CURRENT,v1.0,2026-05-05T12:00:00,2026-09-10T12:00:00,SYNTHETIC DEMO DATA — NOT OFFICIAL GOVERNMENT RECORDS
REV-1830,P1830,P1830,Ritu Mishra 2,SUR-20829,KHA-50829,1353.95,Mixed Use,Madhav Nagar,Vidisha,Vidisha,CURRENT,v1.0,2026-05-04T12:00:00,2026-09-10T12:00:00,SYNTHETIC DEMO DATA — NOT OFFICIAL GOVERNMENT RECORDS
REV-1831,P1831,P1831,Arjun Malviya 2,SUR-20830,KHA-50830,1400.89,Vacant Land,Raisen Link,Vidisha,Vidisha,CURRENT,v1.0,2026-05-03T12:00:00,2026-09-10T12:00:00,SYNTHETIC DEMO DATA — NOT OFFICIAL GOVERNMENT RECORDS
REV-1832,P1832,P1832,Pooja Thakur 2,SUR-20831,KHA-50831,1447.53,Public/Semi-Public,Vidisha Urban,Vidisha,Vidisha,CURRENT,v1.0,2026-05-02T12:00:00,2026-09-10T12:00:00,SYNTHETIC DEMO DATA — NOT OFFICIAL GOVERNMENT RECORDS
REV-1833,P1833,P1833,Nitin Saxena 2,SUR-20832,KHA-50832,1494.78,Residential,Sanchi Road,Vidisha,Vidisha,CURRENT,v1.0,2026-05-01T12:00:00,2026-09-10T12:00:00,SYNTHETIC DEMO DATA — NOT OFFICIAL GOVERNMENT RECORDS
REV-1834,P1834,P1834,Meera Chouhan 2,SUR-20833,KHA-50833,91.03,Commercial,Betwa Nagar,Vidisha,Vidisha,CURRENT,v1.0,2026-04-30T12:00:00,2026-09-10T12:00:00,SYNTHETIC DEMO DATA — NOT OFFICIAL GOVERNMENT RECORDS
REV-1835,P1835,P1835,Deepak Tiwari 2,SUR-20834,KHA-50834,138.26,Industrial,Ganj Basoda Road,Vidisha,Vidisha,CURRENT,v1.0,2026-04-29T12:00:00,2026-09-10T12:00:00,SYNTHETIC DEMO DATA — NOT OFFICIAL GOVERNMENT RECORDS
REV-1836,P1836,P1836,Sunita Rathore 2,SUR-20835,KHA-50835,185.44,Agricultural,Civil Lines Extension,Vidisha,Vidisha,CURRENT,v1.0,2026-04-28T12:00:00,2026-09-10T12:00:00,SYNTHETIC DEMO DATA — NOT OFFICIAL GOVERNMENT RECORDS
REV-1837,P1837,P1837,Karan Dubey 2,SUR-20836,KHA-50836,232.76,Institutional,Kachhi Khedi,Vidisha,Vidisha,CURRENT,v1.0,2026-04-27T12:00:00,2026-09-10T12:00:00,SYNTHETIC DEMO DATA — NOT OFFICIAL GOVERNMENT RECORDS
REV-1838,P1838,P1838,Isha K Kulkarni 2,SUR-20837,KHA-50837,279.43,Mixed Use,Madhav Nagar,Vidisha,Vidisha,CURRENT,v1.0,2026-04-26T12:00:00,2026-09-10T12:00:00,SYNTHETIC DEMO DATA — NOT OFFICIAL GOVERNMENT RECORDS
REV-1839,P1839,P1839,Mohan Solanki 2,SUR-20838,KHA-50838,326.09,Vacant Land,Raisen Link,Vidisha,Vidisha,CURRENT,v1.0,2026-04-25T12:00:00,2026-09-10T12:00:00,SYNTHETIC DEMO DATA — NOT OFFICIAL GOVERNMENT RECORDS
REV-1840,P1840,P1840,Rekha Bansal 2,SUR-20839,KHA-50839,373.13,Public/Semi-Public,Vidisha Urban,Vidisha,Vidisha,CURRENT,v1.0,2026-04-24T12:00:00,2026-09-10T12:00:00,SYNTHETIC DEMO DATA — NOT OFFICIAL GOVERNMENT RECORDS
REV-1841,P1841,P1841,Rahul Sharma 3,SUR-20840,KHA-50840,420.4,Residential,Sanchi Road,Vidisha,Vidisha,CURRENT,v1.0,2026-04-23T12:00:00,2026-09-10T12:00:00,SYNTHETIC DEMO DATA — NOT OFFICIAL GOVERNMENT RECORDS
REV-1842,P1842,P1842,Amit Verma 3,SUR-20841,KHA-50841,467.93,Commercial,Betwa Nagar,Vidisha,Vidisha,CURRENT,v1.0,2026-04-22T12:00:00,2026-09-10T12:00:00,SYNTHETIC DEMO DATA — NOT OFFICIAL GOVERNMENT RECORDS
REV-1843,P1843,P1843,Neha Patel 3,SUR-20842,KHA-50842,514.04,Industrial,Ganj Basoda Road,Vidisha,Vidisha,CURRENT,v1.0,2026-04-21T12:00:00,2026-09-10T12:00:00,SYNTHETIC DEMO DATA — NOT OFFICIAL GOVERNMENT RECORDS
REV-1844,P1844,P1844,Priya Singh 3,SUR-20843,KHA-50843,561.89,Agricultural,Civil Lines Extension,Vidisha,Vidisha,CURRENT,v1.0,2026-04-20T12:00:00,2026-09-10T12:00:00,SYNTHETIC DEMO DATA — NOT OFFICIAL GOVERNMENT RECORDS
REV-1845,P1845,P1845,Suresh Yadav 3,SUR-20844,KHA-50844,608.84,Institutional,Kachhi Khedi,Vidisha,Vidisha,CURRENT,v1.0,2026-04-19T12:00:00,2026-09-10T12:00:00,SYNTHETIC DEMO DATA — NOT OFFICIAL GOVERNMENT RECORDS
REV-1846,P1846,P1846,Anjali Jain 3,SUR-20845,KHA-50845,655.09,Mixed Use,Madhav Nagar,Vidisha,Vidisha,CURRENT,v1.0,2026-04-18T12:00:00,2026-09-10T12:00:00,SYNTHETIC DEMO DATA — NOT OFFICIAL GOVERNMENT RECORDS
REV-1847,P1847,P1847,Vikram K Mehta 3,SUR-20846,KHA-50846,702.91,Vacant Land,Raisen Link,Vidisha,Vidisha,CURRENT,v1.0,2026-04-17T12:00:00,2026-09-10T12:00:00,SYNTHETIC DEMO DATA — NOT OFFICIAL GOVERNMENT RECORDS
REV-1848,P1848,P1848,Kavita Joshi 3,SUR-20847,KHA-50847,749.28,Public/Semi-Public,Vidisha Urban,Vidisha,Vidisha,CURRENT,v1.0,2026-04-16T12:00:00,2026-09-10T12:00:00,SYNTHETIC DEMO DATA — NOT OFFICIAL GOVERNMENT RECORDS
REV-1849,P1849,P1849,Manoj Gupta 3,SUR-20848,KHA-50848,796.16,Residential,Sanchi Road,Vidisha,Vidisha,CURRENT,v1.0,2026-04-15T12:00:00,2026-09-10T12:00:00,SYNTHETIC DEMO DATA — NOT OFFICIAL GOVERNMENT RECORDS
REV-1850,P1850,P1850,Ritu Mishra 3,SUR-20849,KHA-50849,843.16,Commercial,Betwa Nagar,Vidisha,Vidisha,CURRENT,v1.0,2026-04-14T12:00:00,2026-09-10T12:00:00,SYNTHETIC DEMO DATA — NOT OFFICIAL GOVERNMENT RECORDS
REV-1851,P1851,P1851,Arjun Malviya 3,SUR-20850,KHA-50850,890.95,Industrial,Ganj Basoda Road,Vidisha,Vidisha,CURRENT,v1.0,2026-04-13T12:00:00,2026-09-10T12:00:00,SYNTHETIC DEMO DATA — NOT OFFICIAL GOVERNMENT RECORDS
REV-1852,P1852,P1852,Pooja Thakur 3,SUR-20851,KHA-50851,937.66,Agricultural,Civil Lines Extension,Vidisha,Vidisha,CURRENT,v1.0,2026-04-12T12:00:00,2026-09-10T12:00:00,SYNTHETIC DEMO DATA — NOT OFFICIAL GOVERNMENT RECORDS
REV-1853,P1853,P1853,Nitin Saxena 3,SUR-20852,KHA-50852,984.53,Institutional,Kachhi Khedi,Vidisha,Vidisha,CURRENT,v1.0,2026-04-11T12:00:00,2026-09-10T12:00:00,SYNTHETIC DEMO DATA — NOT OFFICIAL GOVERNMENT RECORDS
REV-1854,P1854,P1854,Meera Chouhan 3,SUR-20853,KHA-50853,1031.16,Mixed Use,Madhav Nagar,Vidisha,Vidisha,CURRENT,v1.0,2026-04-10T12:00:00,2026-09-10T12:00:00,SYNTHETIC DEMO DATA — NOT OFFICIAL GOVERNMENT RECORDS
REV-1855,P1855,P1855,Deepak Tiwari 3,SUR-20854,KHA-50854,1078.0,Vacant Land,Raisen Link,Vidisha,Vidisha,CURRENT,v1.0,2026-04-09T12:00:00,2026-09-10T12:00:00,SYNTHETIC DEMO DATA — NOT OFFICIAL GOVERNMENT RECORDS
REV-1856,P1856,P1856,Sunita K Rathore 3,SUR-20855,KHA-50855,1125.31,Public/Semi-Public,Vidisha Urban,Vidisha,Vidisha,CURRENT,v1.0,2026-04-08T12:00:00,2026-09-10T12:00:00,SYNTHETIC DEMO DATA — NOT OFFICIAL GOVERNMENT RECORDS
REV-1857,P1857,P1857,Karan Dubey 3,SUR-20856,KHA-50856,1172.49,Residential,Sanchi Road,Vidisha,Vidisha,CURRENT,v1.0,2026-04-07T12:00:00,2026-09-10T12:00:00,SYNTHETIC DEMO DATA — NOT OFFICIAL GOVERNMENT RECORDS
REV-1858,P1858,P1858,Isha Kulkarni 3,SUR-20857,KHA-50857,1219.52,Commercial,Betwa Nagar,Vidisha,Vidisha,CURRENT,v1.0,2026-04-06T12:00:00,2026-09-10T12:00:00,SYNTHETIC DEMO DATA — NOT OFFICIAL GOVERNMENT RECORDS
REV-1859,P1859,P1859,Mohan Solanki 3,SUR-20858,KHA-50858,1266.78,Industrial,Ganj Basoda Road,Vidisha,Vidisha,CURRENT,v1.0,2026-04-05T12:00:00,2026-09-10T12:00:00,SYNTHETIC DEMO DATA — NOT OFFICIAL GOVERNMENT RECORDS
REV-1860,P1860,P1860,Rekha Bansal 3,SUR-20859,KHA-50859,1313.32,Agricultural,Civil Lines Extension,Vidisha,Vidisha,CURRENT,v1.0,2026-04-04T12:00:00,2026-09-10T12:00:00,SYNTHETIC DEMO DATA — NOT OFFICIAL GOVERNMENT RECORDS
REV-1861,P1861,P1861,Rahul Sharma 4,SUR-20860,KHA-50860,1360.92,Institutional,Kachhi Khedi,Vidisha,Vidisha,CURRENT,v1.0,2026-04-03T12:00:00,2026-09-10T12:00:00,SYNTHETIC DEMO DATA — NOT OFFICIAL GOVERNMENT RECORDS
REV-1862,P1862,P1862,Amit Verma 4,SUR-20861,KHA-50861,1407.43,Mixed Use,Madhav Nagar,Vidisha,Vidisha,CURRENT,v1.0,2026-04-02T12:00:00,2026-09-10T12:00:00,SYNTHETIC DEMO DATA — NOT OFFICIAL GOVERNMENT RECORDS
REV-1863,P1863,P1863,Neha Patel 4,SUR-20862,KHA-50862,1454.47,Vacant Land,Raisen Link,Vidisha,Vidisha,CURRENT,v1.0,2026-04-01T12:00:00,2026-09-10T12:00:00,SYNTHETIC DEMO DATA — NOT OFFICIAL GOVERNMENT RECORDS
REV-1864,P1864,P1864,Priya Singh 4,SUR-20863,KHA-50863,1501.65,Public/Semi-Public,Vidisha Urban,Vidisha,Vidisha,CURRENT,v1.0,2026-03-31T12:00:00,2026-09-10T12:00:00,SYNTHETIC DEMO DATA — NOT OFFICIAL GOVERNMENT RECORDS
REV-1865,P1865,P1865,Suresh K Yadav 4,SUR-20864,KHA-50864,98.93,Residential,Sanchi Road,Vidisha,Vidisha,CURRENT,v1.0,2026-03-30T12:00:00,2026-09-10T12:00:00,SYNTHETIC DEMO DATA — NOT OFFICIAL GOVERNMENT RECORDS
REV-1866,P1866,P1866,Anjali Jain 4,SUR-20865,KHA-50865,145.45,Commercial,Betwa Nagar,Vidisha,Vidisha,CURRENT,v1.0,2026-03-29T12:00:00,2026-09-10T12:00:00,SYNTHETIC DEMO DATA — NOT OFFICIAL GOVERNMENT RECORDS
REV-1867,P1867,P1867,Vikram Mehta 4,SUR-20866,KHA-50866,192.67,Industrial,Ganj Basoda Road,Vidisha,Vidisha,CURRENT,v1.0,2026-03-28T12:00:00,2026-09-10T12:00:00,SYNTHETIC DEMO DATA — NOT OFFICIAL GOVERNMENT RECORDS
REV-1868,P1868,P1868,Kavita Joshi 4,SUR-20867,KHA-50867,239.52,Agricultural,Civil Lines Extension,Vidisha,Vidisha,CURRENT,v1.0,2026-03-27T12:00:00,2026-09-10T12:00:00,SYNTHETIC DEMO DATA — NOT OFFICIAL GOVERNMENT RECORDS
REV-1869,P1869,P1869,Manoj Gupta 4,SUR-20868,KHA-50868,286.15,Institutional,Kachhi Khedi,Vidisha,Vidisha,CURRENT,v1.0,2026-03-26T12:00:00,2026-09-10T12:00:00,SYNTHETIC DEMO DATA — NOT OFFICIAL GOVERNMENT RECORDS
REV-1870,P1870,P1870,Ritu Mishra 4,SUR-20869,KHA-50869,333.09,Mixed Use,Madhav Nagar,Vidisha,Vidisha,CURRENT,v1.0,2026-03-25T12:00:00,2026-09-10T12:00:00,SYNTHETIC DEMO DATA — NOT OFFICIAL GOVERNMENT RECORDS
REV-1871,P1871,P1871,Arjun Malviya 4,SUR-20870,KHA-50870,380.62,Vacant Land,Raisen Link,Vidisha,Vidisha,CURRENT,v1.0,2026-03-24T12:00:00,2026-09-10T12:00:00,SYNTHETIC DEMO DATA — NOT OFFICIAL GOVERNMENT RECORDS
REV-1872,P1872,P1872,Pooja Thakur 4,SUR-20871,KHA-50871,427.59,Public/Semi-Public,Vidisha Urban,Vidisha,Vidisha,CURRENT,v1.0,2026-03-23T12:00:00,2026-09-10T12:00:00,SYNTHETIC DEMO DATA — NOT OFFICIAL GOVERNMENT RECORDS
REV-1873,P1873,P1873,Nitin Saxena 4,SUR-20872,KHA-50872,474.3,Residential,Sanchi Road,Vidisha,Vidisha,CURRENT,v1.0,2026-03-22T12:00:00,2026-09-10T12:00:00,SYNTHETIC DEMO DATA — NOT OFFICIAL GOVERNMENT RECORDS
REV-1874,P1874,P1874,Meera K Chouhan 4,SUR-20873,KHA-50873,521.2,Commercial,Betwa Nagar,Vidisha,Vidisha,CURRENT,v1.0,2026-03-21T12:00:00,2026-09-10T12:00:00,SYNTHETIC DEMO DATA — NOT OFFICIAL GOVERNMENT RECORDS
REV-1875,P1875,P1875,Deepak Tiwari 4,SUR-20874,KHA-50874,568.6,Industrial,Ganj Basoda Road,Vidisha,Vidisha,CURRENT,v1.0,2026-03-20T12:00:00,2026-09-10T12:00:00,SYNTHETIC DEMO DATA — NOT OFFICIAL GOVERNMENT RECORDS
REV-1876,P1876,P1876,Sunita Rathore 4,SUR-20875,KHA-50875,615.32,Agricultural,Civil Lines Extension,Vidisha,Vidisha,CURRENT,v1.0,2026-03-19T12:00:00,2026-09-10T12:00:00,SYNTHETIC DEMO DATA — NOT OFFICIAL GOVERNMENT RECORDS
REV-1877,P1877,P1877,Karan Dubey 4,SUR-20876,KHA-50876,662.67,Institutional,Kachhi Khedi,Vidisha,Vidisha,CURRENT,v1.0,2026-03-18T12:00:00,2026-09-10T12:00:00,SYNTHETIC DEMO DATA — NOT OFFICIAL GOVERNMENT RECORDS
REV-1878,P1878,P1878,Isha Kulkarni 4,SUR-20877,KHA-50877,709.26,Mixed Use,Madhav Nagar,Vidisha,Vidisha,CURRENT,v1.0,2026-03-17T12:00:00,2026-09-10T12:00:00,SYNTHETIC DEMO DATA — NOT OFFICIAL GOVERNMENT RECORDS
REV-1879,P1879,P1879,Mohan Solanki 4,SUR-20878,KHA-50878,756.8,Vacant Land,Raisen Link,Vidisha,Vidisha,CURRENT,v1.0,2026-03-16T12:00:00,2026-09-10T12:00:00,SYNTHETIC DEMO DATA — NOT OFFICIAL GOVERNMENT RECORDS
REV-1880,P1880,P1880,Rekha Bansal 4,SUR-20879,KHA-50879,803.07,Public/Semi-Public,Vidisha Urban,Vidisha,Vidisha,CURRENT,v1.0,2026-03-15T12:00:00,2026-09-10T12:00:00,SYNTHETIC DEMO DATA — NOT OFFICIAL GOVERNMENT RECORDS
REV-1881,P1881,P1881,Rahul Sharma 5,SUR-20880,KHA-50880,850.44,Residential,Sanchi Road,Vidisha,Vidisha,CURRENT,v1.0,2026-03-14T12:00:00,2026-09-10T12:00:00,SYNTHETIC DEMO DATA — NOT OFFICIAL GOVERNMENT RECORDS
REV-1882,P1882,P1882,Amit Verma 5,SUR-20881,KHA-50881,897.94,Commercial,Betwa Nagar,Vidisha,Vidisha,CURRENT,v1.0,2026-03-13T12:00:00,2026-09-10T12:00:00,SYNTHETIC DEMO DATA — NOT OFFICIAL GOVERNMENT RECORDS
REV-1883,P1883,P1883,Neha K Patel 5,SUR-20882,KHA-50882,944.05,Industrial,Ganj Basoda Road,Vidisha,Vidisha,CURRENT,v1.0,2026-03-12T12:00:00,2026-09-10T12:00:00,SYNTHETIC DEMO DATA — NOT OFFICIAL GOVERNMENT RECORDS
REV-1884,P1884,P1884,Priya Singh 5,SUR-20883,KHA-50883,991.82,Agricultural,Civil Lines Extension,Vidisha,Vidisha,CURRENT,v1.0,2026-03-11T12:00:00,2026-09-10T12:00:00,SYNTHETIC DEMO DATA — NOT OFFICIAL GOVERNMENT RECORDS
REV-1885,P1885,P1885,Suresh Yadav 5,SUR-20884,KHA-50884,1038.62,Institutional,Kachhi Khedi,Vidisha,Vidisha,CURRENT,v1.0,2026-03-10T12:00:00,2026-09-10T12:00:00,SYNTHETIC DEMO DATA — NOT OFFICIAL GOVERNMENT RECORDS
REV-1886,P1886,P1886,Anjali Jain 5,SUR-20885,KHA-50885,1085.33,Mixed Use,Madhav Nagar,Vidisha,Vidisha,CURRENT,v1.0,2026-03-09T12:00:00,2026-09-10T12:00:00,SYNTHETIC DEMO DATA — NOT OFFICIAL GOVERNMENT RECORDS
REV-1887,P1887,P1887,Vikram Mehta 5,SUR-20886,KHA-50886,1132.36,Vacant Land,Raisen Link,Vidisha,Vidisha,CURRENT,v1.0,2026-03-08T12:00:00,2026-09-10T12:00:00,SYNTHETIC DEMO DATA — NOT OFFICIAL GOVERNMENT RECORDS
REV-1888,P1888,P1888,Kavita Joshi 5,SUR-20887,KHA-50887,1179.22,Public/Semi-Public,Vidisha Urban,Vidisha,Vidisha,CURRENT,v1.0,2026-03-07T12:00:00,2026-09-10T12:00:00,SYNTHETIC DEMO DATA — NOT OFFICIAL GOVERNMENT RECORDS
REV-1889,P1889,P1889,Manoj Gupta 5,SUR-20888,KHA-50888,1226.64,Residential,Sanchi Road,Vidisha,Vidisha,CURRENT,v1.0,2026-03-06T12:00:00,2026-09-10T12:00:00,SYNTHETIC DEMO DATA — NOT OFFICIAL GOVERNMENT RECORDS
REV-1890,P1890,P1890,Ritu Mishra 5,SUR-20889,KHA-50889,1273.21,Commercial,Betwa Nagar,Vidisha,Vidisha,CURRENT,v1.0,2026-03-05T12:00:00,2026-09-10T12:00:00,SYNTHETIC DEMO DATA — NOT OFFICIAL GOVERNMENT RECORDS
REV-1891,P1891,P1891,Arjun Malviya 5,SUR-20890,KHA-50890,1320.97,Industrial,Ganj Basoda Road,Vidisha,Vidisha,CURRENT,v1.0,2026-03-04T12:00:00,2026-09-10T12:00:00,SYNTHETIC DEMO DATA — NOT OFFICIAL GOVERNMENT RECORDS
REV-1892,P1892,P1892,Pooja K Thakur 5,SUR-20891,KHA-50891,1367.75,Agricultural,Civil Lines Extension,Vidisha,Vidisha,CURRENT,v1.0,2026-03-03T12:00:00,2026-09-10T12:00:00,SYNTHETIC DEMO DATA — NOT OFFICIAL GOVERNMENT RECORDS
REV-1893,P1893,P1893,Nitin Saxena 5,SUR-20892,KHA-50892,1414.36,Institutional,Kachhi Khedi,Vidisha,Vidisha,CURRENT,v1.0,2026-03-02T12:00:00,2026-09-10T12:00:00,SYNTHETIC DEMO DATA — NOT OFFICIAL GOVERNMENT RECORDS
REV-1894,P1894,P1894,Meera Chouhan 5,SUR-20893,KHA-50893,1461.65,Mixed Use,Madhav Nagar,Vidisha,Vidisha,CURRENT,v1.0,2026-03-01T12:00:00,2026-09-10T12:00:00,SYNTHETIC DEMO DATA — NOT OFFICIAL GOVERNMENT RECORDS
REV-1895,P1895,P1895,Deepak Tiwari 5,SUR-20894,KHA-50894,1508.38,Vacant Land,Raisen Link,Vidisha,Vidisha,CURRENT,v1.0,2026-02-28T12:00:00,2026-09-10T12:00:00,SYNTHETIC DEMO DATA — NOT OFFICIAL GOVERNMENT RECORDS
REV-1896,P1896,P1896,Sunita Rathore 5,SUR-20895,KHA-50895,105.15,Public/Semi-Public,Vidisha Urban,Vidisha,Vidisha,CURRENT,v1.0,2026-02-27T12:00:00,2026-09-10T12:00:00,SYNTHETIC DEMO DATA — NOT OFFICIAL GOVERNMENT RECORDS
REV-1897,P1897,P1897,Karan Dubey 5,SUR-20896,KHA-50896,152.5,Residential,Sanchi Road,Vidisha,Vidisha,CURRENT,v1.0,2026-02-26T12:00:00,2026-09-10T12:00:00,SYNTHETIC DEMO DATA — NOT OFFICIAL GOVERNMENT RECORDS
REV-1898,P1898,P1898,Isha Kulkarni 5,SUR-20897,KHA-50897,199.05,Commercial,Betwa Nagar,Vidisha,Vidisha,CURRENT,v1.0,2026-02-25T12:00:00,2026-09-10T12:00:00,SYNTHETIC DEMO DATA — NOT OFFICIAL GOVERNMENT RECORDS
REV-1899,P1899,P1899,Mohan Solanki 5,SUR-20898,KHA-50898,246.37,Industrial,Ganj Basoda Road,Vidisha,Vidisha,CURRENT,v1.0,2026-02-24T12:00:00,2026-09-10T12:00:00,SYNTHETIC DEMO DATA — NOT OFFICIAL GOVERNMENT RECORDS
REV-1900,P1900,P1900,Rekha Bansal 5,SUR-20899,KHA-50899,293.74,Agricultural,Civil Lines Extension,Vidisha,Vidisha,CURRENT,v1.0,2026-02-23T12:00:00,2026-09-10T12:00:00,SYNTHETIC DEMO DATA — NOT OFFICIAL GOVERNMENT RECORDS
REV-1901,P1901,P1901,Rahul K Sharma 6,SUR-20900,KHA-50900,340.72,Institutional,Kachhi Khedi,Vidisha,Vidisha,CURRENT,v1.0,2026-02-22T12:00:00,2026-09-10T12:00:00,SYNTHETIC DEMO DATA — NOT OFFICIAL GOVERNMENT RECORDS
REV-1902,P1902,P1902,Amit Verma 6,SUR-20901,KHA-50901,387.58,Mixed Use,Madhav Nagar,Vidisha,Vidisha,CURRENT,v1.0,2026-02-21T12:00:00,2026-09-10T12:00:00,SYNTHETIC DEMO DATA — NOT OFFICIAL GOVERNMENT RECORDS
REV-1903,P1903,P1903,Neha Patel 6,SUR-20902,KHA-50902,434.63,Vacant Land,Raisen Link,Vidisha,Vidisha,CURRENT,v1.0,2026-02-20T12:00:00,2026-09-10T12:00:00,SYNTHETIC DEMO DATA — NOT OFFICIAL GOVERNMENT RECORDS
REV-1904,P1904,P1904,Priya Singh 6,SUR-20903,KHA-50903,481.04,Public/Semi-Public,Vidisha Urban,Vidisha,Vidisha,CURRENT,v1.0,2026-02-19T12:00:00,2026-09-10T12:00:00,SYNTHETIC DEMO DATA — NOT OFFICIAL GOVERNMENT RECORDS
REV-1905,P1905,P1905,Suresh Yadav 6,SUR-20904,KHA-50904,528.55,Residential,Sanchi Road,Vidisha,Vidisha,CURRENT,v1.0,2026-02-18T12:00:00,2026-09-10T12:00:00,SYNTHETIC DEMO DATA — NOT OFFICIAL GOVERNMENT RECORDS
REV-1906,P1906,P1906,Anjali Jain 6,SUR-20905,KHA-50905,575.17,Commercial,Betwa Nagar,Vidisha,Vidisha,CURRENT,v1.0,2026-02-17T12:00:00,2026-09-10T12:00:00,SYNTHETIC DEMO DATA — NOT OFFICIAL GOVERNMENT RECORDS
REV-1907,P1907,P1907,Vikram Mehta 6,SUR-20906,KHA-50906,622.93,Industrial,Ganj Basoda Road,Vidisha,Vidisha,CURRENT,v1.0,2026-02-16T12:00:00,2026-09-10T12:00:00,SYNTHETIC DEMO DATA — NOT OFFICIAL GOVERNMENT RECORDS
REV-1908,P1908,P1908,Kavita Joshi 6,SUR-20907,KHA-50907,669.64,Agricultural,Civil Lines Extension,Vidisha,Vidisha,CURRENT,v1.0,2026-02-15T12:00:00,2026-09-10T12:00:00,SYNTHETIC DEMO DATA — NOT OFFICIAL GOVERNMENT RECORDS
REV-1909,P1909,P1909,Manoj Gupta 6,SUR-20908,KHA-50908,716.36,Institutional,Kachhi Khedi,Vidisha,Vidisha,CURRENT,v1.0,2026-02-14T12:00:00,2026-09-10T12:00:00,SYNTHETIC DEMO DATA — NOT OFFICIAL GOVERNMENT RECORDS
REV-1910,P1910,P1910,Ritu K Mishra 6,SUR-20909,KHA-50909,763.27,Mixed Use,Madhav Nagar,Vidisha,Vidisha,CURRENT,v1.0,2026-02-13T12:00:00,2026-09-10T12:00:00,SYNTHETIC DEMO DATA — NOT OFFICIAL GOVERNMENT RECORDS
REV-1911,P1911,P1911,Arjun Malviya 6,SUR-20910,KHA-50910,810.27,Vacant Land,Raisen Link,Vidisha,Vidisha,CURRENT,v1.0,2026-02-12T12:00:00,2026-09-10T12:00:00,SYNTHETIC DEMO DATA — NOT OFFICIAL GOVERNMENT RECORDS
REV-1912,P1912,P1912,Pooja Thakur 6,SUR-20911,KHA-50911,857.82,Public/Semi-Public,Vidisha Urban,Vidisha,Vidisha,CURRENT,v1.0,2026-02-11T12:00:00,2026-09-10T12:00:00,SYNTHETIC DEMO DATA — NOT OFFICIAL GOVERNMENT RECORDS
REV-1913,P1913,P1913,Nitin Saxena 6,SUR-20912,KHA-50912,904.9,Residential,Sanchi Road,Vidisha,Vidisha,CURRENT,v1.0,2026-02-10T12:00:00,2026-09-10T12:00:00,SYNTHETIC DEMO DATA — NOT OFFICIAL GOVERNMENT RECORDS
REV-1914,P1914,P1914,Meera Chouhan 6,SUR-20913,KHA-50913,951.66,Commercial,Betwa Nagar,Vidisha,Vidisha,CURRENT,v1.0,2026-02-09T12:00:00,2026-09-10T12:00:00,SYNTHETIC DEMO DATA — NOT OFFICIAL GOVERNMENT RECORDS
REV-1915,P1915,P1915,Deepak Tiwari 6,SUR-20914,KHA-50914,998.8,Industrial,Ganj Basoda Road,Vidisha,Vidisha,CURRENT,v1.0,2026-02-08T12:00:00,2026-09-10T12:00:00,SYNTHETIC DEMO DATA — NOT OFFICIAL GOVERNMENT RECORDS
REV-1916,P1916,P1916,Sunita Rathore 6,SUR-20915,KHA-50915,1045.8,Agricultural,Civil Lines Extension,Vidisha,Vidisha,CURRENT,v1.0,2026-02-07T12:00:00,2026-09-10T12:00:00,SYNTHETIC DEMO DATA — NOT OFFICIAL GOVERNMENT RECORDS
REV-1917,P1917,P1917,Karan Dubey 6,SUR-20916,KHA-50916,1092.96,Institutional,Kachhi Khedi,Vidisha,Vidisha,CURRENT,v1.0,2026-02-06T12:00:00,2026-09-10T12:00:00,SYNTHETIC DEMO DATA — NOT OFFICIAL GOVERNMENT RECORDS
REV-1918,P1918,P1918,Isha Kulkarni 6,SUR-20917,KHA-50917,1139.45,Mixed Use,Madhav Nagar,Vidisha,Vidisha,CURRENT,v1.0,2026-02-05T12:00:00,2026-09-10T12:00:00,SYNTHETIC DEMO DATA — NOT OFFICIAL GOVERNMENT RECORDS
REV-1919,P1919,P1919,Mohan K Solanki 6,SUR-20918,KHA-50918,1186.27,Vacant Land,Raisen Link,Vidisha,Vidisha,CURRENT,v1.0,2026-02-04T12:00:00,2026-09-10T12:00:00,SYNTHETIC DEMO DATA — NOT OFFICIAL GOVERNMENT RECORDS
REV-1920,P1920,P1920,Rekha Bansal 6,SUR-20919,KHA-50919,1233.05,Public/Semi-Public,Vidisha Urban,Vidisha,Vidisha,CURRENT,v1.0,2026-02-03T12:00:00,2026-09-10T12:00:00,SYNTHETIC DEMO DATA — NOT OFFICIAL GOVERNMENT RECORDS
REV-1921,P1921,P1921,Rahul Sharma 7,SUR-20920,KHA-50920,1280.19,Residential,Sanchi Road,Vidisha,Vidisha,CURRENT,v1.0,2026-02-02T12:00:00,2026-09-10T12:00:00,SYNTHETIC DEMO DATA — NOT OFFICIAL GOVERNMENT RECORDS
REV-1922,P1922,P1922,Amit Verma 7,SUR-20921,KHA-50921,1327.65,Commercial,Betwa Nagar,Vidisha,Vidisha,CURRENT,v1.0,2026-02-01T12:00:00,2026-09-10T12:00:00,SYNTHETIC DEMO DATA — NOT OFFICIAL GOVERNMENT RECORDS
REV-1923,P1923,P1923,Neha Patel 7,SUR-20922,KHA-50922,1374.08,Industrial,Ganj Basoda Road,Vidisha,Vidisha,CURRENT,v1.0,2026-01-31T12:00:00,2026-09-10T12:00:00,SYNTHETIC DEMO DATA — NOT OFFICIAL GOVERNMENT RECORDS
REV-1924,P1924,P1924,Priya Singh 7,SUR-20923,KHA-50923,1421.28,Agricultural,Civil Lines Extension,Vidisha,Vidisha,CURRENT,v1.0,2026-01-30T12:00:00,2026-09-10T12:00:00,SYNTHETIC DEMO DATA — NOT OFFICIAL GOVERNMENT RECORDS
REV-1925,P1925,P1925,Suresh Yadav 7,SUR-20924,KHA-50924,1468.21,Institutional,Kachhi Khedi,Vidisha,Vidisha,CURRENT,v1.0,2026-01-29T12:00:00,2026-09-10T12:00:00,SYNTHETIC DEMO DATA — NOT OFFICIAL GOVERNMENT RECORDS
REV-1926,P1926,P1926,Anjali Jain 7,SUR-20925,KHA-50925,1515.47,Mixed Use,Madhav Nagar,Vidisha,Vidisha,CURRENT,v1.0,2026-01-28T12:00:00,2026-09-10T12:00:00,SYNTHETIC DEMO DATA — NOT OFFICIAL GOVERNMENT RECORDS
REV-1927,P1927,P1927,Vikram Mehta 7,SUR-20926,KHA-50926,112.23,Vacant Land,Raisen Link,Vidisha,Vidisha,CURRENT,v1.0,2026-01-27T12:00:00,2026-09-10T12:00:00,SYNTHETIC DEMO DATA — NOT OFFICIAL GOVERNMENT RECORDS
REV-1928,P1928,P1928,Kavita K Joshi 7,SUR-20927,KHA-50927,159.91,Public/Semi-Public,Vidisha Urban,Vidisha,Vidisha,CURRENT,v1.0,2026-01-26T12:00:00,2026-09-10T12:00:00,SYNTHETIC DEMO DATA — NOT OFFICIAL GOVERNMENT RECORDS
REV-1929,P1929,P1929,Manoj Gupta 7,SUR-20928,KHA-50928,206.8,Residential,Sanchi Road,Vidisha,Vidisha,CURRENT,v1.0,2026-01-25T12:00:00,2026-09-10T12:00:00,SYNTHETIC DEMO DATA — NOT OFFICIAL GOVERNMENT RECORDS
REV-1930,P1930,P1930,Ritu Mishra 7,SUR-20929,KHA-50929,253.01,Commercial,Betwa Nagar,Vidisha,Vidisha,CURRENT,v1.0,2026-01-24T12:00:00,2026-09-10T12:00:00,SYNTHETIC DEMO DATA — NOT OFFICIAL GOVERNMENT RECORDS
REV-1931,P1931,P1931,Arjun Malviya 7,SUR-20930,KHA-50930,300.09,Industrial,Ganj Basoda Road,Vidisha,Vidisha,CURRENT,v1.0,2026-01-23T12:00:00,2026-09-10T12:00:00,SYNTHETIC DEMO DATA — NOT OFFICIAL GOVERNMENT RECORDS
REV-1932,P1932,P1932,Pooja Thakur 7,SUR-20931,KHA-50931,347.87,Agricultural,Civil Lines Extension,Vidisha,Vidisha,CURRENT,v1.0,2026-01-22T12:00:00,2026-09-10T12:00:00,SYNTHETIC DEMO DATA — NOT OFFICIAL GOVERNMENT RECORDS
REV-1933,P1933,P1933,Nitin Saxena 7,SUR-20932,KHA-50932,394.65,Institutional,Kachhi Khedi,Vidisha,Vidisha,CURRENT,v1.0,2026-01-21T12:00:00,2026-09-10T12:00:00,SYNTHETIC DEMO DATA — NOT OFFICIAL GOVERNMENT RECORDS
REV-1934,P1934,P1934,Meera Chouhan 7,SUR-20933,KHA-50933,441.69,Mixed Use,Madhav Nagar,Vidisha,Vidisha,CURRENT,v1.0,2026-01-20T12:00:00,2026-09-10T12:00:00,SYNTHETIC DEMO DATA — NOT OFFICIAL GOVERNMENT RECORDS
REV-1935,P1935,P1935,Deepak Tiwari 7,SUR-20934,KHA-50934,488.76,Vacant Land,Raisen Link,Vidisha,Vidisha,CURRENT,v1.0,2026-01-19T12:00:00,2026-09-10T12:00:00,SYNTHETIC DEMO DATA — NOT OFFICIAL GOVERNMENT RECORDS
REV-1936,P1936,P1936,Sunita Rathore 7,SUR-20935,KHA-50935,535.38,Public/Semi-Public,Vidisha Urban,Vidisha,Vidisha,CURRENT,v1.0,2026-01-18T12:00:00,2026-09-10T12:00:00,SYNTHETIC DEMO DATA — NOT OFFICIAL GOVERNMENT RECORDS
REV-1937,P1937,P1937,Karan K Dubey 7,SUR-20936,KHA-50936,582.5,Residential,Sanchi Road,Vidisha,Vidisha,CURRENT,v1.0,2026-01-17T12:00:00,2026-09-10T12:00:00,SYNTHETIC DEMO DATA — NOT OFFICIAL GOVERNMENT RECORDS
REV-1938,P1938,P1938,Isha Kulkarni 7,SUR-20937,KHA-50937,629.64,Commercial,Betwa Nagar,Vidisha,Vidisha,CURRENT,v1.0,2026-01-16T12:00:00,2026-09-10T12:00:00,SYNTHETIC DEMO DATA — NOT OFFICIAL GOVERNMENT RECORDS
REV-1939,P1939,P1939,Mohan Solanki 7,SUR-20938,KHA-50938,676.01,Industrial,Ganj Basoda Road,Vidisha,Vidisha,CURRENT,v1.0,2026-01-15T12:00:00,2026-09-10T12:00:00,SYNTHETIC DEMO DATA — NOT OFFICIAL GOVERNMENT RECORDS
REV-1940,P1940,P1940,Rekha Bansal 7,SUR-20939,KHA-50939,723.39,Agricultural,Civil Lines Extension,Vidisha,Vidisha,CURRENT,v1.0,2026-01-14T12:00:00,2026-09-10T12:00:00,SYNTHETIC DEMO DATA — NOT OFFICIAL GOVERNMENT RECORDS
REV-1941,P1941,P1941,Rahul Sharma 8,SUR-20940,KHA-50940,770.49,Institutional,Kachhi Khedi,Vidisha,Vidisha,CURRENT,v1.0,2026-01-13T12:00:00,2026-09-10T12:00:00,SYNTHETIC DEMO DATA — NOT OFFICIAL GOVERNMENT RECORDS
REV-1942,P1942,P1942,Amit Verma 8,SUR-20941,KHA-50941,817.82,Mixed Use,Madhav Nagar,Vidisha,Vidisha,CURRENT,v1.0,2026-01-12T12:00:00,2026-09-10T12:00:00,SYNTHETIC DEMO DATA — NOT OFFICIAL GOVERNMENT RECORDS
REV-1943,P1943,P1943,Neha Patel 8,SUR-20942,KHA-50942,864.81,Vacant Land,Raisen Link,Vidisha,Vidisha,CURRENT,v1.0,2026-01-11T12:00:00,2026-09-10T12:00:00,SYNTHETIC DEMO DATA — NOT OFFICIAL GOVERNMENT RECORDS
REV-1944,P1944,P1944,Priya Singh 8,SUR-20943,KHA-50943,911.06,Public/Semi-Public,Vidisha Urban,Vidisha,Vidisha,CURRENT,v1.0,2026-01-10T12:00:00,2026-09-10T12:00:00,SYNTHETIC DEMO DATA — NOT OFFICIAL GOVERNMENT RECORDS
REV-1945,P1945,P1945,Suresh Yadav 8,SUR-20944,KHA-50944,958.8,Residential,Sanchi Road,Vidisha,Vidisha,CURRENT,v1.0,2026-01-09T12:00:00,2026-09-10T12:00:00,SYNTHETIC DEMO DATA — NOT OFFICIAL GOVERNMENT RECORDS
REV-1946,P1946,P1946,Anjali K Jain 8,SUR-20945,KHA-50945,1005.69,Commercial,Betwa Nagar,Vidisha,Vidisha,CURRENT,v1.0,2026-01-08T12:00:00,2026-09-10T12:00:00,SYNTHETIC DEMO DATA — NOT OFFICIAL GOVERNMENT RECORDS
REV-1947,P1947,P1947,Vikram Mehta 8,SUR-20946,KHA-50946,1052.31,Industrial,Ganj Basoda Road,Vidisha,Vidisha,CURRENT,v1.0,2026-01-07T12:00:00,2026-09-10T12:00:00,SYNTHETIC DEMO DATA — NOT OFFICIAL GOVERNMENT RECORDS
REV-1948,P1948,P1948,Kavita Joshi 8,SUR-20947,KHA-50947,1099.39,Agricultural,Civil Lines Extension,Vidisha,Vidisha,CURRENT,v1.0,2026-01-06T12:00:00,2026-09-10T12:00:00,SYNTHETIC DEMO DATA — NOT OFFICIAL GOVERNMENT RECORDS
REV-1949,P1949,P1949,Manoj Gupta 8,SUR-20948,KHA-50948,1146.41,Institutional,Kachhi Khedi,Vidisha,Vidisha,CURRENT,v1.0,2026-01-05T12:00:00,2026-09-10T12:00:00,SYNTHETIC DEMO DATA — NOT OFFICIAL GOVERNMENT RECORDS
REV-1950,P1950,P1950,Ritu Mishra 8,SUR-20949,KHA-50949,1193.89,Mixed Use,Madhav Nagar,Vidisha,Vidisha,CURRENT,v1.0,2026-01-04T12:00:00,2026-09-10T12:00:00,SYNTHETIC DEMO DATA — NOT OFFICIAL GOVERNMENT RECORDS
REV-1951,P1951,P1951,Arjun Malviya 8,SUR-20950,KHA-50950,1240.54,Vacant Land,Raisen Link,Vidisha,Vidisha,CURRENT,v1.0,2026-01-03T12:00:00,2026-09-10T12:00:00,SYNTHETIC DEMO DATA — NOT OFFICIAL GOVERNMENT RECORDS
REV-1952,P1952,P1952,Pooja Thakur 8,SUR-20951,KHA-50951,1287.71,Public/Semi-Public,Vidisha Urban,Vidisha,Vidisha,CURRENT,v1.0,2026-01-02T12:00:00,2026-09-10T12:00:00,SYNTHETIC DEMO DATA — NOT OFFICIAL GOVERNMENT RECORDS
REV-1953,P1953,P1953,Nitin Saxena 8,SUR-20952,KHA-50952,1334.71,Residential,Sanchi Road,Vidisha,Vidisha,CURRENT,v1.0,2026-01-01T12:00:00,2026-09-10T12:00:00,SYNTHETIC DEMO DATA — NOT OFFICIAL GOVERNMENT RECORDS
REV-1954,P1954,P1954,Meera Chouhan 8,SUR-20953,KHA-50953,1381.96,Commercial,Betwa Nagar,Vidisha,Vidisha,CURRENT,v1.0,2025-12-31T12:00:00,2026-09-10T12:00:00,SYNTHETIC DEMO DATA — NOT OFFICIAL GOVERNMENT RECORDS
REV-1955,P1955,P1955,Deepak K Tiwari 8,SUR-20954,KHA-50954,1428.01,Industrial,Ganj Basoda Road,Vidisha,Vidisha,CURRENT,v1.0,2025-12-30T12:00:00,2026-09-10T12:00:00,SYNTHETIC DEMO DATA — NOT OFFICIAL GOVERNMENT RECORDS
REV-1956,P1956,P1956,Sunita Rathore 8,SUR-20955,KHA-50955,1475.45,Agricultural,Civil Lines Extension,Vidisha,Vidisha,CURRENT,v1.0,2025-12-29T12:00:00,2026-09-10T12:00:00,SYNTHETIC DEMO DATA — NOT OFFICIAL GOVERNMENT RECORDS
REV-1957,P1957,P1957,Karan Dubey 8,SUR-20956,KHA-50956,1522.21,Institutional,Kachhi Khedi,Vidisha,Vidisha,CURRENT,v1.0,2025-12-28T12:00:00,2026-09-10T12:00:00,SYNTHETIC DEMO DATA — NOT OFFICIAL GOVERNMENT RECORDS
REV-1958,P1958,P1958,Isha Kulkarni 8,SUR-20957,KHA-50957,119.46,Mixed Use,Madhav Nagar,Vidisha,Vidisha,CURRENT,v1.0,2025-12-27T12:00:00,2026-09-10T12:00:00,SYNTHETIC DEMO DATA — NOT OFFICIAL GOVERNMENT RECORDS
REV-1959,P1959,P1959,Mohan Solanki 8,SUR-20958,KHA-50958,166.34,Vacant Land,Raisen Link,Vidisha,Vidisha,CURRENT,v1.0,2025-12-26T12:00:00,2026-09-10T12:00:00,SYNTHETIC DEMO DATA — NOT OFFICIAL GOVERNMENT RECORDS
REV-1960,P1960,P1960,Rekha Bansal 8,SUR-20959,KHA-50959,213.68,Public/Semi-Public,Vidisha Urban,Vidisha,Vidisha,CURRENT,v1.0,2025-12-25T12:00:00,2026-09-10T12:00:00,SYNTHETIC DEMO DATA — NOT OFFICIAL GOVERNMENT RECORDS
REV-1961,P1961,P1961,Rahul Sharma 9,SUR-20960,KHA-50960,260.89,Residential,Sanchi Road,Vidisha,Vidisha,CURRENT,v1.0,2025-12-24T12:00:00,2026-09-10T12:00:00,SYNTHETIC DEMO DATA — NOT OFFICIAL GOVERNMENT RECORDS
REV-1962,P1962,P1962,Amit Verma 9,SUR-20961,KHA-50961,307.47,Commercial,Betwa Nagar,Vidisha,Vidisha,CURRENT,v1.0,2025-12-23T12:00:00,2026-09-10T12:00:00,SYNTHETIC DEMO DATA — NOT OFFICIAL GOVERNMENT RECORDS
REV-1963,P1963,P1963,Neha Patel 9,SUR-20962,KHA-50962,354.3,Industrial,Ganj Basoda Road,Vidisha,Vidisha,CURRENT,v1.0,2025-12-22T12:00:00,2026-09-10T12:00:00,SYNTHETIC DEMO DATA — NOT OFFICIAL GOVERNMENT RECORDS
REV-1964,P1964,P1964,Priya K Singh 9,SUR-20963,KHA-50963,401.2,Agricultural,Civil Lines Extension,Vidisha,Vidisha,CURRENT,v1.0,2025-12-21T12:00:00,2026-09-10T12:00:00,SYNTHETIC DEMO DATA — NOT OFFICIAL GOVERNMENT RECORDS
REV-1965,P1965,P1965,Suresh Yadav 9,SUR-20964,KHA-50964,448.7,Institutional,Kachhi Khedi,Vidisha,Vidisha,CURRENT,v1.0,2025-12-20T12:00:00,2026-09-10T12:00:00,SYNTHETIC DEMO DATA — NOT OFFICIAL GOVERNMENT RECORDS
REV-1966,P1966,P1966,Anjali Jain 9,SUR-20965,KHA-50965,495.76,Mixed Use,Madhav Nagar,Vidisha,Vidisha,CURRENT,v1.0,2025-12-19T12:00:00,2026-09-10T12:00:00,SYNTHETIC DEMO DATA — NOT OFFICIAL GOVERNMENT RECORDS
REV-1967,P1967,P1967,Vikram Mehta 9,SUR-20966,KHA-50966,542.24,Vacant Land,Raisen Link,Vidisha,Vidisha,CURRENT,v1.0,2025-12-18T12:00:00,2026-09-10T12:00:00,SYNTHETIC DEMO DATA — NOT OFFICIAL GOVERNMENT RECORDS
REV-1968,P1968,P1968,Kavita Joshi 9,SUR-20967,KHA-50967,589.35,Public/Semi-Public,Vidisha Urban,Vidisha,Vidisha,CURRENT,v1.0,2025-12-17T12:00:00,2026-09-10T12:00:00,SYNTHETIC DEMO DATA — NOT OFFICIAL GOVERNMENT RECORDS
REV-1969,P1969,P1969,Manoj Gupta 9,SUR-20968,KHA-50968,636.41,Residential,Sanchi Road,Vidisha,Vidisha,CURRENT,v1.0,2025-12-16T12:00:00,2026-09-10T12:00:00,SYNTHETIC DEMO DATA — NOT OFFICIAL GOVERNMENT RECORDS
REV-1970,P1970,P1970,Ritu Mishra 9,SUR-20969,KHA-50969,683.24,Commercial,Betwa Nagar,Vidisha,Vidisha,CURRENT,v1.0,2025-12-15T12:00:00,2026-09-10T12:00:00,SYNTHETIC DEMO DATA — NOT OFFICIAL GOVERNMENT RECORDS
REV-1971,P1971,P1971,Arjun Malviya 9,SUR-20970,KHA-50970,730.49,Industrial,Ganj Basoda Road,Vidisha,Vidisha,CURRENT,v1.0,2025-12-14T12:00:00,2026-09-10T12:00:00,SYNTHETIC DEMO DATA — NOT OFFICIAL GOVERNMENT RECORDS
REV-1972,P1972,P1972,Pooja Thakur 9,SUR-20971,KHA-50971,777.07,Agricultural,Civil Lines Extension,Vidisha,Vidisha,CURRENT,v1.0,2025-12-13T12:00:00,2026-09-10T12:00:00,SYNTHETIC DEMO DATA — NOT OFFICIAL GOVERNMENT RECORDS
REV-1973,P1973,P1973,Nitin K Saxena 9,SUR-20972,KHA-50972,824.31,Institutional,Kachhi Khedi,Vidisha,Vidisha,CURRENT,v1.0,2025-12-12T12:00:00,2026-09-10T12:00:00,SYNTHETIC DEMO DATA — NOT OFFICIAL GOVERNMENT RECORDS
REV-1974,P1974,P1974,Meera Chouhan 9,SUR-20973,KHA-50973,871.54,Mixed Use,Madhav Nagar,Vidisha,Vidisha,CURRENT,v1.0,2025-12-11T12:00:00,2026-09-10T12:00:00,SYNTHETIC DEMO DATA — NOT OFFICIAL GOVERNMENT RECORDS
REV-1975,P1975,P1975,Deepak Tiwari 9,SUR-20974,KHA-50974,918.04,Vacant Land,Raisen Link,Vidisha,Vidisha,CURRENT,v1.0,2025-12-10T12:00:00,2026-09-10T12:00:00,SYNTHETIC DEMO DATA — NOT OFFICIAL GOVERNMENT RECORDS
REV-1976,P1976,P1976,Sunita Rathore 9,SUR-20975,KHA-50975,965.81,Public/Semi-Public,Vidisha Urban,Vidisha,Vidisha,CURRENT,v1.0,2025-12-09T12:00:00,2026-09-10T12:00:00,SYNTHETIC DEMO DATA — NOT OFFICIAL GOVERNMENT RECORDS
REV-1977,P1977,P1977,Karan Dubey 9,SUR-20976,KHA-50976,1012.98,Residential,Sanchi Road,Vidisha,Vidisha,CURRENT,v1.0,2025-12-08T12:00:00,2026-09-10T12:00:00,SYNTHETIC DEMO DATA — NOT OFFICIAL GOVERNMENT RECORDS
REV-1978,P1978,P1978,Isha Kulkarni 9,SUR-20977,KHA-50977,1059.15,Commercial,Betwa Nagar,Vidisha,Vidisha,CURRENT,v1.0,2025-12-07T12:00:00,2026-09-10T12:00:00,SYNTHETIC DEMO DATA — NOT OFFICIAL GOVERNMENT RECORDS
REV-1979,P1979,P1979,Mohan Solanki 9,SUR-20978,KHA-50978,1106.15,Industrial,Ganj Basoda Road,Vidisha,Vidisha,CURRENT,v1.0,2025-12-06T12:00:00,2026-09-10T12:00:00,SYNTHETIC DEMO DATA — NOT OFFICIAL GOVERNMENT RECORDS
REV-1980,P1980,P1980,Rekha Bansal 9,SUR-20979,KHA-50979,1153.15,Agricultural,Civil Lines Extension,Vidisha,Vidisha,CURRENT,v1.0,2025-12-05T12:00:00,2026-09-10T12:00:00,SYNTHETIC DEMO DATA — NOT OFFICIAL GOVERNMENT RECORDS
REV-1981,P1981,P1981,Rahul Sharma 10,SUR-20980,KHA-50980,1200.63,Institutional,Kachhi Khedi,Vidisha,Vidisha,CURRENT,v1.0,2025-12-04T12:00:00,2026-09-10T12:00:00,SYNTHETIC DEMO DATA — NOT OFFICIAL GOVERNMENT RECORDS
REV-1982,P1982,P1982,Amit K Verma 10,SUR-20981,KHA-50981,1247.57,Mixed Use,Madhav Nagar,Vidisha,Vidisha,CURRENT,v1.0,2025-12-03T12:00:00,2026-09-10T12:00:00,SYNTHETIC DEMO DATA — NOT OFFICIAL GOVERNMENT RECORDS
REV-1983,P1983,P1983,Neha Patel 10,SUR-20982,KHA-50982,1294.67,Vacant Land,Raisen Link,Vidisha,Vidisha,CURRENT,v1.0,2025-12-02T12:00:00,2026-09-10T12:00:00,SYNTHETIC DEMO DATA — NOT OFFICIAL GOVERNMENT RECORDS
REV-1984,P1984,P1984,Priya Singh 10,SUR-20983,KHA-50983,1341.61,Public/Semi-Public,Vidisha Urban,Vidisha,Vidisha,CURRENT,v1.0,2025-12-01T12:00:00,2026-09-10T12:00:00,SYNTHETIC DEMO DATA — NOT OFFICIAL GOVERNMENT RECORDS
REV-1985,P1985,P1985,Suresh Yadav 10,SUR-20984,KHA-50984,1388.39,Residential,Sanchi Road,Vidisha,Vidisha,CURRENT,v1.0,2025-11-30T12:00:00,2026-09-10T12:00:00,SYNTHETIC DEMO DATA — NOT OFFICIAL GOVERNMENT RECORDS
REV-1986,P1986,P1986,Anjali Jain 10,SUR-20985,KHA-50985,1435.72,Commercial,Betwa Nagar,Vidisha,Vidisha,CURRENT,v1.0,2025-11-29T12:00:00,2026-09-10T12:00:00,SYNTHETIC DEMO DATA — NOT OFFICIAL GOVERNMENT RECORDS
REV-1987,P1987,P1987,Vikram Mehta 10,SUR-20986,KHA-50986,1482.21,Industrial,Ganj Basoda Road,Vidisha,Vidisha,CURRENT,v1.0,2025-11-28T12:00:00,2026-09-10T12:00:00,SYNTHETIC DEMO DATA — NOT OFFICIAL GOVERNMENT RECORDS
REV-1988,P1988,P1988,Kavita Joshi 10,SUR-20987,KHA-50987,1529.65,Agricultural,Civil Lines Extension,Vidisha,Vidisha,CURRENT,v1.0,2025-11-27T12:00:00,2026-09-10T12:00:00,SYNTHETIC DEMO DATA — NOT OFFICIAL GOVERNMENT RECORDS
REV-1989,P1989,P1989,Manoj Gupta 10,SUR-20988,KHA-50988,126.74,Institutional,Kachhi Khedi,Vidisha,Vidisha,CURRENT,v1.0,2025-11-26T12:00:00,2026-09-10T12:00:00,SYNTHETIC DEMO DATA — NOT OFFICIAL GOVERNMENT RECORDS
REV-1990,P1990,P1990,Ritu Mishra 10,SUR-20989,KHA-50989,173.08,Mixed Use,Madhav Nagar,Vidisha,Vidisha,CURRENT,v1.0,2025-11-25T12:00:00,2026-09-10T12:00:00,SYNTHETIC DEMO DATA — NOT OFFICIAL GOVERNMENT RECORDS
REV-1991,P1991,P1991,Arjun K Malviya 10,SUR-20990,KHA-50990,220.35,Vacant Land,Raisen Link,Vidisha,Vidisha,CURRENT,v1.0,2025-11-24T12:00:00,2026-09-10T12:00:00,SYNTHETIC DEMO DATA — NOT OFFICIAL GOVERNMENT RECORDS
REV-1992,P1992,P1992,Pooja Thakur 10,SUR-20991,KHA-50991,267.31,Public/Semi-Public,Vidisha Urban,Vidisha,Vidisha,CURRENT,v1.0,2025-11-23T12:00:00,2026-09-10T12:00:00,SYNTHETIC DEMO DATA — NOT OFFICIAL GOVERNMENT RECORDS
REV-1993,P1993,P1993,Nitin Saxena 10,SUR-20992,KHA-50992,314.78,Residential,Sanchi Road,Vidisha,Vidisha,CURRENT,v1.0,2025-11-22T12:00:00,2026-09-10T12:00:00,SYNTHETIC DEMO DATA — NOT OFFICIAL GOVERNMENT RECORDS
REV-1994,P1994,P1994,Meera Chouhan 10,SUR-20993,KHA-50993,361.79,Commercial,Betwa Nagar,Vidisha,Vidisha,CURRENT,v1.0,2025-11-21T12:00:00,2026-09-10T12:00:00,SYNTHETIC DEMO DATA — NOT OFFICIAL GOVERNMENT RECORDS
REV-1995,P1995,P1995,Deepak Tiwari 10,SUR-20994,KHA-50994,408.28,Industrial,Ganj Basoda Road,Vidisha,Vidisha,CURRENT,v1.0,2025-11-20T12:00:00,2026-09-10T12:00:00,SYNTHETIC DEMO DATA — NOT OFFICIAL GOVERNMENT RECORDS
REV-1996,P1996,P1996,Sunita Rathore 10,SUR-20995,KHA-50995,455.19,Agricultural,Civil Lines Extension,Vidisha,Vidisha,CURRENT,v1.0,2025-11-19T12:00:00,2026-09-10T12:00:00,SYNTHETIC DEMO DATA — NOT OFFICIAL GOVERNMENT RECORDS
REV-1997,P1997,P1997,Karan Dubey 10,SUR-20996,KHA-50996,502.04,Institutional,Kachhi Khedi,Vidisha,Vidisha,CURRENT,v1.0,2025-11-18T12:00:00,2026-09-10T12:00:00,SYNTHETIC DEMO DATA — NOT OFFICIAL GOVERNMENT RECORDS
REV-1998,P1998,P1998,Isha Kulkarni 10,SUR-20997,KHA-50997,549.07,Mixed Use,Madhav Nagar,Vidisha,Vidisha,CURRENT,v1.0,2025-11-17T12:00:00,2026-09-10T12:00:00,SYNTHETIC DEMO DATA — NOT OFFICIAL GOVERNMENT RECORDS
REV-1999,P1999,P1999,Mohan Solanki 10,SUR-20998,KHA-50998,596.17,Vacant Land,Raisen Link,Vidisha,Vidisha,CURRENT,v1.0,2025-11-16T12:00:00,2026-09-10T12:00:00,SYNTHETIC DEMO DATA — NOT OFFICIAL GOVERNMENT RECORDS
REV-2000,P2000,P2000,Rekha K Bansal 10,SUR-20999,KHA-50999,643.8,Public/Semi-Public,Vidisha Urban,Vidisha,Vidisha,CURRENT,v1.0,2025-11-15T12:00:00,2026-09-10T12:00:00,SYNTHETIC DEMO DATA — NOT OFFICIAL GOVERNMENT RECORDS
