observation_id,property_id,parcel_id,image_date,provider,cloud_cover,land_cover,built_up_percentage,vegetation_percentage,water_percentage,change_detected,change_confidence,analysis_status,analysis_summary,data_type
SAT-1001,P1001,P1001,2026-08-15,Synthetic imagery simulator,0,Built-up / Open,35,57,8.0,true,0.75,SYNTHETIC_ANALYSIS,Synthetic observation only; no real imagery or legal conclusion.,SYNTHETIC DEMO DATA — NOT OFFICIAL GOVERNMENT RECORDS
SAT-1002,P1002,P1002,2026-08-15,Synthetic imagery simulator,3,Built-up / Open,48,44,8.0,false,0.76,SYNTHETIC_ANALYSIS,Synthetic observation only; no real imagery or legal conclusion.,SYNTHETIC DEMO DATA — NOT OFFICIAL GOVERNMENT RECORDS
SAT-1003,P1003,P1003,2026-08-15,Synthetic imagery simulator,6,Built-up / Open,61,31,8.0,false,0.77,SYNTHETIC_ANALYSIS,Synthetic observation only; no real imagery or legal conclusion.,SYNTHETIC DEMO DATA — NOT OFFICIAL GOVERNMENT RECORDS
SAT-1004,P1004,P1004,2026-08-15,Synthetic imagery simulator,9,Built-up / Open,74,18,8.0,false,0.78,SYNTHETIC_ANALYSIS,Synthetic observation only; no real imagery or legal conclusion.,SYNTHETIC DEMO DATA — NOT OFFICIAL GOVERNMENT RECORDS
SAT-1005,P1005,P1005,2026-08-15,Synthetic imagery simulator,12,Built-up / Open,87,5,8.0,false,0.79,SYNTHETIC_ANALYSIS,Synthetic observation only; no real imagery or legal conclusion.,SYNTHETIC DEMO DATA — NOT OFFICIAL GOVERNMENT RECORDS
SAT-1006,P1006,P1006,2026-08-15,Synthetic imagery simulator,15,Built-up / Open,45,47,8.0,false,0.8,SYNTHETIC_ANALYSIS,Synthetic observation only; no real imagery or legal conclusion.,SYNTHETIC DEMO DATA — NOT OFFICIAL GOVERNMENT RECORDS
SAT-1007,P1007,P1007,2026-08-15,Synthetic imagery simulator,18,Built-up / Open,58,34,8.0,true,0.81,SYNTHETIC_ANALYSIS,Synthetic observation only; no real imagery or legal conclusion.,SYNTHETIC DEMO DATA — NOT OFFICIAL GOVERNMENT RECORDS
SAT-1008,P1008,P1008,2026-08-15,Synthetic imagery simulator,21,Built-up / Open,71,21,8.0,false,0.82,SYNTHETIC_ANALYSIS,Synthetic observation only; no real imagery or legal conclusion.,SYNTHETIC DEMO DATA — NOT OFFICIAL GOVERNMENT RECORDS
SAT-1009,P1009,P1009,2026-08-15,Synthetic imagery simulator,24,Built-up / Open,84,8,8.0,false,0.83,SYNTHETIC_ANALYSIS,Synthetic observation only; no real imagery or legal conclusion.,SYNTHETIC DEMO DATA — NOT OFFICIAL GOVERNMENT RECORDS
SAT-1010,P1010,P1010,2026-08-15,Synthetic imagery simulator,27,Built-up / Open,42,50,8.0,false,0.84,SYNTHETIC_ANALYSIS,Synthetic observation only; no real imagery or legal conclusion.,SYNTHETIC DEMO DATA — NOT OFFICIAL GOVERNMENT RECORDS
SAT-1011,P1011,P1011,2026-08-15,Synthetic imagery simulator,30,Built-up / Open,55,37,8.0,false,0.85,SYNTHETIC_ANALYSIS,Synthetic observation only; no real imagery or legal conclusion.,SYNTHETIC DEMO DATA — NOT OFFICIAL GOVERNMENT RECORDS
SAT-1012,P1012,P1012,2026-08-15,Synthetic imagery simulator,33,Built-up / Open,68,24,8.0,false,0.86,SYNTHETIC_ANALYSIS,Synthetic observation only; no real imagery or legal conclusion.,SYNTHETIC DEMO DATA — NOT OFFICIAL GOVERNMENT RECORDS
SAT-1013,P1013,P1013,2026-08-15,Synthetic imagery simulator,1,Built-up / Open,81,11,8.0,true,0.87,SYNTHETIC_ANALYSIS,Synthetic observation only; no real imagery or legal conclusion.,SYNTHETIC DEMO DATA — NOT OFFICIAL GOVERNMENT RECORDS
SAT-1014,P1014,P1014,2026-08-15,Synthetic imagery simulator,4,Built-up / Open,39,53,8.0,false,0.88,SYNTHETIC_ANALYSIS,Synthetic observation only; no real imagery or legal conclusion.,SYNTHETIC DEMO DATA — NOT OFFICIAL GOVERNMENT RECORDS
SAT-1015,P1015,P1015,2026-08-15,Synthetic imagery simulator,7,Built-up / Open,52,40,8.0,false,0.89,SYNTHETIC_ANALYSIS,Synthetic observation only; no real imagery or legal conclusion.,SYNTHETIC DEMO DATA — NOT OFFICIAL GOVERNMENT RECORDS
SAT-1016,P1016,P1016,2026-08-15,Synthetic imagery simulator,10,Built-up / Open,65,27,8.0,false,0.9,SYNTHETIC_ANALYSIS,Synthetic observation only; no real imagery or legal conclusion.,SYNTHETIC DEMO DATA — NOT OFFICIAL GOVERNMENT RECORDS
SAT-1017,P1017,P1017,2026-08-15,Synthetic imagery simulator,13,Built-up / Open,78,14,8.0,false,0.91,SYNTHETIC_ANALYSIS,Synthetic observation only; no real imagery or legal conclusion.,SYNTHETIC DEMO DATA — NOT OFFICIAL GOVERNMENT RECORDS
SAT-1018,P1018,P1018,2026-08-15,Synthetic imagery simulator,16,Built-up / Open,36,56,8.0,false,0.92,SYNTHETIC_ANALYSIS,Synthetic observation only; no real imagery or legal conclusion.,SYNTHETIC DEMO DATA — NOT OFFICIAL GOVERNMENT RECORDS
SAT-1019,P1019,P1019,2026-08-15,Synthetic imagery simulator,19,Built-up / Open,49,43,8.0,true,0.93,SYNTHETIC_ANALYSIS,Synthetic observation only; no real imagery or legal conclusion.,SYNTHETIC DEMO DATA — NOT OFFICIAL GOVERNMENT RECORDS
SAT-1020,P1020,P1020,2026-08-15,Synthetic imagery simulator,22,Built-up / Open,62,30,8.0,false,0.94,SYNTHETIC_ANALYSIS,Synthetic observation only; no real imagery or legal conclusion.,SYNTHETIC DEMO DATA — NOT OFFICIAL GOVERNMENT RECORDS
SAT-1021,P1021,P1021,2026-08-15,Synthetic imagery simulator,25,Built-up / Open,75,17,8.0,false,0.75,SYNTHETIC_ANALYSIS,Synthetic observation only; no real imagery or legal conclusion.,SYNTHETIC DEMO DATA — NOT OFFICIAL GOVERNMENT RECORDS
SAT-1022,P1022,P1022,2026-08-15,Synthetic imagery simulator,28,Built-up / Open,88,4,8.0,false,0.76,SYNTHETIC_ANALYSIS,Synthetic observation only; no real imagery or legal conclusion.,SYNTHETIC DEMO DATA — NOT OFFICIAL GOVERNMENT RECORDS
SAT-1023,P1023,P1023,2026-08-15,Synthetic imagery simulator,31,Built-up / Open,46,46,8.0,false,0.77,SYNTHETIC_ANALYSIS,Synthetic observation only; no real imagery or legal conclusion.,SYNTHETIC DEMO DATA — NOT OFFICIAL GOVERNMENT RECORDS
SAT-1024,P1024,P1024,2026-08-15,Synthetic imagery simulator,34,Built-up / Open,59,33,8.0,false,0.78,SYNTHETIC_ANALYSIS,Synthetic observation only; no real imagery or legal conclusion.,SYNTHETIC DEMO DATA — NOT OFFICIAL GOVERNMENT RECORDS
SAT-1025,P1025,P1025,2026-08-15,Synthetic imagery simulator,2,Built-up / Open,72,20,8.0,true,0.79,SYNTHETIC_ANALYSIS,Synthetic observation only; no real imagery or legal conclusion.,SYNTHETIC DEMO DATA — NOT OFFICIAL GOVERNMENT RECORDS
SAT-1026,P1026,P1026,2026-08-15,Synthetic imagery simulator,5,Built-up / Open,85,7,8.0,false,0.8,SYNTHETIC_ANALYSIS,Synthetic observation only; no real imagery or legal conclusion.,SYNTHETIC DEMO DATA — NOT OFFICIAL GOVERNMENT RECORDS
SAT-1027,P1027,P1027,2026-08-15,Synthetic imagery simulator,8,Built-up / Open,43,49,8.0,false,0.81,SYNTHETIC_ANALYSIS,Synthetic observation only; no real imagery or legal conclusion.,SYNTHETIC DEMO DATA — NOT OFFICIAL GOVERNMENT RECORDS
SAT-1028,P1028,P1028,2026-08-15,Synthetic imagery simulator,11,Built-up / Open,56,36,8.0,false,0.82,SYNTHETIC_ANALYSIS,Synthetic observation only; no real imagery or legal conclusion.,SYNTHETIC DEMO DATA — NOT OFFICIAL GOVERNMENT RECORDS
SAT-1029,P1029,P1029,2026-08-15,Synthetic imagery simulator,14,Built-up / Open,69,23,8.0,false,0.83,SYNTHETIC_ANALYSIS,Synthetic observation only; no real imagery or legal conclusion.,SYNTHETIC DEMO DATA — NOT OFFICIAL GOVERNMENT RECORDS
SAT-1030,P1030,P1030,2026-08-15,Synthetic imagery simulator,17,Built-up / Open,82,10,8.0,false,0.84,SYNTHETIC_ANALYSIS,Synthetic observation only; no real imagery or legal conclusion.,SYNTHETIC DEMO DATA — NOT OFFICIAL GOVERNMENT RECORDS
SAT-1031,P1031,P1031,2026-08-15,Synthetic imagery simulator,20,Built-up / Open,40,52,8.0,true,0.85,SYNTHETIC_ANALYSIS,Synthetic observation only; no real imagery or legal conclusion.,SYNTHETIC DEMO DATA — NOT OFFICIAL GOVERNMENT RECORDS
SAT-1032,P1032,P1032,2026-08-15,Synthetic imagery simulator,23,Built-up / Open,53,39,8.0,false,0.86,SYNTHETIC_ANALYSIS,Synthetic observation only; no real imagery or legal conclusion.,SYNTHETIC DEMO DATA — NOT OFFICIAL GOVERNMENT RECORDS
SAT-1033,P1033,P1033,2026-08-15,Synthetic imagery simulator,26,Built-up / Open,66,26,8.0,false,0.87,SYNTHETIC_ANALYSIS,Synthetic observation only; no real imagery or legal conclusion.,SYNTHETIC DEMO DATA — NOT OFFICIAL GOVERNMENT RECORDS
SAT-1034,P1034,P1034,2026-08-15,Synthetic imagery simulator,29,Built-up / Open,79,13,8.0,false,0.88,SYNTHETIC_ANALYSIS,Synthetic observation only; no real imagery or legal conclusion.,SYNTHETIC DEMO DATA — NOT OFFICIAL GOVERNMENT RECORDS
SAT-1035,P1035,P1035,2026-08-15,Synthetic imagery simulator,32,Built-up / Open,37,55,8.0,false,0.89,SYNTHETIC_ANALYSIS,Synthetic observation only; no real imagery or legal conclusion.,SYNTHETIC DEMO DATA — NOT OFFICIAL GOVERNMENT RECORDS
SAT-1036,P1036,P1036,2026-08-15,Synthetic imagery simulator,0,Built-up / Open,50,42,8.0,false,0.9,SYNTHETIC_ANALYSIS,Synthetic observation only; no real imagery or legal conclusion.,SYNTHETIC DEMO DATA — NOT OFFICIAL GOVERNMENT RECORDS
SAT-1037,P1037,P1037,2026-08-15,Synthetic imagery simulator,3,Built-up / Open,63,29,8.0,true,0.91,SYNTHETIC_ANALYSIS,Synthetic observation only; no real imagery or legal conclusion.,SYNTHETIC DEMO DATA — NOT OFFICIAL GOVERNMENT RECORDS
SAT-1038,P1038,P1038,2026-08-15,Synthetic imagery simulator,6,Built-up / Open,76,16,8.0,false,0.92,SYNTHETIC_ANALYSIS,Synthetic observation only; no real imagery or legal conclusion.,SYNTHETIC DEMO DATA — NOT OFFICIAL GOVERNMENT RECORDS
SAT-1039,P1039,P1039,2026-08-15,Synthetic imagery simulator,9,Built-up / Open,89,3,8.0,false,0.93,SYNTHETIC_ANALYSIS,Synthetic observation only; no real imagery or legal conclusion.,SYNTHETIC DEMO DATA — NOT OFFICIAL GOVERNMENT RECORDS
SAT-1040,P1040,P1040,2026-08-15,Synthetic imagery simulator,12,Built-up / Open,47,45,8.0,false,0.94,SYNTHETIC_ANALYSIS,Synthetic observation only; no real imagery or legal conclusion.,SYNTHETIC DEMO DATA — NOT OFFICIAL GOVERNMENT RECORDS
SAT-1041,P1041,P1041,2026-08-15,Synthetic imagery simulator,15,Built-up / Open,60,32,8.0,false,0.75,SYNTHETIC_ANALYSIS,Synthetic observation only; no real imagery or legal conclusion.,SYNTHETIC DEMO DATA — NOT OFFICIAL GOVERNMENT RECORDS
SAT-1042,P1042,P1042,2026-08-15,Synthetic imagery simulator,18,Built-up / Open,73,19,8.0,false,0.76,SYNTHETIC_ANALYSIS,Synthetic observation only; no real imagery or legal conclusion.,SYNTHETIC DEMO DATA — NOT OFFICIAL GOVERNMENT RECORDS
SAT-1043,P1043,P1043,2026-08-15,Synthetic imagery simulator,21,Built-up / Open,86,6,8.0,true,0.77,SYNTHETIC_ANALYSIS,Synthetic observation only; no real imagery or legal conclusion.,SYNTHETIC DEMO DATA — NOT OFFICIAL GOVERNMENT RECORDS
SAT-1044,P1044,P1044,2026-08-15,Synthetic imagery simulator,24,Built-up / Open,44,48,8.0,false,0.78,SYNTHETIC_ANALYSIS,Synthetic observation only; no real imagery or legal conclusion.,SYNTHETIC DEMO DATA — NOT OFFICIAL GOVERNMENT RECORDS
SAT-1045,P1045,P1045,2026-08-15,Synthetic imagery simulator,27,Built-up / Open,57,35,8.0,false,0.79,SYNTHETIC_ANALYSIS,Synthetic observation only; no real imagery or legal conclusion.,SYNTHETIC DEMO DATA — NOT OFFICIAL GOVERNMENT RECORDS
SAT-1046,P1046,P1046,2026-08-15,Synthetic imagery simulator,30,Built-up / Open,70,22,8.0,false,0.8,SYNTHETIC_ANALYSIS,Synthetic observation only; no real imagery or legal conclusion.,SYNTHETIC DEMO DATA — NOT OFFICIAL GOVERNMENT RECORDS
SAT-1047,P1047,P1047,2026-08-15,Synthetic imagery simulator,33,Built-up / Open,83,9,8.0,false,0.81,SYNTHETIC_ANALYSIS,Synthetic observation only; no real imagery or legal conclusion.,SYNTHETIC DEMO DATA — NOT OFFICIAL GOVERNMENT RECORDS
SAT-1048,P1048,P1048,2026-08-15,Synthetic imagery simulator,1,Built-up / Open,41,51,8.0,false,0.82,SYNTHETIC_ANALYSIS,Synthetic observation only; no real imagery or legal conclusion.,SYNTHETIC DEMO DATA — NOT OFFICIAL GOVERNMENT RECORDS
SAT-1049,P1049,P1049,2026-08-15,Synthetic imagery simulator,4,Built-up / Open,54,38,8.0,true,0.83,SYNTHETIC_ANALYSIS,Synthetic observation only; no real imagery or legal conclusion.,SYNTHETIC DEMO DATA — NOT OFFICIAL GOVERNMENT RECORDS
SAT-1050,P1050,P1050,2026-08-15,Synthetic imagery simulator,7,Built-up / Open,67,25,8.0,false,0.84,SYNTHETIC_ANALYSIS,Synthetic observation only; no real imagery or legal conclusion.,SYNTHETIC DEMO DATA — NOT OFFICIAL GOVERNMENT RECORDS
SAT-1051,P1051,P1051,2026-08-15,Synthetic imagery simulator,10,Built-up / Open,80,12,8.0,false,0.85,SYNTHETIC_ANALYSIS,Synthetic observation only; no real imagery or legal conclusion.,SYNTHETIC DEMO DATA — NOT OFFICIAL GOVERNMENT RECORDS
SAT-1052,P1052,P1052,2026-08-15,Synthetic imagery simulator,13,Built-up / Open,38,54,8.0,false,0.86,SYNTHETIC_ANALYSIS,Synthetic observation only; no real imagery or legal conclusion.,SYNTHETIC DEMO DATA — NOT OFFICIAL GOVERNMENT RECORDS
SAT-1053,P1053,P1053,2026-08-15,Synthetic imagery simulator,16,Built-up / Open,51,41,8.0,false,0.87,SYNTHETIC_ANALYSIS,Synthetic observation only; no real imagery or legal conclusion.,SYNTHETIC DEMO DATA — NOT OFFICIAL GOVERNMENT RECORDS
SAT-1054,P1054,P1054,2026-08-15,Synthetic imagery simulator,19,Built-up / Open,64,28,8.0,false,0.88,SYNTHETIC_ANALYSIS,Synthetic observation only; no real imagery or legal conclusion.,SYNTHETIC DEMO DATA — NOT OFFICIAL GOVERNMENT RECORDS
SAT-1055,P1055,P1055,2026-08-15,Synthetic imagery simulator,22,Built-up / Open,77,15,8.0,true,0.89,SYNTHETIC_ANALYSIS,Synthetic observation only; no real imagery or legal conclusion.,SYNTHETIC DEMO DATA — NOT OFFICIAL GOVERNMENT RECORDS
SAT-1056,P1056,P1056,2026-08-15,Synthetic imagery simulator,25,Built-up / Open,35,57,8.0,false,0.9,SYNTHETIC_ANALYSIS,Synthetic observation only; no real imagery or legal conclusion.,SYNTHETIC DEMO DATA — NOT OFFICIAL GOVERNMENT RECORDS
SAT-1057,P1057,P1057,2026-08-15,Synthetic imagery simulator,28,Built-up / Open,48,44,8.0,false,0.91,SYNTHETIC_ANALYSIS,Synthetic observation only; no real imagery or legal conclusion.,SYNTHETIC DEMO DATA — NOT OFFICIAL GOVERNMENT RECORDS
SAT-1058,P1058,P1058,2026-08-15,Synthetic imagery simulator,31,Built-up / Open,61,31,8.0,false,0.92,SYNTHETIC_ANALYSIS,Synthetic observation only; no real imagery or legal conclusion.,SYNTHETIC DEMO DATA — NOT OFFICIAL GOVERNMENT RECORDS
SAT-1059,P1059,P1059,2026-08-15,Synthetic imagery simulator,34,Built-up / Open,74,18,8.0,false,0.93,SYNTHETIC_ANALYSIS,Synthetic observation only; no real imagery or legal conclusion.,SYNTHETIC DEMO DATA — NOT OFFICIAL GOVERNMENT RECORDS
SAT-1060,P1060,P1060,2026-08-15,Synthetic imagery simulator,2,Built-up / Open,87,5,8.0,false,0.94,SYNTHETIC_ANALYSIS,Synthetic observation only; no real imagery or legal conclusion.,SYNTHETIC DEMO DATA — NOT OFFICIAL GOVERNMENT RECORDS
SAT-1061,P1061,P1061,2026-08-15,Synthetic imagery simulator,5,Built-up / Open,45,47,8.0,true,0.75,SYNTHETIC_ANALYSIS,Synthetic observation only; no real imagery or legal conclusion.,SYNTHETIC DEMO DATA — NOT OFFICIAL GOVERNMENT RECORDS
SAT-1062,P1062,P1062,2026-08-15,Synthetic imagery simulator,8,Built-up / Open,58,34,8.0,false,0.76,SYNTHETIC_ANALYSIS,Synthetic observation only; no real imagery or legal conclusion.,SYNTHETIC DEMO DATA — NOT OFFICIAL GOVERNMENT RECORDS
SAT-1063,P1063,P1063,2026-08-15,Synthetic imagery simulator,11,Built-up / Open,71,21,8.0,false,0.77,SYNTHETIC_ANALYSIS,Synthetic observation only; no real imagery or legal conclusion.,SYNTHETIC DEMO DATA — NOT OFFICIAL GOVERNMENT RECORDS
SAT-1064,P1064,P1064,2026-08-15,Synthetic imagery simulator,14,Built-up / Open,84,8,8.0,false,0.78,SYNTHETIC_ANALYSIS,Synthetic observation only; no real imagery or legal conclusion.,SYNTHETIC DEMO DATA — NOT OFFICIAL GOVERNMENT RECORDS
SAT-1065,P1065,P1065,2026-08-15,Synthetic imagery simulator,17,Built-up / Open,42,50,8.0,false,0.79,SYNTHETIC_ANALYSIS,Synthetic observation only; no real imagery or legal conclusion.,SYNTHETIC DEMO DATA — NOT OFFICIAL GOVERNMENT RECORDS
SAT-1066,P1066,P1066,2026-08-15,Synthetic imagery simulator,20,Built-up / Open,55,37,8.0,false,0.8,SYNTHETIC_ANALYSIS,Synthetic observation only; no real imagery or legal conclusion.,SYNTHETIC DEMO DATA — NOT OFFICIAL GOVERNMENT RECORDS
SAT-1067,P1067,P1067,2026-08-15,Synthetic imagery simulator,23,Built-up / Open,68,24,8.0,true,0.81,SYNTHETIC_ANALYSIS,Synthetic observation only; no real imagery or legal conclusion.,SYNTHETIC DEMO DATA — NOT OFFICIAL GOVERNMENT RECORDS
SAT-1068,P1068,P1068,2026-08-15,Synthetic imagery simulator,26,Built-up / Open,81,11,8.0,false,0.82,SYNTHETIC_ANALYSIS,Synthetic observation only; no real imagery or legal conclusion.,SYNTHETIC DEMO DATA — NOT OFFICIAL GOVERNMENT RECORDS
SAT-1069,P1069,P1069,2026-08-15,Synthetic imagery simulator,29,Built-up / Open,39,53,8.0,false,0.83,SYNTHETIC_ANALYSIS,Synthetic observation only; no real imagery or legal conclusion.,SYNTHETIC DEMO DATA — NOT OFFICIAL GOVERNMENT RECORDS
SAT-1070,P1070,P1070,2026-08-15,Synthetic imagery simulator,32,Built-up / Open,52,40,8.0,false,0.84,SYNTHETIC_ANALYSIS,Synthetic observation only; no real imagery or legal conclusion.,SYNTHETIC DEMO DATA — NOT OFFICIAL GOVERNMENT RECORDS
SAT-1071,P1071,P1071,2026-08-15,Synthetic imagery simulator,0,Built-up / Open,65,27,8.0,false,0.85,SYNTHETIC_ANALYSIS,Synthetic observation only; no real imagery or legal conclusion.,SYNTHETIC DEMO DATA — NOT OFFICIAL GOVERNMENT RECORDS
SAT-1072,P1072,P1072,2026-08-15,Synthetic imagery simulator,3,Built-up / Open,78,14,8.0,false,0.86,SYNTHETIC_ANALYSIS,Synthetic observation only; no real imagery or legal conclusion.,SYNTHETIC DEMO DATA — NOT OFFICIAL GOVERNMENT RECORDS
SAT-1073,P1073,P1073,2026-08-15,Synthetic imagery simulator,6,Built-up / Open,36,56,8.0,true,0.87,SYNTHETIC_ANALYSIS,Synthetic observation only; no real imagery or legal conclusion.,SYNTHETIC DEMO DATA — NOT OFFICIAL GOVERNMENT RECORDS
SAT-1074,P1074,P1074,2026-08-15,Synthetic imagery simulator,9,Built-up / Open,49,43,8.0,false,0.88,SYNTHETIC_ANALYSIS,Synthetic observation only; no real imagery or legal conclusion.,SYNTHETIC DEMO DATA — NOT OFFICIAL GOVERNMENT RECORDS
SAT-1075,P1075,P1075,2026-08-15,Synthetic imagery simulator,12,Built-up / Open,62,30,8.0,false,0.89,SYNTHETIC_ANALYSIS,Synthetic observation only; no real imagery or legal conclusion.,SYNTHETIC DEMO DATA — NOT OFFICIAL GOVERNMENT RECORDS
SAT-1076,P1076,P1076,2026-08-15,Synthetic imagery simulator,15,Built-up / Open,75,17,8.0,false,0.9,SYNTHETIC_ANALYSIS,Synthetic observation only; no real imagery or legal conclusion.,SYNTHETIC DEMO DATA — NOT OFFICIAL GOVERNMENT RECORDS
SAT-1077,P1077,P1077,2026-08-15,Synthetic imagery simulator,18,Built-up / Open,88,4,8.0,false,0.91,SYNTHETIC_ANALYSIS,Synthetic observation only; no real imagery or legal conclusion.,SYNTHETIC DEMO DATA — NOT OFFICIAL GOVERNMENT RECORDS
SAT-1078,P1078,P1078,2026-08-15,Synthetic imagery simulator,21,Built-up / Open,46,46,8.0,false,0.92,SYNTHETIC_ANALYSIS,Synthetic observation only; no real imagery or legal conclusion.,SYNTHETIC DEMO DATA — NOT OFFICIAL GOVERNMENT RECORDS
SAT-1079,P1079,P1079,2026-08-15,Synthetic imagery simulator,24,Built-up / Open,59,33,8.0,true,0.93,SYNTHETIC_ANALYSIS,Synthetic observation only; no real imagery or legal conclusion.,SYNTHETIC DEMO DATA — NOT OFFICIAL GOVERNMENT RECORDS
SAT-1080,P1080,P1080,2026-08-15,Synthetic imagery simulator,27,Built-up / Open,72,20,8.0,false,0.94,SYNTHETIC_ANALYSIS,Synthetic observation only; no real imagery or legal conclusion.,SYNTHETIC DEMO DATA — NOT OFFICIAL GOVERNMENT RECORDS
SAT-1081,P1081,P1081,2026-08-15,Synthetic imagery simulator,30,Built-up / Open,85,7,8.0,false,0.75,SYNTHETIC_ANALYSIS,Synthetic observation only; no real imagery or legal conclusion.,SYNTHETIC DEMO DATA — NOT OFFICIAL GOVERNMENT RECORDS
SAT-1082,P1082,P1082,2026-08-15,Synthetic imagery simulator,33,Built-up / Open,43,49,8.0,false,0.76,SYNTHETIC_ANALYSIS,Synthetic observation only; no real imagery or legal conclusion.,SYNTHETIC DEMO DATA — NOT OFFICIAL GOVERNMENT RECORDS
SAT-1083,P1083,P1083,2026-08-15,Synthetic imagery simulator,1,Built-up / Open,56,36,8.0,false,0.77,SYNTHETIC_ANALYSIS,Synthetic observation only; no real imagery or legal conclusion.,SYNTHETIC DEMO DATA — NOT OFFICIAL GOVERNMENT RECORDS
SAT-1084,P1084,P1084,2026-08-15,Synthetic imagery simulator,4,Built-up / Open,69,23,8.0,false,0.78,SYNTHETIC_ANALYSIS,Synthetic observation only; no real imagery or legal conclusion.,SYNTHETIC DEMO DATA — NOT OFFICIAL GOVERNMENT RECORDS
SAT-1085,P1085,P1085,2026-08-15,Synthetic imagery simulator,7,Built-up / Open,82,10,8.0,true,0.79,SYNTHETIC_ANALYSIS,Synthetic observation only; no real imagery or legal conclusion.,SYNTHETIC DEMO DATA — NOT OFFICIAL GOVERNMENT RECORDS
SAT-1086,P1086,P1086,2026-08-15,Synthetic imagery simulator,10,Built-up / Open,40,52,8.0,false,0.8,SYNTHETIC_ANALYSIS,Synthetic observation only; no real imagery or legal conclusion.,SYNTHETIC DEMO DATA — NOT OFFICIAL GOVERNMENT RECORDS
SAT-1087,P1087,P1087,2026-08-15,Synthetic imagery simulator,13,Built-up / Open,53,39,8.0,false,0.81,SYNTHETIC_ANALYSIS,Synthetic observation only; no real imagery or legal conclusion.,SYNTHETIC DEMO DATA — NOT OFFICIAL GOVERNMENT RECORDS
SAT-1088,P1088,P1088,2026-08-15,Synthetic imagery simulator,16,Built-up / Open,66,26,8.0,false,0.82,SYNTHETIC_ANALYSIS,Synthetic observation only; no real imagery or legal conclusion.,SYNTHETIC DEMO DATA — NOT OFFICIAL GOVERNMENT RECORDS
SAT-1089,P1089,P1089,2026-08-15,Synthetic imagery simulator,19,Built-up / Open,79,13,8.0,false,0.83,SYNTHETIC_ANALYSIS,Synthetic observation only; no real imagery or legal conclusion.,SYNTHETIC DEMO DATA — NOT OFFICIAL GOVERNMENT RECORDS
SAT-1090,P1090,P1090,2026-08-15,Synthetic imagery simulator,22,Built-up / Open,37,55,8.0,false,0.84,SYNTHETIC_ANALYSIS,Synthetic observation only; no real imagery or legal conclusion.,SYNTHETIC DEMO DATA — NOT OFFICIAL GOVERNMENT RECORDS
SAT-1091,P1091,P1091,2026-08-15,Synthetic imagery simulator,25,Built-up / Open,50,42,8.0,true,0.85,SYNTHETIC_ANALYSIS,Synthetic observation only; no real imagery or legal conclusion.,SYNTHETIC DEMO DATA — NOT OFFICIAL GOVERNMENT RECORDS
SAT-1092,P1092,P1092,2026-08-15,Synthetic imagery simulator,28,Built-up / Open,63,29,8.0,false,0.86,SYNTHETIC_ANALYSIS,Synthetic observation only; no real imagery or legal conclusion.,SYNTHETIC DEMO DATA — NOT OFFICIAL GOVERNMENT RECORDS
SAT-1093,P1093,P1093,2026-08-15,Synthetic imagery simulator,31,Built-up / Open,76,16,8.0,false,0.87,SYNTHETIC_ANALYSIS,Synthetic observation only; no real imagery or legal conclusion.,SYNTHETIC DEMO DATA — NOT OFFICIAL GOVERNMENT RECORDS
SAT-1094,P1094,P1094,2026-08-15,Synthetic imagery simulator,34,Built-up / Open,89,3,8.0,false,0.88,SYNTHETIC_ANALYSIS,Synthetic observation only; no real imagery or legal conclusion.,SYNTHETIC DEMO DATA — NOT OFFICIAL GOVERNMENT RECORDS
SAT-1095,P1095,P1095,2026-08-15,Synthetic imagery simulator,2,Built-up / Open,47,45,8.0,false,0.89,SYNTHETIC_ANALYSIS,Synthetic observation only; no real imagery or legal conclusion.,SYNTHETIC DEMO DATA — NOT OFFICIAL GOVERNMENT RECORDS
SAT-1096,P1096,P1096,2026-08-15,Synthetic imagery simulator,5,Built-up / Open,60,32,8.0,false,0.9,SYNTHETIC_ANALYSIS,Synthetic observation only; no real imagery or legal conclusion.,SYNTHETIC DEMO DATA — NOT OFFICIAL GOVERNMENT RECORDS
SAT-1097,P1097,P1097,2026-08-15,Synthetic imagery simulator,8,Built-up / Open,73,19,8.0,true,0.91,SYNTHETIC_ANALYSIS,Synthetic observation only; no real imagery or legal conclusion.,SYNTHETIC DEMO DATA — NOT OFFICIAL GOVERNMENT RECORDS
SAT-1098,P1098,P1098,2026-08-15,Synthetic imagery simulator,11,Built-up / Open,86,6,8.0,false,0.92,SYNTHETIC_ANALYSIS,Synthetic observation only; no real imagery or legal conclusion.,SYNTHETIC DEMO DATA — NOT OFFICIAL GOVERNMENT RECORDS
SAT-1099,P1099,P1099,2026-08-15,Synthetic imagery simulator,14,Built-up / Open,44,48,8.0,false,0.93,SYNTHETIC_ANALYSIS,Synthetic observation only; no real imagery or legal conclusion.,SYNTHETIC DEMO DATA — NOT OFFICIAL GOVERNMENT RECORDS
SAT-1100,P1100,P1100,2026-08-15,Synthetic imagery simulator,17,Built-up / Open,57,35,8.0,false,0.94,SYNTHETIC_ANALYSIS,Synthetic observation only; no real imagery or legal conclusion.,SYNTHETIC DEMO DATA — NOT OFFICIAL GOVERNMENT RECORDS
SAT-1101,P1101,P1101,2026-08-15,Synthetic imagery simulator,20,Built-up / Open,70,22,8.0,false,0.75,SYNTHETIC_ANALYSIS,Synthetic observation only; no real imagery or legal conclusion.,SYNTHETIC DEMO DATA — NOT OFFICIAL GOVERNMENT RECORDS
SAT-1102,P1102,P1102,2026-08-15,Synthetic imagery simulator,23,Built-up / Open,83,9,8.0,false,0.76,SYNTHETIC_ANALYSIS,Synthetic observation only; no real imagery or legal conclusion.,SYNTHETIC DEMO DATA — NOT OFFICIAL GOVERNMENT RECORDS
SAT-1103,P1103,P1103,2026-08-15,Synthetic imagery simulator,26,Built-up / Open,41,51,8.0,true,0.77,SYNTHETIC_ANALYSIS,Synthetic observation only; no real imagery or legal conclusion.,SYNTHETIC DEMO DATA — NOT OFFICIAL GOVERNMENT RECORDS
SAT-1104,P1104,P1104,2026-08-15,Synthetic imagery simulator,29,Built-up / Open,54,38,8.0,false,0.78,SYNTHETIC_ANALYSIS,Synthetic observation only; no real imagery or legal conclusion.,SYNTHETIC DEMO DATA — NOT OFFICIAL GOVERNMENT RECORDS
SAT-1105,P1105,P1105,2026-08-15,Synthetic imagery simulator,32,Built-up / Open,67,25,8.0,false,0.79,SYNTHETIC_ANALYSIS,Synthetic observation only; no real imagery or legal conclusion.,SYNTHETIC DEMO DATA — NOT OFFICIAL GOVERNMENT RECORDS
SAT-1106,P1106,P1106,2026-08-15,Synthetic imagery simulator,0,Built-up / Open,80,12,8.0,false,0.8,SYNTHETIC_ANALYSIS,Synthetic observation only; no real imagery or legal conclusion.,SYNTHETIC DEMO DATA — NOT OFFICIAL GOVERNMENT RECORDS
SAT-1107,P1107,P1107,2026-08-15,Synthetic imagery simulator,3,Built-up / Open,38,54,8.0,false,0.81,SYNTHETIC_ANALYSIS,Synthetic observation only; no real imagery or legal conclusion.,SYNTHETIC DEMO DATA — NOT OFFICIAL GOVERNMENT RECORDS
SAT-1108,P1108,P1108,2026-08-15,Synthetic imagery simulator,6,Built-up / Open,51,41,8.0,false,0.82,SYNTHETIC_ANALYSIS,Synthetic observation only; no real imagery or legal conclusion.,SYNTHETIC DEMO DATA — NOT OFFICIAL GOVERNMENT RECORDS
SAT-1109,P1109,P1109,2026-08-15,Synthetic imagery simulator,9,Built-up / Open,64,28,8.0,true,0.83,SYNTHETIC_ANALYSIS,Synthetic observation only; no real imagery or legal conclusion.,SYNTHETIC DEMO DATA — NOT OFFICIAL GOVERNMENT RECORDS
SAT-1110,P1110,P1110,2026-08-15,Synthetic imagery simulator,12,Built-up / Open,77,15,8.0,false,0.84,SYNTHETIC_ANALYSIS,Synthetic observation only; no real imagery or legal conclusion.,SYNTHETIC DEMO DATA — NOT OFFICIAL GOVERNMENT RECORDS
SAT-1111,P1111,P1111,2026-08-15,Synthetic imagery simulator,15,Built-up / Open,35,57,8.0,false,0.85,SYNTHETIC_ANALYSIS,Synthetic observation only; no real imagery or legal conclusion.,SYNTHETIC DEMO DATA — NOT OFFICIAL GOVERNMENT RECORDS
SAT-1112,P1112,P1112,2026-08-15,Synthetic imagery simulator,18,Built-up / Open,48,44,8.0,false,0.86,SYNTHETIC_ANALYSIS,Synthetic observation only; no real imagery or legal conclusion.,SYNTHETIC DEMO DATA — NOT OFFICIAL GOVERNMENT RECORDS
SAT-1113,P1113,P1113,2026-08-15,Synthetic imagery simulator,21,Built-up / Open,61,31,8.0,false,0.87,SYNTHETIC_ANALYSIS,Synthetic observation only; no real imagery or legal conclusion.,SYNTHETIC DEMO DATA — NOT OFFICIAL GOVERNMENT RECORDS
SAT-1114,P1114,P1114,2026-08-15,Synthetic imagery simulator,24,Built-up / Open,74,18,8.0,false,0.88,SYNTHETIC_ANALYSIS,Synthetic observation only; no real imagery or legal conclusion.,SYNTHETIC DEMO DATA — NOT OFFICIAL GOVERNMENT RECORDS
SAT-1115,P1115,P1115,2026-08-15,Synthetic imagery simulator,27,Built-up / Open,87,5,8.0,true,0.89,SYNTHETIC_ANALYSIS,Synthetic observation only; no real imagery or legal conclusion.,SYNTHETIC DEMO DATA — NOT OFFICIAL GOVERNMENT RECORDS
SAT-1116,P1116,P1116,2026-08-15,Synthetic imagery simulator,30,Built-up / Open,45,47,8.0,false,0.9,SYNTHETIC_ANALYSIS,Synthetic observation only; no real imagery or legal conclusion.,SYNTHETIC DEMO DATA — NOT OFFICIAL GOVERNMENT RECORDS
SAT-1117,P1117,P1117,2026-08-15,Synthetic imagery simulator,33,Built-up / Open,58,34,8.0,false,0.91,SYNTHETIC_ANALYSIS,Synthetic observation only; no real imagery or legal conclusion.,SYNTHETIC DEMO DATA — NOT OFFICIAL GOVERNMENT RECORDS
SAT-1118,P1118,P1118,2026-08-15,Synthetic imagery simulator,1,Built-up / Open,71,21,8.0,false,0.92,SYNTHETIC_ANALYSIS,Synthetic observation only; no real imagery or legal conclusion.,SYNTHETIC DEMO DATA — NOT OFFICIAL GOVERNMENT RECORDS
SAT-1119,P1119,P1119,2026-08-15,Synthetic imagery simulator,4,Built-up / Open,84,8,8.0,false,0.93,SYNTHETIC_ANALYSIS,Synthetic observation only; no real imagery or legal conclusion.,SYNTHETIC DEMO DATA — NOT OFFICIAL GOVERNMENT RECORDS
SAT-1120,P1120,P1120,2026-08-15,Synthetic imagery simulator,7,Built-up / Open,42,50,8.0,false,0.94,SYNTHETIC_ANALYSIS,Synthetic observation only; no real imagery or legal conclusion.,SYNTHETIC DEMO DATA — NOT OFFICIAL GOVERNMENT RECORDS
SAT-1121,P1121,P1121,2026-08-15,Synthetic imagery simulator,10,Built-up / Open,55,37,8.0,true,0.75,SYNTHETIC_ANALYSIS,Synthetic observation only; no real imagery or legal conclusion.,SYNTHETIC DEMO DATA — NOT OFFICIAL GOVERNMENT RECORDS
SAT-1122,P1122,P1122,2026-08-15,Synthetic imagery simulator,13,Built-up / Open,68,24,8.0,false,0.76,SYNTHETIC_ANALYSIS,Synthetic observation only; no real imagery or legal conclusion.,SYNTHETIC DEMO DATA — NOT OFFICIAL GOVERNMENT RECORDS
SAT-1123,P1123,P1123,2026-08-15,Synthetic imagery simulator,16,Built-up / Open,81,11,8.0,false,0.77,SYNTHETIC_ANALYSIS,Synthetic observation only; no real imagery or legal conclusion.,SYNTHETIC DEMO DATA — NOT OFFICIAL GOVERNMENT RECORDS
SAT-1124,P1124,P1124,2026-08-15,Synthetic imagery simulator,19,Built-up / Open,39,53,8.0,false,0.78,SYNTHETIC_ANALYSIS,Synthetic observation only; no real imagery or legal conclusion.,SYNTHETIC DEMO DATA — NOT OFFICIAL GOVERNMENT RECORDS
SAT-1125,P1125,P1125,2026-08-15,Synthetic imagery simulator,22,Built-up / Open,52,40,8.0,false,0.79,SYNTHETIC_ANALYSIS,Synthetic observation only; no real imagery or legal conclusion.,SYNTHETIC DEMO DATA — NOT OFFICIAL GOVERNMENT RECORDS
SAT-1126,P1126,P1126,2026-08-15,Synthetic imagery simulator,25,Built-up / Open,65,27,8.0,false,0.8,SYNTHETIC_ANALYSIS,Synthetic observation only; no real imagery or legal conclusion.,SYNTHETIC DEMO DATA — NOT OFFICIAL GOVERNMENT RECORDS
SAT-1127,P1127,P1127,2026-08-15,Synthetic imagery simulator,28,Built-up / Open,78,14,8.0,true,0.81,SYNTHETIC_ANALYSIS,Synthetic observation only; no real imagery or legal conclusion.,SYNTHETIC DEMO DATA — NOT OFFICIAL GOVERNMENT RECORDS
SAT-1128,P1128,P1128,2026-08-15,Synthetic imagery simulator,31,Built-up / Open,36,56,8.0,false,0.82,SYNTHETIC_ANALYSIS,Synthetic observation only; no real imagery or legal conclusion.,SYNTHETIC DEMO DATA — NOT OFFICIAL GOVERNMENT RECORDS
SAT-1129,P1129,P1129,2026-08-15,Synthetic imagery simulator,34,Built-up / Open,49,43,8.0,false,0.83,SYNTHETIC_ANALYSIS,Synthetic observation only; no real imagery or legal conclusion.,SYNTHETIC DEMO DATA — NOT OFFICIAL GOVERNMENT RECORDS
SAT-1130,P1130,P1130,2026-08-15,Synthetic imagery simulator,2,Built-up / Open,62,30,8.0,false,0.84,SYNTHETIC_ANALYSIS,Synthetic observation only; no real imagery or legal conclusion.,SYNTHETIC DEMO DATA — NOT OFFICIAL GOVERNMENT RECORDS
SAT-1131,P1131,P1131,2026-08-15,Synthetic imagery simulator,5,Built-up / Open,75,17,8.0,false,0.85,SYNTHETIC_ANALYSIS,Synthetic observation only; no real imagery or legal conclusion.,SYNTHETIC DEMO DATA — NOT OFFICIAL GOVERNMENT RECORDS
SAT-1132,P1132,P1132,2026-08-15,Synthetic imagery simulator,8,Built-up / Open,88,4,8.0,false,0.86,SYNTHETIC_ANALYSIS,Synthetic observation only; no real imagery or legal conclusion.,SYNTHETIC DEMO DATA — NOT OFFICIAL GOVERNMENT RECORDS
SAT-1133,P1133,P1133,2026-08-15,Synthetic imagery simulator,11,Built-up / Open,46,46,8.0,true,0.87,SYNTHETIC_ANALYSIS,Synthetic observation only; no real imagery or legal conclusion.,SYNTHETIC DEMO DATA — NOT OFFICIAL GOVERNMENT RECORDS
SAT-1134,P1134,P1134,2026-08-15,Synthetic imagery simulator,14,Built-up / Open,59,33,8.0,false,0.88,SYNTHETIC_ANALYSIS,Synthetic observation only; no real imagery or legal conclusion.,SYNTHETIC DEMO DATA — NOT OFFICIAL GOVERNMENT RECORDS
SAT-1135,P1135,P1135,2026-08-15,Synthetic imagery simulator,17,Built-up / Open,72,20,8.0,false,0.89,SYNTHETIC_ANALYSIS,Synthetic observation only; no real imagery or legal conclusion.,SYNTHETIC DEMO DATA — NOT OFFICIAL GOVERNMENT RECORDS
SAT-1136,P1136,P1136,2026-08-15,Synthetic imagery simulator,20,Built-up / Open,85,7,8.0,false,0.9,SYNTHETIC_ANALYSIS,Synthetic observation only; no real imagery or legal conclusion.,SYNTHETIC DEMO DATA — NOT OFFICIAL GOVERNMENT RECORDS
SAT-1137,P1137,P1137,2026-08-15,Synthetic imagery simulator,23,Built-up / Open,43,49,8.0,false,0.91,SYNTHETIC_ANALYSIS,Synthetic observation only; no real imagery or legal conclusion.,SYNTHETIC DEMO DATA — NOT OFFICIAL GOVERNMENT RECORDS
SAT-1138,P1138,P1138,2026-08-15,Synthetic imagery simulator,26,Built-up / Open,56,36,8.0,false,0.92,SYNTHETIC_ANALYSIS,Synthetic observation only; no real imagery or legal conclusion.,SYNTHETIC DEMO DATA — NOT OFFICIAL GOVERNMENT RECORDS
SAT-1139,P1139,P1139,2026-08-15,Synthetic imagery simulator,29,Built-up / Open,69,23,8.0,true,0.93,SYNTHETIC_ANALYSIS,Synthetic observation only; no real imagery or legal conclusion.,SYNTHETIC DEMO DATA — NOT OFFICIAL GOVERNMENT RECORDS
SAT-1140,P1140,P1140,2026-08-15,Synthetic imagery simulator,32,Built-up / Open,82,10,8.0,false,0.94,SYNTHETIC_ANALYSIS,Synthetic observation only; no real imagery or legal conclusion.,SYNTHETIC DEMO DATA — NOT OFFICIAL GOVERNMENT RECORDS
SAT-1141,P1141,P1141,2026-08-15,Synthetic imagery simulator,0,Built-up / Open,40,52,8.0,false,0.75,SYNTHETIC_ANALYSIS,Synthetic observation only; no real imagery or legal conclusion.,SYNTHETIC DEMO DATA — NOT OFFICIAL GOVERNMENT RECORDS
SAT-1142,P1142,P1142,2026-08-15,Synthetic imagery simulator,3,Built-up / Open,53,39,8.0,false,0.76,SYNTHETIC_ANALYSIS,Synthetic observation only; no real imagery or legal conclusion.,SYNTHETIC DEMO DATA — NOT OFFICIAL GOVERNMENT RECORDS
SAT-1143,P1143,P1143,2026-08-15,Synthetic imagery simulator,6,Built-up / Open,66,26,8.0,false,0.77,SYNTHETIC_ANALYSIS,Synthetic observation only; no real imagery or legal conclusion.,SYNTHETIC DEMO DATA — NOT OFFICIAL GOVERNMENT RECORDS
SAT-1144,P1144,P1144,2026-08-15,Synthetic imagery simulator,9,Built-up / Open,79,13,8.0,false,0.78,SYNTHETIC_ANALYSIS,Synthetic observation only; no real imagery or legal conclusion.,SYNTHETIC DEMO DATA — NOT OFFICIAL GOVERNMENT RECORDS
SAT-1145,P1145,P1145,2026-08-15,Synthetic imagery simulator,12,Built-up / Open,37,55,8.0,true,0.79,SYNTHETIC_ANALYSIS,Synthetic observation only; no real imagery or legal conclusion.,SYNTHETIC DEMO DATA — NOT OFFICIAL GOVERNMENT RECORDS
SAT-1146,P1146,P1146,2026-08-15,Synthetic imagery simulator,15,Built-up / Open,50,42,8.0,false,0.8,SYNTHETIC_ANALYSIS,Synthetic observation only; no real imagery or legal conclusion.,SYNTHETIC DEMO DATA — NOT OFFICIAL GOVERNMENT RECORDS
SAT-1147,P1147,P1147,2026-08-15,Synthetic imagery simulator,18,Built-up / Open,63,29,8.0,false,0.81,SYNTHETIC_ANALYSIS,Synthetic observation only; no real imagery or legal conclusion.,SYNTHETIC DEMO DATA — NOT OFFICIAL GOVERNMENT RECORDS
SAT-1148,P1148,P1148,2026-08-15,Synthetic imagery simulator,21,Built-up / Open,76,16,8.0,false,0.82,SYNTHETIC_ANALYSIS,Synthetic observation only; no real imagery or legal conclusion.,SYNTHETIC DEMO DATA — NOT OFFICIAL GOVERNMENT RECORDS
SAT-1149,P1149,P1149,2026-08-15,Synthetic imagery simulator,24,Built-up / Open,89,3,8.0,false,0.83,SYNTHETIC_ANALYSIS,Synthetic observation only; no real imagery or legal conclusion.,SYNTHETIC DEMO DATA — NOT OFFICIAL GOVERNMENT RECORDS
SAT-1150,P1150,P1150,2026-08-15,Synthetic imagery simulator,27,Built-up / Open,47,45,8.0,false,0.84,SYNTHETIC_ANALYSIS,Synthetic observation only; no real imagery or legal conclusion.,SYNTHETIC DEMO DATA — NOT OFFICIAL GOVERNMENT RECORDS
SAT-1151,P1151,P1151,2026-08-15,Synthetic imagery simulator,30,Built-up / Open,60,32,8.0,true,0.85,SYNTHETIC_ANALYSIS,Synthetic observation only; no real imagery or legal conclusion.,SYNTHETIC DEMO DATA — NOT OFFICIAL GOVERNMENT RECORDS
SAT-1152,P1152,P1152,2026-08-15,Synthetic imagery simulator,33,Built-up / Open,73,19,8.0,false,0.86,SYNTHETIC_ANALYSIS,Synthetic observation only; no real imagery or legal conclusion.,SYNTHETIC DEMO DATA — NOT OFFICIAL GOVERNMENT RECORDS
SAT-1153,P1153,P1153,2026-08-15,Synthetic imagery simulator,1,Built-up / Open,86,6,8.0,false,0.87,SYNTHETIC_ANALYSIS,Synthetic observation only; no real imagery or legal conclusion.,SYNTHETIC DEMO DATA — NOT OFFICIAL GOVERNMENT RECORDS
SAT-1154,P1154,P1154,2026-08-15,Synthetic imagery simulator,4,Built-up / Open,44,48,8.0,false,0.88,SYNTHETIC_ANALYSIS,Synthetic observation only; no real imagery or legal conclusion.,SYNTHETIC DEMO DATA — NOT OFFICIAL GOVERNMENT RECORDS
SAT-1155,P1155,P1155,2026-08-15,Synthetic imagery simulator,7,Built-up / Open,57,35,8.0,false,0.89,SYNTHETIC_ANALYSIS,Synthetic observation only; no real imagery or legal conclusion.,SYNTHETIC DEMO DATA — NOT OFFICIAL GOVERNMENT RECORDS
SAT-1156,P1156,P1156,2026-08-15,Synthetic imagery simulator,10,Built-up / Open,70,22,8.0,false,0.9,SYNTHETIC_ANALYSIS,Synthetic observation only; no real imagery or legal conclusion.,SYNTHETIC DEMO DATA — NOT OFFICIAL GOVERNMENT RECORDS
SAT-1157,P1157,P1157,2026-08-15,Synthetic imagery simulator,13,Built-up / Open,83,9,8.0,true,0.91,SYNTHETIC_ANALYSIS,Synthetic observation only; no real imagery or legal conclusion.,SYNTHETIC DEMO DATA — NOT OFFICIAL GOVERNMENT RECORDS
SAT-1158,P1158,P1158,2026-08-15,Synthetic imagery simulator,16,Built-up / Open,41,51,8.0,false,0.92,SYNTHETIC_ANALYSIS,Synthetic observation only; no real imagery or legal conclusion.,SYNTHETIC DEMO DATA — NOT OFFICIAL GOVERNMENT RECORDS
SAT-1159,P1159,P1159,2026-08-15,Synthetic imagery simulator,19,Built-up / Open,54,38,8.0,false,0.93,SYNTHETIC_ANALYSIS,Synthetic observation only; no real imagery or legal conclusion.,SYNTHETIC DEMO DATA — NOT OFFICIAL GOVERNMENT RECORDS
SAT-1160,P1160,P1160,2026-08-15,Synthetic imagery simulator,22,Built-up / Open,67,25,8.0,false,0.94,SYNTHETIC_ANALYSIS,Synthetic observation only; no real imagery or legal conclusion.,SYNTHETIC DEMO DATA — NOT OFFICIAL GOVERNMENT RECORDS
SAT-1161,P1161,P1161,2026-08-15,Synthetic imagery simulator,25,Built-up / Open,80,12,8.0,false,0.75,SYNTHETIC_ANALYSIS,Synthetic observation only; no real imagery or legal conclusion.,SYNTHETIC DEMO DATA — NOT OFFICIAL GOVERNMENT RECORDS
SAT-1162,P1162,P1162,2026-08-15,Synthetic imagery simulator,28,Built-up / Open,38,54,8.0,false,0.76,SYNTHETIC_ANALYSIS,Synthetic observation only; no real imagery or legal conclusion.,SYNTHETIC DEMO DATA — NOT OFFICIAL GOVERNMENT RECORDS
SAT-1163,P1163,P1163,2026-08-15,Synthetic imagery simulator,31,Built-up / Open,51,41,8.0,true,0.77,SYNTHETIC_ANALYSIS,Synthetic observation only; no real imagery or legal conclusion.,SYNTHETIC DEMO DATA — NOT OFFICIAL GOVERNMENT RECORDS
SAT-1164,P1164,P1164,2026-08-15,Synthetic imagery simulator,34,Built-up / Open,64,28,8.0,false,0.78,SYNTHETIC_ANALYSIS,Synthetic observation only; no real imagery or legal conclusion.,SYNTHETIC DEMO DATA — NOT OFFICIAL GOVERNMENT RECORDS
SAT-1165,P1165,P1165,2026-08-15,Synthetic imagery simulator,2,Built-up / Open,77,15,8.0,false,0.79,SYNTHETIC_ANALYSIS,Synthetic observation only; no real imagery or legal conclusion.,SYNTHETIC DEMO DATA — NOT OFFICIAL GOVERNMENT RECORDS
SAT-1166,P1166,P1166,2026-08-15,Synthetic imagery simulator,5,Built-up / Open,35,57,8.0,false,0.8,SYNTHETIC_ANALYSIS,Synthetic observation only; no real imagery or legal conclusion.,SYNTHETIC DEMO DATA — NOT OFFICIAL GOVERNMENT RECORDS
SAT-1167,P1167,P1167,2026-08-15,Synthetic imagery simulator,8,Built-up / Open,48,44,8.0,false,0.81,SYNTHETIC_ANALYSIS,Synthetic observation only; no real imagery or legal conclusion.,SYNTHETIC DEMO DATA — NOT OFFICIAL GOVERNMENT RECORDS
SAT-1168,P1168,P1168,2026-08-15,Synthetic imagery simulator,11,Built-up / Open,61,31,8.0,false,0.82,SYNTHETIC_ANALYSIS,Synthetic observation only; no real imagery or legal conclusion.,SYNTHETIC DEMO DATA — NOT OFFICIAL GOVERNMENT RECORDS
SAT-1169,P1169,P1169,2026-08-15,Synthetic imagery simulator,14,Built-up / Open,74,18,8.0,true,0.83,SYNTHETIC_ANALYSIS,Synthetic observation only; no real imagery or legal conclusion.,SYNTHETIC DEMO DATA — NOT OFFICIAL GOVERNMENT RECORDS
SAT-1170,P1170,P1170,2026-08-15,Synthetic imagery simulator,17,Built-up / Open,87,5,8.0,false,0.84,SYNTHETIC_ANALYSIS,Synthetic observation only; no real imagery or legal conclusion.,SYNTHETIC DEMO DATA — NOT OFFICIAL GOVERNMENT RECORDS
SAT-1171,P1171,P1171,2026-08-15,Synthetic imagery simulator,20,Built-up / Open,45,47,8.0,false,0.85,SYNTHETIC_ANALYSIS,Synthetic observation only; no real imagery or legal conclusion.,SYNTHETIC DEMO DATA — NOT OFFICIAL GOVERNMENT RECORDS
SAT-1172,P1172,P1172,2026-08-15,Synthetic imagery simulator,23,Built-up / Open,58,34,8.0,false,0.86,SYNTHETIC_ANALYSIS,Synthetic observation only; no real imagery or legal conclusion.,SYNTHETIC DEMO DATA — NOT OFFICIAL GOVERNMENT RECORDS
SAT-1173,P1173,P1173,2026-08-15,Synthetic imagery simulator,26,Built-up / Open,71,21,8.0,false,0.87,SYNTHETIC_ANALYSIS,Synthetic observation only; no real imagery or legal conclusion.,SYNTHETIC DEMO DATA — NOT OFFICIAL GOVERNMENT RECORDS
SAT-1174,P1174,P1174,2026-08-15,Synthetic imagery simulator,29,Built-up / Open,84,8,8.0,false,0.88,SYNTHETIC_ANALYSIS,Synthetic observation only; no real imagery or legal conclusion.,SYNTHETIC DEMO DATA — NOT OFFICIAL GOVERNMENT RECORDS
SAT-1175,P1175,P1175,2026-08-15,Synthetic imagery simulator,32,Built-up / Open,42,50,8.0,true,0.89,SYNTHETIC_ANALYSIS,Synthetic observation only; no real imagery or legal conclusion.,SYNTHETIC DEMO DATA — NOT OFFICIAL GOVERNMENT RECORDS
SAT-1176,P1176,P1176,2026-08-15,Synthetic imagery simulator,0,Built-up / Open,55,37,8.0,false,0.9,SYNTHETIC_ANALYSIS,Synthetic observation only; no real imagery or legal conclusion.,SYNTHETIC DEMO DATA — NOT OFFICIAL GOVERNMENT RECORDS
SAT-1177,P1177,P1177,2026-08-15,Synthetic imagery simulator,3,Built-up / Open,68,24,8.0,false,0.91,SYNTHETIC_ANALYSIS,Synthetic observation only; no real imagery or legal conclusion.,SYNTHETIC DEMO DATA — NOT OFFICIAL GOVERNMENT RECORDS
SAT-1178,P1178,P1178,2026-08-15,Synthetic imagery simulator,6,Built-up / Open,81,11,8.0,false,0.92,SYNTHETIC_ANALYSIS,Synthetic observation only; no real imagery or legal conclusion.,SYNTHETIC DEMO DATA — NOT OFFICIAL GOVERNMENT RECORDS
SAT-1179,P1179,P1179,2026-08-15,Synthetic imagery simulator,9,Built-up / Open,39,53,8.0,false,0.93,SYNTHETIC_ANALYSIS,Synthetic observation only; no real imagery or legal conclusion.,SYNTHETIC DEMO DATA — NOT OFFICIAL GOVERNMENT RECORDS
SAT-1180,P1180,P1180,2026-08-15,Synthetic imagery simulator,12,Built-up / Open,52,40,8.0,false,0.94,SYNTHETIC_ANALYSIS,Synthetic observation only; no real imagery or legal conclusion.,SYNTHETIC DEMO DATA — NOT OFFICIAL GOVERNMENT RECORDS
SAT-1181,P1181,P1181,2026-08-15,Synthetic imagery simulator,15,Built-up / Open,65,27,8.0,true,0.75,SYNTHETIC_ANALYSIS,Synthetic observation only; no real imagery or legal conclusion.,SYNTHETIC DEMO DATA — NOT OFFICIAL GOVERNMENT RECORDS
SAT-1182,P1182,P1182,2026-08-15,Synthetic imagery simulator,18,Built-up / Open,78,14,8.0,false,0.76,SYNTHETIC_ANALYSIS,Synthetic observation only; no real imagery or legal conclusion.,SYNTHETIC DEMO DATA — NOT OFFICIAL GOVERNMENT RECORDS
SAT-1183,P1183,P1183,2026-08-15,Synthetic imagery simulator,21,Built-up / Open,36,56,8.0,false,0.77,SYNTHETIC_ANALYSIS,Synthetic observation only; no real imagery or legal conclusion.,SYNTHETIC DEMO DATA — NOT OFFICIAL GOVERNMENT RECORDS
SAT-1184,P1184,P1184,2026-08-15,Synthetic imagery simulator,24,Built-up / Open,49,43,8.0,false,0.78,SYNTHETIC_ANALYSIS,Synthetic observation only; no real imagery or legal conclusion.,SYNTHETIC DEMO DATA — NOT OFFICIAL GOVERNMENT RECORDS
SAT-1185,P1185,P1185,2026-08-15,Synthetic imagery simulator,27,Built-up / Open,62,30,8.0,false,0.79,SYNTHETIC_ANALYSIS,Synthetic observation only; no real imagery or legal conclusion.,SYNTHETIC DEMO DATA — NOT OFFICIAL GOVERNMENT RECORDS
SAT-1186,P1186,P1186,2026-08-15,Synthetic imagery simulator,30,Built-up / Open,75,17,8.0,false,0.8,SYNTHETIC_ANALYSIS,Synthetic observation only; no real imagery or legal conclusion.,SYNTHETIC DEMO DATA — NOT OFFICIAL GOVERNMENT RECORDS
SAT-1187,P1187,P1187,2026-08-15,Synthetic imagery simulator,33,Built-up / Open,88,4,8.0,true,0.81,SYNTHETIC_ANALYSIS,Synthetic observation only; no real imagery or legal conclusion.,SYNTHETIC DEMO DATA — NOT OFFICIAL GOVERNMENT RECORDS
SAT-1188,P1188,P1188,2026-08-15,Synthetic imagery simulator,1,Built-up / Open,46,46,8.0,false,0.82,SYNTHETIC_ANALYSIS,Synthetic observation only; no real imagery or legal conclusion.,SYNTHETIC DEMO DATA — NOT OFFICIAL GOVERNMENT RECORDS
SAT-1189,P1189,P1189,2026-08-15,Synthetic imagery simulator,4,Built-up / Open,59,33,8.0,false,0.83,SYNTHETIC_ANALYSIS,Synthetic observation only; no real imagery or legal conclusion.,SYNTHETIC DEMO DATA — NOT OFFICIAL GOVERNMENT RECORDS
SAT-1190,P1190,P1190,2026-08-15,Synthetic imagery simulator,7,Built-up / Open,72,20,8.0,false,0.84,SYNTHETIC_ANALYSIS,Synthetic observation only; no real imagery or legal conclusion.,SYNTHETIC DEMO DATA — NOT OFFICIAL GOVERNMENT RECORDS
SAT-1191,P1191,P1191,2026-08-15,Synthetic imagery simulator,10,Built-up / Open,85,7,8.0,false,0.85,SYNTHETIC_ANALYSIS,Synthetic observation only; no real imagery or legal conclusion.,SYNTHETIC DEMO DATA — NOT OFFICIAL GOVERNMENT RECORDS
SAT-1192,P1192,P1192,2026-08-15,Synthetic imagery simulator,13,Built-up / Open,43,49,8.0,false,0.86,SYNTHETIC_ANALYSIS,Synthetic observation only; no real imagery or legal conclusion.,SYNTHETIC DEMO DATA — NOT OFFICIAL GOVERNMENT RECORDS
SAT-1193,P1193,P1193,2026-08-15,Synthetic imagery simulator,16,Built-up / Open,56,36,8.0,true,0.87,SYNTHETIC_ANALYSIS,Synthetic observation only; no real imagery or legal conclusion.,SYNTHETIC DEMO DATA — NOT OFFICIAL GOVERNMENT RECORDS
SAT-1194,P1194,P1194,2026-08-15,Synthetic imagery simulator,19,Built-up / Open,69,23,8.0,false,0.88,SYNTHETIC_ANALYSIS,Synthetic observation only; no real imagery or legal conclusion.,SYNTHETIC DEMO DATA — NOT OFFICIAL GOVERNMENT RECORDS
SAT-1195,P1195,P1195,2026-08-15,Synthetic imagery simulator,22,Built-up / Open,82,10,8.0,false,0.89,SYNTHETIC_ANALYSIS,Synthetic observation only; no real imagery or legal conclusion.,SYNTHETIC DEMO DATA — NOT OFFICIAL GOVERNMENT RECORDS
SAT-1196,P1196,P1196,2026-08-15,Synthetic imagery simulator,25,Built-up / Open,40,52,8.0,false,0.9,SYNTHETIC_ANALYSIS,Synthetic observation only; no real imagery or legal conclusion.,SYNTHETIC DEMO DATA — NOT OFFICIAL GOVERNMENT RECORDS
SAT-1197,P1197,P1197,2026-08-15,Synthetic imagery simulator,28,Built-up / Open,53,39,8.0,false,0.91,SYNTHETIC_ANALYSIS,Synthetic observation only; no real imagery or legal conclusion.,SYNTHETIC DEMO DATA — NOT OFFICIAL GOVERNMENT RECORDS
SAT-1198,P1198,P1198,2026-08-15,Synthetic imagery simulator,31,Built-up / Open,66,26,8.0,false,0.92,SYNTHETIC_ANALYSIS,Synthetic observation only; no real imagery or legal conclusion.,SYNTHETIC DEMO DATA — NOT OFFICIAL GOVERNMENT RECORDS
SAT-1199,P1199,P1199,2026-08-15,Synthetic imagery simulator,34,Built-up / Open,79,13,8.0,true,0.93,SYNTHETIC_ANALYSIS,Synthetic observation only; no real imagery or legal conclusion.,SYNTHETIC DEMO DATA — NOT OFFICIAL GOVERNMENT RECORDS
SAT-1200,P1200,P1200,2026-08-15,Synthetic imagery simulator,2,Built-up / Open,37,55,8.0,false,0.94,SYNTHETIC_ANALYSIS,Synthetic observation only; no real imagery or legal conclusion.,SYNTHETIC DEMO DATA — NOT OFFICIAL GOVERNMENT RECORDS
SAT-1201,P1201,P1201,2026-08-15,Synthetic imagery simulator,5,Built-up / Open,50,42,8.0,false,0.75,SYNTHETIC_ANALYSIS,Synthetic observation only; no real imagery or legal conclusion.,SYNTHETIC DEMO DATA — NOT OFFICIAL GOVERNMENT RECORDS
SAT-1202,P1202,P1202,2026-08-15,Synthetic imagery simulator,8,Built-up / Open,63,29,8.0,false,0.76,SYNTHETIC_ANALYSIS,Synthetic observation only; no real imagery or legal conclusion.,SYNTHETIC DEMO DATA — NOT OFFICIAL GOVERNMENT RECORDS
SAT-1203,P1203,P1203,2026-08-15,Synthetic imagery simulator,11,Built-up / Open,76,16,8.0,false,0.77,SYNTHETIC_ANALYSIS,Synthetic observation only; no real imagery or legal conclusion.,SYNTHETIC DEMO DATA — NOT OFFICIAL GOVERNMENT RECORDS
SAT-1204,P1204,P1204,2026-08-15,Synthetic imagery simulator,14,Built-up / Open,89,3,8.0,false,0.78,SYNTHETIC_ANALYSIS,Synthetic observation only; no real imagery or legal conclusion.,SYNTHETIC DEMO DATA — NOT OFFICIAL GOVERNMENT RECORDS
SAT-1205,P1205,P1205,2026-08-15,Synthetic imagery simulator,17,Built-up / Open,47,45,8.0,true,0.79,SYNTHETIC_ANALYSIS,Synthetic observation only; no real imagery or legal conclusion.,SYNTHETIC DEMO DATA — NOT OFFICIAL GOVERNMENT RECORDS
SAT-1206,P1206,P1206,2026-08-15,Synthetic imagery simulator,20,Built-up / Open,60,32,8.0,false,0.8,SYNTHETIC_ANALYSIS,Synthetic observation only; no real imagery or legal conclusion.,SYNTHETIC DEMO DATA — NOT OFFICIAL GOVERNMENT RECORDS
SAT-1207,P1207,P1207,2026-08-15,Synthetic imagery simulator,23,Built-up / Open,73,19,8.0,false,0.81,SYNTHETIC_ANALYSIS,Synthetic observation only; no real imagery or legal conclusion.,SYNTHETIC DEMO DATA — NOT OFFICIAL GOVERNMENT RECORDS
SAT-1208,P1208,P1208,2026-08-15,Synthetic imagery simulator,26,Built-up / Open,86,6,8.0,false,0.82,SYNTHETIC_ANALYSIS,Synthetic observation only; no real imagery or legal conclusion.,SYNTHETIC DEMO DATA — NOT OFFICIAL GOVERNMENT RECORDS
SAT-1209,P1209,P1209,2026-08-15,Synthetic imagery simulator,29,Built-up / Open,44,48,8.0,false,0.83,SYNTHETIC_ANALYSIS,Synthetic observation only; no real imagery or legal conclusion.,SYNTHETIC DEMO DATA — NOT OFFICIAL GOVERNMENT RECORDS
SAT-1210,P1210,P1210,2026-08-15,Synthetic imagery simulator,32,Built-up / Open,57,35,8.0,false,0.84,SYNTHETIC_ANALYSIS,Synthetic observation only; no real imagery or legal conclusion.,SYNTHETIC DEMO DATA — NOT OFFICIAL GOVERNMENT RECORDS
SAT-1211,P1211,P1211,2026-08-15,Synthetic imagery simulator,0,Built-up / Open,70,22,8.0,true,0.85,SYNTHETIC_ANALYSIS,Synthetic observation only; no real imagery or legal conclusion.,SYNTHETIC DEMO DATA — NOT OFFICIAL GOVERNMENT RECORDS
SAT-1212,P1212,P1212,2026-08-15,Synthetic imagery simulator,3,Built-up / Open,83,9,8.0,false,0.86,SYNTHETIC_ANALYSIS,Synthetic observation only; no real imagery or legal conclusion.,SYNTHETIC DEMO DATA — NOT OFFICIAL GOVERNMENT RECORDS
SAT-1213,P1213,P1213,2026-08-15,Synthetic imagery simulator,6,Built-up / Open,41,51,8.0,false,0.87,SYNTHETIC_ANALYSIS,Synthetic observation only; no real imagery or legal conclusion.,SYNTHETIC DEMO DATA — NOT OFFICIAL GOVERNMENT RECORDS
SAT-1214,P1214,P1214,2026-08-15,Synthetic imagery simulator,9,Built-up / Open,54,38,8.0,false,0.88,SYNTHETIC_ANALYSIS,Synthetic observation only; no real imagery or legal conclusion.,SYNTHETIC DEMO DATA — NOT OFFICIAL GOVERNMENT RECORDS
SAT-1215,P1215,P1215,2026-08-15,Synthetic imagery simulator,12,Built-up / Open,67,25,8.0,false,0.89,SYNTHETIC_ANALYSIS,Synthetic observation only; no real imagery or legal conclusion.,SYNTHETIC DEMO DATA — NOT OFFICIAL GOVERNMENT RECORDS
SAT-1216,P1216,P1216,2026-08-15,Synthetic imagery simulator,15,Built-up / Open,80,12,8.0,false,0.9,SYNTHETIC_ANALYSIS,Synthetic observation only; no real imagery or legal conclusion.,SYNTHETIC DEMO DATA — NOT OFFICIAL GOVERNMENT RECORDS
SAT-1217,P1217,P1217,2026-08-15,Synthetic imagery simulator,18,Built-up / Open,38,54,8.0,true,0.91,SYNTHETIC_ANALYSIS,Synthetic observation only; no real imagery or legal conclusion.,SYNTHETIC DEMO DATA — NOT OFFICIAL GOVERNMENT RECORDS
SAT-1218,P1218,P1218,2026-08-15,Synthetic imagery simulator,21,Built-up / Open,51,41,8.0,false,0.92,SYNTHETIC_ANALYSIS,Synthetic observation only; no real imagery or legal conclusion.,SYNTHETIC DEMO DATA — NOT OFFICIAL GOVERNMENT RECORDS
SAT-1219,P1219,P1219,2026-08-15,Synthetic imagery simulator,24,Built-up / Open,64,28,8.0,false,0.93,SYNTHETIC_ANALYSIS,Synthetic observation only; no real imagery or legal conclusion.,SYNTHETIC DEMO DATA — NOT OFFICIAL GOVERNMENT RECORDS
SAT-1220,P1220,P1220,2026-08-15,Synthetic imagery simulator,27,Built-up / Open,77,15,8.0,false,0.94,SYNTHETIC_ANALYSIS,Synthetic observation only; no real imagery or legal conclusion.,SYNTHETIC DEMO DATA — NOT OFFICIAL GOVERNMENT RECORDS
SAT-1221,P1221,P1221,2026-08-15,Synthetic imagery simulator,30,Built-up / Open,35,57,8.0,false,0.75,SYNTHETIC_ANALYSIS,Synthetic observation only; no real imagery or legal conclusion.,SYNTHETIC DEMO DATA — NOT OFFICIAL GOVERNMENT RECORDS
SAT-1222,P1222,P1222,2026-08-15,Synthetic imagery simulator,33,Built-up / Open,48,44,8.0,false,0.76,SYNTHETIC_ANALYSIS,Synthetic observation only; no real imagery or legal conclusion.,SYNTHETIC DEMO DATA — NOT OFFICIAL GOVERNMENT RECORDS
SAT-1223,P1223,P1223,2026-08-15,Synthetic imagery simulator,1,Built-up / Open,61,31,8.0,true,0.77,SYNTHETIC_ANALYSIS,Synthetic observation only; no real imagery or legal conclusion.,SYNTHETIC DEMO DATA — NOT OFFICIAL GOVERNMENT RECORDS
SAT-1224,P1224,P1224,2026-08-15,Synthetic imagery simulator,4,Built-up / Open,74,18,8.0,false,0.78,SYNTHETIC_ANALYSIS,Synthetic observation only; no real imagery or legal conclusion.,SYNTHETIC DEMO DATA — NOT OFFICIAL GOVERNMENT RECORDS
SAT-1225,P1225,P1225,2026-08-15,Synthetic imagery simulator,7,Built-up / Open,87,5,8.0,false,0.79,SYNTHETIC_ANALYSIS,Synthetic observation only; no real imagery or legal conclusion.,SYNTHETIC DEMO DATA — NOT OFFICIAL GOVERNMENT RECORDS
SAT-1226,P1226,P1226,2026-08-15,Synthetic imagery simulator,10,Built-up / Open,45,47,8.0,false,0.8,SYNTHETIC_ANALYSIS,Synthetic observation only; no real imagery or legal conclusion.,SYNTHETIC DEMO DATA — NOT OFFICIAL GOVERNMENT RECORDS
SAT-1227,P1227,P1227,2026-08-15,Synthetic imagery simulator,13,Built-up / Open,58,34,8.0,false,0.81,SYNTHETIC_ANALYSIS,Synthetic observation only; no real imagery or legal conclusion.,SYNTHETIC DEMO DATA — NOT OFFICIAL GOVERNMENT RECORDS
SAT-1228,P1228,P1228,2026-08-15,Synthetic imagery simulator,16,Built-up / Open,71,21,8.0,false,0.82,SYNTHETIC_ANALYSIS,Synthetic observation only; no real imagery or legal conclusion.,SYNTHETIC DEMO DATA — NOT OFFICIAL GOVERNMENT RECORDS
SAT-1229,P1229,P1229,2026-08-15,Synthetic imagery simulator,19,Built-up / Open,84,8,8.0,true,0.83,SYNTHETIC_ANALYSIS,Synthetic observation only; no real imagery or legal conclusion.,SYNTHETIC DEMO DATA — NOT OFFICIAL GOVERNMENT RECORDS
SAT-1230,P1230,P1230,2026-08-15,Synthetic imagery simulator,22,Built-up / Open,42,50,8.0,false,0.84,SYNTHETIC_ANALYSIS,Synthetic observation only; no real imagery or legal conclusion.,SYNTHETIC DEMO DATA — NOT OFFICIAL GOVERNMENT RECORDS
SAT-1231,P1231,P1231,2026-08-15,Synthetic imagery simulator,25,Built-up / Open,55,37,8.0,false,0.85,SYNTHETIC_ANALYSIS,Synthetic observation only; no real imagery or legal conclusion.,SYNTHETIC DEMO DATA — NOT OFFICIAL GOVERNMENT RECORDS
SAT-1232,P1232,P1232,2026-08-15,Synthetic imagery simulator,28,Built-up / Open,68,24,8.0,false,0.86,SYNTHETIC_ANALYSIS,Synthetic observation only; no real imagery or legal conclusion.,SYNTHETIC DEMO DATA — NOT OFFICIAL GOVERNMENT RECORDS
SAT-1233,P1233,P1233,2026-08-15,Synthetic imagery simulator,31,Built-up / Open,81,11,8.0,false,0.87,SYNTHETIC_ANALYSIS,Synthetic observation only; no real imagery or legal conclusion.,SYNTHETIC DEMO DATA — NOT OFFICIAL GOVERNMENT RECORDS
SAT-1234,P1234,P1234,2026-08-15,Synthetic imagery simulator,34,Built-up / Open,39,53,8.0,false,0.88,SYNTHETIC_ANALYSIS,Synthetic observation only; no real imagery or legal conclusion.,SYNTHETIC DEMO DATA — NOT OFFICIAL GOVERNMENT RECORDS
SAT-1235,P1235,P1235,2026-08-15,Synthetic imagery simulator,2,Built-up / Open,52,40,8.0,true,0.89,SYNTHETIC_ANALYSIS,Synthetic observation only; no real imagery or legal conclusion.,SYNTHETIC DEMO DATA — NOT OFFICIAL GOVERNMENT RECORDS
SAT-1236,P1236,P1236,2026-08-15,Synthetic imagery simulator,5,Built-up / Open,65,27,8.0,false,0.9,SYNTHETIC_ANALYSIS,Synthetic observation only; no real imagery or legal conclusion.,SYNTHETIC DEMO DATA — NOT OFFICIAL GOVERNMENT RECORDS
SAT-1237,P1237,P1237,2026-08-15,Synthetic imagery simulator,8,Built-up / Open,78,14,8.0,false,0.91,SYNTHETIC_ANALYSIS,Synthetic observation only; no real imagery or legal conclusion.,SYNTHETIC DEMO DATA — NOT OFFICIAL GOVERNMENT RECORDS
SAT-1238,P1238,P1238,2026-08-15,Synthetic imagery simulator,11,Built-up / Open,36,56,8.0,false,0.92,SYNTHETIC_ANALYSIS,Synthetic observation only; no real imagery or legal conclusion.,SYNTHETIC DEMO DATA — NOT OFFICIAL GOVERNMENT RECORDS
SAT-1239,P1239,P1239,2026-08-15,Synthetic imagery simulator,14,Built-up / Open,49,43,8.0,false,0.93,SYNTHETIC_ANALYSIS,Synthetic observation only; no real imagery or legal conclusion.,SYNTHETIC DEMO DATA — NOT OFFICIAL GOVERNMENT RECORDS
SAT-1240,P1240,P1240,2026-08-15,Synthetic imagery simulator,17,Built-up / Open,62,30,8.0,false,0.94,SYNTHETIC_ANALYSIS,Synthetic observation only; no real imagery or legal conclusion.,SYNTHETIC DEMO DATA — NOT OFFICIAL GOVERNMENT RECORDS
SAT-1241,P1241,P1241,2026-08-15,Synthetic imagery simulator,20,Built-up / Open,75,17,8.0,true,0.75,SYNTHETIC_ANALYSIS,Synthetic observation only; no real imagery or legal conclusion.,SYNTHETIC DEMO DATA — NOT OFFICIAL GOVERNMENT RECORDS
SAT-1242,P1242,P1242,2026-08-15,Synthetic imagery simulator,23,Built-up / Open,88,4,8.0,false,0.76,SYNTHETIC_ANALYSIS,Synthetic observation only; no real imagery or legal conclusion.,SYNTHETIC DEMO DATA — NOT OFFICIAL GOVERNMENT RECORDS
SAT-1243,P1243,P1243,2026-08-15,Synthetic imagery simulator,26,Built-up / Open,46,46,8.0,false,0.77,SYNTHETIC_ANALYSIS,Synthetic observation only; no real imagery or legal conclusion.,SYNTHETIC DEMO DATA — NOT OFFICIAL GOVERNMENT RECORDS
SAT-1244,P1244,P1244,2026-08-15,Synthetic imagery simulator,29,Built-up / Open,59,33,8.0,false,0.78,SYNTHETIC_ANALYSIS,Synthetic observation only; no real imagery or legal conclusion.,SYNTHETIC DEMO DATA — NOT OFFICIAL GOVERNMENT RECORDS
SAT-1245,P1245,P1245,2026-08-15,Synthetic imagery simulator,32,Built-up / Open,72,20,8.0,false,0.79,SYNTHETIC_ANALYSIS,Synthetic observation only; no real imagery or legal conclusion.,SYNTHETIC DEMO DATA — NOT OFFICIAL GOVERNMENT RECORDS
SAT-1246,P1246,P1246,2026-08-15,Synthetic imagery simulator,0,Built-up / Open,85,7,8.0,false,0.8,SYNTHETIC_ANALYSIS,Synthetic observation only; no real imagery or legal conclusion.,SYNTHETIC DEMO DATA — NOT OFFICIAL GOVERNMENT RECORDS
SAT-1247,P1247,P1247,2026-08-15,Synthetic imagery simulator,3,Built-up / Open,43,49,8.0,true,0.81,SYNTHETIC_ANALYSIS,Synthetic observation only; no real imagery or legal conclusion.,SYNTHETIC DEMO DATA — NOT OFFICIAL GOVERNMENT RECORDS
SAT-1248,P1248,P1248,2026-08-15,Synthetic imagery simulator,6,Built-up / Open,56,36,8.0,false,0.82,SYNTHETIC_ANALYSIS,Synthetic observation only; no real imagery or legal conclusion.,SYNTHETIC DEMO DATA — NOT OFFICIAL GOVERNMENT RECORDS
SAT-1249,P1249,P1249,2026-08-15,Synthetic imagery simulator,9,Built-up / Open,69,23,8.0,false,0.83,SYNTHETIC_ANALYSIS,Synthetic observation only; no real imagery or legal conclusion.,SYNTHETIC DEMO DATA — NOT OFFICIAL GOVERNMENT RECORDS
SAT-1250,P1250,P1250,2026-08-15,Synthetic imagery simulator,12,Built-up / Open,82,10,8.0,false,0.84,SYNTHETIC_ANALYSIS,Synthetic observation only; no real imagery or legal conclusion.,SYNTHETIC DEMO DATA — NOT OFFICIAL GOVERNMENT RECORDS
SAT-1251,P1251,P1251,2026-08-15,Synthetic imagery simulator,15,Built-up / Open,40,52,8.0,false,0.85,SYNTHETIC_ANALYSIS,Synthetic observation only; no real imagery or legal conclusion.,SYNTHETIC DEMO DATA — NOT OFFICIAL GOVERNMENT RECORDS
SAT-1252,P1252,P1252,2026-08-15,Synthetic imagery simulator,18,Built-up / Open,53,39,8.0,false,0.86,SYNTHETIC_ANALYSIS,Synthetic observation only; no real imagery or legal conclusion.,SYNTHETIC DEMO DATA — NOT OFFICIAL GOVERNMENT RECORDS
SAT-1253,P1253,P1253,2026-08-15,Synthetic imagery simulator,21,Built-up / Open,66,26,8.0,true,0.87,SYNTHETIC_ANALYSIS,Synthetic observation only; no real imagery or legal conclusion.,SYNTHETIC DEMO DATA — NOT OFFICIAL GOVERNMENT RECORDS
SAT-1254,P1254,P1254,2026-08-15,Synthetic imagery simulator,24,Built-up / Open,79,13,8.0,false,0.88,SYNTHETIC_ANALYSIS,Synthetic observation only; no real imagery or legal conclusion.,SYNTHETIC DEMO DATA — NOT OFFICIAL GOVERNMENT RECORDS
SAT-1255,P1255,P1255,2026-08-15,Synthetic imagery simulator,27,Built-up / Open,37,55,8.0,false,0.89,SYNTHETIC_ANALYSIS,Synthetic observation only; no real imagery or legal conclusion.,SYNTHETIC DEMO DATA — NOT OFFICIAL GOVERNMENT RECORDS
SAT-1256,P1256,P1256,2026-08-15,Synthetic imagery simulator,30,Built-up / Open,50,42,8.0,false,0.9,SYNTHETIC_ANALYSIS,Synthetic observation only; no real imagery or legal conclusion.,SYNTHETIC DEMO DATA — NOT OFFICIAL GOVERNMENT RECORDS
SAT-1257,P1257,P1257,2026-08-15,Synthetic imagery simulator,33,Built-up / Open,63,29,8.0,false,0.91,SYNTHETIC_ANALYSIS,Synthetic observation only; no real imagery or legal conclusion.,SYNTHETIC DEMO DATA — NOT OFFICIAL GOVERNMENT RECORDS
SAT-1258,P1258,P1258,2026-08-15,Synthetic imagery simulator,1,Built-up / Open,76,16,8.0,false,0.92,SYNTHETIC_ANALYSIS,Synthetic observation only; no real imagery or legal conclusion.,SYNTHETIC DEMO DATA — NOT OFFICIAL GOVERNMENT RECORDS
SAT-1259,P1259,P1259,2026-08-15,Synthetic imagery simulator,4,Built-up / Open,89,3,8.0,true,0.93,SYNTHETIC_ANALYSIS,Synthetic observation only; no real imagery or legal conclusion.,SYNTHETIC DEMO DATA — NOT OFFICIAL GOVERNMENT RECORDS
SAT-1260,P1260,P1260,2026-08-15,Synthetic imagery simulator,7,Built-up / Open,47,45,8.0,false,0.94,SYNTHETIC_ANALYSIS,Synthetic observation only; no real imagery or legal conclusion.,SYNTHETIC DEMO DATA — NOT OFFICIAL GOVERNMENT RECORDS
SAT-1261,P1261,P1261,2026-08-15,Synthetic imagery simulator,10,Built-up / Open,60,32,8.0,false,0.75,SYNTHETIC_ANALYSIS,Synthetic observation only; no real imagery or legal conclusion.,SYNTHETIC DEMO DATA — NOT OFFICIAL GOVERNMENT RECORDS
SAT-1262,P1262,P1262,2026-08-15,Synthetic imagery simulator,13,Built-up / Open,73,19,8.0,false,0.76,SYNTHETIC_ANALYSIS,Synthetic observation only; no real imagery or legal conclusion.,SYNTHETIC DEMO DATA — NOT OFFICIAL GOVERNMENT RECORDS
SAT-1263,P1263,P1263,2026-08-15,Synthetic imagery simulator,16,Built-up / Open,86,6,8.0,false,0.77,SYNTHETIC_ANALYSIS,Synthetic observation only; no real imagery or legal conclusion.,SYNTHETIC DEMO DATA — NOT OFFICIAL GOVERNMENT RECORDS
SAT-1264,P1264,P1264,2026-08-15,Synthetic imagery simulator,19,Built-up / Open,44,48,8.0,false,0.78,SYNTHETIC_ANALYSIS,Synthetic observation only; no real imagery or legal conclusion.,SYNTHETIC DEMO DATA — NOT OFFICIAL GOVERNMENT RECORDS
SAT-1265,P1265,P1265,2026-08-15,Synthetic imagery simulator,22,Built-up / Open,57,35,8.0,true,0.79,SYNTHETIC_ANALYSIS,Synthetic observation only; no real imagery or legal conclusion.,SYNTHETIC DEMO DATA — NOT OFFICIAL GOVERNMENT RECORDS
SAT-1266,P1266,P1266,2026-08-15,Synthetic imagery simulator,25,Built-up / Open,70,22,8.0,false,0.8,SYNTHETIC_ANALYSIS,Synthetic observation only; no real imagery or legal conclusion.,SYNTHETIC DEMO DATA — NOT OFFICIAL GOVERNMENT RECORDS
SAT-1267,P1267,P1267,2026-08-15,Synthetic imagery simulator,28,Built-up / Open,83,9,8.0,false,0.81,SYNTHETIC_ANALYSIS,Synthetic observation only; no real imagery or legal conclusion.,SYNTHETIC DEMO DATA — NOT OFFICIAL GOVERNMENT RECORDS
SAT-1268,P1268,P1268,2026-08-15,Synthetic imagery simulator,31,Built-up / Open,41,51,8.0,false,0.82,SYNTHETIC_ANALYSIS,Synthetic observation only; no real imagery or legal conclusion.,SYNTHETIC DEMO DATA — NOT OFFICIAL GOVERNMENT RECORDS
SAT-1269,P1269,P1269,2026-08-15,Synthetic imagery simulator,34,Built-up / Open,54,38,8.0,false,0.83,SYNTHETIC_ANALYSIS,Synthetic observation only; no real imagery or legal conclusion.,SYNTHETIC DEMO DATA — NOT OFFICIAL GOVERNMENT RECORDS
SAT-1270,P1270,P1270,2026-08-15,Synthetic imagery simulator,2,Built-up / Open,67,25,8.0,false,0.84,SYNTHETIC_ANALYSIS,Synthetic observation only; no real imagery or legal conclusion.,SYNTHETIC DEMO DATA — NOT OFFICIAL GOVERNMENT RECORDS
SAT-1271,P1271,P1271,2026-08-15,Synthetic imagery simulator,5,Built-up / Open,80,12,8.0,true,0.85,SYNTHETIC_ANALYSIS,Synthetic observation only; no real imagery or legal conclusion.,SYNTHETIC DEMO DATA — NOT OFFICIAL GOVERNMENT RECORDS
SAT-1272,P1272,P1272,2026-08-15,Synthetic imagery simulator,8,Built-up / Open,38,54,8.0,false,0.86,SYNTHETIC_ANALYSIS,Synthetic observation only; no real imagery or legal conclusion.,SYNTHETIC DEMO DATA — NOT OFFICIAL GOVERNMENT RECORDS
SAT-1273,P1273,P1273,2026-08-15,Synthetic imagery simulator,11,Built-up / Open,51,41,8.0,false,0.87,SYNTHETIC_ANALYSIS,Synthetic observation only; no real imagery or legal conclusion.,SYNTHETIC DEMO DATA — NOT OFFICIAL GOVERNMENT RECORDS
SAT-1274,P1274,P1274,2026-08-15,Synthetic imagery simulator,14,Built-up / Open,64,28,8.0,false,0.88,SYNTHETIC_ANALYSIS,Synthetic observation only; no real imagery or legal conclusion.,SYNTHETIC DEMO DATA — NOT OFFICIAL GOVERNMENT RECORDS
SAT-1275,P1275,P1275,2026-08-15,Synthetic imagery simulator,17,Built-up / Open,77,15,8.0,false,0.89,SYNTHETIC_ANALYSIS,Synthetic observation only; no real imagery or legal conclusion.,SYNTHETIC DEMO DATA — NOT OFFICIAL GOVERNMENT RECORDS
SAT-1276,P1276,P1276,2026-08-15,Synthetic imagery simulator,20,Built-up / Open,35,57,8.0,false,0.9,SYNTHETIC_ANALYSIS,Synthetic observation only; no real imagery or legal conclusion.,SYNTHETIC DEMO DATA — NOT OFFICIAL GOVERNMENT RECORDS
SAT-1277,P1277,P1277,2026-08-15,Synthetic imagery simulator,23,Built-up / Open,48,44,8.0,true,0.91,SYNTHETIC_ANALYSIS,Synthetic observation only; no real imagery or legal conclusion.,SYNTHETIC DEMO DATA — NOT OFFICIAL GOVERNMENT RECORDS
SAT-1278,P1278,P1278,2026-08-15,Synthetic imagery simulator,26,Built-up / Open,61,31,8.0,false,0.92,SYNTHETIC_ANALYSIS,Synthetic observation only; no real imagery or legal conclusion.,SYNTHETIC DEMO DATA — NOT OFFICIAL GOVERNMENT RECORDS
SAT-1279,P1279,P1279,2026-08-15,Synthetic imagery simulator,29,Built-up / Open,74,18,8.0,false,0.93,SYNTHETIC_ANALYSIS,Synthetic observation only; no real imagery or legal conclusion.,SYNTHETIC DEMO DATA — NOT OFFICIAL GOVERNMENT RECORDS
SAT-1280,P1280,P1280,2026-08-15,Synthetic imagery simulator,32,Built-up / Open,87,5,8.0,false,0.94,SYNTHETIC_ANALYSIS,Synthetic observation only; no real imagery or legal conclusion.,SYNTHETIC DEMO DATA — NOT OFFICIAL GOVERNMENT RECORDS
SAT-1281,P1281,P1281,2026-08-15,Synthetic imagery simulator,0,Built-up / Open,45,47,8.0,false,0.75,SYNTHETIC_ANALYSIS,Synthetic observation only; no real imagery or legal conclusion.,SYNTHETIC DEMO DATA — NOT OFFICIAL GOVERNMENT RECORDS
SAT-1282,P1282,P1282,2026-08-15,Synthetic imagery simulator,3,Built-up / Open,58,34,8.0,false,0.76,SYNTHETIC_ANALYSIS,Synthetic observation only; no real imagery or legal conclusion.,SYNTHETIC DEMO DATA — NOT OFFICIAL GOVERNMENT RECORDS
SAT-1283,P1283,P1283,2026-08-15,Synthetic imagery simulator,6,Built-up / Open,71,21,8.0,true,0.77,SYNTHETIC_ANALYSIS,Synthetic observation only; no real imagery or legal conclusion.,SYNTHETIC DEMO DATA — NOT OFFICIAL GOVERNMENT RECORDS
SAT-1284,P1284,P1284,2026-08-15,Synthetic imagery simulator,9,Built-up / Open,84,8,8.0,false,0.78,SYNTHETIC_ANALYSIS,Synthetic observation only; no real imagery or legal conclusion.,SYNTHETIC DEMO DATA — NOT OFFICIAL GOVERNMENT RECORDS
SAT-1285,P1285,P1285,2026-08-15,Synthetic imagery simulator,12,Built-up / Open,42,50,8.0,false,0.79,SYNTHETIC_ANALYSIS,Synthetic observation only; no real imagery or legal conclusion.,SYNTHETIC DEMO DATA — NOT OFFICIAL GOVERNMENT RECORDS
SAT-1286,P1286,P1286,2026-08-15,Synthetic imagery simulator,15,Built-up / Open,55,37,8.0,false,0.8,SYNTHETIC_ANALYSIS,Synthetic observation only; no real imagery or legal conclusion.,SYNTHETIC DEMO DATA — NOT OFFICIAL GOVERNMENT RECORDS
SAT-1287,P1287,P1287,2026-08-15,Synthetic imagery simulator,18,Built-up / Open,68,24,8.0,false,0.81,SYNTHETIC_ANALYSIS,Synthetic observation only; no real imagery or legal conclusion.,SYNTHETIC DEMO DATA — NOT OFFICIAL GOVERNMENT RECORDS
SAT-1288,P1288,P1288,2026-08-15,Synthetic imagery simulator,21,Built-up / Open,81,11,8.0,false,0.82,SYNTHETIC_ANALYSIS,Synthetic observation only; no real imagery or legal conclusion.,SYNTHETIC DEMO DATA — NOT OFFICIAL GOVERNMENT RECORDS
SAT-1289,P1289,P1289,2026-08-15,Synthetic imagery simulator,24,Built-up / Open,39,53,8.0,true,0.83,SYNTHETIC_ANALYSIS,Synthetic observation only; no real imagery or legal conclusion.,SYNTHETIC DEMO DATA — NOT OFFICIAL GOVERNMENT RECORDS
SAT-1290,P1290,P1290,2026-08-15,Synthetic imagery simulator,27,Built-up / Open,52,40,8.0,false,0.84,SYNTHETIC_ANALYSIS,Synthetic observation only; no real imagery or legal conclusion.,SYNTHETIC DEMO DATA — NOT OFFICIAL GOVERNMENT RECORDS
SAT-1291,P1291,P1291,2026-08-15,Synthetic imagery simulator,30,Built-up / Open,65,27,8.0,false,0.85,SYNTHETIC_ANALYSIS,Synthetic observation only; no real imagery or legal conclusion.,SYNTHETIC DEMO DATA — NOT OFFICIAL GOVERNMENT RECORDS
SAT-1292,P1292,P1292,2026-08-15,Synthetic imagery simulator,33,Built-up / Open,78,14,8.0,false,0.86,SYNTHETIC_ANALYSIS,Synthetic observation only; no real imagery or legal conclusion.,SYNTHETIC DEMO DATA — NOT OFFICIAL GOVERNMENT RECORDS
SAT-1293,P1293,P1293,2026-08-15,Synthetic imagery simulator,1,Built-up / Open,36,56,8.0,false,0.87,SYNTHETIC_ANALYSIS,Synthetic observation only; no real imagery or legal conclusion.,SYNTHETIC DEMO DATA — NOT OFFICIAL GOVERNMENT RECORDS
SAT-1294,P1294,P1294,2026-08-15,Synthetic imagery simulator,4,Built-up / Open,49,43,8.0,false,0.88,SYNTHETIC_ANALYSIS,Synthetic observation only; no real imagery or legal conclusion.,SYNTHETIC DEMO DATA — NOT OFFICIAL GOVERNMENT RECORDS
SAT-1295,P1295,P1295,2026-08-15,Synthetic imagery simulator,7,Built-up / Open,62,30,8.0,true,0.89,SYNTHETIC_ANALYSIS,Synthetic observation only; no real imagery or legal conclusion.,SYNTHETIC DEMO DATA — NOT OFFICIAL GOVERNMENT RECORDS
SAT-1296,P1296,P1296,2026-08-15,Synthetic imagery simulator,10,Built-up / Open,75,17,8.0,false,0.9,SYNTHETIC_ANALYSIS,Synthetic observation only; no real imagery or legal conclusion.,SYNTHETIC DEMO DATA — NOT OFFICIAL GOVERNMENT RECORDS
SAT-1297,P1297,P1297,2026-08-15,Synthetic imagery simulator,13,Built-up / Open,88,4,8.0,false,0.91,SYNTHETIC_ANALYSIS,Synthetic observation only; no real imagery or legal conclusion.,SYNTHETIC DEMO DATA — NOT OFFICIAL GOVERNMENT RECORDS
SAT-1298,P1298,P1298,2026-08-15,Synthetic imagery simulator,16,Built-up / Open,46,46,8.0,false,0.92,SYNTHETIC_ANALYSIS,Synthetic observation only; no real imagery or legal conclusion.,SYNTHETIC DEMO DATA — NOT OFFICIAL GOVERNMENT RECORDS
SAT-1299,P1299,P1299,2026-08-15,Synthetic imagery simulator,19,Built-up / Open,59,33,8.0,false,0.93,SYNTHETIC_ANALYSIS,Synthetic observation only; no real imagery or legal conclusion.,SYNTHETIC DEMO DATA — NOT OFFICIAL GOVERNMENT RECORDS
SAT-1300,P1300,P1300,2026-08-15,Synthetic imagery simulator,22,Built-up / Open,72,20,8.0,false,0.94,SYNTHETIC_ANALYSIS,Synthetic observation only; no real imagery or legal conclusion.,SYNTHETIC DEMO DATA — NOT OFFICIAL GOVERNMENT RECORDS
SAT-1301,P1301,P1301,2026-08-15,Synthetic imagery simulator,25,Built-up / Open,85,7,8.0,true,0.75,SYNTHETIC_ANALYSIS,Synthetic observation only; no real imagery or legal conclusion.,SYNTHETIC DEMO DATA — NOT OFFICIAL GOVERNMENT RECORDS
SAT-1302,P1302,P1302,2026-08-15,Synthetic imagery simulator,28,Built-up / Open,43,49,8.0,false,0.76,SYNTHETIC_ANALYSIS,Synthetic observation only; no real imagery or legal conclusion.,SYNTHETIC DEMO DATA — NOT OFFICIAL GOVERNMENT RECORDS
SAT-1303,P1303,P1303,2026-08-15,Synthetic imagery simulator,31,Built-up / Open,56,36,8.0,false,0.77,SYNTHETIC_ANALYSIS,Synthetic observation only; no real imagery or legal conclusion.,SYNTHETIC DEMO DATA — NOT OFFICIAL GOVERNMENT RECORDS
SAT-1304,P1304,P1304,2026-08-15,Synthetic imagery simulator,34,Built-up / Open,69,23,8.0,false,0.78,SYNTHETIC_ANALYSIS,Synthetic observation only; no real imagery or legal conclusion.,SYNTHETIC DEMO DATA — NOT OFFICIAL GOVERNMENT RECORDS
SAT-1305,P1305,P1305,2026-08-15,Synthetic imagery simulator,2,Built-up / Open,82,10,8.0,false,0.79,SYNTHETIC_ANALYSIS,Synthetic observation only; no real imagery or legal conclusion.,SYNTHETIC DEMO DATA — NOT OFFICIAL GOVERNMENT RECORDS
SAT-1306,P1306,P1306,2026-08-15,Synthetic imagery simulator,5,Built-up / Open,40,52,8.0,false,0.8,SYNTHETIC_ANALYSIS,Synthetic observation only; no real imagery or legal conclusion.,SYNTHETIC DEMO DATA — NOT OFFICIAL GOVERNMENT RECORDS
SAT-1307,P1307,P1307,2026-08-15,Synthetic imagery simulator,8,Built-up / Open,53,39,8.0,true,0.81,SYNTHETIC_ANALYSIS,Synthetic observation only; no real imagery or legal conclusion.,SYNTHETIC DEMO DATA — NOT OFFICIAL GOVERNMENT RECORDS
SAT-1308,P1308,P1308,2026-08-15,Synthetic imagery simulator,11,Built-up / Open,66,26,8.0,false,0.82,SYNTHETIC_ANALYSIS,Synthetic observation only; no real imagery or legal conclusion.,SYNTHETIC DEMO DATA — NOT OFFICIAL GOVERNMENT RECORDS
SAT-1309,P1309,P1309,2026-08-15,Synthetic imagery simulator,14,Built-up / Open,79,13,8.0,false,0.83,SYNTHETIC_ANALYSIS,Synthetic observation only; no real imagery or legal conclusion.,SYNTHETIC DEMO DATA — NOT OFFICIAL GOVERNMENT RECORDS
SAT-1310,P1310,P1310,2026-08-15,Synthetic imagery simulator,17,Built-up / Open,37,55,8.0,false,0.84,SYNTHETIC_ANALYSIS,Synthetic observation only; no real imagery or legal conclusion.,SYNTHETIC DEMO DATA — NOT OFFICIAL GOVERNMENT RECORDS
SAT-1311,P1311,P1311,2026-08-15,Synthetic imagery simulator,20,Built-up / Open,50,42,8.0,false,0.85,SYNTHETIC_ANALYSIS,Synthetic observation only; no real imagery or legal conclusion.,SYNTHETIC DEMO DATA — NOT OFFICIAL GOVERNMENT RECORDS
SAT-1312,P1312,P1312,2026-08-15,Synthetic imagery simulator,23,Built-up / Open,63,29,8.0,false,0.86,SYNTHETIC_ANALYSIS,Synthetic observation only; no real imagery or legal conclusion.,SYNTHETIC DEMO DATA — NOT OFFICIAL GOVERNMENT RECORDS
SAT-1313,P1313,P1313,2026-08-15,Synthetic imagery simulator,26,Built-up / Open,76,16,8.0,true,0.87,SYNTHETIC_ANALYSIS,Synthetic observation only; no real imagery or legal conclusion.,SYNTHETIC DEMO DATA — NOT OFFICIAL GOVERNMENT RECORDS
SAT-1314,P1314,P1314,2026-08-15,Synthetic imagery simulator,29,Built-up / Open,89,3,8.0,false,0.88,SYNTHETIC_ANALYSIS,Synthetic observation only; no real imagery or legal conclusion.,SYNTHETIC DEMO DATA — NOT OFFICIAL GOVERNMENT RECORDS
SAT-1315,P1315,P1315,2026-08-15,Synthetic imagery simulator,32,Built-up / Open,47,45,8.0,false,0.89,SYNTHETIC_ANALYSIS,Synthetic observation only; no real imagery or legal conclusion.,SYNTHETIC DEMO DATA — NOT OFFICIAL GOVERNMENT RECORDS
SAT-1316,P1316,P1316,2026-08-15,Synthetic imagery simulator,0,Built-up / Open,60,32,8.0,false,0.9,SYNTHETIC_ANALYSIS,Synthetic observation only; no real imagery or legal conclusion.,SYNTHETIC DEMO DATA — NOT OFFICIAL GOVERNMENT RECORDS
SAT-1317,P1317,P1317,2026-08-15,Synthetic imagery simulator,3,Built-up / Open,73,19,8.0,false,0.91,SYNTHETIC_ANALYSIS,Synthetic observation only; no real imagery or legal conclusion.,SYNTHETIC DEMO DATA — NOT OFFICIAL GOVERNMENT RECORDS
SAT-1318,P1318,P1318,2026-08-15,Synthetic imagery simulator,6,Built-up / Open,86,6,8.0,false,0.92,SYNTHETIC_ANALYSIS,Synthetic observation only; no real imagery or legal conclusion.,SYNTHETIC DEMO DATA — NOT OFFICIAL GOVERNMENT RECORDS
SAT-1319,P1319,P1319,2026-08-15,Synthetic imagery simulator,9,Built-up / Open,44,48,8.0,true,0.93,SYNTHETIC_ANALYSIS,Synthetic observation only; no real imagery or legal conclusion.,SYNTHETIC DEMO DATA — NOT OFFICIAL GOVERNMENT RECORDS
SAT-1320,P1320,P1320,2026-08-15,Synthetic imagery simulator,12,Built-up / Open,57,35,8.0,false,0.94,SYNTHETIC_ANALYSIS,Synthetic observation only; no real imagery or legal conclusion.,SYNTHETIC DEMO DATA — NOT OFFICIAL GOVERNMENT RECORDS
SAT-1321,P1321,P1321,2026-08-15,Synthetic imagery simulator,15,Built-up / Open,70,22,8.0,false,0.75,SYNTHETIC_ANALYSIS,Synthetic observation only; no real imagery or legal conclusion.,SYNTHETIC DEMO DATA — NOT OFFICIAL GOVERNMENT RECORDS
SAT-1322,P1322,P1322,2026-08-15,Synthetic imagery simulator,18,Built-up / Open,83,9,8.0,false,0.76,SYNTHETIC_ANALYSIS,Synthetic observation only; no real imagery or legal conclusion.,SYNTHETIC DEMO DATA — NOT OFFICIAL GOVERNMENT RECORDS
SAT-1323,P1323,P1323,2026-08-15,Synthetic imagery simulator,21,Built-up / Open,41,51,8.0,false,0.77,SYNTHETIC_ANALYSIS,Synthetic observation only; no real imagery or legal conclusion.,SYNTHETIC DEMO DATA — NOT OFFICIAL GOVERNMENT RECORDS
SAT-1324,P1324,P1324,2026-08-15,Synthetic imagery simulator,24,Built-up / Open,54,38,8.0,false,0.78,SYNTHETIC_ANALYSIS,Synthetic observation only; no real imagery or legal conclusion.,SYNTHETIC DEMO DATA — NOT OFFICIAL GOVERNMENT RECORDS
SAT-1325,P1325,P1325,2026-08-15,Synthetic imagery simulator,27,Built-up / Open,67,25,8.0,true,0.79,SYNTHETIC_ANALYSIS,Synthetic observation only; no real imagery or legal conclusion.,SYNTHETIC DEMO DATA — NOT OFFICIAL GOVERNMENT RECORDS
SAT-1326,P1326,P1326,2026-08-15,Synthetic imagery simulator,30,Built-up / Open,80,12,8.0,false,0.8,SYNTHETIC_ANALYSIS,Synthetic observation only; no real imagery or legal conclusion.,SYNTHETIC DEMO DATA — NOT OFFICIAL GOVERNMENT RECORDS
SAT-1327,P1327,P1327,2026-08-15,Synthetic imagery simulator,33,Built-up / Open,38,54,8.0,false,0.81,SYNTHETIC_ANALYSIS,Synthetic observation only; no real imagery or legal conclusion.,SYNTHETIC DEMO DATA — NOT OFFICIAL GOVERNMENT RECORDS
SAT-1328,P1328,P1328,2026-08-15,Synthetic imagery simulator,1,Built-up / Open,51,41,8.0,false,0.82,SYNTHETIC_ANALYSIS,Synthetic observation only; no real imagery or legal conclusion.,SYNTHETIC DEMO DATA — NOT OFFICIAL GOVERNMENT RECORDS
SAT-1329,P1329,P1329,2026-08-15,Synthetic imagery simulator,4,Built-up / Open,64,28,8.0,false,0.83,SYNTHETIC_ANALYSIS,Synthetic observation only; no real imagery or legal conclusion.,SYNTHETIC DEMO DATA — NOT OFFICIAL GOVERNMENT RECORDS
SAT-1330,P1330,P1330,2026-08-15,Synthetic imagery simulator,7,Built-up / Open,77,15,8.0,false,0.84,SYNTHETIC_ANALYSIS,Synthetic observation only; no real imagery or legal conclusion.,SYNTHETIC DEMO DATA — NOT OFFICIAL GOVERNMENT RECORDS
SAT-1331,P1331,P1331,2026-08-15,Synthetic imagery simulator,10,Built-up / Open,35,57,8.0,true,0.85,SYNTHETIC_ANALYSIS,Synthetic observation only; no real imagery or legal conclusion.,SYNTHETIC DEMO DATA — NOT OFFICIAL GOVERNMENT RECORDS
SAT-1332,P1332,P1332,2026-08-15,Synthetic imagery simulator,13,Built-up / Open,48,44,8.0,false,0.86,SYNTHETIC_ANALYSIS,Synthetic observation only; no real imagery or legal conclusion.,SYNTHETIC DEMO DATA — NOT OFFICIAL GOVERNMENT RECORDS
SAT-1333,P1333,P1333,2026-08-15,Synthetic imagery simulator,16,Built-up / Open,61,31,8.0,false,0.87,SYNTHETIC_ANALYSIS,Synthetic observation only; no real imagery or legal conclusion.,SYNTHETIC DEMO DATA — NOT OFFICIAL GOVERNMENT RECORDS
SAT-1334,P1334,P1334,2026-08-15,Synthetic imagery simulator,19,Built-up / Open,74,18,8.0,false,0.88,SYNTHETIC_ANALYSIS,Synthetic observation only; no real imagery or legal conclusion.,SYNTHETIC DEMO DATA — NOT OFFICIAL GOVERNMENT RECORDS
SAT-1335,P1335,P1335,2026-08-15,Synthetic imagery simulator,22,Built-up / Open,87,5,8.0,false,0.89,SYNTHETIC_ANALYSIS,Synthetic observation only; no real imagery or legal conclusion.,SYNTHETIC DEMO DATA — NOT OFFICIAL GOVERNMENT RECORDS
SAT-1336,P1336,P1336,2026-08-15,Synthetic imagery simulator,25,Built-up / Open,45,47,8.0,false,0.9,SYNTHETIC_ANALYSIS,Synthetic observation only; no real imagery or legal conclusion.,SYNTHETIC DEMO DATA — NOT OFFICIAL GOVERNMENT RECORDS
SAT-1337,P1337,P1337,2026-08-15,Synthetic imagery simulator,28,Built-up / Open,58,34,8.0,true,0.91,SYNTHETIC_ANALYSIS,Synthetic observation only; no real imagery or legal conclusion.,SYNTHETIC DEMO DATA — NOT OFFICIAL GOVERNMENT RECORDS
SAT-1338,P1338,P1338,2026-08-15,Synthetic imagery simulator,31,Built-up / Open,71,21,8.0,false,0.92,SYNTHETIC_ANALYSIS,Synthetic observation only; no real imagery or legal conclusion.,SYNTHETIC DEMO DATA — NOT OFFICIAL GOVERNMENT RECORDS
SAT-1339,P1339,P1339,2026-08-15,Synthetic imagery simulator,34,Built-up / Open,84,8,8.0,false,0.93,SYNTHETIC_ANALYSIS,Synthetic observation only; no real imagery or legal conclusion.,SYNTHETIC DEMO DATA — NOT OFFICIAL GOVERNMENT RECORDS
SAT-1340,P1340,P1340,2026-08-15,Synthetic imagery simulator,2,Built-up / Open,42,50,8.0,false,0.94,SYNTHETIC_ANALYSIS,Synthetic observation only; no real imagery or legal conclusion.,SYNTHETIC DEMO DATA — NOT OFFICIAL GOVERNMENT RECORDS
SAT-1341,P1341,P1341,2026-08-15,Synthetic imagery simulator,5,Built-up / Open,55,37,8.0,false,0.75,SYNTHETIC_ANALYSIS,Synthetic observation only; no real imagery or legal conclusion.,SYNTHETIC DEMO DATA — NOT OFFICIAL GOVERNMENT RECORDS
SAT-1342,P1342,P1342,2026-08-15,Synthetic imagery simulator,8,Built-up / Open,68,24,8.0,false,0.76,SYNTHETIC_ANALYSIS,Synthetic observation only; no real imagery or legal conclusion.,SYNTHETIC DEMO DATA — NOT OFFICIAL GOVERNMENT RECORDS
SAT-1343,P1343,P1343,2026-08-15,Synthetic imagery simulator,11,Built-up / Open,81,11,8.0,true,0.77,SYNTHETIC_ANALYSIS,Synthetic observation only; no real imagery or legal conclusion.,SYNTHETIC DEMO DATA — NOT OFFICIAL GOVERNMENT RECORDS
SAT-1344,P1344,P1344,2026-08-15,Synthetic imagery simulator,14,Built-up / Open,39,53,8.0,false,0.78,SYNTHETIC_ANALYSIS,Synthetic observation only; no real imagery or legal conclusion.,SYNTHETIC DEMO DATA — NOT OFFICIAL GOVERNMENT RECORDS
SAT-1345,P1345,P1345,2026-08-15,Synthetic imagery simulator,17,Built-up / Open,52,40,8.0,false,0.79,SYNTHETIC_ANALYSIS,Synthetic observation only; no real imagery or legal conclusion.,SYNTHETIC DEMO DATA — NOT OFFICIAL GOVERNMENT RECORDS
SAT-1346,P1346,P1346,2026-08-15,Synthetic imagery simulator,20,Built-up / Open,65,27,8.0,false,0.8,SYNTHETIC_ANALYSIS,Synthetic observation only; no real imagery or legal conclusion.,SYNTHETIC DEMO DATA — NOT OFFICIAL GOVERNMENT RECORDS
SAT-1347,P1347,P1347,2026-08-15,Synthetic imagery simulator,23,Built-up / Open,78,14,8.0,false,0.81,SYNTHETIC_ANALYSIS,Synthetic observation only; no real imagery or legal conclusion.,SYNTHETIC DEMO DATA — NOT OFFICIAL GOVERNMENT RECORDS
SAT-1348,P1348,P1348,2026-08-15,Synthetic imagery simulator,26,Built-up / Open,36,56,8.0,false,0.82,SYNTHETIC_ANALYSIS,Synthetic observation only; no real imagery or legal conclusion.,SYNTHETIC DEMO DATA — NOT OFFICIAL GOVERNMENT RECORDS
SAT-1349,P1349,P1349,2026-08-15,Synthetic imagery simulator,29,Built-up / Open,49,43,8.0,true,0.83,SYNTHETIC_ANALYSIS,Synthetic observation only; no real imagery or legal conclusion.,SYNTHETIC DEMO DATA — NOT OFFICIAL GOVERNMENT RECORDS
SAT-1350,P1350,P1350,2026-08-15,Synthetic imagery simulator,32,Built-up / Open,62,30,8.0,false,0.84,SYNTHETIC_ANALYSIS,Synthetic observation only; no real imagery or legal conclusion.,SYNTHETIC DEMO DATA — NOT OFFICIAL GOVERNMENT RECORDS
SAT-1351,P1351,P1351,2026-08-15,Synthetic imagery simulator,0,Built-up / Open,75,17,8.0,false,0.85,SYNTHETIC_ANALYSIS,Synthetic observation only; no real imagery or legal conclusion.,SYNTHETIC DEMO DATA — NOT OFFICIAL GOVERNMENT RECORDS
SAT-1352,P1352,P1352,2026-08-15,Synthetic imagery simulator,3,Built-up / Open,88,4,8.0,false,0.86,SYNTHETIC_ANALYSIS,Synthetic observation only; no real imagery or legal conclusion.,SYNTHETIC DEMO DATA — NOT OFFICIAL GOVERNMENT RECORDS
SAT-1353,P1353,P1353,2026-08-15,Synthetic imagery simulator,6,Built-up / Open,46,46,8.0,false,0.87,SYNTHETIC_ANALYSIS,Synthetic observation only; no real imagery or legal conclusion.,SYNTHETIC DEMO DATA — NOT OFFICIAL GOVERNMENT RECORDS
SAT-1354,P1354,P1354,2026-08-15,Synthetic imagery simulator,9,Built-up / Open,59,33,8.0,false,0.88,SYNTHETIC_ANALYSIS,Synthetic observation only; no real imagery or legal conclusion.,SYNTHETIC DEMO DATA — NOT OFFICIAL GOVERNMENT RECORDS
SAT-1355,P1355,P1355,2026-08-15,Synthetic imagery simulator,12,Built-up / Open,72,20,8.0,true,0.89,SYNTHETIC_ANALYSIS,Synthetic observation only; no real imagery or legal conclusion.,SYNTHETIC DEMO DATA — NOT OFFICIAL GOVERNMENT RECORDS
SAT-1356,P1356,P1356,2026-08-15,Synthetic imagery simulator,15,Built-up / Open,85,7,8.0,false,0.9,SYNTHETIC_ANALYSIS,Synthetic observation only; no real imagery or legal conclusion.,SYNTHETIC DEMO DATA — NOT OFFICIAL GOVERNMENT RECORDS
SAT-1357,P1357,P1357,2026-08-15,Synthetic imagery simulator,18,Built-up / Open,43,49,8.0,false,0.91,SYNTHETIC_ANALYSIS,Synthetic observation only; no real imagery or legal conclusion.,SYNTHETIC DEMO DATA — NOT OFFICIAL GOVERNMENT RECORDS
SAT-1358,P1358,P1358,2026-08-15,Synthetic imagery simulator,21,Built-up / Open,56,36,8.0,false,0.92,SYNTHETIC_ANALYSIS,Synthetic observation only; no real imagery or legal conclusion.,SYNTHETIC DEMO DATA — NOT OFFICIAL GOVERNMENT RECORDS
SAT-1359,P1359,P1359,2026-08-15,Synthetic imagery simulator,24,Built-up / Open,69,23,8.0,false,0.93,SYNTHETIC_ANALYSIS,Synthetic observation only; no real imagery or legal conclusion.,SYNTHETIC DEMO DATA — NOT OFFICIAL GOVERNMENT RECORDS
SAT-1360,P1360,P1360,2026-08-15,Synthetic imagery simulator,27,Built-up / Open,82,10,8.0,false,0.94,SYNTHETIC_ANALYSIS,Synthetic observation only; no real imagery or legal conclusion.,SYNTHETIC DEMO DATA — NOT OFFICIAL GOVERNMENT RECORDS
SAT-1361,P1361,P1361,2026-08-15,Synthetic imagery simulator,30,Built-up / Open,40,52,8.0,true,0.75,SYNTHETIC_ANALYSIS,Synthetic observation only; no real imagery or legal conclusion.,SYNTHETIC DEMO DATA — NOT OFFICIAL GOVERNMENT RECORDS
SAT-1362,P1362,P1362,2026-08-15,Synthetic imagery simulator,33,Built-up / Open,53,39,8.0,false,0.76,SYNTHETIC_ANALYSIS,Synthetic observation only; no real imagery or legal conclusion.,SYNTHETIC DEMO DATA — NOT OFFICIAL GOVERNMENT RECORDS
SAT-1363,P1363,P1363,2026-08-15,Synthetic imagery simulator,1,Built-up / Open,66,26,8.0,false,0.77,SYNTHETIC_ANALYSIS,Synthetic observation only; no real imagery or legal conclusion.,SYNTHETIC DEMO DATA — NOT OFFICIAL GOVERNMENT RECORDS
SAT-1364,P1364,P1364,2026-08-15,Synthetic imagery simulator,4,Built-up / Open,79,13,8.0,false,0.78,SYNTHETIC_ANALYSIS,Synthetic observation only; no real imagery or legal conclusion.,SYNTHETIC DEMO DATA — NOT OFFICIAL GOVERNMENT RECORDS
SAT-1365,P1365,P1365,2026-08-15,Synthetic imagery simulator,7,Built-up / Open,37,55,8.0,false,0.79,SYNTHETIC_ANALYSIS,Synthetic observation only; no real imagery or legal conclusion.,SYNTHETIC DEMO DATA — NOT OFFICIAL GOVERNMENT RECORDS
SAT-1366,P1366,P1366,2026-08-15,Synthetic imagery simulator,10,Built-up / Open,50,42,8.0,false,0.8,SYNTHETIC_ANALYSIS,Synthetic observation only; no real imagery or legal conclusion.,SYNTHETIC DEMO DATA — NOT OFFICIAL GOVERNMENT RECORDS
SAT-1367,P1367,P1367,2026-08-15,Synthetic imagery simulator,13,Built-up / Open,63,29,8.0,true,0.81,SYNTHETIC_ANALYSIS,Synthetic observation only; no real imagery or legal conclusion.,SYNTHETIC DEMO DATA — NOT OFFICIAL GOVERNMENT RECORDS
SAT-1368,P1368,P1368,2026-08-15,Synthetic imagery simulator,16,Built-up / Open,76,16,8.0,false,0.82,SYNTHETIC_ANALYSIS,Synthetic observation only; no real imagery or legal conclusion.,SYNTHETIC DEMO DATA — NOT OFFICIAL GOVERNMENT RECORDS
SAT-1369,P1369,P1369,2026-08-15,Synthetic imagery simulator,19,Built-up / Open,89,3,8.0,false,0.83,SYNTHETIC_ANALYSIS,Synthetic observation only; no real imagery or legal conclusion.,SYNTHETIC DEMO DATA — NOT OFFICIAL GOVERNMENT RECORDS
SAT-1370,P1370,P1370,2026-08-15,Synthetic imagery simulator,22,Built-up / Open,47,45,8.0,false,0.84,SYNTHETIC_ANALYSIS,Synthetic observation only; no real imagery or legal conclusion.,SYNTHETIC DEMO DATA — NOT OFFICIAL GOVERNMENT RECORDS
SAT-1371,P1371,P1371,2026-08-15,Synthetic imagery simulator,25,Built-up / Open,60,32,8.0,false,0.85,SYNTHETIC_ANALYSIS,Synthetic observation only; no real imagery or legal conclusion.,SYNTHETIC DEMO DATA — NOT OFFICIAL GOVERNMENT RECORDS
SAT-1372,P1372,P1372,2026-08-15,Synthetic imagery simulator,28,Built-up / Open,73,19,8.0,false,0.86,SYNTHETIC_ANALYSIS,Synthetic observation only; no real imagery or legal conclusion.,SYNTHETIC DEMO DATA — NOT OFFICIAL GOVERNMENT RECORDS
SAT-1373,P1373,P1373,2026-08-15,Synthetic imagery simulator,31,Built-up / Open,86,6,8.0,true,0.87,SYNTHETIC_ANALYSIS,Synthetic observation only; no real imagery or legal conclusion.,SYNTHETIC DEMO DATA — NOT OFFICIAL GOVERNMENT RECORDS
SAT-1374,P1374,P1374,2026-08-15,Synthetic imagery simulator,34,Built-up / Open,44,48,8.0,false,0.88,SYNTHETIC_ANALYSIS,Synthetic observation only; no real imagery or legal conclusion.,SYNTHETIC DEMO DATA — NOT OFFICIAL GOVERNMENT RECORDS
SAT-1375,P1375,P1375,2026-08-15,Synthetic imagery simulator,2,Built-up / Open,57,35,8.0,false,0.89,SYNTHETIC_ANALYSIS,Synthetic observation only; no real imagery or legal conclusion.,SYNTHETIC DEMO DATA — NOT OFFICIAL GOVERNMENT RECORDS
SAT-1376,P1376,P1376,2026-08-15,Synthetic imagery simulator,5,Built-up / Open,70,22,8.0,false,0.9,SYNTHETIC_ANALYSIS,Synthetic observation only; no real imagery or legal conclusion.,SYNTHETIC DEMO DATA — NOT OFFICIAL GOVERNMENT RECORDS
SAT-1377,P1377,P1377,2026-08-15,Synthetic imagery simulator,8,Built-up / Open,83,9,8.0,false,0.91,SYNTHETIC_ANALYSIS,Synthetic observation only; no real imagery or legal conclusion.,SYNTHETIC DEMO DATA — NOT OFFICIAL GOVERNMENT RECORDS
SAT-1378,P1378,P1378,2026-08-15,Synthetic imagery simulator,11,Built-up / Open,41,51,8.0,false,0.92,SYNTHETIC_ANALYSIS,Synthetic observation only; no real imagery or legal conclusion.,SYNTHETIC DEMO DATA — NOT OFFICIAL GOVERNMENT RECORDS
SAT-1379,P1379,P1379,2026-08-15,Synthetic imagery simulator,14,Built-up / Open,54,38,8.0,true,0.93,SYNTHETIC_ANALYSIS,Synthetic observation only; no real imagery or legal conclusion.,SYNTHETIC DEMO DATA — NOT OFFICIAL GOVERNMENT RECORDS
SAT-1380,P1380,P1380,2026-08-15,Synthetic imagery simulator,17,Built-up / Open,67,25,8.0,false,0.94,SYNTHETIC_ANALYSIS,Synthetic observation only; no real imagery or legal conclusion.,SYNTHETIC DEMO DATA — NOT OFFICIAL GOVERNMENT RECORDS
SAT-1381,P1381,P1381,2026-08-15,Synthetic imagery simulator,20,Built-up / Open,80,12,8.0,false,0.75,SYNTHETIC_ANALYSIS,Synthetic observation only; no real imagery or legal conclusion.,SYNTHETIC DEMO DATA — NOT OFFICIAL GOVERNMENT RECORDS
SAT-1382,P1382,P1382,2026-08-15,Synthetic imagery simulator,23,Built-up / Open,38,54,8.0,false,0.76,SYNTHETIC_ANALYSIS,Synthetic observation only; no real imagery or legal conclusion.,SYNTHETIC DEMO DATA — NOT OFFICIAL GOVERNMENT RECORDS
SAT-1383,P1383,P1383,2026-08-15,Synthetic imagery simulator,26,Built-up / Open,51,41,8.0,false,0.77,SYNTHETIC_ANALYSIS,Synthetic observation only; no real imagery or legal conclusion.,SYNTHETIC DEMO DATA — NOT OFFICIAL GOVERNMENT RECORDS
SAT-1384,P1384,P1384,2026-08-15,Synthetic imagery simulator,29,Built-up / Open,64,28,8.0,false,0.78,SYNTHETIC_ANALYSIS,Synthetic observation only; no real imagery or legal conclusion.,SYNTHETIC DEMO DATA — NOT OFFICIAL GOVERNMENT RECORDS
SAT-1385,P1385,P1385,2026-08-15,Synthetic imagery simulator,32,Built-up / Open,77,15,8.0,true,0.79,SYNTHETIC_ANALYSIS,Synthetic observation only; no real imagery or legal conclusion.,SYNTHETIC DEMO DATA — NOT OFFICIAL GOVERNMENT RECORDS
SAT-1386,P1386,P1386,2026-08-15,Synthetic imagery simulator,0,Built-up / Open,35,57,8.0,false,0.8,SYNTHETIC_ANALYSIS,Synthetic observation only; no real imagery or legal conclusion.,SYNTHETIC DEMO DATA — NOT OFFICIAL GOVERNMENT RECORDS
SAT-1387,P1387,P1387,2026-08-15,Synthetic imagery simulator,3,Built-up / Open,48,44,8.0,false,0.81,SYNTHETIC_ANALYSIS,Synthetic observation only; no real imagery or legal conclusion.,SYNTHETIC DEMO DATA — NOT OFFICIAL GOVERNMENT RECORDS
SAT-1388,P1388,P1388,2026-08-15,Synthetic imagery simulator,6,Built-up / Open,61,31,8.0,false,0.82,SYNTHETIC_ANALYSIS,Synthetic observation only; no real imagery or legal conclusion.,SYNTHETIC DEMO DATA — NOT OFFICIAL GOVERNMENT RECORDS
SAT-1389,P1389,P1389,2026-08-15,Synthetic imagery simulator,9,Built-up / Open,74,18,8.0,false,0.83,SYNTHETIC_ANALYSIS,Synthetic observation only; no real imagery or legal conclusion.,SYNTHETIC DEMO DATA — NOT OFFICIAL GOVERNMENT RECORDS
SAT-1390,P1390,P1390,2026-08-15,Synthetic imagery simulator,12,Built-up / Open,87,5,8.0,false,0.84,SYNTHETIC_ANALYSIS,Synthetic observation only; no real imagery or legal conclusion.,SYNTHETIC DEMO DATA — NOT OFFICIAL GOVERNMENT RECORDS
SAT-1391,P1391,P1391,2026-08-15,Synthetic imagery simulator,15,Built-up / Open,45,47,8.0,true,0.85,SYNTHETIC_ANALYSIS,Synthetic observation only; no real imagery or legal conclusion.,SYNTHETIC DEMO DATA — NOT OFFICIAL GOVERNMENT RECORDS
SAT-1392,P1392,P1392,2026-08-15,Synthetic imagery simulator,18,Built-up / Open,58,34,8.0,false,0.86,SYNTHETIC_ANALYSIS,Synthetic observation only; no real imagery or legal conclusion.,SYNTHETIC DEMO DATA — NOT OFFICIAL GOVERNMENT RECORDS
SAT-1393,P1393,P1393,2026-08-15,Synthetic imagery simulator,21,Built-up / Open,71,21,8.0,false,0.87,SYNTHETIC_ANALYSIS,Synthetic observation only; no real imagery or legal conclusion.,SYNTHETIC DEMO DATA — NOT OFFICIAL GOVERNMENT RECORDS
SAT-1394,P1394,P1394,2026-08-15,Synthetic imagery simulator,24,Built-up / Open,84,8,8.0,false,0.88,SYNTHETIC_ANALYSIS,Synthetic observation only; no real imagery or legal conclusion.,SYNTHETIC DEMO DATA — NOT OFFICIAL GOVERNMENT RECORDS
SAT-1395,P1395,P1395,2026-08-15,Synthetic imagery simulator,27,Built-up / Open,42,50,8.0,false,0.89,SYNTHETIC_ANALYSIS,Synthetic observation only; no real imagery or legal conclusion.,SYNTHETIC DEMO DATA — NOT OFFICIAL GOVERNMENT RECORDS
SAT-1396,P1396,P1396,2026-08-15,Synthetic imagery simulator,30,Built-up / Open,55,37,8.0,false,0.9,SYNTHETIC_ANALYSIS,Synthetic observation only; no real imagery or legal conclusion.,SYNTHETIC DEMO DATA — NOT OFFICIAL GOVERNMENT RECORDS
SAT-1397,P1397,P1397,2026-08-15,Synthetic imagery simulator,33,Built-up / Open,68,24,8.0,true,0.91,SYNTHETIC_ANALYSIS,Synthetic observation only; no real imagery or legal conclusion.,SYNTHETIC DEMO DATA — NOT OFFICIAL GOVERNMENT RECORDS
SAT-1398,P1398,P1398,2026-08-15,Synthetic imagery simulator,1,Built-up / Open,81,11,8.0,false,0.92,SYNTHETIC_ANALYSIS,Synthetic observation only; no real imagery or legal conclusion.,SYNTHETIC DEMO DATA — NOT OFFICIAL GOVERNMENT RECORDS
SAT-1399,P1399,P1399,2026-08-15,Synthetic imagery simulator,4,Built-up / Open,39,53,8.0,false,0.93,SYNTHETIC_ANALYSIS,Synthetic observation only; no real imagery or legal conclusion.,SYNTHETIC DEMO DATA — NOT OFFICIAL GOVERNMENT RECORDS
SAT-1400,P1400,P1400,2026-08-15,Synthetic imagery simulator,7,Built-up / Open,52,40,8.0,false,0.94,SYNTHETIC_ANALYSIS,Synthetic observation only; no real imagery or legal conclusion.,SYNTHETIC DEMO DATA — NOT OFFICIAL GOVERNMENT RECORDS
SAT-1401,P1401,P1401,2026-08-15,Synthetic imagery simulator,10,Built-up / Open,65,27,8.0,false,0.75,SYNTHETIC_ANALYSIS,Synthetic observation only; no real imagery or legal conclusion.,SYNTHETIC DEMO DATA — NOT OFFICIAL GOVERNMENT RECORDS
SAT-1402,P1402,P1402,2026-08-15,Synthetic imagery simulator,13,Built-up / Open,78,14,8.0,false,0.76,SYNTHETIC_ANALYSIS,Synthetic observation only; no real imagery or legal conclusion.,SYNTHETIC DEMO DATA — NOT OFFICIAL GOVERNMENT RECORDS
SAT-1403,P1403,P1403,2026-08-15,Synthetic imagery simulator,16,Built-up / Open,36,56,8.0,true,0.77,SYNTHETIC_ANALYSIS,Synthetic observation only; no real imagery or legal conclusion.,SYNTHETIC DEMO DATA — NOT OFFICIAL GOVERNMENT RECORDS
SAT-1404,P1404,P1404,2026-08-15,Synthetic imagery simulator,19,Built-up / Open,49,43,8.0,false,0.78,SYNTHETIC_ANALYSIS,Synthetic observation only; no real imagery or legal conclusion.,SYNTHETIC DEMO DATA — NOT OFFICIAL GOVERNMENT RECORDS
SAT-1405,P1405,P1405,2026-08-15,Synthetic imagery simulator,22,Built-up / Open,62,30,8.0,false,0.79,SYNTHETIC_ANALYSIS,Synthetic observation only; no real imagery or legal conclusion.,SYNTHETIC DEMO DATA — NOT OFFICIAL GOVERNMENT RECORDS
SAT-1406,P1406,P1406,2026-08-15,Synthetic imagery simulator,25,Built-up / Open,75,17,8.0,false,0.8,SYNTHETIC_ANALYSIS,Synthetic observation only; no real imagery or legal conclusion.,SYNTHETIC DEMO DATA — NOT OFFICIAL GOVERNMENT RECORDS
SAT-1407,P1407,P1407,2026-08-15,Synthetic imagery simulator,28,Built-up / Open,88,4,8.0,false,0.81,SYNTHETIC_ANALYSIS,Synthetic observation only; no real imagery or legal conclusion.,SYNTHETIC DEMO DATA — NOT OFFICIAL GOVERNMENT RECORDS
SAT-1408,P1408,P1408,2026-08-15,Synthetic imagery simulator,31,Built-up / Open,46,46,8.0,false,0.82,SYNTHETIC_ANALYSIS,Synthetic observation only; no real imagery or legal conclusion.,SYNTHETIC DEMO DATA — NOT OFFICIAL GOVERNMENT RECORDS
SAT-1409,P1409,P1409,2026-08-15,Synthetic imagery simulator,34,Built-up / Open,59,33,8.0,true,0.83,SYNTHETIC_ANALYSIS,Synthetic observation only; no real imagery or legal conclusion.,SYNTHETIC DEMO DATA — NOT OFFICIAL GOVERNMENT RECORDS
SAT-1410,P1410,P1410,2026-08-15,Synthetic imagery simulator,2,Built-up / Open,72,20,8.0,false,0.84,SYNTHETIC_ANALYSIS,Synthetic observation only; no real imagery or legal conclusion.,SYNTHETIC DEMO DATA — NOT OFFICIAL GOVERNMENT RECORDS
SAT-1411,P1411,P1411,2026-08-15,Synthetic imagery simulator,5,Built-up / Open,85,7,8.0,false,0.85,SYNTHETIC_ANALYSIS,Synthetic observation only; no real imagery or legal conclusion.,SYNTHETIC DEMO DATA — NOT OFFICIAL GOVERNMENT RECORDS
SAT-1412,P1412,P1412,2026-08-15,Synthetic imagery simulator,8,Built-up / Open,43,49,8.0,false,0.86,SYNTHETIC_ANALYSIS,Synthetic observation only; no real imagery or legal conclusion.,SYNTHETIC DEMO DATA — NOT OFFICIAL GOVERNMENT RECORDS
SAT-1413,P1413,P1413,2026-08-15,Synthetic imagery simulator,11,Built-up / Open,56,36,8.0,false,0.87,SYNTHETIC_ANALYSIS,Synthetic observation only; no real imagery or legal conclusion.,SYNTHETIC DEMO DATA — NOT OFFICIAL GOVERNMENT RECORDS
SAT-1414,P1414,P1414,2026-08-15,Synthetic imagery simulator,14,Built-up / Open,69,23,8.0,false,0.88,SYNTHETIC_ANALYSIS,Synthetic observation only; no real imagery or legal conclusion.,SYNTHETIC DEMO DATA — NOT OFFICIAL GOVERNMENT RECORDS
SAT-1415,P1415,P1415,2026-08-15,Synthetic imagery simulator,17,Built-up / Open,82,10,8.0,true,0.89,SYNTHETIC_ANALYSIS,Synthetic observation only; no real imagery or legal conclusion.,SYNTHETIC DEMO DATA — NOT OFFICIAL GOVERNMENT RECORDS
SAT-1416,P1416,P1416,2026-08-15,Synthetic imagery simulator,20,Built-up / Open,40,52,8.0,false,0.9,SYNTHETIC_ANALYSIS,Synthetic observation only; no real imagery or legal conclusion.,SYNTHETIC DEMO DATA — NOT OFFICIAL GOVERNMENT RECORDS
SAT-1417,P1417,P1417,2026-08-15,Synthetic imagery simulator,23,Built-up / Open,53,39,8.0,false,0.91,SYNTHETIC_ANALYSIS,Synthetic observation only; no real imagery or legal conclusion.,SYNTHETIC DEMO DATA — NOT OFFICIAL GOVERNMENT RECORDS
SAT-1418,P1418,P1418,2026-08-15,Synthetic imagery simulator,26,Built-up / Open,66,26,8.0,false,0.92,SYNTHETIC_ANALYSIS,Synthetic observation only; no real imagery or legal conclusion.,SYNTHETIC DEMO DATA — NOT OFFICIAL GOVERNMENT RECORDS
SAT-1419,P1419,P1419,2026-08-15,Synthetic imagery simulator,29,Built-up / Open,79,13,8.0,false,0.93,SYNTHETIC_ANALYSIS,Synthetic observation only; no real imagery or legal conclusion.,SYNTHETIC DEMO DATA — NOT OFFICIAL GOVERNMENT RECORDS
SAT-1420,P1420,P1420,2026-08-15,Synthetic imagery simulator,32,Built-up / Open,37,55,8.0,false,0.94,SYNTHETIC_ANALYSIS,Synthetic observation only; no real imagery or legal conclusion.,SYNTHETIC DEMO DATA — NOT OFFICIAL GOVERNMENT RECORDS
SAT-1421,P1421,P1421,2026-08-15,Synthetic imagery simulator,0,Built-up / Open,50,42,8.0,true,0.75,SYNTHETIC_ANALYSIS,Synthetic observation only; no real imagery or legal conclusion.,SYNTHETIC DEMO DATA — NOT OFFICIAL GOVERNMENT RECORDS
SAT-1422,P1422,P1422,2026-08-15,Synthetic imagery simulator,3,Built-up / Open,63,29,8.0,false,0.76,SYNTHETIC_ANALYSIS,Synthetic observation only; no real imagery or legal conclusion.,SYNTHETIC DEMO DATA — NOT OFFICIAL GOVERNMENT RECORDS
SAT-1423,P1423,P1423,2026-08-15,Synthetic imagery simulator,6,Built-up / Open,76,16,8.0,false,0.77,SYNTHETIC_ANALYSIS,Synthetic observation only; no real imagery or legal conclusion.,SYNTHETIC DEMO DATA — NOT OFFICIAL GOVERNMENT RECORDS
SAT-1424,P1424,P1424,2026-08-15,Synthetic imagery simulator,9,Built-up / Open,89,3,8.0,false,0.78,SYNTHETIC_ANALYSIS,Synthetic observation only; no real imagery or legal conclusion.,SYNTHETIC DEMO DATA — NOT OFFICIAL GOVERNMENT RECORDS
SAT-1425,P1425,P1425,2026-08-15,Synthetic imagery simulator,12,Built-up / Open,47,45,8.0,false,0.79,SYNTHETIC_ANALYSIS,Synthetic observation only; no real imagery or legal conclusion.,SYNTHETIC DEMO DATA — NOT OFFICIAL GOVERNMENT RECORDS
SAT-1426,P1426,P1426,2026-08-15,Synthetic imagery simulator,15,Built-up / Open,60,32,8.0,false,0.8,SYNTHETIC_ANALYSIS,Synthetic observation only; no real imagery or legal conclusion.,SYNTHETIC DEMO DATA — NOT OFFICIAL GOVERNMENT RECORDS
SAT-1427,P1427,P1427,2026-08-15,Synthetic imagery simulator,18,Built-up / Open,73,19,8.0,true,0.81,SYNTHETIC_ANALYSIS,Synthetic observation only; no real imagery or legal conclusion.,SYNTHETIC DEMO DATA — NOT OFFICIAL GOVERNMENT RECORDS
SAT-1428,P1428,P1428,2026-08-15,Synthetic imagery simulator,21,Built-up / Open,86,6,8.0,false,0.82,SYNTHETIC_ANALYSIS,Synthetic observation only; no real imagery or legal conclusion.,SYNTHETIC DEMO DATA — NOT OFFICIAL GOVERNMENT RECORDS
SAT-1429,P1429,P1429,2026-08-15,Synthetic imagery simulator,24,Built-up / Open,44,48,8.0,false,0.83,SYNTHETIC_ANALYSIS,Synthetic observation only; no real imagery or legal conclusion.,SYNTHETIC DEMO DATA — NOT OFFICIAL GOVERNMENT RECORDS
SAT-1430,P1430,P1430,2026-08-15,Synthetic imagery simulator,27,Built-up / Open,57,35,8.0,false,0.84,SYNTHETIC_ANALYSIS,Synthetic observation only; no real imagery or legal conclusion.,SYNTHETIC DEMO DATA — NOT OFFICIAL GOVERNMENT RECORDS
SAT-1431,P1431,P1431,2026-08-15,Synthetic imagery simulator,30,Built-up / Open,70,22,8.0,false,0.85,SYNTHETIC_ANALYSIS,Synthetic observation only; no real imagery or legal conclusion.,SYNTHETIC DEMO DATA — NOT OFFICIAL GOVERNMENT RECORDS
SAT-1432,P1432,P1432,2026-08-15,Synthetic imagery simulator,33,Built-up / Open,83,9,8.0,false,0.86,SYNTHETIC_ANALYSIS,Synthetic observation only; no real imagery or legal conclusion.,SYNTHETIC DEMO DATA — NOT OFFICIAL GOVERNMENT RECORDS
SAT-1433,P1433,P1433,2026-08-15,Synthetic imagery simulator,1,Built-up / Open,41,51,8.0,true,0.87,SYNTHETIC_ANALYSIS,Synthetic observation only; no real imagery or legal conclusion.,SYNTHETIC DEMO DATA — NOT OFFICIAL GOVERNMENT RECORDS
SAT-1434,P1434,P1434,2026-08-15,Synthetic imagery simulator,4,Built-up / Open,54,38,8.0,false,0.88,SYNTHETIC_ANALYSIS,Synthetic observation only; no real imagery or legal conclusion.,SYNTHETIC DEMO DATA — NOT OFFICIAL GOVERNMENT RECORDS
SAT-1435,P1435,P1435,2026-08-15,Synthetic imagery simulator,7,Built-up / Open,67,25,8.0,false,0.89,SYNTHETIC_ANALYSIS,Synthetic observation only; no real imagery or legal conclusion.,SYNTHETIC DEMO DATA — NOT OFFICIAL GOVERNMENT RECORDS
SAT-1436,P1436,P1436,2026-08-15,Synthetic imagery simulator,10,Built-up / Open,80,12,8.0,false,0.9,SYNTHETIC_ANALYSIS,Synthetic observation only; no real imagery or legal conclusion.,SYNTHETIC DEMO DATA — NOT OFFICIAL GOVERNMENT RECORDS
SAT-1437,P1437,P1437,2026-08-15,Synthetic imagery simulator,13,Built-up / Open,38,54,8.0,false,0.91,SYNTHETIC_ANALYSIS,Synthetic observation only; no real imagery or legal conclusion.,SYNTHETIC DEMO DATA — NOT OFFICIAL GOVERNMENT RECORDS
SAT-1438,P1438,P1438,2026-08-15,Synthetic imagery simulator,16,Built-up / Open,51,41,8.0,false,0.92,SYNTHETIC_ANALYSIS,Synthetic observation only; no real imagery or legal conclusion.,SYNTHETIC DEMO DATA — NOT OFFICIAL GOVERNMENT RECORDS
SAT-1439,P1439,P1439,2026-08-15,Synthetic imagery simulator,19,Built-up / Open,64,28,8.0,true,0.93,SYNTHETIC_ANALYSIS,Synthetic observation only; no real imagery or legal conclusion.,SYNTHETIC DEMO DATA — NOT OFFICIAL GOVERNMENT RECORDS
SAT-1440,P1440,P1440,2026-08-15,Synthetic imagery simulator,22,Built-up / Open,77,15,8.0,false,0.94,SYNTHETIC_ANALYSIS,Synthetic observation only; no real imagery or legal conclusion.,SYNTHETIC DEMO DATA — NOT OFFICIAL GOVERNMENT RECORDS
SAT-1441,P1441,P1441,2026-08-15,Synthetic imagery simulator,25,Built-up / Open,35,57,8.0,false,0.75,SYNTHETIC_ANALYSIS,Synthetic observation only; no real imagery or legal conclusion.,SYNTHETIC DEMO DATA — NOT OFFICIAL GOVERNMENT RECORDS
SAT-1442,P1442,P1442,2026-08-15,Synthetic imagery simulator,28,Built-up / Open,48,44,8.0,false,0.76,SYNTHETIC_ANALYSIS,Synthetic observation only; no real imagery or legal conclusion.,SYNTHETIC DEMO DATA — NOT OFFICIAL GOVERNMENT RECORDS
SAT-1443,P1443,P1443,2026-08-15,Synthetic imagery simulator,31,Built-up / Open,61,31,8.0,false,0.77,SYNTHETIC_ANALYSIS,Synthetic observation only; no real imagery or legal conclusion.,SYNTHETIC DEMO DATA — NOT OFFICIAL GOVERNMENT RECORDS
SAT-1444,P1444,P1444,2026-08-15,Synthetic imagery simulator,34,Built-up / Open,74,18,8.0,false,0.78,SYNTHETIC_ANALYSIS,Synthetic observation only; no real imagery or legal conclusion.,SYNTHETIC DEMO DATA — NOT OFFICIAL GOVERNMENT RECORDS
SAT-1445,P1445,P1445,2026-08-15,Synthetic imagery simulator,2,Built-up / Open,87,5,8.0,true,0.79,SYNTHETIC_ANALYSIS,Synthetic observation only; no real imagery or legal conclusion.,SYNTHETIC DEMO DATA — NOT OFFICIAL GOVERNMENT RECORDS
SAT-1446,P1446,P1446,2026-08-15,Synthetic imagery simulator,5,Built-up / Open,45,47,8.0,false,0.8,SYNTHETIC_ANALYSIS,Synthetic observation only; no real imagery or legal conclusion.,SYNTHETIC DEMO DATA — NOT OFFICIAL GOVERNMENT RECORDS
SAT-1447,P1447,P1447,2026-08-15,Synthetic imagery simulator,8,Built-up / Open,58,34,8.0,false,0.81,SYNTHETIC_ANALYSIS,Synthetic observation only; no real imagery or legal conclusion.,SYNTHETIC DEMO DATA — NOT OFFICIAL GOVERNMENT RECORDS
SAT-1448,P1448,P1448,2026-08-15,Synthetic imagery simulator,11,Built-up / Open,71,21,8.0,false,0.82,SYNTHETIC_ANALYSIS,Synthetic observation only; no real imagery or legal conclusion.,SYNTHETIC DEMO DATA — NOT OFFICIAL GOVERNMENT RECORDS
SAT-1449,P1449,P1449,2026-08-15,Synthetic imagery simulator,14,Built-up / Open,84,8,8.0,false,0.83,SYNTHETIC_ANALYSIS,Synthetic observation only; no real imagery or legal conclusion.,SYNTHETIC DEMO DATA — NOT OFFICIAL GOVERNMENT RECORDS
SAT-1450,P1450,P1450,2026-08-15,Synthetic imagery simulator,17,Built-up / Open,42,50,8.0,false,0.84,SYNTHETIC_ANALYSIS,Synthetic observation only; no real imagery or legal conclusion.,SYNTHETIC DEMO DATA — NOT OFFICIAL GOVERNMENT RECORDS
SAT-1451,P1451,P1451,2026-08-15,Synthetic imagery simulator,20,Built-up / Open,55,37,8.0,true,0.85,SYNTHETIC_ANALYSIS,Synthetic observation only; no real imagery or legal conclusion.,SYNTHETIC DEMO DATA — NOT OFFICIAL GOVERNMENT RECORDS
SAT-1452,P1452,P1452,2026-08-15,Synthetic imagery simulator,23,Built-up / Open,68,24,8.0,false,0.86,SYNTHETIC_ANALYSIS,Synthetic observation only; no real imagery or legal conclusion.,SYNTHETIC DEMO DATA — NOT OFFICIAL GOVERNMENT RECORDS
SAT-1453,P1453,P1453,2026-08-15,Synthetic imagery simulator,26,Built-up / Open,81,11,8.0,false,0.87,SYNTHETIC_ANALYSIS,Synthetic observation only; no real imagery or legal conclusion.,SYNTHETIC DEMO DATA — NOT OFFICIAL GOVERNMENT RECORDS
SAT-1454,P1454,P1454,2026-08-15,Synthetic imagery simulator,29,Built-up / Open,39,53,8.0,false,0.88,SYNTHETIC_ANALYSIS,Synthetic observation only; no real imagery or legal conclusion.,SYNTHETIC DEMO DATA — NOT OFFICIAL GOVERNMENT RECORDS
SAT-1455,P1455,P1455,2026-08-15,Synthetic imagery simulator,32,Built-up / Open,52,40,8.0,false,0.89,SYNTHETIC_ANALYSIS,Synthetic observation only; no real imagery or legal conclusion.,SYNTHETIC DEMO DATA — NOT OFFICIAL GOVERNMENT RECORDS
SAT-1456,P1456,P1456,2026-08-15,Synthetic imagery simulator,0,Built-up / Open,65,27,8.0,false,0.9,SYNTHETIC_ANALYSIS,Synthetic observation only; no real imagery or legal conclusion.,SYNTHETIC DEMO DATA — NOT OFFICIAL GOVERNMENT RECORDS
SAT-1457,P1457,P1457,2026-08-15,Synthetic imagery simulator,3,Built-up / Open,78,14,8.0,true,0.91,SYNTHETIC_ANALYSIS,Synthetic observation only; no real imagery or legal conclusion.,SYNTHETIC DEMO DATA — NOT OFFICIAL GOVERNMENT RECORDS
SAT-1458,P1458,P1458,2026-08-15,Synthetic imagery simulator,6,Built-up / Open,36,56,8.0,false,0.92,SYNTHETIC_ANALYSIS,Synthetic observation only; no real imagery or legal conclusion.,SYNTHETIC DEMO DATA — NOT OFFICIAL GOVERNMENT RECORDS
SAT-1459,P1459,P1459,2026-08-15,Synthetic imagery simulator,9,Built-up / Open,49,43,8.0,false,0.93,SYNTHETIC_ANALYSIS,Synthetic observation only; no real imagery or legal conclusion.,SYNTHETIC DEMO DATA — NOT OFFICIAL GOVERNMENT RECORDS
SAT-1460,P1460,P1460,2026-08-15,Synthetic imagery simulator,12,Built-up / Open,62,30,8.0,false,0.94,SYNTHETIC_ANALYSIS,Synthetic observation only; no real imagery or legal conclusion.,SYNTHETIC DEMO DATA — NOT OFFICIAL GOVERNMENT RECORDS
SAT-1461,P1461,P1461,2026-08-15,Synthetic imagery simulator,15,Built-up / Open,75,17,8.0,false,0.75,SYNTHETIC_ANALYSIS,Synthetic observation only; no real imagery or legal conclusion.,SYNTHETIC DEMO DATA — NOT OFFICIAL GOVERNMENT RECORDS
SAT-1462,P1462,P1462,2026-08-15,Synthetic imagery simulator,18,Built-up / Open,88,4,8.0,false,0.76,SYNTHETIC_ANALYSIS,Synthetic observation only; no real imagery or legal conclusion.,SYNTHETIC DEMO DATA — NOT OFFICIAL GOVERNMENT RECORDS
SAT-1463,P1463,P1463,2026-08-15,Synthetic imagery simulator,21,Built-up / Open,46,46,8.0,true,0.77,SYNTHETIC_ANALYSIS,Synthetic observation only; no real imagery or legal conclusion.,SYNTHETIC DEMO DATA — NOT OFFICIAL GOVERNMENT RECORDS
SAT-1464,P1464,P1464,2026-08-15,Synthetic imagery simulator,24,Built-up / Open,59,33,8.0,false,0.78,SYNTHETIC_ANALYSIS,Synthetic observation only; no real imagery or legal conclusion.,SYNTHETIC DEMO DATA — NOT OFFICIAL GOVERNMENT RECORDS
SAT-1465,P1465,P1465,2026-08-15,Synthetic imagery simulator,27,Built-up / Open,72,20,8.0,false,0.79,SYNTHETIC_ANALYSIS,Synthetic observation only; no real imagery or legal conclusion.,SYNTHETIC DEMO DATA — NOT OFFICIAL GOVERNMENT RECORDS
SAT-1466,P1466,P1466,2026-08-15,Synthetic imagery simulator,30,Built-up / Open,85,7,8.0,false,0.8,SYNTHETIC_ANALYSIS,Synthetic observation only; no real imagery or legal conclusion.,SYNTHETIC DEMO DATA — NOT OFFICIAL GOVERNMENT RECORDS
SAT-1467,P1467,P1467,2026-08-15,Synthetic imagery simulator,33,Built-up / Open,43,49,8.0,false,0.81,SYNTHETIC_ANALYSIS,Synthetic observation only; no real imagery or legal conclusion.,SYNTHETIC DEMO DATA — NOT OFFICIAL GOVERNMENT RECORDS
SAT-1468,P1468,P1468,2026-08-15,Synthetic imagery simulator,1,Built-up / Open,56,36,8.0,false,0.82,SYNTHETIC_ANALYSIS,Synthetic observation only; no real imagery or legal conclusion.,SYNTHETIC DEMO DATA — NOT OFFICIAL GOVERNMENT RECORDS
SAT-1469,P1469,P1469,2026-08-15,Synthetic imagery simulator,4,Built-up / Open,69,23,8.0,true,0.83,SYNTHETIC_ANALYSIS,Synthetic observation only; no real imagery or legal conclusion.,SYNTHETIC DEMO DATA — NOT OFFICIAL GOVERNMENT RECORDS
SAT-1470,P1470,P1470,2026-08-15,Synthetic imagery simulator,7,Built-up / Open,82,10,8.0,false,0.84,SYNTHETIC_ANALYSIS,Synthetic observation only; no real imagery or legal conclusion.,SYNTHETIC DEMO DATA — NOT OFFICIAL GOVERNMENT RECORDS
SAT-1471,P1471,P1471,2026-08-15,Synthetic imagery simulator,10,Built-up / Open,40,52,8.0,false,0.85,SYNTHETIC_ANALYSIS,Synthetic observation only; no real imagery or legal conclusion.,SYNTHETIC DEMO DATA — NOT OFFICIAL GOVERNMENT RECORDS
SAT-1472,P1472,P1472,2026-08-15,Synthetic imagery simulator,13,Built-up / Open,53,39,8.0,false,0.86,SYNTHETIC_ANALYSIS,Synthetic observation only; no real imagery or legal conclusion.,SYNTHETIC DEMO DATA — NOT OFFICIAL GOVERNMENT RECORDS
SAT-1473,P1473,P1473,2026-08-15,Synthetic imagery simulator,16,Built-up / Open,66,26,8.0,false,0.87,SYNTHETIC_ANALYSIS,Synthetic observation only; no real imagery or legal conclusion.,SYNTHETIC DEMO DATA — NOT OFFICIAL GOVERNMENT RECORDS
SAT-1474,P1474,P1474,2026-08-15,Synthetic imagery simulator,19,Built-up / Open,79,13,8.0,false,0.88,SYNTHETIC_ANALYSIS,Synthetic observation only; no real imagery or legal conclusion.,SYNTHETIC DEMO DATA — NOT OFFICIAL GOVERNMENT RECORDS
SAT-1475,P1475,P1475,2026-08-15,Synthetic imagery simulator,22,Built-up / Open,37,55,8.0,true,0.89,SYNTHETIC_ANALYSIS,Synthetic observation only; no real imagery or legal conclusion.,SYNTHETIC DEMO DATA — NOT OFFICIAL GOVERNMENT RECORDS
SAT-1476,P1476,P1476,2026-08-15,Synthetic imagery simulator,25,Built-up / Open,50,42,8.0,false,0.9,SYNTHETIC_ANALYSIS,Synthetic observation only; no real imagery or legal conclusion.,SYNTHETIC DEMO DATA — NOT OFFICIAL GOVERNMENT RECORDS
SAT-1477,P1477,P1477,2026-08-15,Synthetic imagery simulator,28,Built-up / Open,63,29,8.0,false,0.91,SYNTHETIC_ANALYSIS,Synthetic observation only; no real imagery or legal conclusion.,SYNTHETIC DEMO DATA — NOT OFFICIAL GOVERNMENT RECORDS
SAT-1478,P1478,P1478,2026-08-15,Synthetic imagery simulator,31,Built-up / Open,76,16,8.0,false,0.92,SYNTHETIC_ANALYSIS,Synthetic observation only; no real imagery or legal conclusion.,SYNTHETIC DEMO DATA — NOT OFFICIAL GOVERNMENT RECORDS
SAT-1479,P1479,P1479,2026-08-15,Synthetic imagery simulator,34,Built-up / Open,89,3,8.0,false,0.93,SYNTHETIC_ANALYSIS,Synthetic observation only; no real imagery or legal conclusion.,SYNTHETIC DEMO DATA — NOT OFFICIAL GOVERNMENT RECORDS
SAT-1480,P1480,P1480,2026-08-15,Synthetic imagery simulator,2,Built-up / Open,47,45,8.0,false,0.94,SYNTHETIC_ANALYSIS,Synthetic observation only; no real imagery or legal conclusion.,SYNTHETIC DEMO DATA — NOT OFFICIAL GOVERNMENT RECORDS
SAT-1481,P1481,P1481,2026-08-15,Synthetic imagery simulator,5,Built-up / Open,60,32,8.0,true,0.75,SYNTHETIC_ANALYSIS,Synthetic observation only; no real imagery or legal conclusion.,SYNTHETIC DEMO DATA — NOT OFFICIAL GOVERNMENT RECORDS
SAT-1482,P1482,P1482,2026-08-15,Synthetic imagery simulator,8,Built-up / Open,73,19,8.0,false,0.76,SYNTHETIC_ANALYSIS,Synthetic observation only; no real imagery or legal conclusion.,SYNTHETIC DEMO DATA — NOT OFFICIAL GOVERNMENT RECORDS
SAT-1483,P1483,P1483,2026-08-15,Synthetic imagery simulator,11,Built-up / Open,86,6,8.0,false,0.77,SYNTHETIC_ANALYSIS,Synthetic observation only; no real imagery or legal conclusion.,SYNTHETIC DEMO DATA — NOT OFFICIAL GOVERNMENT RECORDS
SAT-1484,P1484,P1484,2026-08-15,Synthetic imagery simulator,14,Built-up / Open,44,48,8.0,false,0.78,SYNTHETIC_ANALYSIS,Synthetic observation only; no real imagery or legal conclusion.,SYNTHETIC DEMO DATA — NOT OFFICIAL GOVERNMENT RECORDS
SAT-1485,P1485,P1485,2026-08-15,Synthetic imagery simulator,17,Built-up / Open,57,35,8.0,false,0.79,SYNTHETIC_ANALYSIS,Synthetic observation only; no real imagery or legal conclusion.,SYNTHETIC DEMO DATA — NOT OFFICIAL GOVERNMENT RECORDS
SAT-1486,P1486,P1486,2026-08-15,Synthetic imagery simulator,20,Built-up / Open,70,22,8.0,false,0.8,SYNTHETIC_ANALYSIS,Synthetic observation only; no real imagery or legal conclusion.,SYNTHETIC DEMO DATA — NOT OFFICIAL GOVERNMENT RECORDS
SAT-1487,P1487,P1487,2026-08-15,Synthetic imagery simulator,23,Built-up / Open,83,9,8.0,true,0.81,SYNTHETIC_ANALYSIS,Synthetic observation only; no real imagery or legal conclusion.,SYNTHETIC DEMO DATA — NOT OFFICIAL GOVERNMENT RECORDS
SAT-1488,P1488,P1488,2026-08-15,Synthetic imagery simulator,26,Built-up / Open,41,51,8.0,false,0.82,SYNTHETIC_ANALYSIS,Synthetic observation only; no real imagery or legal conclusion.,SYNTHETIC DEMO DATA — NOT OFFICIAL GOVERNMENT RECORDS
SAT-1489,P1489,P1489,2026-08-15,Synthetic imagery simulator,29,Built-up / Open,54,38,8.0,false,0.83,SYNTHETIC_ANALYSIS,Synthetic observation only; no real imagery or legal conclusion.,SYNTHETIC DEMO DATA — NOT OFFICIAL GOVERNMENT RECORDS
SAT-1490,P1490,P1490,2026-08-15,Synthetic imagery simulator,32,Built-up / Open,67,25,8.0,false,0.84,SYNTHETIC_ANALYSIS,Synthetic observation only; no real imagery or legal conclusion.,SYNTHETIC DEMO DATA — NOT OFFICIAL GOVERNMENT RECORDS
SAT-1491,P1491,P1491,2026-08-15,Synthetic imagery simulator,0,Built-up / Open,80,12,8.0,false,0.85,SYNTHETIC_ANALYSIS,Synthetic observation only; no real imagery or legal conclusion.,SYNTHETIC DEMO DATA — NOT OFFICIAL GOVERNMENT RECORDS
SAT-1492,P1492,P1492,2026-08-15,Synthetic imagery simulator,3,Built-up / Open,38,54,8.0,false,0.86,SYNTHETIC_ANALYSIS,Synthetic observation only; no real imagery or legal conclusion.,SYNTHETIC DEMO DATA — NOT OFFICIAL GOVERNMENT RECORDS
SAT-1493,P1493,P1493,2026-08-15,Synthetic imagery simulator,6,Built-up / Open,51,41,8.0,true,0.87,SYNTHETIC_ANALYSIS,Synthetic observation only; no real imagery or legal conclusion.,SYNTHETIC DEMO DATA — NOT OFFICIAL GOVERNMENT RECORDS
SAT-1494,P1494,P1494,2026-08-15,Synthetic imagery simulator,9,Built-up / Open,64,28,8.0,false,0.88,SYNTHETIC_ANALYSIS,Synthetic observation only; no real imagery or legal conclusion.,SYNTHETIC DEMO DATA — NOT OFFICIAL GOVERNMENT RECORDS
SAT-1495,P1495,P1495,2026-08-15,Synthetic imagery simulator,12,Built-up / Open,77,15,8.0,false,0.89,SYNTHETIC_ANALYSIS,Synthetic observation only; no real imagery or legal conclusion.,SYNTHETIC DEMO DATA — NOT OFFICIAL GOVERNMENT RECORDS
SAT-1496,P1496,P1496,2026-08-15,Synthetic imagery simulator,15,Built-up / Open,35,57,8.0,false,0.9,SYNTHETIC_ANALYSIS,Synthetic observation only; no real imagery or legal conclusion.,SYNTHETIC DEMO DATA — NOT OFFICIAL GOVERNMENT RECORDS
SAT-1497,P1497,P1497,2026-08-15,Synthetic imagery simulator,18,Built-up / Open,48,44,8.0,false,0.91,SYNTHETIC_ANALYSIS,Synthetic observation only; no real imagery or legal conclusion.,SYNTHETIC DEMO DATA — NOT OFFICIAL GOVERNMENT RECORDS
SAT-1498,P1498,P1498,2026-08-15,Synthetic imagery simulator,21,Built-up / Open,61,31,8.0,false,0.92,SYNTHETIC_ANALYSIS,Synthetic observation only; no real imagery or legal conclusion.,SYNTHETIC DEMO DATA — NOT OFFICIAL GOVERNMENT RECORDS
SAT-1499,P1499,P1499,2026-08-15,Synthetic imagery simulator,24,Built-up / Open,74,18,8.0,true,0.93,SYNTHETIC_ANALYSIS,Synthetic observation only; no real imagery or legal conclusion.,SYNTHETIC DEMO DATA — NOT OFFICIAL GOVERNMENT RECORDS
SAT-1500,P1500,P1500,2026-08-15,Synthetic imagery simulator,27,Built-up / Open,87,5,8.0,false,0.94,SYNTHETIC_ANALYSIS,Synthetic observation only; no real imagery or legal conclusion.,SYNTHETIC DEMO DATA — NOT OFFICIAL GOVERNMENT RECORDS
SAT-1501,P1501,P1501,2026-08-15,Synthetic imagery simulator,30,Built-up / Open,45,47,8.0,false,0.75,SYNTHETIC_ANALYSIS,Synthetic observation only; no real imagery or legal conclusion.,SYNTHETIC DEMO DATA — NOT OFFICIAL GOVERNMENT RECORDS
SAT-1502,P1502,P1502,2026-08-15,Synthetic imagery simulator,33,Built-up / Open,58,34,8.0,false,0.76,SYNTHETIC_ANALYSIS,Synthetic observation only; no real imagery or legal conclusion.,SYNTHETIC DEMO DATA — NOT OFFICIAL GOVERNMENT RECORDS
SAT-1503,P1503,P1503,2026-08-15,Synthetic imagery simulator,1,Built-up / Open,71,21,8.0,false,0.77,SYNTHETIC_ANALYSIS,Synthetic observation only; no real imagery or legal conclusion.,SYNTHETIC DEMO DATA — NOT OFFICIAL GOVERNMENT RECORDS
SAT-1504,P1504,P1504,2026-08-15,Synthetic imagery simulator,4,Built-up / Open,84,8,8.0,false,0.78,SYNTHETIC_ANALYSIS,Synthetic observation only; no real imagery or legal conclusion.,SYNTHETIC DEMO DATA — NOT OFFICIAL GOVERNMENT RECORDS
SAT-1505,P1505,P1505,2026-08-15,Synthetic imagery simulator,7,Built-up / Open,42,50,8.0,true,0.79,SYNTHETIC_ANALYSIS,Synthetic observation only; no real imagery or legal conclusion.,SYNTHETIC DEMO DATA — NOT OFFICIAL GOVERNMENT RECORDS
SAT-1506,P1506,P1506,2026-08-15,Synthetic imagery simulator,10,Built-up / Open,55,37,8.0,false,0.8,SYNTHETIC_ANALYSIS,Synthetic observation only; no real imagery or legal conclusion.,SYNTHETIC DEMO DATA — NOT OFFICIAL GOVERNMENT RECORDS
SAT-1507,P1507,P1507,2026-08-15,Synthetic imagery simulator,13,Built-up / Open,68,24,8.0,false,0.81,SYNTHETIC_ANALYSIS,Synthetic observation only; no real imagery or legal conclusion.,SYNTHETIC DEMO DATA — NOT OFFICIAL GOVERNMENT RECORDS
SAT-1508,P1508,P1508,2026-08-15,Synthetic imagery simulator,16,Built-up / Open,81,11,8.0,false,0.82,SYNTHETIC_ANALYSIS,Synthetic observation only; no real imagery or legal conclusion.,SYNTHETIC DEMO DATA — NOT OFFICIAL GOVERNMENT RECORDS
SAT-1509,P1509,P1509,2026-08-15,Synthetic imagery simulator,19,Built-up / Open,39,53,8.0,false,0.83,SYNTHETIC_ANALYSIS,Synthetic observation only; no real imagery or legal conclusion.,SYNTHETIC DEMO DATA — NOT OFFICIAL GOVERNMENT RECORDS
SAT-1510,P1510,P1510,2026-08-15,Synthetic imagery simulator,22,Built-up / Open,52,40,8.0,false,0.84,SYNTHETIC_ANALYSIS,Synthetic observation only; no real imagery or legal conclusion.,SYNTHETIC DEMO DATA — NOT OFFICIAL GOVERNMENT RECORDS
SAT-1511,P1511,P1511,2026-08-15,Synthetic imagery simulator,25,Built-up / Open,65,27,8.0,true,0.85,SYNTHETIC_ANALYSIS,Synthetic observation only; no real imagery or legal conclusion.,SYNTHETIC DEMO DATA — NOT OFFICIAL GOVERNMENT RECORDS
SAT-1512,P1512,P1512,2026-08-15,Synthetic imagery simulator,28,Built-up / Open,78,14,8.0,false,0.86,SYNTHETIC_ANALYSIS,Synthetic observation only; no real imagery or legal conclusion.,SYNTHETIC DEMO DATA — NOT OFFICIAL GOVERNMENT RECORDS
SAT-1513,P1513,P1513,2026-08-15,Synthetic imagery simulator,31,Built-up / Open,36,56,8.0,false,0.87,SYNTHETIC_ANALYSIS,Synthetic observation only; no real imagery or legal conclusion.,SYNTHETIC DEMO DATA — NOT OFFICIAL GOVERNMENT RECORDS
SAT-1514,P1514,P1514,2026-08-15,Synthetic imagery simulator,34,Built-up / Open,49,43,8.0,false,0.88,SYNTHETIC_ANALYSIS,Synthetic observation only; no real imagery or legal conclusion.,SYNTHETIC DEMO DATA — NOT OFFICIAL GOVERNMENT RECORDS
SAT-1515,P1515,P1515,2026-08-15,Synthetic imagery simulator,2,Built-up / Open,62,30,8.0,false,0.89,SYNTHETIC_ANALYSIS,Synthetic observation only; no real imagery or legal conclusion.,SYNTHETIC DEMO DATA — NOT OFFICIAL GOVERNMENT RECORDS
SAT-1516,P1516,P1516,2026-08-15,Synthetic imagery simulator,5,Built-up / Open,75,17,8.0,false,0.9,SYNTHETIC_ANALYSIS,Synthetic observation only; no real imagery or legal conclusion.,SYNTHETIC DEMO DATA — NOT OFFICIAL GOVERNMENT RECORDS
SAT-1517,P1517,P1517,2026-08-15,Synthetic imagery simulator,8,Built-up / Open,88,4,8.0,true,0.91,SYNTHETIC_ANALYSIS,Synthetic observation only; no real imagery or legal conclusion.,SYNTHETIC DEMO DATA — NOT OFFICIAL GOVERNMENT RECORDS
SAT-1518,P1518,P1518,2026-08-15,Synthetic imagery simulator,11,Built-up / Open,46,46,8.0,false,0.92,SYNTHETIC_ANALYSIS,Synthetic observation only; no real imagery or legal conclusion.,SYNTHETIC DEMO DATA — NOT OFFICIAL GOVERNMENT RECORDS
SAT-1519,P1519,P1519,2026-08-15,Synthetic imagery simulator,14,Built-up / Open,59,33,8.0,false,0.93,SYNTHETIC_ANALYSIS,Synthetic observation only; no real imagery or legal conclusion.,SYNTHETIC DEMO DATA — NOT OFFICIAL GOVERNMENT RECORDS
SAT-1520,P1520,P1520,2026-08-15,Synthetic imagery simulator,17,Built-up / Open,72,20,8.0,false,0.94,SYNTHETIC_ANALYSIS,Synthetic observation only; no real imagery or legal conclusion.,SYNTHETIC DEMO DATA — NOT OFFICIAL GOVERNMENT RECORDS
SAT-1521,P1521,P1521,2026-08-15,Synthetic imagery simulator,20,Built-up / Open,85,7,8.0,false,0.75,SYNTHETIC_ANALYSIS,Synthetic observation only; no real imagery or legal conclusion.,SYNTHETIC DEMO DATA — NOT OFFICIAL GOVERNMENT RECORDS
SAT-1522,P1522,P1522,2026-08-15,Synthetic imagery simulator,23,Built-up / Open,43,49,8.0,false,0.76,SYNTHETIC_ANALYSIS,Synthetic observation only; no real imagery or legal conclusion.,SYNTHETIC DEMO DATA — NOT OFFICIAL GOVERNMENT RECORDS
SAT-1523,P1523,P1523,2026-08-15,Synthetic imagery simulator,26,Built-up / Open,56,36,8.0,true,0.77,SYNTHETIC_ANALYSIS,Synthetic observation only; no real imagery or legal conclusion.,SYNTHETIC DEMO DATA — NOT OFFICIAL GOVERNMENT RECORDS
SAT-1524,P1524,P1524,2026-08-15,Synthetic imagery simulator,29,Built-up / Open,69,23,8.0,false,0.78,SYNTHETIC_ANALYSIS,Synthetic observation only; no real imagery or legal conclusion.,SYNTHETIC DEMO DATA — NOT OFFICIAL GOVERNMENT RECORDS
SAT-1525,P1525,P1525,2026-08-15,Synthetic imagery simulator,32,Built-up / Open,82,10,8.0,false,0.79,SYNTHETIC_ANALYSIS,Synthetic observation only; no real imagery or legal conclusion.,SYNTHETIC DEMO DATA — NOT OFFICIAL GOVERNMENT RECORDS
SAT-1526,P1526,P1526,2026-08-15,Synthetic imagery simulator,0,Built-up / Open,40,52,8.0,false,0.8,SYNTHETIC_ANALYSIS,Synthetic observation only; no real imagery or legal conclusion.,SYNTHETIC DEMO DATA — NOT OFFICIAL GOVERNMENT RECORDS
SAT-1527,P1527,P1527,2026-08-15,Synthetic imagery simulator,3,Built-up / Open,53,39,8.0,false,0.81,SYNTHETIC_ANALYSIS,Synthetic observation only; no real imagery or legal conclusion.,SYNTHETIC DEMO DATA — NOT OFFICIAL GOVERNMENT RECORDS
SAT-1528,P1528,P1528,2026-08-15,Synthetic imagery simulator,6,Built-up / Open,66,26,8.0,false,0.82,SYNTHETIC_ANALYSIS,Synthetic observation only; no real imagery or legal conclusion.,SYNTHETIC DEMO DATA — NOT OFFICIAL GOVERNMENT RECORDS
SAT-1529,P1529,P1529,2026-08-15,Synthetic imagery simulator,9,Built-up / Open,79,13,8.0,true,0.83,SYNTHETIC_ANALYSIS,Synthetic observation only; no real imagery or legal conclusion.,SYNTHETIC DEMO DATA — NOT OFFICIAL GOVERNMENT RECORDS
SAT-1530,P1530,P1530,2026-08-15,Synthetic imagery simulator,12,Built-up / Open,37,55,8.0,false,0.84,SYNTHETIC_ANALYSIS,Synthetic observation only; no real imagery or legal conclusion.,SYNTHETIC DEMO DATA — NOT OFFICIAL GOVERNMENT RECORDS
SAT-1531,P1531,P1531,2026-08-15,Synthetic imagery simulator,15,Built-up / Open,50,42,8.0,false,0.85,SYNTHETIC_ANALYSIS,Synthetic observation only; no real imagery or legal conclusion.,SYNTHETIC DEMO DATA — NOT OFFICIAL GOVERNMENT RECORDS
SAT-1532,P1532,P1532,2026-08-15,Synthetic imagery simulator,18,Built-up / Open,63,29,8.0,false,0.86,SYNTHETIC_ANALYSIS,Synthetic observation only; no real imagery or legal conclusion.,SYNTHETIC DEMO DATA — NOT OFFICIAL GOVERNMENT RECORDS
SAT-1533,P1533,P1533,2026-08-15,Synthetic imagery simulator,21,Built-up / Open,76,16,8.0,false,0.87,SYNTHETIC_ANALYSIS,Synthetic observation only; no real imagery or legal conclusion.,SYNTHETIC DEMO DATA — NOT OFFICIAL GOVERNMENT RECORDS
SAT-1534,P1534,P1534,2026-08-15,Synthetic imagery simulator,24,Built-up / Open,89,3,8.0,false,0.88,SYNTHETIC_ANALYSIS,Synthetic observation only; no real imagery or legal conclusion.,SYNTHETIC DEMO DATA — NOT OFFICIAL GOVERNMENT RECORDS
SAT-1535,P1535,P1535,2026-08-15,Synthetic imagery simulator,27,Built-up / Open,47,45,8.0,true,0.89,SYNTHETIC_ANALYSIS,Synthetic observation only; no real imagery or legal conclusion.,SYNTHETIC DEMO DATA — NOT OFFICIAL GOVERNMENT RECORDS
SAT-1536,P1536,P1536,2026-08-15,Synthetic imagery simulator,30,Built-up / Open,60,32,8.0,false,0.9,SYNTHETIC_ANALYSIS,Synthetic observation only; no real imagery or legal conclusion.,SYNTHETIC DEMO DATA — NOT OFFICIAL GOVERNMENT RECORDS
SAT-1537,P1537,P1537,2026-08-15,Synthetic imagery simulator,33,Built-up / Open,73,19,8.0,false,0.91,SYNTHETIC_ANALYSIS,Synthetic observation only; no real imagery or legal conclusion.,SYNTHETIC DEMO DATA — NOT OFFICIAL GOVERNMENT RECORDS
SAT-1538,P1538,P1538,2026-08-15,Synthetic imagery simulator,1,Built-up / Open,86,6,8.0,false,0.92,SYNTHETIC_ANALYSIS,Synthetic observation only; no real imagery or legal conclusion.,SYNTHETIC DEMO DATA — NOT OFFICIAL GOVERNMENT RECORDS
SAT-1539,P1539,P1539,2026-08-15,Synthetic imagery simulator,4,Built-up / Open,44,48,8.0,false,0.93,SYNTHETIC_ANALYSIS,Synthetic observation only; no real imagery or legal conclusion.,SYNTHETIC DEMO DATA — NOT OFFICIAL GOVERNMENT RECORDS
SAT-1540,P1540,P1540,2026-08-15,Synthetic imagery simulator,7,Built-up / Open,57,35,8.0,false,0.94,SYNTHETIC_ANALYSIS,Synthetic observation only; no real imagery or legal conclusion.,SYNTHETIC DEMO DATA — NOT OFFICIAL GOVERNMENT RECORDS
SAT-1541,P1541,P1541,2026-08-15,Synthetic imagery simulator,10,Built-up / Open,70,22,8.0,true,0.75,SYNTHETIC_ANALYSIS,Synthetic observation only; no real imagery or legal conclusion.,SYNTHETIC DEMO DATA — NOT OFFICIAL GOVERNMENT RECORDS
SAT-1542,P1542,P1542,2026-08-15,Synthetic imagery simulator,13,Built-up / Open,83,9,8.0,false,0.76,SYNTHETIC_ANALYSIS,Synthetic observation only; no real imagery or legal conclusion.,SYNTHETIC DEMO DATA — NOT OFFICIAL GOVERNMENT RECORDS
SAT-1543,P1543,P1543,2026-08-15,Synthetic imagery simulator,16,Built-up / Open,41,51,8.0,false,0.77,SYNTHETIC_ANALYSIS,Synthetic observation only; no real imagery or legal conclusion.,SYNTHETIC DEMO DATA — NOT OFFICIAL GOVERNMENT RECORDS
SAT-1544,P1544,P1544,2026-08-15,Synthetic imagery simulator,19,Built-up / Open,54,38,8.0,false,0.78,SYNTHETIC_ANALYSIS,Synthetic observation only; no real imagery or legal conclusion.,SYNTHETIC DEMO DATA — NOT OFFICIAL GOVERNMENT RECORDS
SAT-1545,P1545,P1545,2026-08-15,Synthetic imagery simulator,22,Built-up / Open,67,25,8.0,false,0.79,SYNTHETIC_ANALYSIS,Synthetic observation only; no real imagery or legal conclusion.,SYNTHETIC DEMO DATA — NOT OFFICIAL GOVERNMENT RECORDS
SAT-1546,P1546,P1546,2026-08-15,Synthetic imagery simulator,25,Built-up / Open,80,12,8.0,false,0.8,SYNTHETIC_ANALYSIS,Synthetic observation only; no real imagery or legal conclusion.,SYNTHETIC DEMO DATA — NOT OFFICIAL GOVERNMENT RECORDS
SAT-1547,P1547,P1547,2026-08-15,Synthetic imagery simulator,28,Built-up / Open,38,54,8.0,true,0.81,SYNTHETIC_ANALYSIS,Synthetic observation only; no real imagery or legal conclusion.,SYNTHETIC DEMO DATA — NOT OFFICIAL GOVERNMENT RECORDS
SAT-1548,P1548,P1548,2026-08-15,Synthetic imagery simulator,31,Built-up / Open,51,41,8.0,false,0.82,SYNTHETIC_ANALYSIS,Synthetic observation only; no real imagery or legal conclusion.,SYNTHETIC DEMO DATA — NOT OFFICIAL GOVERNMENT RECORDS
SAT-1549,P1549,P1549,2026-08-15,Synthetic imagery simulator,34,Built-up / Open,64,28,8.0,false,0.83,SYNTHETIC_ANALYSIS,Synthetic observation only; no real imagery or legal conclusion.,SYNTHETIC DEMO DATA — NOT OFFICIAL GOVERNMENT RECORDS
SAT-1550,P1550,P1550,2026-08-15,Synthetic imagery simulator,2,Built-up / Open,77,15,8.0,false,0.84,SYNTHETIC_ANALYSIS,Synthetic observation only; no real imagery or legal conclusion.,SYNTHETIC DEMO DATA — NOT OFFICIAL GOVERNMENT RECORDS
SAT-1551,P1551,P1551,2026-08-15,Synthetic imagery simulator,5,Built-up / Open,35,57,8.0,false,0.85,SYNTHETIC_ANALYSIS,Synthetic observation only; no real imagery or legal conclusion.,SYNTHETIC DEMO DATA — NOT OFFICIAL GOVERNMENT RECORDS
SAT-1552,P1552,P1552,2026-08-15,Synthetic imagery simulator,8,Built-up / Open,48,44,8.0,false,0.86,SYNTHETIC_ANALYSIS,Synthetic observation only; no real imagery or legal conclusion.,SYNTHETIC DEMO DATA — NOT OFFICIAL GOVERNMENT RECORDS
SAT-1553,P1553,P1553,2026-08-15,Synthetic imagery simulator,11,Built-up / Open,61,31,8.0,true,0.87,SYNTHETIC_ANALYSIS,Synthetic observation only; no real imagery or legal conclusion.,SYNTHETIC DEMO DATA — NOT OFFICIAL GOVERNMENT RECORDS
SAT-1554,P1554,P1554,2026-08-15,Synthetic imagery simulator,14,Built-up / Open,74,18,8.0,false,0.88,SYNTHETIC_ANALYSIS,Synthetic observation only; no real imagery or legal conclusion.,SYNTHETIC DEMO DATA — NOT OFFICIAL GOVERNMENT RECORDS
SAT-1555,P1555,P1555,2026-08-15,Synthetic imagery simulator,17,Built-up / Open,87,5,8.0,false,0.89,SYNTHETIC_ANALYSIS,Synthetic observation only; no real imagery or legal conclusion.,SYNTHETIC DEMO DATA — NOT OFFICIAL GOVERNMENT RECORDS
SAT-1556,P1556,P1556,2026-08-15,Synthetic imagery simulator,20,Built-up / Open,45,47,8.0,false,0.9,SYNTHETIC_ANALYSIS,Synthetic observation only; no real imagery or legal conclusion.,SYNTHETIC DEMO DATA — NOT OFFICIAL GOVERNMENT RECORDS
SAT-1557,P1557,P1557,2026-08-15,Synthetic imagery simulator,23,Built-up / Open,58,34,8.0,false,0.91,SYNTHETIC_ANALYSIS,Synthetic observation only; no real imagery or legal conclusion.,SYNTHETIC DEMO DATA — NOT OFFICIAL GOVERNMENT RECORDS
SAT-1558,P1558,P1558,2026-08-15,Synthetic imagery simulator,26,Built-up / Open,71,21,8.0,false,0.92,SYNTHETIC_ANALYSIS,Synthetic observation only; no real imagery or legal conclusion.,SYNTHETIC DEMO DATA — NOT OFFICIAL GOVERNMENT RECORDS
SAT-1559,P1559,P1559,2026-08-15,Synthetic imagery simulator,29,Built-up / Open,84,8,8.0,true,0.93,SYNTHETIC_ANALYSIS,Synthetic observation only; no real imagery or legal conclusion.,SYNTHETIC DEMO DATA — NOT OFFICIAL GOVERNMENT RECORDS
SAT-1560,P1560,P1560,2026-08-15,Synthetic imagery simulator,32,Built-up / Open,42,50,8.0,false,0.94,SYNTHETIC_ANALYSIS,Synthetic observation only; no real imagery or legal conclusion.,SYNTHETIC DEMO DATA — NOT OFFICIAL GOVERNMENT RECORDS
SAT-1561,P1561,P1561,2026-08-15,Synthetic imagery simulator,0,Built-up / Open,55,37,8.0,false,0.75,SYNTHETIC_ANALYSIS,Synthetic observation only; no real imagery or legal conclusion.,SYNTHETIC DEMO DATA — NOT OFFICIAL GOVERNMENT RECORDS
SAT-1562,P1562,P1562,2026-08-15,Synthetic imagery simulator,3,Built-up / Open,68,24,8.0,false,0.76,SYNTHETIC_ANALYSIS,Synthetic observation only; no real imagery or legal conclusion.,SYNTHETIC DEMO DATA — NOT OFFICIAL GOVERNMENT RECORDS
SAT-1563,P1563,P1563,2026-08-15,Synthetic imagery simulator,6,Built-up / Open,81,11,8.0,false,0.77,SYNTHETIC_ANALYSIS,Synthetic observation only; no real imagery or legal conclusion.,SYNTHETIC DEMO DATA — NOT OFFICIAL GOVERNMENT RECORDS
SAT-1564,P1564,P1564,2026-08-15,Synthetic imagery simulator,9,Built-up / Open,39,53,8.0,false,0.78,SYNTHETIC_ANALYSIS,Synthetic observation only; no real imagery or legal conclusion.,SYNTHETIC DEMO DATA — NOT OFFICIAL GOVERNMENT RECORDS
SAT-1565,P1565,P1565,2026-08-15,Synthetic imagery simulator,12,Built-up / Open,52,40,8.0,true,0.79,SYNTHETIC_ANALYSIS,Synthetic observation only; no real imagery or legal conclusion.,SYNTHETIC DEMO DATA — NOT OFFICIAL GOVERNMENT RECORDS
SAT-1566,P1566,P1566,2026-08-15,Synthetic imagery simulator,15,Built-up / Open,65,27,8.0,false,0.8,SYNTHETIC_ANALYSIS,Synthetic observation only; no real imagery or legal conclusion.,SYNTHETIC DEMO DATA — NOT OFFICIAL GOVERNMENT RECORDS
SAT-1567,P1567,P1567,2026-08-15,Synthetic imagery simulator,18,Built-up / Open,78,14,8.0,false,0.81,SYNTHETIC_ANALYSIS,Synthetic observation only; no real imagery or legal conclusion.,SYNTHETIC DEMO DATA — NOT OFFICIAL GOVERNMENT RECORDS
SAT-1568,P1568,P1568,2026-08-15,Synthetic imagery simulator,21,Built-up / Open,36,56,8.0,false,0.82,SYNTHETIC_ANALYSIS,Synthetic observation only; no real imagery or legal conclusion.,SYNTHETIC DEMO DATA — NOT OFFICIAL GOVERNMENT RECORDS
SAT-1569,P1569,P1569,2026-08-15,Synthetic imagery simulator,24,Built-up / Open,49,43,8.0,false,0.83,SYNTHETIC_ANALYSIS,Synthetic observation only; no real imagery or legal conclusion.,SYNTHETIC DEMO DATA — NOT OFFICIAL GOVERNMENT RECORDS
SAT-1570,P1570,P1570,2026-08-15,Synthetic imagery simulator,27,Built-up / Open,62,30,8.0,false,0.84,SYNTHETIC_ANALYSIS,Synthetic observation only; no real imagery or legal conclusion.,SYNTHETIC DEMO DATA — NOT OFFICIAL GOVERNMENT RECORDS
SAT-1571,P1571,P1571,2026-08-15,Synthetic imagery simulator,30,Built-up / Open,75,17,8.0,true,0.85,SYNTHETIC_ANALYSIS,Synthetic observation only; no real imagery or legal conclusion.,SYNTHETIC DEMO DATA — NOT OFFICIAL GOVERNMENT RECORDS
SAT-1572,P1572,P1572,2026-08-15,Synthetic imagery simulator,33,Built-up / Open,88,4,8.0,false,0.86,SYNTHETIC_ANALYSIS,Synthetic observation only; no real imagery or legal conclusion.,SYNTHETIC DEMO DATA — NOT OFFICIAL GOVERNMENT RECORDS
SAT-1573,P1573,P1573,2026-08-15,Synthetic imagery simulator,1,Built-up / Open,46,46,8.0,false,0.87,SYNTHETIC_ANALYSIS,Synthetic observation only; no real imagery or legal conclusion.,SYNTHETIC DEMO DATA — NOT OFFICIAL GOVERNMENT RECORDS
SAT-1574,P1574,P1574,2026-08-15,Synthetic imagery simulator,4,Built-up / Open,59,33,8.0,false,0.88,SYNTHETIC_ANALYSIS,Synthetic observation only; no real imagery or legal conclusion.,SYNTHETIC DEMO DATA — NOT OFFICIAL GOVERNMENT RECORDS
SAT-1575,P1575,P1575,2026-08-15,Synthetic imagery simulator,7,Built-up / Open,72,20,8.0,false,0.89,SYNTHETIC_ANALYSIS,Synthetic observation only; no real imagery or legal conclusion.,SYNTHETIC DEMO DATA — NOT OFFICIAL GOVERNMENT RECORDS
SAT-1576,P1576,P1576,2026-08-15,Synthetic imagery simulator,10,Built-up / Open,85,7,8.0,false,0.9,SYNTHETIC_ANALYSIS,Synthetic observation only; no real imagery or legal conclusion.,SYNTHETIC DEMO DATA — NOT OFFICIAL GOVERNMENT RECORDS
SAT-1577,P1577,P1577,2026-08-15,Synthetic imagery simulator,13,Built-up / Open,43,49,8.0,true,0.91,SYNTHETIC_ANALYSIS,Synthetic observation only; no real imagery or legal conclusion.,SYNTHETIC DEMO DATA — NOT OFFICIAL GOVERNMENT RECORDS
SAT-1578,P1578,P1578,2026-08-15,Synthetic imagery simulator,16,Built-up / Open,56,36,8.0,false,0.92,SYNTHETIC_ANALYSIS,Synthetic observation only; no real imagery or legal conclusion.,SYNTHETIC DEMO DATA — NOT OFFICIAL GOVERNMENT RECORDS
SAT-1579,P1579,P1579,2026-08-15,Synthetic imagery simulator,19,Built-up / Open,69,23,8.0,false,0.93,SYNTHETIC_ANALYSIS,Synthetic observation only; no real imagery or legal conclusion.,SYNTHETIC DEMO DATA — NOT OFFICIAL GOVERNMENT RECORDS
SAT-1580,P1580,P1580,2026-08-15,Synthetic imagery simulator,22,Built-up / Open,82,10,8.0,false,0.94,SYNTHETIC_ANALYSIS,Synthetic observation only; no real imagery or legal conclusion.,SYNTHETIC DEMO DATA — NOT OFFICIAL GOVERNMENT RECORDS
SAT-1581,P1581,P1581,2026-08-15,Synthetic imagery simulator,25,Built-up / Open,40,52,8.0,false,0.75,SYNTHETIC_ANALYSIS,Synthetic observation only; no real imagery or legal conclusion.,SYNTHETIC DEMO DATA — NOT OFFICIAL GOVERNMENT RECORDS
SAT-1582,P1582,P1582,2026-08-15,Synthetic imagery simulator,28,Built-up / Open,53,39,8.0,false,0.76,SYNTHETIC_ANALYSIS,Synthetic observation only; no real imagery or legal conclusion.,SYNTHETIC DEMO DATA — NOT OFFICIAL GOVERNMENT RECORDS
SAT-1583,P1583,P1583,2026-08-15,Synthetic imagery simulator,31,Built-up / Open,66,26,8.0,true,0.77,SYNTHETIC_ANALYSIS,Synthetic observation only; no real imagery or legal conclusion.,SYNTHETIC DEMO DATA — NOT OFFICIAL GOVERNMENT RECORDS
SAT-1584,P1584,P1584,2026-08-15,Synthetic imagery simulator,34,Built-up / Open,79,13,8.0,false,0.78,SYNTHETIC_ANALYSIS,Synthetic observation only; no real imagery or legal conclusion.,SYNTHETIC DEMO DATA — NOT OFFICIAL GOVERNMENT RECORDS
SAT-1585,P1585,P1585,2026-08-15,Synthetic imagery simulator,2,Built-up / Open,37,55,8.0,false,0.79,SYNTHETIC_ANALYSIS,Synthetic observation only; no real imagery or legal conclusion.,SYNTHETIC DEMO DATA — NOT OFFICIAL GOVERNMENT RECORDS
SAT-1586,P1586,P1586,2026-08-15,Synthetic imagery simulator,5,Built-up / Open,50,42,8.0,false,0.8,SYNTHETIC_ANALYSIS,Synthetic observation only; no real imagery or legal conclusion.,SYNTHETIC DEMO DATA — NOT OFFICIAL GOVERNMENT RECORDS
SAT-1587,P1587,P1587,2026-08-15,Synthetic imagery simulator,8,Built-up / Open,63,29,8.0,false,0.81,SYNTHETIC_ANALYSIS,Synthetic observation only; no real imagery or legal conclusion.,SYNTHETIC DEMO DATA — NOT OFFICIAL GOVERNMENT RECORDS
SAT-1588,P1588,P1588,2026-08-15,Synthetic imagery simulator,11,Built-up / Open,76,16,8.0,false,0.82,SYNTHETIC_ANALYSIS,Synthetic observation only; no real imagery or legal conclusion.,SYNTHETIC DEMO DATA — NOT OFFICIAL GOVERNMENT RECORDS
SAT-1589,P1589,P1589,2026-08-15,Synthetic imagery simulator,14,Built-up / Open,89,3,8.0,true,0.83,SYNTHETIC_ANALYSIS,Synthetic observation only; no real imagery or legal conclusion.,SYNTHETIC DEMO DATA — NOT OFFICIAL GOVERNMENT RECORDS
SAT-1590,P1590,P1590,2026-08-15,Synthetic imagery simulator,17,Built-up / Open,47,45,8.0,false,0.84,SYNTHETIC_ANALYSIS,Synthetic observation only; no real imagery or legal conclusion.,SYNTHETIC DEMO DATA — NOT OFFICIAL GOVERNMENT RECORDS
SAT-1591,P1591,P1591,2026-08-15,Synthetic imagery simulator,20,Built-up / Open,60,32,8.0,false,0.85,SYNTHETIC_ANALYSIS,Synthetic observation only; no real imagery or legal conclusion.,SYNTHETIC DEMO DATA — NOT OFFICIAL GOVERNMENT RECORDS
SAT-1592,P1592,P1592,2026-08-15,Synthetic imagery simulator,23,Built-up / Open,73,19,8.0,false,0.86,SYNTHETIC_ANALYSIS,Synthetic observation only; no real imagery or legal conclusion.,SYNTHETIC DEMO DATA — NOT OFFICIAL GOVERNMENT RECORDS
SAT-1593,P1593,P1593,2026-08-15,Synthetic imagery simulator,26,Built-up / Open,86,6,8.0,false,0.87,SYNTHETIC_ANALYSIS,Synthetic observation only; no real imagery or legal conclusion.,SYNTHETIC DEMO DATA — NOT OFFICIAL GOVERNMENT RECORDS
SAT-1594,P1594,P1594,2026-08-15,Synthetic imagery simulator,29,Built-up / Open,44,48,8.0,false,0.88,SYNTHETIC_ANALYSIS,Synthetic observation only; no real imagery or legal conclusion.,SYNTHETIC DEMO DATA — NOT OFFICIAL GOVERNMENT RECORDS
SAT-1595,P1595,P1595,2026-08-15,Synthetic imagery simulator,32,Built-up / Open,57,35,8.0,true,0.89,SYNTHETIC_ANALYSIS,Synthetic observation only; no real imagery or legal conclusion.,SYNTHETIC DEMO DATA — NOT OFFICIAL GOVERNMENT RECORDS
SAT-1596,P1596,P1596,2026-08-15,Synthetic imagery simulator,0,Built-up / Open,70,22,8.0,false,0.9,SYNTHETIC_ANALYSIS,Synthetic observation only; no real imagery or legal conclusion.,SYNTHETIC DEMO DATA — NOT OFFICIAL GOVERNMENT RECORDS
SAT-1597,P1597,P1597,2026-08-15,Synthetic imagery simulator,3,Built-up / Open,83,9,8.0,false,0.91,SYNTHETIC_ANALYSIS,Synthetic observation only; no real imagery or legal conclusion.,SYNTHETIC DEMO DATA — NOT OFFICIAL GOVERNMENT RECORDS
SAT-1598,P1598,P1598,2026-08-15,Synthetic imagery simulator,6,Built-up / Open,41,51,8.0,false,0.92,SYNTHETIC_ANALYSIS,Synthetic observation only; no real imagery or legal conclusion.,SYNTHETIC DEMO DATA — NOT OFFICIAL GOVERNMENT RECORDS
SAT-1599,P1599,P1599,2026-08-15,Synthetic imagery simulator,9,Built-up / Open,54,38,8.0,false,0.93,SYNTHETIC_ANALYSIS,Synthetic observation only; no real imagery or legal conclusion.,SYNTHETIC DEMO DATA — NOT OFFICIAL GOVERNMENT RECORDS
SAT-1600,P1600,P1600,2026-08-15,Synthetic imagery simulator,12,Built-up / Open,67,25,8.0,false,0.94,SYNTHETIC_ANALYSIS,Synthetic observation only; no real imagery or legal conclusion.,SYNTHETIC DEMO DATA — NOT OFFICIAL GOVERNMENT RECORDS
SAT-1601,P1601,P1601,2026-08-15,Synthetic imagery simulator,15,Built-up / Open,80,12,8.0,true,0.75,SYNTHETIC_ANALYSIS,Synthetic observation only; no real imagery or legal conclusion.,SYNTHETIC DEMO DATA — NOT OFFICIAL GOVERNMENT RECORDS
SAT-1602,P1602,P1602,2026-08-15,Synthetic imagery simulator,18,Built-up / Open,38,54,8.0,false,0.76,SYNTHETIC_ANALYSIS,Synthetic observation only; no real imagery or legal conclusion.,SYNTHETIC DEMO DATA — NOT OFFICIAL GOVERNMENT RECORDS
SAT-1603,P1603,P1603,2026-08-15,Synthetic imagery simulator,21,Built-up / Open,51,41,8.0,false,0.77,SYNTHETIC_ANALYSIS,Synthetic observation only; no real imagery or legal conclusion.,SYNTHETIC DEMO DATA — NOT OFFICIAL GOVERNMENT RECORDS
SAT-1604,P1604,P1604,2026-08-15,Synthetic imagery simulator,24,Built-up / Open,64,28,8.0,false,0.78,SYNTHETIC_ANALYSIS,Synthetic observation only; no real imagery or legal conclusion.,SYNTHETIC DEMO DATA — NOT OFFICIAL GOVERNMENT RECORDS
SAT-1605,P1605,P1605,2026-08-15,Synthetic imagery simulator,27,Built-up / Open,77,15,8.0,false,0.79,SYNTHETIC_ANALYSIS,Synthetic observation only; no real imagery or legal conclusion.,SYNTHETIC DEMO DATA — NOT OFFICIAL GOVERNMENT RECORDS
SAT-1606,P1606,P1606,2026-08-15,Synthetic imagery simulator,30,Built-up / Open,35,57,8.0,false,0.8,SYNTHETIC_ANALYSIS,Synthetic observation only; no real imagery or legal conclusion.,SYNTHETIC DEMO DATA — NOT OFFICIAL GOVERNMENT RECORDS
SAT-1607,P1607,P1607,2026-08-15,Synthetic imagery simulator,33,Built-up / Open,48,44,8.0,true,0.81,SYNTHETIC_ANALYSIS,Synthetic observation only; no real imagery or legal conclusion.,SYNTHETIC DEMO DATA — NOT OFFICIAL GOVERNMENT RECORDS
SAT-1608,P1608,P1608,2026-08-15,Synthetic imagery simulator,1,Built-up / Open,61,31,8.0,false,0.82,SYNTHETIC_ANALYSIS,Synthetic observation only; no real imagery or legal conclusion.,SYNTHETIC DEMO DATA — NOT OFFICIAL GOVERNMENT RECORDS
SAT-1609,P1609,P1609,2026-08-15,Synthetic imagery simulator,4,Built-up / Open,74,18,8.0,false,0.83,SYNTHETIC_ANALYSIS,Synthetic observation only; no real imagery or legal conclusion.,SYNTHETIC DEMO DATA — NOT OFFICIAL GOVERNMENT RECORDS
SAT-1610,P1610,P1610,2026-08-15,Synthetic imagery simulator,7,Built-up / Open,87,5,8.0,false,0.84,SYNTHETIC_ANALYSIS,Synthetic observation only; no real imagery or legal conclusion.,SYNTHETIC DEMO DATA — NOT OFFICIAL GOVERNMENT RECORDS
SAT-1611,P1611,P1611,2026-08-15,Synthetic imagery simulator,10,Built-up / Open,45,47,8.0,false,0.85,SYNTHETIC_ANALYSIS,Synthetic observation only; no real imagery or legal conclusion.,SYNTHETIC DEMO DATA — NOT OFFICIAL GOVERNMENT RECORDS
SAT-1612,P1612,P1612,2026-08-15,Synthetic imagery simulator,13,Built-up / Open,58,34,8.0,false,0.86,SYNTHETIC_ANALYSIS,Synthetic observation only; no real imagery or legal conclusion.,SYNTHETIC DEMO DATA — NOT OFFICIAL GOVERNMENT RECORDS
SAT-1613,P1613,P1613,2026-08-15,Synthetic imagery simulator,16,Built-up / Open,71,21,8.0,true,0.87,SYNTHETIC_ANALYSIS,Synthetic observation only; no real imagery or legal conclusion.,SYNTHETIC DEMO DATA — NOT OFFICIAL GOVERNMENT RECORDS
SAT-1614,P1614,P1614,2026-08-15,Synthetic imagery simulator,19,Built-up / Open,84,8,8.0,false,0.88,SYNTHETIC_ANALYSIS,Synthetic observation only; no real imagery or legal conclusion.,SYNTHETIC DEMO DATA — NOT OFFICIAL GOVERNMENT RECORDS
SAT-1615,P1615,P1615,2026-08-15,Synthetic imagery simulator,22,Built-up / Open,42,50,8.0,false,0.89,SYNTHETIC_ANALYSIS,Synthetic observation only; no real imagery or legal conclusion.,SYNTHETIC DEMO DATA — NOT OFFICIAL GOVERNMENT RECORDS
SAT-1616,P1616,P1616,2026-08-15,Synthetic imagery simulator,25,Built-up / Open,55,37,8.0,false,0.9,SYNTHETIC_ANALYSIS,Synthetic observation only; no real imagery or legal conclusion.,SYNTHETIC DEMO DATA — NOT OFFICIAL GOVERNMENT RECORDS
SAT-1617,P1617,P1617,2026-08-15,Synthetic imagery simulator,28,Built-up / Open,68,24,8.0,false,0.91,SYNTHETIC_ANALYSIS,Synthetic observation only; no real imagery or legal conclusion.,SYNTHETIC DEMO DATA — NOT OFFICIAL GOVERNMENT RECORDS
SAT-1618,P1618,P1618,2026-08-15,Synthetic imagery simulator,31,Built-up / Open,81,11,8.0,false,0.92,SYNTHETIC_ANALYSIS,Synthetic observation only; no real imagery or legal conclusion.,SYNTHETIC DEMO DATA — NOT OFFICIAL GOVERNMENT RECORDS
SAT-1619,P1619,P1619,2026-08-15,Synthetic imagery simulator,34,Built-up / Open,39,53,8.0,true,0.93,SYNTHETIC_ANALYSIS,Synthetic observation only; no real imagery or legal conclusion.,SYNTHETIC DEMO DATA — NOT OFFICIAL GOVERNMENT RECORDS
SAT-1620,P1620,P1620,2026-08-15,Synthetic imagery simulator,2,Built-up / Open,52,40,8.0,false,0.94,SYNTHETIC_ANALYSIS,Synthetic observation only; no real imagery or legal conclusion.,SYNTHETIC DEMO DATA — NOT OFFICIAL GOVERNMENT RECORDS
SAT-1621,P1621,P1621,2026-08-15,Synthetic imagery simulator,5,Built-up / Open,65,27,8.0,false,0.75,SYNTHETIC_ANALYSIS,Synthetic observation only; no real imagery or legal conclusion.,SYNTHETIC DEMO DATA — NOT OFFICIAL GOVERNMENT RECORDS
SAT-1622,P1622,P1622,2026-08-15,Synthetic imagery simulator,8,Built-up / Open,78,14,8.0,false,0.76,SYNTHETIC_ANALYSIS,Synthetic observation only; no real imagery or legal conclusion.,SYNTHETIC DEMO DATA — NOT OFFICIAL GOVERNMENT RECORDS
SAT-1623,P1623,P1623,2026-08-15,Synthetic imagery simulator,11,Built-up / Open,36,56,8.0,false,0.77,SYNTHETIC_ANALYSIS,Synthetic observation only; no real imagery or legal conclusion.,SYNTHETIC DEMO DATA — NOT OFFICIAL GOVERNMENT RECORDS
SAT-1624,P1624,P1624,2026-08-15,Synthetic imagery simulator,14,Built-up / Open,49,43,8.0,false,0.78,SYNTHETIC_ANALYSIS,Synthetic observation only; no real imagery or legal conclusion.,SYNTHETIC DEMO DATA — NOT OFFICIAL GOVERNMENT RECORDS
SAT-1625,P1625,P1625,2026-08-15,Synthetic imagery simulator,17,Built-up / Open,62,30,8.0,true,0.79,SYNTHETIC_ANALYSIS,Synthetic observation only; no real imagery or legal conclusion.,SYNTHETIC DEMO DATA — NOT OFFICIAL GOVERNMENT RECORDS
SAT-1626,P1626,P1626,2026-08-15,Synthetic imagery simulator,20,Built-up / Open,75,17,8.0,false,0.8,SYNTHETIC_ANALYSIS,Synthetic observation only; no real imagery or legal conclusion.,SYNTHETIC DEMO DATA — NOT OFFICIAL GOVERNMENT RECORDS
SAT-1627,P1627,P1627,2026-08-15,Synthetic imagery simulator,23,Built-up / Open,88,4,8.0,false,0.81,SYNTHETIC_ANALYSIS,Synthetic observation only; no real imagery or legal conclusion.,SYNTHETIC DEMO DATA — NOT OFFICIAL GOVERNMENT RECORDS
SAT-1628,P1628,P1628,2026-08-15,Synthetic imagery simulator,26,Built-up / Open,46,46,8.0,false,0.82,SYNTHETIC_ANALYSIS,Synthetic observation only; no real imagery or legal conclusion.,SYNTHETIC DEMO DATA — NOT OFFICIAL GOVERNMENT RECORDS
SAT-1629,P1629,P1629,2026-08-15,Synthetic imagery simulator,29,Built-up / Open,59,33,8.0,false,0.83,SYNTHETIC_ANALYSIS,Synthetic observation only; no real imagery or legal conclusion.,SYNTHETIC DEMO DATA — NOT OFFICIAL GOVERNMENT RECORDS
SAT-1630,P1630,P1630,2026-08-15,Synthetic imagery simulator,32,Built-up / Open,72,20,8.0,false,0.84,SYNTHETIC_ANALYSIS,Synthetic observation only; no real imagery or legal conclusion.,SYNTHETIC DEMO DATA — NOT OFFICIAL GOVERNMENT RECORDS
SAT-1631,P1631,P1631,2026-08-15,Synthetic imagery simulator,0,Built-up / Open,85,7,8.0,true,0.85,SYNTHETIC_ANALYSIS,Synthetic observation only; no real imagery or legal conclusion.,SYNTHETIC DEMO DATA — NOT OFFICIAL GOVERNMENT RECORDS
SAT-1632,P1632,P1632,2026-08-15,Synthetic imagery simulator,3,Built-up / Open,43,49,8.0,false,0.86,SYNTHETIC_ANALYSIS,Synthetic observation only; no real imagery or legal conclusion.,SYNTHETIC DEMO DATA — NOT OFFICIAL GOVERNMENT RECORDS
SAT-1633,P1633,P1633,2026-08-15,Synthetic imagery simulator,6,Built-up / Open,56,36,8.0,false,0.87,SYNTHETIC_ANALYSIS,Synthetic observation only; no real imagery or legal conclusion.,SYNTHETIC DEMO DATA — NOT OFFICIAL GOVERNMENT RECORDS
SAT-1634,P1634,P1634,2026-08-15,Synthetic imagery simulator,9,Built-up / Open,69,23,8.0,false,0.88,SYNTHETIC_ANALYSIS,Synthetic observation only; no real imagery or legal conclusion.,SYNTHETIC DEMO DATA — NOT OFFICIAL GOVERNMENT RECORDS
SAT-1635,P1635,P1635,2026-08-15,Synthetic imagery simulator,12,Built-up / Open,82,10,8.0,false,0.89,SYNTHETIC_ANALYSIS,Synthetic observation only; no real imagery or legal conclusion.,SYNTHETIC DEMO DATA — NOT OFFICIAL GOVERNMENT RECORDS
SAT-1636,P1636,P1636,2026-08-15,Synthetic imagery simulator,15,Built-up / Open,40,52,8.0,false,0.9,SYNTHETIC_ANALYSIS,Synthetic observation only; no real imagery or legal conclusion.,SYNTHETIC DEMO DATA — NOT OFFICIAL GOVERNMENT RECORDS
SAT-1637,P1637,P1637,2026-08-15,Synthetic imagery simulator,18,Built-up / Open,53,39,8.0,true,0.91,SYNTHETIC_ANALYSIS,Synthetic observation only; no real imagery or legal conclusion.,SYNTHETIC DEMO DATA — NOT OFFICIAL GOVERNMENT RECORDS
SAT-1638,P1638,P1638,2026-08-15,Synthetic imagery simulator,21,Built-up / Open,66,26,8.0,false,0.92,SYNTHETIC_ANALYSIS,Synthetic observation only; no real imagery or legal conclusion.,SYNTHETIC DEMO DATA — NOT OFFICIAL GOVERNMENT RECORDS
SAT-1639,P1639,P1639,2026-08-15,Synthetic imagery simulator,24,Built-up / Open,79,13,8.0,false,0.93,SYNTHETIC_ANALYSIS,Synthetic observation only; no real imagery or legal conclusion.,SYNTHETIC DEMO DATA — NOT OFFICIAL GOVERNMENT RECORDS
SAT-1640,P1640,P1640,2026-08-15,Synthetic imagery simulator,27,Built-up / Open,37,55,8.0,false,0.94,SYNTHETIC_ANALYSIS,Synthetic observation only; no real imagery or legal conclusion.,SYNTHETIC DEMO DATA — NOT OFFICIAL GOVERNMENT RECORDS
SAT-1641,P1641,P1641,2026-08-15,Synthetic imagery simulator,30,Built-up / Open,50,42,8.0,false,0.75,SYNTHETIC_ANALYSIS,Synthetic observation only; no real imagery or legal conclusion.,SYNTHETIC DEMO DATA — NOT OFFICIAL GOVERNMENT RECORDS
SAT-1642,P1642,P1642,2026-08-15,Synthetic imagery simulator,33,Built-up / Open,63,29,8.0,false,0.76,SYNTHETIC_ANALYSIS,Synthetic observation only; no real imagery or legal conclusion.,SYNTHETIC DEMO DATA — NOT OFFICIAL GOVERNMENT RECORDS
SAT-1643,P1643,P1643,2026-08-15,Synthetic imagery simulator,1,Built-up / Open,76,16,8.0,true,0.77,SYNTHETIC_ANALYSIS,Synthetic observation only; no real imagery or legal conclusion.,SYNTHETIC DEMO DATA — NOT OFFICIAL GOVERNMENT RECORDS
SAT-1644,P1644,P1644,2026-08-15,Synthetic imagery simulator,4,Built-up / Open,89,3,8.0,false,0.78,SYNTHETIC_ANALYSIS,Synthetic observation only; no real imagery or legal conclusion.,SYNTHETIC DEMO DATA — NOT OFFICIAL GOVERNMENT RECORDS
SAT-1645,P1645,P1645,2026-08-15,Synthetic imagery simulator,7,Built-up / Open,47,45,8.0,false,0.79,SYNTHETIC_ANALYSIS,Synthetic observation only; no real imagery or legal conclusion.,SYNTHETIC DEMO DATA — NOT OFFICIAL GOVERNMENT RECORDS
SAT-1646,P1646,P1646,2026-08-15,Synthetic imagery simulator,10,Built-up / Open,60,32,8.0,false,0.8,SYNTHETIC_ANALYSIS,Synthetic observation only; no real imagery or legal conclusion.,SYNTHETIC DEMO DATA — NOT OFFICIAL GOVERNMENT RECORDS
SAT-1647,P1647,P1647,2026-08-15,Synthetic imagery simulator,13,Built-up / Open,73,19,8.0,false,0.81,SYNTHETIC_ANALYSIS,Synthetic observation only; no real imagery or legal conclusion.,SYNTHETIC DEMO DATA — NOT OFFICIAL GOVERNMENT RECORDS
SAT-1648,P1648,P1648,2026-08-15,Synthetic imagery simulator,16,Built-up / Open,86,6,8.0,false,0.82,SYNTHETIC_ANALYSIS,Synthetic observation only; no real imagery or legal conclusion.,SYNTHETIC DEMO DATA — NOT OFFICIAL GOVERNMENT RECORDS
SAT-1649,P1649,P1649,2026-08-15,Synthetic imagery simulator,19,Built-up / Open,44,48,8.0,true,0.83,SYNTHETIC_ANALYSIS,Synthetic observation only; no real imagery or legal conclusion.,SYNTHETIC DEMO DATA — NOT OFFICIAL GOVERNMENT RECORDS
SAT-1650,P1650,P1650,2026-08-15,Synthetic imagery simulator,22,Built-up / Open,57,35,8.0,false,0.84,SYNTHETIC_ANALYSIS,Synthetic observation only; no real imagery or legal conclusion.,SYNTHETIC DEMO DATA — NOT OFFICIAL GOVERNMENT RECORDS
SAT-1651,P1651,P1651,2026-08-15,Synthetic imagery simulator,25,Built-up / Open,70,22,8.0,false,0.85,SYNTHETIC_ANALYSIS,Synthetic observation only; no real imagery or legal conclusion.,SYNTHETIC DEMO DATA — NOT OFFICIAL GOVERNMENT RECORDS
SAT-1652,P1652,P1652,2026-08-15,Synthetic imagery simulator,28,Built-up / Open,83,9,8.0,false,0.86,SYNTHETIC_ANALYSIS,Synthetic observation only; no real imagery or legal conclusion.,SYNTHETIC DEMO DATA — NOT OFFICIAL GOVERNMENT RECORDS
SAT-1653,P1653,P1653,2026-08-15,Synthetic imagery simulator,31,Built-up / Open,41,51,8.0,false,0.87,SYNTHETIC_ANALYSIS,Synthetic observation only; no real imagery or legal conclusion.,SYNTHETIC DEMO DATA — NOT OFFICIAL GOVERNMENT RECORDS
SAT-1654,P1654,P1654,2026-08-15,Synthetic imagery simulator,34,Built-up / Open,54,38,8.0,false,0.88,SYNTHETIC_ANALYSIS,Synthetic observation only; no real imagery or legal conclusion.,SYNTHETIC DEMO DATA — NOT OFFICIAL GOVERNMENT RECORDS
SAT-1655,P1655,P1655,2026-08-15,Synthetic imagery simulator,2,Built-up / Open,67,25,8.0,true,0.89,SYNTHETIC_ANALYSIS,Synthetic observation only; no real imagery or legal conclusion.,SYNTHETIC DEMO DATA — NOT OFFICIAL GOVERNMENT RECORDS
SAT-1656,P1656,P1656,2026-08-15,Synthetic imagery simulator,5,Built-up / Open,80,12,8.0,false,0.9,SYNTHETIC_ANALYSIS,Synthetic observation only; no real imagery or legal conclusion.,SYNTHETIC DEMO DATA — NOT OFFICIAL GOVERNMENT RECORDS
SAT-1657,P1657,P1657,2026-08-15,Synthetic imagery simulator,8,Built-up / Open,38,54,8.0,false,0.91,SYNTHETIC_ANALYSIS,Synthetic observation only; no real imagery or legal conclusion.,SYNTHETIC DEMO DATA — NOT OFFICIAL GOVERNMENT RECORDS
SAT-1658,P1658,P1658,2026-08-15,Synthetic imagery simulator,11,Built-up / Open,51,41,8.0,false,0.92,SYNTHETIC_ANALYSIS,Synthetic observation only; no real imagery or legal conclusion.,SYNTHETIC DEMO DATA — NOT OFFICIAL GOVERNMENT RECORDS
SAT-1659,P1659,P1659,2026-08-15,Synthetic imagery simulator,14,Built-up / Open,64,28,8.0,false,0.93,SYNTHETIC_ANALYSIS,Synthetic observation only; no real imagery or legal conclusion.,SYNTHETIC DEMO DATA — NOT OFFICIAL GOVERNMENT RECORDS
SAT-1660,P1660,P1660,2026-08-15,Synthetic imagery simulator,17,Built-up / Open,77,15,8.0,false,0.94,SYNTHETIC_ANALYSIS,Synthetic observation only; no real imagery or legal conclusion.,SYNTHETIC DEMO DATA — NOT OFFICIAL GOVERNMENT RECORDS
SAT-1661,P1661,P1661,2026-08-15,Synthetic imagery simulator,20,Built-up / Open,35,57,8.0,true,0.75,SYNTHETIC_ANALYSIS,Synthetic observation only; no real imagery or legal conclusion.,SYNTHETIC DEMO DATA — NOT OFFICIAL GOVERNMENT RECORDS
SAT-1662,P1662,P1662,2026-08-15,Synthetic imagery simulator,23,Built-up / Open,48,44,8.0,false,0.76,SYNTHETIC_ANALYSIS,Synthetic observation only; no real imagery or legal conclusion.,SYNTHETIC DEMO DATA — NOT OFFICIAL GOVERNMENT RECORDS
SAT-1663,P1663,P1663,2026-08-15,Synthetic imagery simulator,26,Built-up / Open,61,31,8.0,false,0.77,SYNTHETIC_ANALYSIS,Synthetic observation only; no real imagery or legal conclusion.,SYNTHETIC DEMO DATA — NOT OFFICIAL GOVERNMENT RECORDS
SAT-1664,P1664,P1664,2026-08-15,Synthetic imagery simulator,29,Built-up / Open,74,18,8.0,false,0.78,SYNTHETIC_ANALYSIS,Synthetic observation only; no real imagery or legal conclusion.,SYNTHETIC DEMO DATA — NOT OFFICIAL GOVERNMENT RECORDS
SAT-1665,P1665,P1665,2026-08-15,Synthetic imagery simulator,32,Built-up / Open,87,5,8.0,false,0.79,SYNTHETIC_ANALYSIS,Synthetic observation only; no real imagery or legal conclusion.,SYNTHETIC DEMO DATA — NOT OFFICIAL GOVERNMENT RECORDS
SAT-1666,P1666,P1666,2026-08-15,Synthetic imagery simulator,0,Built-up / Open,45,47,8.0,false,0.8,SYNTHETIC_ANALYSIS,Synthetic observation only; no real imagery or legal conclusion.,SYNTHETIC DEMO DATA — NOT OFFICIAL GOVERNMENT RECORDS
SAT-1667,P1667,P1667,2026-08-15,Synthetic imagery simulator,3,Built-up / Open,58,34,8.0,true,0.81,SYNTHETIC_ANALYSIS,Synthetic observation only; no real imagery or legal conclusion.,SYNTHETIC DEMO DATA — NOT OFFICIAL GOVERNMENT RECORDS
SAT-1668,P1668,P1668,2026-08-15,Synthetic imagery simulator,6,Built-up / Open,71,21,8.0,false,0.82,SYNTHETIC_ANALYSIS,Synthetic observation only; no real imagery or legal conclusion.,SYNTHETIC DEMO DATA — NOT OFFICIAL GOVERNMENT RECORDS
SAT-1669,P1669,P1669,2026-08-15,Synthetic imagery simulator,9,Built-up / Open,84,8,8.0,false,0.83,SYNTHETIC_ANALYSIS,Synthetic observation only; no real imagery or legal conclusion.,SYNTHETIC DEMO DATA — NOT OFFICIAL GOVERNMENT RECORDS
SAT-1670,P1670,P1670,2026-08-15,Synthetic imagery simulator,12,Built-up / Open,42,50,8.0,false,0.84,SYNTHETIC_ANALYSIS,Synthetic observation only; no real imagery or legal conclusion.,SYNTHETIC DEMO DATA — NOT OFFICIAL GOVERNMENT RECORDS
SAT-1671,P1671,P1671,2026-08-15,Synthetic imagery simulator,15,Built-up / Open,55,37,8.0,false,0.85,SYNTHETIC_ANALYSIS,Synthetic observation only; no real imagery or legal conclusion.,SYNTHETIC DEMO DATA — NOT OFFICIAL GOVERNMENT RECORDS
SAT-1672,P1672,P1672,2026-08-15,Synthetic imagery simulator,18,Built-up / Open,68,24,8.0,false,0.86,SYNTHETIC_ANALYSIS,Synthetic observation only; no real imagery or legal conclusion.,SYNTHETIC DEMO DATA — NOT OFFICIAL GOVERNMENT RECORDS
SAT-1673,P1673,P1673,2026-08-15,Synthetic imagery simulator,21,Built-up / Open,81,11,8.0,true,0.87,SYNTHETIC_ANALYSIS,Synthetic observation only; no real imagery or legal conclusion.,SYNTHETIC DEMO DATA — NOT OFFICIAL GOVERNMENT RECORDS
SAT-1674,P1674,P1674,2026-08-15,Synthetic imagery simulator,24,Built-up / Open,39,53,8.0,false,0.88,SYNTHETIC_ANALYSIS,Synthetic observation only; no real imagery or legal conclusion.,SYNTHETIC DEMO DATA — NOT OFFICIAL GOVERNMENT RECORDS
SAT-1675,P1675,P1675,2026-08-15,Synthetic imagery simulator,27,Built-up / Open,52,40,8.0,false,0.89,SYNTHETIC_ANALYSIS,Synthetic observation only; no real imagery or legal conclusion.,SYNTHETIC DEMO DATA — NOT OFFICIAL GOVERNMENT RECORDS
SAT-1676,P1676,P1676,2026-08-15,Synthetic imagery simulator,30,Built-up / Open,65,27,8.0,false,0.9,SYNTHETIC_ANALYSIS,Synthetic observation only; no real imagery or legal conclusion.,SYNTHETIC DEMO DATA — NOT OFFICIAL GOVERNMENT RECORDS
SAT-1677,P1677,P1677,2026-08-15,Synthetic imagery simulator,33,Built-up / Open,78,14,8.0,false,0.91,SYNTHETIC_ANALYSIS,Synthetic observation only; no real imagery or legal conclusion.,SYNTHETIC DEMO DATA — NOT OFFICIAL GOVERNMENT RECORDS
SAT-1678,P1678,P1678,2026-08-15,Synthetic imagery simulator,1,Built-up / Open,36,56,8.0,false,0.92,SYNTHETIC_ANALYSIS,Synthetic observation only; no real imagery or legal conclusion.,SYNTHETIC DEMO DATA — NOT OFFICIAL GOVERNMENT RECORDS
SAT-1679,P1679,P1679,2026-08-15,Synthetic imagery simulator,4,Built-up / Open,49,43,8.0,true,0.93,SYNTHETIC_ANALYSIS,Synthetic observation only; no real imagery or legal conclusion.,SYNTHETIC DEMO DATA — NOT OFFICIAL GOVERNMENT RECORDS
SAT-1680,P1680,P1680,2026-08-15,Synthetic imagery simulator,7,Built-up / Open,62,30,8.0,false,0.94,SYNTHETIC_ANALYSIS,Synthetic observation only; no real imagery or legal conclusion.,SYNTHETIC DEMO DATA — NOT OFFICIAL GOVERNMENT RECORDS
SAT-1681,P1681,P1681,2026-08-15,Synthetic imagery simulator,10,Built-up / Open,75,17,8.0,false,0.75,SYNTHETIC_ANALYSIS,Synthetic observation only; no real imagery or legal conclusion.,SYNTHETIC DEMO DATA — NOT OFFICIAL GOVERNMENT RECORDS
SAT-1682,P1682,P1682,2026-08-15,Synthetic imagery simulator,13,Built-up / Open,88,4,8.0,false,0.76,SYNTHETIC_ANALYSIS,Synthetic observation only; no real imagery or legal conclusion.,SYNTHETIC DEMO DATA — NOT OFFICIAL GOVERNMENT RECORDS
SAT-1683,P1683,P1683,2026-08-15,Synthetic imagery simulator,16,Built-up / Open,46,46,8.0,false,0.77,SYNTHETIC_ANALYSIS,Synthetic observation only; no real imagery or legal conclusion.,SYNTHETIC DEMO DATA — NOT OFFICIAL GOVERNMENT RECORDS
SAT-1684,P1684,P1684,2026-08-15,Synthetic imagery simulator,19,Built-up / Open,59,33,8.0,false,0.78,SYNTHETIC_ANALYSIS,Synthetic observation only; no real imagery or legal conclusion.,SYNTHETIC DEMO DATA — NOT OFFICIAL GOVERNMENT RECORDS
SAT-1685,P1685,P1685,2026-08-15,Synthetic imagery simulator,22,Built-up / Open,72,20,8.0,true,0.79,SYNTHETIC_ANALYSIS,Synthetic observation only; no real imagery or legal conclusion.,SYNTHETIC DEMO DATA — NOT OFFICIAL GOVERNMENT RECORDS
SAT-1686,P1686,P1686,2026-08-15,Synthetic imagery simulator,25,Built-up / Open,85,7,8.0,false,0.8,SYNTHETIC_ANALYSIS,Synthetic observation only; no real imagery or legal conclusion.,SYNTHETIC DEMO DATA — NOT OFFICIAL GOVERNMENT RECORDS
SAT-1687,P1687,P1687,2026-08-15,Synthetic imagery simulator,28,Built-up / Open,43,49,8.0,false,0.81,SYNTHETIC_ANALYSIS,Synthetic observation only; no real imagery or legal conclusion.,SYNTHETIC DEMO DATA — NOT OFFICIAL GOVERNMENT RECORDS
SAT-1688,P1688,P1688,2026-08-15,Synthetic imagery simulator,31,Built-up / Open,56,36,8.0,false,0.82,SYNTHETIC_ANALYSIS,Synthetic observation only; no real imagery or legal conclusion.,SYNTHETIC DEMO DATA — NOT OFFICIAL GOVERNMENT RECORDS
SAT-1689,P1689,P1689,2026-08-15,Synthetic imagery simulator,34,Built-up / Open,69,23,8.0,false,0.83,SYNTHETIC_ANALYSIS,Synthetic observation only; no real imagery or legal conclusion.,SYNTHETIC DEMO DATA — NOT OFFICIAL GOVERNMENT RECORDS
SAT-1690,P1690,P1690,2026-08-15,Synthetic imagery simulator,2,Built-up / Open,82,10,8.0,false,0.84,SYNTHETIC_ANALYSIS,Synthetic observation only; no real imagery or legal conclusion.,SYNTHETIC DEMO DATA — NOT OFFICIAL GOVERNMENT RECORDS
SAT-1691,P1691,P1691,2026-08-15,Synthetic imagery simulator,5,Built-up / Open,40,52,8.0,true,0.85,SYNTHETIC_ANALYSIS,Synthetic observation only; no real imagery or legal conclusion.,SYNTHETIC DEMO DATA — NOT OFFICIAL GOVERNMENT RECORDS
SAT-1692,P1692,P1692,2026-08-15,Synthetic imagery simulator,8,Built-up / Open,53,39,8.0,false,0.86,SYNTHETIC_ANALYSIS,Synthetic observation only; no real imagery or legal conclusion.,SYNTHETIC DEMO DATA — NOT OFFICIAL GOVERNMENT RECORDS
SAT-1693,P1693,P1693,2026-08-15,Synthetic imagery simulator,11,Built-up / Open,66,26,8.0,false,0.87,SYNTHETIC_ANALYSIS,Synthetic observation only; no real imagery or legal conclusion.,SYNTHETIC DEMO DATA — NOT OFFICIAL GOVERNMENT RECORDS
SAT-1694,P1694,P1694,2026-08-15,Synthetic imagery simulator,14,Built-up / Open,79,13,8.0,false,0.88,SYNTHETIC_ANALYSIS,Synthetic observation only; no real imagery or legal conclusion.,SYNTHETIC DEMO DATA — NOT OFFICIAL GOVERNMENT RECORDS
SAT-1695,P1695,P1695,2026-08-15,Synthetic imagery simulator,17,Built-up / Open,37,55,8.0,false,0.89,SYNTHETIC_ANALYSIS,Synthetic observation only; no real imagery or legal conclusion.,SYNTHETIC DEMO DATA — NOT OFFICIAL GOVERNMENT RECORDS
SAT-1696,P1696,P1696,2026-08-15,Synthetic imagery simulator,20,Built-up / Open,50,42,8.0,false,0.9,SYNTHETIC_ANALYSIS,Synthetic observation only; no real imagery or legal conclusion.,SYNTHETIC DEMO DATA — NOT OFFICIAL GOVERNMENT RECORDS
SAT-1697,P1697,P1697,2026-08-15,Synthetic imagery simulator,23,Built-up / Open,63,29,8.0,true,0.91,SYNTHETIC_ANALYSIS,Synthetic observation only; no real imagery or legal conclusion.,SYNTHETIC DEMO DATA — NOT OFFICIAL GOVERNMENT RECORDS
SAT-1698,P1698,P1698,2026-08-15,Synthetic imagery simulator,26,Built-up / Open,76,16,8.0,false,0.92,SYNTHETIC_ANALYSIS,Synthetic observation only; no real imagery or legal conclusion.,SYNTHETIC DEMO DATA — NOT OFFICIAL GOVERNMENT RECORDS
SAT-1699,P1699,P1699,2026-08-15,Synthetic imagery simulator,29,Built-up / Open,89,3,8.0,false,0.93,SYNTHETIC_ANALYSIS,Synthetic observation only; no real imagery or legal conclusion.,SYNTHETIC DEMO DATA — NOT OFFICIAL GOVERNMENT RECORDS
SAT-1700,P1700,P1700,2026-08-15,Synthetic imagery simulator,32,Built-up / Open,47,45,8.0,false,0.94,SYNTHETIC_ANALYSIS,Synthetic observation only; no real imagery or legal conclusion.,SYNTHETIC DEMO DATA — NOT OFFICIAL GOVERNMENT RECORDS
SAT-1701,P1701,P1701,2026-08-15,Synthetic imagery simulator,0,Built-up / Open,60,32,8.0,false,0.75,SYNTHETIC_ANALYSIS,Synthetic observation only; no real imagery or legal conclusion.,SYNTHETIC DEMO DATA — NOT OFFICIAL GOVERNMENT RECORDS
SAT-1702,P1702,P1702,2026-08-15,Synthetic imagery simulator,3,Built-up / Open,73,19,8.0,false,0.76,SYNTHETIC_ANALYSIS,Synthetic observation only; no real imagery or legal conclusion.,SYNTHETIC DEMO DATA — NOT OFFICIAL GOVERNMENT RECORDS
SAT-1703,P1703,P1703,2026-08-15,Synthetic imagery simulator,6,Built-up / Open,86,6,8.0,true,0.77,SYNTHETIC_ANALYSIS,Synthetic observation only; no real imagery or legal conclusion.,SYNTHETIC DEMO DATA — NOT OFFICIAL GOVERNMENT RECORDS
SAT-1704,P1704,P1704,2026-08-15,Synthetic imagery simulator,9,Built-up / Open,44,48,8.0,false,0.78,SYNTHETIC_ANALYSIS,Synthetic observation only; no real imagery or legal conclusion.,SYNTHETIC DEMO DATA — NOT OFFICIAL GOVERNMENT RECORDS
SAT-1705,P1705,P1705,2026-08-15,Synthetic imagery simulator,12,Built-up / Open,57,35,8.0,false,0.79,SYNTHETIC_ANALYSIS,Synthetic observation only; no real imagery or legal conclusion.,SYNTHETIC DEMO DATA — NOT OFFICIAL GOVERNMENT RECORDS
SAT-1706,P1706,P1706,2026-08-15,Synthetic imagery simulator,15,Built-up / Open,70,22,8.0,false,0.8,SYNTHETIC_ANALYSIS,Synthetic observation only; no real imagery or legal conclusion.,SYNTHETIC DEMO DATA — NOT OFFICIAL GOVERNMENT RECORDS
SAT-1707,P1707,P1707,2026-08-15,Synthetic imagery simulator,18,Built-up / Open,83,9,8.0,false,0.81,SYNTHETIC_ANALYSIS,Synthetic observation only; no real imagery or legal conclusion.,SYNTHETIC DEMO DATA — NOT OFFICIAL GOVERNMENT RECORDS
SAT-1708,P1708,P1708,2026-08-15,Synthetic imagery simulator,21,Built-up / Open,41,51,8.0,false,0.82,SYNTHETIC_ANALYSIS,Synthetic observation only; no real imagery or legal conclusion.,SYNTHETIC DEMO DATA — NOT OFFICIAL GOVERNMENT RECORDS
SAT-1709,P1709,P1709,2026-08-15,Synthetic imagery simulator,24,Built-up / Open,54,38,8.0,true,0.83,SYNTHETIC_ANALYSIS,Synthetic observation only; no real imagery or legal conclusion.,SYNTHETIC DEMO DATA — NOT OFFICIAL GOVERNMENT RECORDS
SAT-1710,P1710,P1710,2026-08-15,Synthetic imagery simulator,27,Built-up / Open,67,25,8.0,false,0.84,SYNTHETIC_ANALYSIS,Synthetic observation only; no real imagery or legal conclusion.,SYNTHETIC DEMO DATA — NOT OFFICIAL GOVERNMENT RECORDS
SAT-1711,P1711,P1711,2026-08-15,Synthetic imagery simulator,30,Built-up / Open,80,12,8.0,false,0.85,SYNTHETIC_ANALYSIS,Synthetic observation only; no real imagery or legal conclusion.,SYNTHETIC DEMO DATA — NOT OFFICIAL GOVERNMENT RECORDS
SAT-1712,P1712,P1712,2026-08-15,Synthetic imagery simulator,33,Built-up / Open,38,54,8.0,false,0.86,SYNTHETIC_ANALYSIS,Synthetic observation only; no real imagery or legal conclusion.,SYNTHETIC DEMO DATA — NOT OFFICIAL GOVERNMENT RECORDS
SAT-1713,P1713,P1713,2026-08-15,Synthetic imagery simulator,1,Built-up / Open,51,41,8.0,false,0.87,SYNTHETIC_ANALYSIS,Synthetic observation only; no real imagery or legal conclusion.,SYNTHETIC DEMO DATA — NOT OFFICIAL GOVERNMENT RECORDS
SAT-1714,P1714,P1714,2026-08-15,Synthetic imagery simulator,4,Built-up / Open,64,28,8.0,false,0.88,SYNTHETIC_ANALYSIS,Synthetic observation only; no real imagery or legal conclusion.,SYNTHETIC DEMO DATA — NOT OFFICIAL GOVERNMENT RECORDS
SAT-1715,P1715,P1715,2026-08-15,Synthetic imagery simulator,7,Built-up / Open,77,15,8.0,true,0.89,SYNTHETIC_ANALYSIS,Synthetic observation only; no real imagery or legal conclusion.,SYNTHETIC DEMO DATA — NOT OFFICIAL GOVERNMENT RECORDS
SAT-1716,P1716,P1716,2026-08-15,Synthetic imagery simulator,10,Built-up / Open,35,57,8.0,false,0.9,SYNTHETIC_ANALYSIS,Synthetic observation only; no real imagery or legal conclusion.,SYNTHETIC DEMO DATA — NOT OFFICIAL GOVERNMENT RECORDS
SAT-1717,P1717,P1717,2026-08-15,Synthetic imagery simulator,13,Built-up / Open,48,44,8.0,false,0.91,SYNTHETIC_ANALYSIS,Synthetic observation only; no real imagery or legal conclusion.,SYNTHETIC DEMO DATA — NOT OFFICIAL GOVERNMENT RECORDS
SAT-1718,P1718,P1718,2026-08-15,Synthetic imagery simulator,16,Built-up / Open,61,31,8.0,false,0.92,SYNTHETIC_ANALYSIS,Synthetic observation only; no real imagery or legal conclusion.,SYNTHETIC DEMO DATA — NOT OFFICIAL GOVERNMENT RECORDS
SAT-1719,P1719,P1719,2026-08-15,Synthetic imagery simulator,19,Built-up / Open,74,18,8.0,false,0.93,SYNTHETIC_ANALYSIS,Synthetic observation only; no real imagery or legal conclusion.,SYNTHETIC DEMO DATA — NOT OFFICIAL GOVERNMENT RECORDS
SAT-1720,P1720,P1720,2026-08-15,Synthetic imagery simulator,22,Built-up / Open,87,5,8.0,false,0.94,SYNTHETIC_ANALYSIS,Synthetic observation only; no real imagery or legal conclusion.,SYNTHETIC DEMO DATA — NOT OFFICIAL GOVERNMENT RECORDS
SAT-1721,P1721,P1721,2026-08-15,Synthetic imagery simulator,25,Built-up / Open,45,47,8.0,true,0.75,SYNTHETIC_ANALYSIS,Synthetic observation only; no real imagery or legal conclusion.,SYNTHETIC DEMO DATA — NOT OFFICIAL GOVERNMENT RECORDS
SAT-1722,P1722,P1722,2026-08-15,Synthetic imagery simulator,28,Built-up / Open,58,34,8.0,false,0.76,SYNTHETIC_ANALYSIS,Synthetic observation only; no real imagery or legal conclusion.,SYNTHETIC DEMO DATA — NOT OFFICIAL GOVERNMENT RECORDS
SAT-1723,P1723,P1723,2026-08-15,Synthetic imagery simulator,31,Built-up / Open,71,21,8.0,false,0.77,SYNTHETIC_ANALYSIS,Synthetic observation only; no real imagery or legal conclusion.,SYNTHETIC DEMO DATA — NOT OFFICIAL GOVERNMENT RECORDS
SAT-1724,P1724,P1724,2026-08-15,Synthetic imagery simulator,34,Built-up / Open,84,8,8.0,false,0.78,SYNTHETIC_ANALYSIS,Synthetic observation only; no real imagery or legal conclusion.,SYNTHETIC DEMO DATA — NOT OFFICIAL GOVERNMENT RECORDS
SAT-1725,P1725,P1725,2026-08-15,Synthetic imagery simulator,2,Built-up / Open,42,50,8.0,false,0.79,SYNTHETIC_ANALYSIS,Synthetic observation only; no real imagery or legal conclusion.,SYNTHETIC DEMO DATA — NOT OFFICIAL GOVERNMENT RECORDS
SAT-1726,P1726,P1726,2026-08-15,Synthetic imagery simulator,5,Built-up / Open,55,37,8.0,false,0.8,SYNTHETIC_ANALYSIS,Synthetic observation only; no real imagery or legal conclusion.,SYNTHETIC DEMO DATA — NOT OFFICIAL GOVERNMENT RECORDS
SAT-1727,P1727,P1727,2026-08-15,Synthetic imagery simulator,8,Built-up / Open,68,24,8.0,true,0.81,SYNTHETIC_ANALYSIS,Synthetic observation only; no real imagery or legal conclusion.,SYNTHETIC DEMO DATA — NOT OFFICIAL GOVERNMENT RECORDS
SAT-1728,P1728,P1728,2026-08-15,Synthetic imagery simulator,11,Built-up / Open,81,11,8.0,false,0.82,SYNTHETIC_ANALYSIS,Synthetic observation only; no real imagery or legal conclusion.,SYNTHETIC DEMO DATA — NOT OFFICIAL GOVERNMENT RECORDS
SAT-1729,P1729,P1729,2026-08-15,Synthetic imagery simulator,14,Built-up / Open,39,53,8.0,false,0.83,SYNTHETIC_ANALYSIS,Synthetic observation only; no real imagery or legal conclusion.,SYNTHETIC DEMO DATA — NOT OFFICIAL GOVERNMENT RECORDS
SAT-1730,P1730,P1730,2026-08-15,Synthetic imagery simulator,17,Built-up / Open,52,40,8.0,false,0.84,SYNTHETIC_ANALYSIS,Synthetic observation only; no real imagery or legal conclusion.,SYNTHETIC DEMO DATA — NOT OFFICIAL GOVERNMENT RECORDS
SAT-1731,P1731,P1731,2026-08-15,Synthetic imagery simulator,20,Built-up / Open,65,27,8.0,false,0.85,SYNTHETIC_ANALYSIS,Synthetic observation only; no real imagery or legal conclusion.,SYNTHETIC DEMO DATA — NOT OFFICIAL GOVERNMENT RECORDS
SAT-1732,P1732,P1732,2026-08-15,Synthetic imagery simulator,23,Built-up / Open,78,14,8.0,false,0.86,SYNTHETIC_ANALYSIS,Synthetic observation only; no real imagery or legal conclusion.,SYNTHETIC DEMO DATA — NOT OFFICIAL GOVERNMENT RECORDS
SAT-1733,P1733,P1733,2026-08-15,Synthetic imagery simulator,26,Built-up / Open,36,56,8.0,true,0.87,SYNTHETIC_ANALYSIS,Synthetic observation only; no real imagery or legal conclusion.,SYNTHETIC DEMO DATA — NOT OFFICIAL GOVERNMENT RECORDS
SAT-1734,P1734,P1734,2026-08-15,Synthetic imagery simulator,29,Built-up / Open,49,43,8.0,false,0.88,SYNTHETIC_ANALYSIS,Synthetic observation only; no real imagery or legal conclusion.,SYNTHETIC DEMO DATA — NOT OFFICIAL GOVERNMENT RECORDS
SAT-1735,P1735,P1735,2026-08-15,Synthetic imagery simulator,32,Built-up / Open,62,30,8.0,false,0.89,SYNTHETIC_ANALYSIS,Synthetic observation only; no real imagery or legal conclusion.,SYNTHETIC DEMO DATA — NOT OFFICIAL GOVERNMENT RECORDS
SAT-1736,P1736,P1736,2026-08-15,Synthetic imagery simulator,0,Built-up / Open,75,17,8.0,false,0.9,SYNTHETIC_ANALYSIS,Synthetic observation only; no real imagery or legal conclusion.,SYNTHETIC DEMO DATA — NOT OFFICIAL GOVERNMENT RECORDS
SAT-1737,P1737,P1737,2026-08-15,Synthetic imagery simulator,3,Built-up / Open,88,4,8.0,false,0.91,SYNTHETIC_ANALYSIS,Synthetic observation only; no real imagery or legal conclusion.,SYNTHETIC DEMO DATA — NOT OFFICIAL GOVERNMENT RECORDS
SAT-1738,P1738,P1738,2026-08-15,Synthetic imagery simulator,6,Built-up / Open,46,46,8.0,false,0.92,SYNTHETIC_ANALYSIS,Synthetic observation only; no real imagery or legal conclusion.,SYNTHETIC DEMO DATA — NOT OFFICIAL GOVERNMENT RECORDS
SAT-1739,P1739,P1739,2026-08-15,Synthetic imagery simulator,9,Built-up / Open,59,33,8.0,true,0.93,SYNTHETIC_ANALYSIS,Synthetic observation only; no real imagery or legal conclusion.,SYNTHETIC DEMO DATA — NOT OFFICIAL GOVERNMENT RECORDS
SAT-1740,P1740,P1740,2026-08-15,Synthetic imagery simulator,12,Built-up / Open,72,20,8.0,false,0.94,SYNTHETIC_ANALYSIS,Synthetic observation only; no real imagery or legal conclusion.,SYNTHETIC DEMO DATA — NOT OFFICIAL GOVERNMENT RECORDS
SAT-1741,P1741,P1741,2026-08-15,Synthetic imagery simulator,15,Built-up / Open,85,7,8.0,false,0.75,SYNTHETIC_ANALYSIS,Synthetic observation only; no real imagery or legal conclusion.,SYNTHETIC DEMO DATA — NOT OFFICIAL GOVERNMENT RECORDS
SAT-1742,P1742,P1742,2026-08-15,Synthetic imagery simulator,18,Built-up / Open,43,49,8.0,false,0.76,SYNTHETIC_ANALYSIS,Synthetic observation only; no real imagery or legal conclusion.,SYNTHETIC DEMO DATA — NOT OFFICIAL GOVERNMENT RECORDS
SAT-1743,P1743,P1743,2026-08-15,Synthetic imagery simulator,21,Built-up / Open,56,36,8.0,false,0.77,SYNTHETIC_ANALYSIS,Synthetic observation only; no real imagery or legal conclusion.,SYNTHETIC DEMO DATA — NOT OFFICIAL GOVERNMENT RECORDS
SAT-1744,P1744,P1744,2026-08-15,Synthetic imagery simulator,24,Built-up / Open,69,23,8.0,false,0.78,SYNTHETIC_ANALYSIS,Synthetic observation only; no real imagery or legal conclusion.,SYNTHETIC DEMO DATA — NOT OFFICIAL GOVERNMENT RECORDS
SAT-1745,P1745,P1745,2026-08-15,Synthetic imagery simulator,27,Built-up / Open,82,10,8.0,true,0.79,SYNTHETIC_ANALYSIS,Synthetic observation only; no real imagery or legal conclusion.,SYNTHETIC DEMO DATA — NOT OFFICIAL GOVERNMENT RECORDS
SAT-1746,P1746,P1746,2026-08-15,Synthetic imagery simulator,30,Built-up / Open,40,52,8.0,false,0.8,SYNTHETIC_ANALYSIS,Synthetic observation only; no real imagery or legal conclusion.,SYNTHETIC DEMO DATA — NOT OFFICIAL GOVERNMENT RECORDS
SAT-1747,P1747,P1747,2026-08-15,Synthetic imagery simulator,33,Built-up / Open,53,39,8.0,false,0.81,SYNTHETIC_ANALYSIS,Synthetic observation only; no real imagery or legal conclusion.,SYNTHETIC DEMO DATA — NOT OFFICIAL GOVERNMENT RECORDS
SAT-1748,P1748,P1748,2026-08-15,Synthetic imagery simulator,1,Built-up / Open,66,26,8.0,false,0.82,SYNTHETIC_ANALYSIS,Synthetic observation only; no real imagery or legal conclusion.,SYNTHETIC DEMO DATA — NOT OFFICIAL GOVERNMENT RECORDS
SAT-1749,P1749,P1749,2026-08-15,Synthetic imagery simulator,4,Built-up / Open,79,13,8.0,false,0.83,SYNTHETIC_ANALYSIS,Synthetic observation only; no real imagery or legal conclusion.,SYNTHETIC DEMO DATA — NOT OFFICIAL GOVERNMENT RECORDS
SAT-1750,P1750,P1750,2026-08-15,Synthetic imagery simulator,7,Built-up / Open,37,55,8.0,false,0.84,SYNTHETIC_ANALYSIS,Synthetic observation only; no real imagery or legal conclusion.,SYNTHETIC DEMO DATA — NOT OFFICIAL GOVERNMENT RECORDS
SAT-1751,P1751,P1751,2026-08-15,Synthetic imagery simulator,10,Built-up / Open,50,42,8.0,true,0.85,SYNTHETIC_ANALYSIS,Synthetic observation only; no real imagery or legal conclusion.,SYNTHETIC DEMO DATA — NOT OFFICIAL GOVERNMENT RECORDS
SAT-1752,P1752,P1752,2026-08-15,Synthetic imagery simulator,13,Built-up / Open,63,29,8.0,false,0.86,SYNTHETIC_ANALYSIS,Synthetic observation only; no real imagery or legal conclusion.,SYNTHETIC DEMO DATA — NOT OFFICIAL GOVERNMENT RECORDS
SAT-1753,P1753,P1753,2026-08-15,Synthetic imagery simulator,16,Built-up / Open,76,16,8.0,false,0.87,SYNTHETIC_ANALYSIS,Synthetic observation only; no real imagery or legal conclusion.,SYNTHETIC DEMO DATA — NOT OFFICIAL GOVERNMENT RECORDS
SAT-1754,P1754,P1754,2026-08-15,Synthetic imagery simulator,19,Built-up / Open,89,3,8.0,false,0.88,SYNTHETIC_ANALYSIS,Synthetic observation only; no real imagery or legal conclusion.,SYNTHETIC DEMO DATA — NOT OFFICIAL GOVERNMENT RECORDS
SAT-1755,P1755,P1755,2026-08-15,Synthetic imagery simulator,22,Built-up / Open,47,45,8.0,false,0.89,SYNTHETIC_ANALYSIS,Synthetic observation only; no real imagery or legal conclusion.,SYNTHETIC DEMO DATA — NOT OFFICIAL GOVERNMENT RECORDS
SAT-1756,P1756,P1756,2026-08-15,Synthetic imagery simulator,25,Built-up / Open,60,32,8.0,false,0.9,SYNTHETIC_ANALYSIS,Synthetic observation only; no real imagery or legal conclusion.,SYNTHETIC DEMO DATA — NOT OFFICIAL GOVERNMENT RECORDS
SAT-1757,P1757,P1757,2026-08-15,Synthetic imagery simulator,28,Built-up / Open,73,19,8.0,true,0.91,SYNTHETIC_ANALYSIS,Synthetic observation only; no real imagery or legal conclusion.,SYNTHETIC DEMO DATA — NOT OFFICIAL GOVERNMENT RECORDS
SAT-1758,P1758,P1758,2026-08-15,Synthetic imagery simulator,31,Built-up / Open,86,6,8.0,false,0.92,SYNTHETIC_ANALYSIS,Synthetic observation only; no real imagery or legal conclusion.,SYNTHETIC DEMO DATA — NOT OFFICIAL GOVERNMENT RECORDS
SAT-1759,P1759,P1759,2026-08-15,Synthetic imagery simulator,34,Built-up / Open,44,48,8.0,false,0.93,SYNTHETIC_ANALYSIS,Synthetic observation only; no real imagery or legal conclusion.,SYNTHETIC DEMO DATA — NOT OFFICIAL GOVERNMENT RECORDS
SAT-1760,P1760,P1760,2026-08-15,Synthetic imagery simulator,2,Built-up / Open,57,35,8.0,false,0.94,SYNTHETIC_ANALYSIS,Synthetic observation only; no real imagery or legal conclusion.,SYNTHETIC DEMO DATA — NOT OFFICIAL GOVERNMENT RECORDS
SAT-1761,P1761,P1761,2026-08-15,Synthetic imagery simulator,5,Built-up / Open,70,22,8.0,false,0.75,SYNTHETIC_ANALYSIS,Synthetic observation only; no real imagery or legal conclusion.,SYNTHETIC DEMO DATA — NOT OFFICIAL GOVERNMENT RECORDS
SAT-1762,P1762,P1762,2026-08-15,Synthetic imagery simulator,8,Built-up / Open,83,9,8.0,false,0.76,SYNTHETIC_ANALYSIS,Synthetic observation only; no real imagery or legal conclusion.,SYNTHETIC DEMO DATA — NOT OFFICIAL GOVERNMENT RECORDS
SAT-1763,P1763,P1763,2026-08-15,Synthetic imagery simulator,11,Built-up / Open,41,51,8.0,true,0.77,SYNTHETIC_ANALYSIS,Synthetic observation only; no real imagery or legal conclusion.,SYNTHETIC DEMO DATA — NOT OFFICIAL GOVERNMENT RECORDS
SAT-1764,P1764,P1764,2026-08-15,Synthetic imagery simulator,14,Built-up / Open,54,38,8.0,false,0.78,SYNTHETIC_ANALYSIS,Synthetic observation only; no real imagery or legal conclusion.,SYNTHETIC DEMO DATA — NOT OFFICIAL GOVERNMENT RECORDS
SAT-1765,P1765,P1765,2026-08-15,Synthetic imagery simulator,17,Built-up / Open,67,25,8.0,false,0.79,SYNTHETIC_ANALYSIS,Synthetic observation only; no real imagery or legal conclusion.,SYNTHETIC DEMO DATA — NOT OFFICIAL GOVERNMENT RECORDS
SAT-1766,P1766,P1766,2026-08-15,Synthetic imagery simulator,20,Built-up / Open,80,12,8.0,false,0.8,SYNTHETIC_ANALYSIS,Synthetic observation only; no real imagery or legal conclusion.,SYNTHETIC DEMO DATA — NOT OFFICIAL GOVERNMENT RECORDS
SAT-1767,P1767,P1767,2026-08-15,Synthetic imagery simulator,23,Built-up / Open,38,54,8.0,false,0.81,SYNTHETIC_ANALYSIS,Synthetic observation only; no real imagery or legal conclusion.,SYNTHETIC DEMO DATA — NOT OFFICIAL GOVERNMENT RECORDS
SAT-1768,P1768,P1768,2026-08-15,Synthetic imagery simulator,26,Built-up / Open,51,41,8.0,false,0.82,SYNTHETIC_ANALYSIS,Synthetic observation only; no real imagery or legal conclusion.,SYNTHETIC DEMO DATA — NOT OFFICIAL GOVERNMENT RECORDS
SAT-1769,P1769,P1769,2026-08-15,Synthetic imagery simulator,29,Built-up / Open,64,28,8.0,true,0.83,SYNTHETIC_ANALYSIS,Synthetic observation only; no real imagery or legal conclusion.,SYNTHETIC DEMO DATA — NOT OFFICIAL GOVERNMENT RECORDS
SAT-1770,P1770,P1770,2026-08-15,Synthetic imagery simulator,32,Built-up / Open,77,15,8.0,false,0.84,SYNTHETIC_ANALYSIS,Synthetic observation only; no real imagery or legal conclusion.,SYNTHETIC DEMO DATA — NOT OFFICIAL GOVERNMENT RECORDS
SAT-1771,P1771,P1771,2026-08-15,Synthetic imagery simulator,0,Built-up / Open,35,57,8.0,false,0.85,SYNTHETIC_ANALYSIS,Synthetic observation only; no real imagery or legal conclusion.,SYNTHETIC DEMO DATA — NOT OFFICIAL GOVERNMENT RECORDS
SAT-1772,P1772,P1772,2026-08-15,Synthetic imagery simulator,3,Built-up / Open,48,44,8.0,false,0.86,SYNTHETIC_ANALYSIS,Synthetic observation only; no real imagery or legal conclusion.,SYNTHETIC DEMO DATA — NOT OFFICIAL GOVERNMENT RECORDS
SAT-1773,P1773,P1773,2026-08-15,Synthetic imagery simulator,6,Built-up / Open,61,31,8.0,false,0.87,SYNTHETIC_ANALYSIS,Synthetic observation only; no real imagery or legal conclusion.,SYNTHETIC DEMO DATA — NOT OFFICIAL GOVERNMENT RECORDS
SAT-1774,P1774,P1774,2026-08-15,Synthetic imagery simulator,9,Built-up / Open,74,18,8.0,false,0.88,SYNTHETIC_ANALYSIS,Synthetic observation only; no real imagery or legal conclusion.,SYNTHETIC DEMO DATA — NOT OFFICIAL GOVERNMENT RECORDS
SAT-1775,P1775,P1775,2026-08-15,Synthetic imagery simulator,12,Built-up / Open,87,5,8.0,true,0.89,SYNTHETIC_ANALYSIS,Synthetic observation only; no real imagery or legal conclusion.,SYNTHETIC DEMO DATA — NOT OFFICIAL GOVERNMENT RECORDS
SAT-1776,P1776,P1776,2026-08-15,Synthetic imagery simulator,15,Built-up / Open,45,47,8.0,false,0.9,SYNTHETIC_ANALYSIS,Synthetic observation only; no real imagery or legal conclusion.,SYNTHETIC DEMO DATA — NOT OFFICIAL GOVERNMENT RECORDS
SAT-1777,P1777,P1777,2026-08-15,Synthetic imagery simulator,18,Built-up / Open,58,34,8.0,false,0.91,SYNTHETIC_ANALYSIS,Synthetic observation only; no real imagery or legal conclusion.,SYNTHETIC DEMO DATA — NOT OFFICIAL GOVERNMENT RECORDS
SAT-1778,P1778,P1778,2026-08-15,Synthetic imagery simulator,21,Built-up / Open,71,21,8.0,false,0.92,SYNTHETIC_ANALYSIS,Synthetic observation only; no real imagery or legal conclusion.,SYNTHETIC DEMO DATA — NOT OFFICIAL GOVERNMENT RECORDS
SAT-1779,P1779,P1779,2026-08-15,Synthetic imagery simulator,24,Built-up / Open,84,8,8.0,false,0.93,SYNTHETIC_ANALYSIS,Synthetic observation only; no real imagery or legal conclusion.,SYNTHETIC DEMO DATA — NOT OFFICIAL GOVERNMENT RECORDS
SAT-1780,P1780,P1780,2026-08-15,Synthetic imagery simulator,27,Built-up / Open,42,50,8.0,false,0.94,SYNTHETIC_ANALYSIS,Synthetic observation only; no real imagery or legal conclusion.,SYNTHETIC DEMO DATA — NOT OFFICIAL GOVERNMENT RECORDS
SAT-1781,P1781,P1781,2026-08-15,Synthetic imagery simulator,30,Built-up / Open,55,37,8.0,true,0.75,SYNTHETIC_ANALYSIS,Synthetic observation only; no real imagery or legal conclusion.,SYNTHETIC DEMO DATA — NOT OFFICIAL GOVERNMENT RECORDS
SAT-1782,P1782,P1782,2026-08-15,Synthetic imagery simulator,33,Built-up / Open,68,24,8.0,false,0.76,SYNTHETIC_ANALYSIS,Synthetic observation only; no real imagery or legal conclusion.,SYNTHETIC DEMO DATA — NOT OFFICIAL GOVERNMENT RECORDS
SAT-1783,P1783,P1783,2026-08-15,Synthetic imagery simulator,1,Built-up / Open,81,11,8.0,false,0.77,SYNTHETIC_ANALYSIS,Synthetic observation only; no real imagery or legal conclusion.,SYNTHETIC DEMO DATA — NOT OFFICIAL GOVERNMENT RECORDS
SAT-1784,P1784,P1784,2026-08-15,Synthetic imagery simulator,4,Built-up / Open,39,53,8.0,false,0.78,SYNTHETIC_ANALYSIS,Synthetic observation only; no real imagery or legal conclusion.,SYNTHETIC DEMO DATA — NOT OFFICIAL GOVERNMENT RECORDS
SAT-1785,P1785,P1785,2026-08-15,Synthetic imagery simulator,7,Built-up / Open,52,40,8.0,false,0.79,SYNTHETIC_ANALYSIS,Synthetic observation only; no real imagery or legal conclusion.,SYNTHETIC DEMO DATA — NOT OFFICIAL GOVERNMENT RECORDS
SAT-1786,P1786,P1786,2026-08-15,Synthetic imagery simulator,10,Built-up / Open,65,27,8.0,false,0.8,SYNTHETIC_ANALYSIS,Synthetic observation only; no real imagery or legal conclusion.,SYNTHETIC DEMO DATA — NOT OFFICIAL GOVERNMENT RECORDS
SAT-1787,P1787,P1787,2026-08-15,Synthetic imagery simulator,13,Built-up / Open,78,14,8.0,true,0.81,SYNTHETIC_ANALYSIS,Synthetic observation only; no real imagery or legal conclusion.,SYNTHETIC DEMO DATA — NOT OFFICIAL GOVERNMENT RECORDS
SAT-1788,P1788,P1788,2026-08-15,Synthetic imagery simulator,16,Built-up / Open,36,56,8.0,false,0.82,SYNTHETIC_ANALYSIS,Synthetic observation only; no real imagery or legal conclusion.,SYNTHETIC DEMO DATA — NOT OFFICIAL GOVERNMENT RECORDS
SAT-1789,P1789,P1789,2026-08-15,Synthetic imagery simulator,19,Built-up / Open,49,43,8.0,false,0.83,SYNTHETIC_ANALYSIS,Synthetic observation only; no real imagery or legal conclusion.,SYNTHETIC DEMO DATA — NOT OFFICIAL GOVERNMENT RECORDS
SAT-1790,P1790,P1790,2026-08-15,Synthetic imagery simulator,22,Built-up / Open,62,30,8.0,false,0.84,SYNTHETIC_ANALYSIS,Synthetic observation only; no real imagery or legal conclusion.,SYNTHETIC DEMO DATA — NOT OFFICIAL GOVERNMENT RECORDS
SAT-1791,P1791,P1791,2026-08-15,Synthetic imagery simulator,25,Built-up / Open,75,17,8.0,false,0.85,SYNTHETIC_ANALYSIS,Synthetic observation only; no real imagery or legal conclusion.,SYNTHETIC DEMO DATA — NOT OFFICIAL GOVERNMENT RECORDS
SAT-1792,P1792,P1792,2026-08-15,Synthetic imagery simulator,28,Built-up / Open,88,4,8.0,false,0.86,SYNTHETIC_ANALYSIS,Synthetic observation only; no real imagery or legal conclusion.,SYNTHETIC DEMO DATA — NOT OFFICIAL GOVERNMENT RECORDS
SAT-1793,P1793,P1793,2026-08-15,Synthetic imagery simulator,31,Built-up / Open,46,46,8.0,true,0.87,SYNTHETIC_ANALYSIS,Synthetic observation only; no real imagery or legal conclusion.,SYNTHETIC DEMO DATA — NOT OFFICIAL GOVERNMENT RECORDS
SAT-1794,P1794,P1794,2026-08-15,Synthetic imagery simulator,34,Built-up / Open,59,33,8.0,false,0.88,SYNTHETIC_ANALYSIS,Synthetic observation only; no real imagery or legal conclusion.,SYNTHETIC DEMO DATA — NOT OFFICIAL GOVERNMENT RECORDS
SAT-1795,P1795,P1795,2026-08-15,Synthetic imagery simulator,2,Built-up / Open,72,20,8.0,false,0.89,SYNTHETIC_ANALYSIS,Synthetic observation only; no real imagery or legal conclusion.,SYNTHETIC DEMO DATA — NOT OFFICIAL GOVERNMENT RECORDS
SAT-1796,P1796,P1796,2026-08-15,Synthetic imagery simulator,5,Built-up / Open,85,7,8.0,false,0.9,SYNTHETIC_ANALYSIS,Synthetic observation only; no real imagery or legal conclusion.,SYNTHETIC DEMO DATA — NOT OFFICIAL GOVERNMENT RECORDS
SAT-1797,P1797,P1797,2026-08-15,Synthetic imagery simulator,8,Built-up / Open,43,49,8.0,false,0.91,SYNTHETIC_ANALYSIS,Synthetic observation only; no real imagery or legal conclusion.,SYNTHETIC DEMO DATA — NOT OFFICIAL GOVERNMENT RECORDS
SAT-1798,P1798,P1798,2026-08-15,Synthetic imagery simulator,11,Built-up / Open,56,36,8.0,false,0.92,SYNTHETIC_ANALYSIS,Synthetic observation only; no real imagery or legal conclusion.,SYNTHETIC DEMO DATA — NOT OFFICIAL GOVERNMENT RECORDS
SAT-1799,P1799,P1799,2026-08-15,Synthetic imagery simulator,14,Built-up / Open,69,23,8.0,true,0.93,SYNTHETIC_ANALYSIS,Synthetic observation only; no real imagery or legal conclusion.,SYNTHETIC DEMO DATA — NOT OFFICIAL GOVERNMENT RECORDS
SAT-1800,P1800,P1800,2026-08-15,Synthetic imagery simulator,17,Built-up / Open,82,10,8.0,false,0.94,SYNTHETIC_ANALYSIS,Synthetic observation only; no real imagery or legal conclusion.,SYNTHETIC DEMO DATA — NOT OFFICIAL GOVERNMENT RECORDS
