verification_id,property_id,conflict_id,verification_status,officer_id,department,verification_reason,verified_at,data_type
VER-1001,P1001,CON-1001,VERIFIED,OFFICER-001,Synthetic District Administration,Departmental demo verification only; not legally verified ownership.,2026-09-10T12:00:00,SYNTHETIC DEMO DATA — NOT OFFICIAL GOVERNMENT RECORDS
VER-1002,P1002,,VERIFIED,OFFICER-002,Synthetic District Administration,Departmental demo verification only; not legally verified ownership.,2026-09-09T12:00:00,SYNTHETIC DEMO DATA — NOT OFFICIAL GOVERNMENT RECORDS
VER-1003,P1003,,VERIFIED,OFFICER-003,Synthetic District Administration,Departmental demo verification only; not legally verified ownership.,2026-09-08T12:00:00,SYNTHETIC DEMO DATA — NOT OFFICIAL GOVERNMENT RECORDS
VER-1004,P1004,,VERIFIED,OFFICER-004,Synthetic District Administration,Departmental demo verification only; not legally verified ownership.,2026-09-07T12:00:00,SYNTHETIC DEMO DATA — NOT OFFICIAL GOVERNMENT RECORDS
VER-1005,P1005,,VERIFIED,OFFICER-005,Synthetic District Administration,Departmental demo verification only; not legally verified ownership.,2026-09-06T12:00:00,SYNTHETIC DEMO DATA — NOT OFFICIAL GOVERNMENT RECORDS
VER-1006,P1006,,VERIFIED,OFFICER-006,Synthetic District Administration,Departmental demo verification only; not legally verified ownership.,2026-09-05T12:00:00,SYNTHETIC DEMO DATA — NOT OFFICIAL GOVERNMENT RECORDS
VER-1007,P1007,,VERIFIED,OFFICER-007,Synthetic District Administration,Departmental demo verification only; not legally verified ownership.,2026-09-04T12:00:00,SYNTHETIC DEMO DATA — NOT OFFICIAL GOVERNMENT RECORDS
VER-1008,P1008,,VERIFIED,OFFICER-008,Synthetic District Administration,Departmental demo verification only; not legally verified ownership.,2026-09-03T12:00:00,SYNTHETIC DEMO DATA — NOT OFFICIAL GOVERNMENT RECORDS
VER-1009,P1009,,VERIFIED,OFFICER-009,Synthetic District Administration,Departmental demo verification only; not legally verified ownership.,2026-09-02T12:00:00,SYNTHETIC DEMO DATA — NOT OFFICIAL GOVERNMENT RECORDS
VER-1010,P1010,,VERIFIED,OFFICER-010,Synthetic District Administration,Departmental demo verification only; not legally verified ownership.,2026-09-01T12:00:00,SYNTHETIC DEMO DATA — NOT OFFICIAL GOVERNMENT RECORDS
VER-1011,P1011,CON-1011,VERIFIED,OFFICER-011,Synthetic District Administration,Departmental demo verification only; not legally verified ownership.,2026-08-31T12:00:00,SYNTHETIC DEMO DATA — NOT OFFICIAL GOVERNMENT RECORDS
VER-1012,P1012,,VERIFIED,OFFICER-012,Synthetic District Administration,Departmental demo verification only; not legally verified ownership.,2026-08-30T12:00:00,SYNTHETIC DEMO DATA — NOT OFFICIAL GOVERNMENT RECORDS
VER-1013,P1013,,VERIFIED,OFFICER-001,Synthetic District Administration,Departmental demo verification only; not legally verified ownership.,2026-08-29T12:00:00,SYNTHETIC DEMO DATA — NOT OFFICIAL GOVERNMENT RECORDS
VER-1014,P1014,,VERIFIED,OFFICER-002,Synthetic District Administration,Departmental demo verification only; not legally verified ownership.,2026-08-28T12:00:00,SYNTHETIC DEMO DATA — NOT OFFICIAL GOVERNMENT RECORDS
VER-1015,P1015,,VERIFIED,OFFICER-003,Synthetic District Administration,Departmental demo verification only; not legally verified ownership.,2026-08-27T12:00:00,SYNTHETIC DEMO DATA — NOT OFFICIAL GOVERNMENT RECORDS
VER-1016,P1016,,VERIFIED,OFFICER-004,Synthetic District Administration,Departmental demo verification only; not legally verified ownership.,2026-08-26T12:00:00,SYNTHETIC DEMO DATA — NOT OFFICIAL GOVERNMENT RECORDS
VER-1017,P1017,,VERIFIED,OFFICER-005,Synthetic District Administration,Departmental demo verification only; not legally verified ownership.,2026-08-25T12:00:00,SYNTHETIC DEMO DATA — NOT OFFICIAL GOVERNMENT RECORDS
VER-1018,P1018,,VERIFIED,OFFICER-006,Synthetic District Administration,Departmental demo verification only; not legally verified ownership.,2026-08-24T12:00:00,SYNTHETIC DEMO DATA — NOT OFFICIAL GOVERNMENT RECORDS
VER-1019,P1019,,VERIFIED,OFFICER-007,Synthetic District Administration,Departmental demo verification only; not legally verified ownership.,2026-08-23T12:00:00,SYNTHETIC DEMO DATA — NOT OFFICIAL GOVERNMENT RECORDS
VER-1020,P1020,,VERIFIED,OFFICER-008,Synthetic District Administration,Departmental demo verification only; not legally verified ownership.,2026-08-22T12:00:00,SYNTHETIC DEMO DATA — NOT OFFICIAL GOVERNMENT RECORDS
VER-1021,P1021,CON-1021,VERIFIED,OFFICER-009,Synthetic District Administration,Departmental demo verification only; not legally verified ownership.,2026-08-21T12:00:00,SYNTHETIC DEMO DATA — NOT OFFICIAL GOVERNMENT RECORDS
VER-1022,P1022,,VERIFIED,OFFICER-010,Synthetic District Administration,Departmental demo verification only; not legally verified ownership.,2026-08-20T12:00:00,SYNTHETIC DEMO DATA — NOT OFFICIAL GOVERNMENT RECORDS
VER-1023,P1023,,VERIFIED,OFFICER-011,Synthetic District Administration,Departmental demo verification only; not legally verified ownership.,2026-08-19T12:00:00,SYNTHETIC DEMO DATA — NOT OFFICIAL GOVERNMENT RECORDS
VER-1024,P1024,,VERIFIED,OFFICER-012,Synthetic District Administration,Departmental demo verification only; not legally verified ownership.,2026-08-18T12:00:00,SYNTHETIC DEMO DATA — NOT OFFICIAL GOVERNMENT RECORDS
VER-1025,P1025,,VERIFIED,OFFICER-001,Synthetic District Administration,Departmental demo verification only; not legally verified ownership.,2026-08-17T12:00:00,SYNTHETIC DEMO DATA — NOT OFFICIAL GOVERNMENT RECORDS
VER-1026,P1026,,VERIFIED,OFFICER-002,Synthetic District Administration,Departmental demo verification only; not legally verified ownership.,2026-08-16T12:00:00,SYNTHETIC DEMO DATA — NOT OFFICIAL GOVERNMENT RECORDS
VER-1027,P1027,,VERIFIED,OFFICER-003,Synthetic District Administration,Departmental demo verification only; not legally verified ownership.,2026-08-15T12:00:00,SYNTHETIC DEMO DATA — NOT OFFICIAL GOVERNMENT RECORDS
VER-1028,P1028,,VERIFIED,OFFICER-004,Synthetic District Administration,Departmental demo verification only; not legally verified ownership.,2026-08-14T12:00:00,SYNTHETIC DEMO DATA — NOT OFFICIAL GOVERNMENT RECORDS
VER-1029,P1029,,VERIFIED,OFFICER-005,Synthetic District Administration,Departmental demo verification only; not legally verified ownership.,2026-08-13T12:00:00,SYNTHETIC DEMO DATA — NOT OFFICIAL GOVERNMENT RECORDS
VER-1030,P1030,,VERIFIED,OFFICER-006,Synthetic District Administration,Departmental demo verification only; not legally verified ownership.,2026-08-12T12:00:00,SYNTHETIC DEMO DATA — NOT OFFICIAL GOVERNMENT RECORDS
VER-1031,P1031,CON-1031,VERIFIED,OFFICER-007,Synthetic District Administration,Departmental demo verification only; not legally verified ownership.,2026-08-11T12:00:00,SYNTHETIC DEMO DATA — NOT OFFICIAL GOVERNMENT RECORDS
VER-1032,P1032,,VERIFIED,OFFICER-008,Synthetic District Administration,Departmental demo verification only; not legally verified ownership.,2026-08-10T12:00:00,SYNTHETIC DEMO DATA — NOT OFFICIAL GOVERNMENT RECORDS
VER-1033,P1033,,VERIFIED,OFFICER-009,Synthetic District Administration,Departmental demo verification only; not legally verified ownership.,2026-08-09T12:00:00,SYNTHETIC DEMO DATA — NOT OFFICIAL GOVERNMENT RECORDS
VER-1034,P1034,,VERIFIED,OFFICER-010,Synthetic District Administration,Departmental demo verification only; not legally verified ownership.,2026-08-08T12:00:00,SYNTHETIC DEMO DATA — NOT OFFICIAL GOVERNMENT RECORDS
VER-1035,P1035,,VERIFIED,OFFICER-011,Synthetic District Administration,Departmental demo verification only; not legally verified ownership.,2026-08-07T12:00:00,SYNTHETIC DEMO DATA — NOT OFFICIAL GOVERNMENT RECORDS
VER-1036,P1036,,VERIFIED,OFFICER-012,Synthetic District Administration,Departmental demo verification only; not legally verified ownership.,2026-08-06T12:00:00,SYNTHETIC DEMO DATA — NOT OFFICIAL GOVERNMENT RECORDS
VER-1037,P1037,,VERIFIED,OFFICER-001,Synthetic District Administration,Departmental demo verification only; not legally verified ownership.,2026-08-05T12:00:00,SYNTHETIC DEMO DATA — NOT OFFICIAL GOVERNMENT RECORDS
VER-1038,P1038,,VERIFIED,OFFICER-002,Synthetic District Administration,Departmental demo verification only; not legally verified ownership.,2026-08-04T12:00:00,SYNTHETIC DEMO DATA — NOT OFFICIAL GOVERNMENT RECORDS
VER-1039,P1039,,VERIFIED,OFFICER-003,Synthetic District Administration,Departmental demo verification only; not legally verified ownership.,2026-08-03T12:00:00,SYNTHETIC DEMO DATA — NOT OFFICIAL GOVERNMENT RECORDS
VER-1040,P1040,,VERIFIED,OFFICER-004,Synthetic District Administration,Departmental demo verification only; not legally verified ownership.,2026-08-02T12:00:00,SYNTHETIC DEMO DATA — NOT OFFICIAL GOVERNMENT RECORDS
VER-1041,P1041,CON-1041,VERIFIED,OFFICER-005,Synthetic District Administration,Departmental demo verification only; not legally verified ownership.,2026-08-01T12:00:00,SYNTHETIC DEMO DATA — NOT OFFICIAL GOVERNMENT RECORDS
VER-1042,P1042,,VERIFIED,OFFICER-006,Synthetic District Administration,Departmental demo verification only; not legally verified ownership.,2026-07-31T12:00:00,SYNTHETIC DEMO DATA — NOT OFFICIAL GOVERNMENT RECORDS
VER-1043,P1043,,VERIFIED,OFFICER-007,Synthetic District Administration,Departmental demo verification only; not legally verified ownership.,2026-07-30T12:00:00,SYNTHETIC DEMO DATA — NOT OFFICIAL GOVERNMENT RECORDS
VER-1044,P1044,,VERIFIED,OFFICER-008,Synthetic District Administration,Departmental demo verification only; not legally verified ownership.,2026-07-29T12:00:00,SYNTHETIC DEMO DATA — NOT OFFICIAL GOVERNMENT RECORDS
VER-1045,P1045,,VERIFIED,OFFICER-009,Synthetic District Administration,Departmental demo verification only; not legally verified ownership.,2026-07-28T12:00:00,SYNTHETIC DEMO DATA — NOT OFFICIAL GOVERNMENT RECORDS
VER-1046,P1046,,VERIFIED,OFFICER-010,Synthetic District Administration,Departmental demo verification only; not legally verified ownership.,2026-07-27T12:00:00,SYNTHETIC DEMO DATA — NOT OFFICIAL GOVERNMENT RECORDS
VER-1047,P1047,,VERIFIED,OFFICER-011,Synthetic District Administration,Departmental demo verification only; not legally verified ownership.,2026-07-26T12:00:00,SYNTHETIC DEMO DATA — NOT OFFICIAL GOVERNMENT RECORDS
VER-1048,P1048,,VERIFIED,OFFICER-012,Synthetic District Administration,Departmental demo verification only; not legally verified ownership.,2026-07-25T12:00:00,SYNTHETIC DEMO DATA — NOT OFFICIAL GOVERNMENT RECORDS
VER-1049,P1049,,VERIFIED,OFFICER-001,Synthetic District Administration,Departmental demo verification only; not legally verified ownership.,2026-07-24T12:00:00,SYNTHETIC DEMO DATA — NOT OFFICIAL GOVERNMENT RECORDS
VER-1050,P1050,,VERIFIED,OFFICER-002,Synthetic District Administration,Departmental demo verification only; not legally verified ownership.,2026-07-23T12:00:00,SYNTHETIC DEMO DATA — NOT OFFICIAL GOVERNMENT RECORDS
VER-1051,P1051,CON-1051,VERIFIED,OFFICER-003,Synthetic District Administration,Departmental demo verification only; not legally verified ownership.,2026-07-22T12:00:00,SYNTHETIC DEMO DATA — NOT OFFICIAL GOVERNMENT RECORDS
VER-1052,P1052,,VERIFIED,OFFICER-004,Synthetic District Administration,Departmental demo verification only; not legally verified ownership.,2026-07-21T12:00:00,SYNTHETIC DEMO DATA — NOT OFFICIAL GOVERNMENT RECORDS
VER-1053,P1053,,VERIFIED,OFFICER-005,Synthetic District Administration,Departmental demo verification only; not legally verified ownership.,2026-07-20T12:00:00,SYNTHETIC DEMO DATA — NOT OFFICIAL GOVERNMENT RECORDS
VER-1054,P1054,,VERIFIED,OFFICER-006,Synthetic District Administration,Departmental demo verification only; not legally verified ownership.,2026-07-19T12:00:00,SYNTHETIC DEMO DATA — NOT OFFICIAL GOVERNMENT RECORDS
VER-1055,P1055,,VERIFIED,OFFICER-007,Synthetic District Administration,Departmental demo verification only; not legally verified ownership.,2026-07-18T12:00:00,SYNTHETIC DEMO DATA — NOT OFFICIAL GOVERNMENT RECORDS
VER-1056,P1056,,VERIFIED,OFFICER-008,Synthetic District Administration,Departmental demo verification only; not legally verified ownership.,2026-07-17T12:00:00,SYNTHETIC DEMO DATA — NOT OFFICIAL GOVERNMENT RECORDS
VER-1057,P1057,,VERIFIED,OFFICER-009,Synthetic District Administration,Departmental demo verification only; not legally verified ownership.,2026-07-16T12:00:00,SYNTHETIC DEMO DATA — NOT OFFICIAL GOVERNMENT RECORDS
VER-1058,P1058,,VERIFIED,OFFICER-010,Synthetic District Administration,Departmental demo verification only; not legally verified ownership.,2026-07-15T12:00:00,SYNTHETIC DEMO DATA — NOT OFFICIAL GOVERNMENT RECORDS
VER-1059,P1059,,VERIFIED,OFFICER-011,Synthetic District Administration,Departmental demo verification only; not legally verified ownership.,2026-07-14T12:00:00,SYNTHETIC DEMO DATA — NOT OFFICIAL GOVERNMENT RECORDS
VER-1060,P1060,,VERIFIED,OFFICER-012,Synthetic District Administration,Departmental demo verification only; not legally verified ownership.,2026-07-13T12:00:00,SYNTHETIC DEMO DATA — NOT OFFICIAL GOVERNMENT RECORDS
VER-1061,P1061,CON-1061,VERIFIED,OFFICER-001,Synthetic District Administration,Departmental demo verification only; not legally verified ownership.,2026-09-10T12:00:00,SYNTHETIC DEMO DATA — NOT OFFICIAL GOVERNMENT RECORDS
VER-1062,P1062,,VERIFIED,OFFICER-002,Synthetic District Administration,Departmental demo verification only; not legally verified ownership.,2026-09-09T12:00:00,SYNTHETIC DEMO DATA — NOT OFFICIAL GOVERNMENT RECORDS
VER-1063,P1063,,VERIFIED,OFFICER-003,Synthetic District Administration,Departmental demo verification only; not legally verified ownership.,2026-09-08T12:00:00,SYNTHETIC DEMO DATA — NOT OFFICIAL GOVERNMENT RECORDS
VER-1064,P1064,,VERIFIED,OFFICER-004,Synthetic District Administration,Departmental demo verification only; not legally verified ownership.,2026-09-07T12:00:00,SYNTHETIC DEMO DATA — NOT OFFICIAL GOVERNMENT RECORDS
VER-1065,P1065,,VERIFIED,OFFICER-005,Synthetic District Administration,Departmental demo verification only; not legally verified ownership.,2026-09-06T12:00:00,SYNTHETIC DEMO DATA — NOT OFFICIAL GOVERNMENT RECORDS
VER-1066,P1066,,VERIFIED,OFFICER-006,Synthetic District Administration,Departmental demo verification only; not legally verified ownership.,2026-09-05T12:00:00,SYNTHETIC DEMO DATA — NOT OFFICIAL GOVERNMENT RECORDS
VER-1067,P1067,,VERIFIED,OFFICER-007,Synthetic District Administration,Departmental demo verification only; not legally verified ownership.,2026-09-04T12:00:00,SYNTHETIC DEMO DATA — NOT OFFICIAL GOVERNMENT RECORDS
VER-1068,P1068,,VERIFIED,OFFICER-008,Synthetic District Administration,Departmental demo verification only; not legally verified ownership.,2026-09-03T12:00:00,SYNTHETIC DEMO DATA — NOT OFFICIAL GOVERNMENT RECORDS
VER-1069,P1069,,VERIFIED,OFFICER-009,Synthetic District Administration,Departmental demo verification only; not legally verified ownership.,2026-09-02T12:00:00,SYNTHETIC DEMO DATA — NOT OFFICIAL GOVERNMENT RECORDS
VER-1070,P1070,,VERIFIED,OFFICER-010,Synthetic District Administration,Departmental demo verification only; not legally verified ownership.,2026-09-01T12:00:00,SYNTHETIC DEMO DATA — NOT OFFICIAL GOVERNMENT RECORDS
VER-1071,P1071,CON-1071,VERIFIED,OFFICER-011,Synthetic District Administration,Departmental demo verification only; not legally verified ownership.,2026-08-31T12:00:00,SYNTHETIC DEMO DATA — NOT OFFICIAL GOVERNMENT RECORDS
VER-1072,P1072,,VERIFIED,OFFICER-012,Synthetic District Administration,Departmental demo verification only; not legally verified ownership.,2026-08-30T12:00:00,SYNTHETIC DEMO DATA — NOT OFFICIAL GOVERNMENT RECORDS
VER-1073,P1073,,VERIFIED,OFFICER-001,Synthetic District Administration,Departmental demo verification only; not legally verified ownership.,2026-08-29T12:00:00,SYNTHETIC DEMO DATA — NOT OFFICIAL GOVERNMENT RECORDS
VER-1074,P1074,,VERIFIED,OFFICER-002,Synthetic District Administration,Departmental demo verification only; not legally verified ownership.,2026-08-28T12:00:00,SYNTHETIC DEMO DATA — NOT OFFICIAL GOVERNMENT RECORDS
VER-1075,P1075,,VERIFIED,OFFICER-003,Synthetic District Administration,Departmental demo verification only; not legally verified ownership.,2026-08-27T12:00:00,SYNTHETIC DEMO DATA — NOT OFFICIAL GOVERNMENT RECORDS
VER-1076,P1076,,VERIFIED,OFFICER-004,Synthetic District Administration,Departmental demo verification only; not legally verified ownership.,2026-08-26T12:00:00,SYNTHETIC DEMO DATA — NOT OFFICIAL GOVERNMENT RECORDS
VER-1077,P1077,,VERIFIED,OFFICER-005,Synthetic District Administration,Departmental demo verification only; not legally verified ownership.,2026-08-25T12:00:00,SYNTHETIC DEMO DATA — NOT OFFICIAL GOVERNMENT RECORDS
VER-1078,P1078,,VERIFIED,OFFICER-006,Synthetic District Administration,Departmental demo verification only; not legally verified ownership.,2026-08-24T12:00:00,SYNTHETIC DEMO DATA — NOT OFFICIAL GOVERNMENT RECORDS
VER-1079,P1079,,VERIFIED,OFFICER-007,Synthetic District Administration,Departmental demo verification only; not legally verified ownership.,2026-08-23T12:00:00,SYNTHETIC DEMO DATA — NOT OFFICIAL GOVERNMENT RECORDS
VER-1080,P1080,,VERIFIED,OFFICER-008,Synthetic District Administration,Departmental demo verification only; not legally verified ownership.,2026-08-22T12:00:00,SYNTHETIC DEMO DATA — NOT OFFICIAL GOVERNMENT RECORDS
VER-1081,P1081,CON-1081,VERIFIED,OFFICER-009,Synthetic District Administration,Departmental demo verification only; not legally verified ownership.,2026-08-21T12:00:00,SYNTHETIC DEMO DATA — NOT OFFICIAL GOVERNMENT RECORDS
VER-1082,P1082,,VERIFIED,OFFICER-010,Synthetic District Administration,Departmental demo verification only; not legally verified ownership.,2026-08-20T12:00:00,SYNTHETIC DEMO DATA — NOT OFFICIAL GOVERNMENT RECORDS
VER-1083,P1083,,VERIFIED,OFFICER-011,Synthetic District Administration,Departmental demo verification only; not legally verified ownership.,2026-08-19T12:00:00,SYNTHETIC DEMO DATA — NOT OFFICIAL GOVERNMENT RECORDS
VER-1084,P1084,,VERIFIED,OFFICER-012,Synthetic District Administration,Departmental demo verification only; not legally verified ownership.,2026-08-18T12:00:00,SYNTHETIC DEMO DATA — NOT OFFICIAL GOVERNMENT RECORDS
VER-1085,P1085,,VERIFIED,OFFICER-001,Synthetic District Administration,Departmental demo verification only; not legally verified ownership.,2026-08-17T12:00:00,SYNTHETIC DEMO DATA — NOT OFFICIAL GOVERNMENT RECORDS
VER-1086,P1086,,VERIFIED,OFFICER-002,Synthetic District Administration,Departmental demo verification only; not legally verified ownership.,2026-08-16T12:00:00,SYNTHETIC DEMO DATA — NOT OFFICIAL GOVERNMENT RECORDS
VER-1087,P1087,,VERIFIED,OFFICER-003,Synthetic District Administration,Departmental demo verification only; not legally verified ownership.,2026-08-15T12:00:00,SYNTHETIC DEMO DATA — NOT OFFICIAL GOVERNMENT RECORDS
VER-1088,P1088,,VERIFIED,OFFICER-004,Synthetic District Administration,Departmental demo verification only; not legally verified ownership.,2026-08-14T12:00:00,SYNTHETIC DEMO DATA — NOT OFFICIAL GOVERNMENT RECORDS
VER-1089,P1089,,VERIFIED,OFFICER-005,Synthetic District Administration,Departmental demo verification only; not legally verified ownership.,2026-08-13T12:00:00,SYNTHETIC DEMO DATA — NOT OFFICIAL GOVERNMENT RECORDS
VER-1090,P1090,,VERIFIED,OFFICER-006,Synthetic District Administration,Departmental demo verification only; not legally verified ownership.,2026-08-12T12:00:00,SYNTHETIC DEMO DATA — NOT OFFICIAL GOVERNMENT RECORDS
VER-1091,P1091,CON-1091,VERIFIED,OFFICER-007,Synthetic District Administration,Departmental demo verification only; not legally verified ownership.,2026-08-11T12:00:00,SYNTHETIC DEMO DATA — NOT OFFICIAL GOVERNMENT RECORDS
VER-1092,P1092,,VERIFIED,OFFICER-008,Synthetic District Administration,Departmental demo verification only; not legally verified ownership.,2026-08-10T12:00:00,SYNTHETIC DEMO DATA — NOT OFFICIAL GOVERNMENT RECORDS
VER-1093,P1093,,VERIFIED,OFFICER-009,Synthetic District Administration,Departmental demo verification only; not legally verified ownership.,2026-08-09T12:00:00,SYNTHETIC DEMO DATA — NOT OFFICIAL GOVERNMENT RECORDS
VER-1094,P1094,,VERIFIED,OFFICER-010,Synthetic District Administration,Departmental demo verification only; not legally verified ownership.,2026-08-08T12:00:00,SYNTHETIC DEMO DATA — NOT OFFICIAL GOVERNMENT RECORDS
VER-1095,P1095,,VERIFIED,OFFICER-011,Synthetic District Administration,Departmental demo verification only; not legally verified ownership.,2026-08-07T12:00:00,SYNTHETIC DEMO DATA — NOT OFFICIAL GOVERNMENT RECORDS
VER-1096,P1096,,VERIFIED,OFFICER-012,Synthetic District Administration,Departmental demo verification only; not legally verified ownership.,2026-08-06T12:00:00,SYNTHETIC DEMO DATA — NOT OFFICIAL GOVERNMENT RECORDS
VER-1097,P1097,,VERIFIED,OFFICER-001,Synthetic District Administration,Departmental demo verification only; not legally verified ownership.,2026-08-05T12:00:00,SYNTHETIC DEMO DATA — NOT OFFICIAL GOVERNMENT RECORDS
VER-1098,P1098,,VERIFIED,OFFICER-002,Synthetic District Administration,Departmental demo verification only; not legally verified ownership.,2026-08-04T12:00:00,SYNTHETIC DEMO DATA — NOT OFFICIAL GOVERNMENT RECORDS
VER-1099,P1099,,VERIFIED,OFFICER-003,Synthetic District Administration,Departmental demo verification only; not legally verified ownership.,2026-08-03T12:00:00,SYNTHETIC DEMO DATA — NOT OFFICIAL GOVERNMENT RECORDS
VER-1100,P1100,,VERIFIED,OFFICER-004,Synthetic District Administration,Departmental demo verification only; not legally verified ownership.,2026-08-02T12:00:00,SYNTHETIC DEMO DATA — NOT OFFICIAL GOVERNMENT RECORDS
VER-1101,P1101,CON-1101,VERIFIED,OFFICER-005,Synthetic District Administration,Departmental demo verification only; not legally verified ownership.,2026-08-01T12:00:00,SYNTHETIC DEMO DATA — NOT OFFICIAL GOVERNMENT RECORDS
VER-1102,P1102,,VERIFIED,OFFICER-006,Synthetic District Administration,Departmental demo verification only; not legally verified ownership.,2026-07-31T12:00:00,SYNTHETIC DEMO DATA — NOT OFFICIAL GOVERNMENT RECORDS
VER-1103,P1103,,VERIFIED,OFFICER-007,Synthetic District Administration,Departmental demo verification only; not legally verified ownership.,2026-07-30T12:00:00,SYNTHETIC DEMO DATA — NOT OFFICIAL GOVERNMENT RECORDS
VER-1104,P1104,,VERIFIED,OFFICER-008,Synthetic District Administration,Departmental demo verification only; not legally verified ownership.,2026-07-29T12:00:00,SYNTHETIC DEMO DATA — NOT OFFICIAL GOVERNMENT RECORDS
VER-1105,P1105,,VERIFIED,OFFICER-009,Synthetic District Administration,Departmental demo verification only; not legally verified ownership.,2026-07-28T12:00:00,SYNTHETIC DEMO DATA — NOT OFFICIAL GOVERNMENT RECORDS
VER-1106,P1106,,VERIFIED,OFFICER-010,Synthetic District Administration,Departmental demo verification only; not legally verified ownership.,2026-07-27T12:00:00,SYNTHETIC DEMO DATA — NOT OFFICIAL GOVERNMENT RECORDS
VER-1107,P1107,,VERIFIED,OFFICER-011,Synthetic District Administration,Departmental demo verification only; not legally verified ownership.,2026-07-26T12:00:00,SYNTHETIC DEMO DATA — NOT OFFICIAL GOVERNMENT RECORDS
VER-1108,P1108,,VERIFIED,OFFICER-012,Synthetic District Administration,Departmental demo verification only; not legally verified ownership.,2026-07-25T12:00:00,SYNTHETIC DEMO DATA — NOT OFFICIAL GOVERNMENT RECORDS
VER-1109,P1109,,VERIFIED,OFFICER-001,Synthetic District Administration,Departmental demo verification only; not legally verified ownership.,2026-07-24T12:00:00,SYNTHETIC DEMO DATA — NOT OFFICIAL GOVERNMENT RECORDS
VER-1110,P1110,,VERIFIED,OFFICER-002,Synthetic District Administration,Departmental demo verification only; not legally verified ownership.,2026-07-23T12:00:00,SYNTHETIC DEMO DATA — NOT OFFICIAL GOVERNMENT RECORDS
VER-1111,P1111,CON-1111,VERIFIED,OFFICER-003,Synthetic District Administration,Departmental demo verification only; not legally verified ownership.,2026-07-22T12:00:00,SYNTHETIC DEMO DATA — NOT OFFICIAL GOVERNMENT RECORDS
VER-1112,P1112,,VERIFIED,OFFICER-004,Synthetic District Administration,Departmental demo verification only; not legally verified ownership.,2026-07-21T12:00:00,SYNTHETIC DEMO DATA — NOT OFFICIAL GOVERNMENT RECORDS
VER-1113,P1113,,VERIFIED,OFFICER-005,Synthetic District Administration,Departmental demo verification only; not legally verified ownership.,2026-07-20T12:00:00,SYNTHETIC DEMO DATA — NOT OFFICIAL GOVERNMENT RECORDS
VER-1114,P1114,,VERIFIED,OFFICER-006,Synthetic District Administration,Departmental demo verification only; not legally verified ownership.,2026-07-19T12:00:00,SYNTHETIC DEMO DATA — NOT OFFICIAL GOVERNMENT RECORDS
VER-1115,P1115,,VERIFIED,OFFICER-007,Synthetic District Administration,Departmental demo verification only; not legally verified ownership.,2026-07-18T12:00:00,SYNTHETIC DEMO DATA — NOT OFFICIAL GOVERNMENT RECORDS
VER-1116,P1116,,VERIFIED,OFFICER-008,Synthetic District Administration,Departmental demo verification only; not legally verified ownership.,2026-07-17T12:00:00,SYNTHETIC DEMO DATA — NOT OFFICIAL GOVERNMENT RECORDS
VER-1117,P1117,,VERIFIED,OFFICER-009,Synthetic District Administration,Departmental demo verification only; not legally verified ownership.,2026-07-16T12:00:00,SYNTHETIC DEMO DATA — NOT OFFICIAL GOVERNMENT RECORDS
VER-1118,P1118,,VERIFIED,OFFICER-010,Synthetic District Administration,Departmental demo verification only; not legally verified ownership.,2026-07-15T12:00:00,SYNTHETIC DEMO DATA — NOT OFFICIAL GOVERNMENT RECORDS
VER-1119,P1119,,VERIFIED,OFFICER-011,Synthetic District Administration,Departmental demo verification only; not legally verified ownership.,2026-07-14T12:00:00,SYNTHETIC DEMO DATA — NOT OFFICIAL GOVERNMENT RECORDS
VER-1120,P1120,,VERIFIED,OFFICER-012,Synthetic District Administration,Departmental demo verification only; not legally verified ownership.,2026-07-13T12:00:00,SYNTHETIC DEMO DATA — NOT OFFICIAL GOVERNMENT RECORDS
VER-1121,P1121,CON-1121,VERIFIED,OFFICER-001,Synthetic District Administration,Departmental demo verification only; not legally verified ownership.,2026-09-10T12:00:00,SYNTHETIC DEMO DATA — NOT OFFICIAL GOVERNMENT RECORDS
VER-1122,P1122,,VERIFIED,OFFICER-002,Synthetic District Administration,Departmental demo verification only; not legally verified ownership.,2026-09-09T12:00:00,SYNTHETIC DEMO DATA — NOT OFFICIAL GOVERNMENT RECORDS
VER-1123,P1123,,VERIFIED,OFFICER-003,Synthetic District Administration,Departmental demo verification only; not legally verified ownership.,2026-09-08T12:00:00,SYNTHETIC DEMO DATA — NOT OFFICIAL GOVERNMENT RECORDS
VER-1124,P1124,,VERIFIED,OFFICER-004,Synthetic District Administration,Departmental demo verification only; not legally verified ownership.,2026-09-07T12:00:00,SYNTHETIC DEMO DATA — NOT OFFICIAL GOVERNMENT RECORDS
VER-1125,P1125,,VERIFIED,OFFICER-005,Synthetic District Administration,Departmental demo verification only; not legally verified ownership.,2026-09-06T12:00:00,SYNTHETIC DEMO DATA — NOT OFFICIAL GOVERNMENT RECORDS
VER-1126,P1126,,VERIFIED,OFFICER-006,Synthetic District Administration,Departmental demo verification only; not legally verified ownership.,2026-09-05T12:00:00,SYNTHETIC DEMO DATA — NOT OFFICIAL GOVERNMENT RECORDS
VER-1127,P1127,,VERIFIED,OFFICER-007,Synthetic District Administration,Departmental demo verification only; not legally verified ownership.,2026-09-04T12:00:00,SYNTHETIC DEMO DATA — NOT OFFICIAL GOVERNMENT RECORDS
VER-1128,P1128,,VERIFIED,OFFICER-008,Synthetic District Administration,Departmental demo verification only; not legally verified ownership.,2026-09-03T12:00:00,SYNTHETIC DEMO DATA — NOT OFFICIAL GOVERNMENT RECORDS
VER-1129,P1129,,VERIFIED,OFFICER-009,Synthetic District Administration,Departmental demo verification only; not legally verified ownership.,2026-09-02T12:00:00,SYNTHETIC DEMO DATA — NOT OFFICIAL GOVERNMENT RECORDS
VER-1130,P1130,,VERIFIED,OFFICER-010,Synthetic District Administration,Departmental demo verification only; not legally verified ownership.,2026-09-01T12:00:00,SYNTHETIC DEMO DATA — NOT OFFICIAL GOVERNMENT RECORDS
VER-1131,P1131,CON-1131,VERIFIED,OFFICER-011,Synthetic District Administration,Departmental demo verification only; not legally verified ownership.,2026-08-31T12:00:00,SYNTHETIC DEMO DATA — NOT OFFICIAL GOVERNMENT RECORDS
VER-1132,P1132,,VERIFIED,OFFICER-012,Synthetic District Administration,Departmental demo verification only; not legally verified ownership.,2026-08-30T12:00:00,SYNTHETIC DEMO DATA — NOT OFFICIAL GOVERNMENT RECORDS
VER-1133,P1133,,VERIFIED,OFFICER-001,Synthetic District Administration,Departmental demo verification only; not legally verified ownership.,2026-08-29T12:00:00,SYNTHETIC DEMO DATA — NOT OFFICIAL GOVERNMENT RECORDS
VER-1134,P1134,,VERIFIED,OFFICER-002,Synthetic District Administration,Departmental demo verification only; not legally verified ownership.,2026-08-28T12:00:00,SYNTHETIC DEMO DATA — NOT OFFICIAL GOVERNMENT RECORDS
VER-1135,P1135,,VERIFIED,OFFICER-003,Synthetic District Administration,Departmental demo verification only; not legally verified ownership.,2026-08-27T12:00:00,SYNTHETIC DEMO DATA — NOT OFFICIAL GOVERNMENT RECORDS
VER-1136,P1136,,VERIFIED,OFFICER-004,Synthetic District Administration,Departmental demo verification only; not legally verified ownership.,2026-08-26T12:00:00,SYNTHETIC DEMO DATA — NOT OFFICIAL GOVERNMENT RECORDS
VER-1137,P1137,,VERIFIED,OFFICER-005,Synthetic District Administration,Departmental demo verification only; not legally verified ownership.,2026-08-25T12:00:00,SYNTHETIC DEMO DATA — NOT OFFICIAL GOVERNMENT RECORDS
VER-1138,P1138,,VERIFIED,OFFICER-006,Synthetic District Administration,Departmental demo verification only; not legally verified ownership.,2026-08-24T12:00:00,SYNTHETIC DEMO DATA — NOT OFFICIAL GOVERNMENT RECORDS
VER-1139,P1139,,VERIFIED,OFFICER-007,Synthetic District Administration,Departmental demo verification only; not legally verified ownership.,2026-08-23T12:00:00,SYNTHETIC DEMO DATA — NOT OFFICIAL GOVERNMENT RECORDS
VER-1140,P1140,,VERIFIED,OFFICER-008,Synthetic District Administration,Departmental demo verification only; not legally verified ownership.,2026-08-22T12:00:00,SYNTHETIC DEMO DATA — NOT OFFICIAL GOVERNMENT RECORDS
VER-1141,P1141,CON-1141,VERIFIED,OFFICER-009,Synthetic District Administration,Departmental demo verification only; not legally verified ownership.,2026-08-21T12:00:00,SYNTHETIC DEMO DATA — NOT OFFICIAL GOVERNMENT RECORDS
VER-1142,P1142,,VERIFIED,OFFICER-010,Synthetic District Administration,Departmental demo verification only; not legally verified ownership.,2026-08-20T12:00:00,SYNTHETIC DEMO DATA — NOT OFFICIAL GOVERNMENT RECORDS
VER-1143,P1143,,VERIFIED,OFFICER-011,Synthetic District Administration,Departmental demo verification only; not legally verified ownership.,2026-08-19T12:00:00,SYNTHETIC DEMO DATA — NOT OFFICIAL GOVERNMENT RECORDS
VER-1144,P1144,,VERIFIED,OFFICER-012,Synthetic District Administration,Departmental demo verification only; not legally verified ownership.,2026-08-18T12:00:00,SYNTHETIC DEMO DATA — NOT OFFICIAL GOVERNMENT RECORDS
VER-1145,P1145,,VERIFIED,OFFICER-001,Synthetic District Administration,Departmental demo verification only; not legally verified ownership.,2026-08-17T12:00:00,SYNTHETIC DEMO DATA — NOT OFFICIAL GOVERNMENT RECORDS
VER-1146,P1146,,VERIFIED,OFFICER-002,Synthetic District Administration,Departmental demo verification only; not legally verified ownership.,2026-08-16T12:00:00,SYNTHETIC DEMO DATA — NOT OFFICIAL GOVERNMENT RECORDS
VER-1147,P1147,,VERIFIED,OFFICER-003,Synthetic District Administration,Departmental demo verification only; not legally verified ownership.,2026-08-15T12:00:00,SYNTHETIC DEMO DATA — NOT OFFICIAL GOVERNMENT RECORDS
VER-1148,P1148,,VERIFIED,OFFICER-004,Synthetic District Administration,Departmental demo verification only; not legally verified ownership.,2026-08-14T12:00:00,SYNTHETIC DEMO DATA — NOT OFFICIAL GOVERNMENT RECORDS
VER-1149,P1149,,VERIFIED,OFFICER-005,Synthetic District Administration,Departmental demo verification only; not legally verified ownership.,2026-08-13T12:00:00,SYNTHETIC DEMO DATA — NOT OFFICIAL GOVERNMENT RECORDS
VER-1150,P1150,,VERIFIED,OFFICER-006,Synthetic District Administration,Departmental demo verification only; not legally verified ownership.,2026-08-12T12:00:00,SYNTHETIC DEMO DATA — NOT OFFICIAL GOVERNMENT RECORDS
VER-1151,P1151,CON-1151,VERIFIED,OFFICER-007,Synthetic District Administration,Departmental demo verification only; not legally verified ownership.,2026-08-11T12:00:00,SYNTHETIC DEMO DATA — NOT OFFICIAL GOVERNMENT RECORDS
VER-1152,P1152,,VERIFIED,OFFICER-008,Synthetic District Administration,Departmental demo verification only; not legally verified ownership.,2026-08-10T12:00:00,SYNTHETIC DEMO DATA — NOT OFFICIAL GOVERNMENT RECORDS
VER-1153,P1153,,VERIFIED,OFFICER-009,Synthetic District Administration,Departmental demo verification only; not legally verified ownership.,2026-08-09T12:00:00,SYNTHETIC DEMO DATA — NOT OFFICIAL GOVERNMENT RECORDS
VER-1154,P1154,,VERIFIED,OFFICER-010,Synthetic District Administration,Departmental demo verification only; not legally verified ownership.,2026-08-08T12:00:00,SYNTHETIC DEMO DATA — NOT OFFICIAL GOVERNMENT RECORDS
VER-1155,P1155,,VERIFIED,OFFICER-011,Synthetic District Administration,Departmental demo verification only; not legally verified ownership.,2026-08-07T12:00:00,SYNTHETIC DEMO DATA — NOT OFFICIAL GOVERNMENT RECORDS
VER-1156,P1156,,VERIFIED,OFFICER-012,Synthetic District Administration,Departmental demo verification only; not legally verified ownership.,2026-08-06T12:00:00,SYNTHETIC DEMO DATA — NOT OFFICIAL GOVERNMENT RECORDS
VER-1157,P1157,,VERIFIED,OFFICER-001,Synthetic District Administration,Departmental demo verification only; not legally verified ownership.,2026-08-05T12:00:00,SYNTHETIC DEMO DATA — NOT OFFICIAL GOVERNMENT RECORDS
VER-1158,P1158,,VERIFIED,OFFICER-002,Synthetic District Administration,Departmental demo verification only; not legally verified ownership.,2026-08-04T12:00:00,SYNTHETIC DEMO DATA — NOT OFFICIAL GOVERNMENT RECORDS
VER-1159,P1159,,VERIFIED,OFFICER-003,Synthetic District Administration,Departmental demo verification only; not legally verified ownership.,2026-08-03T12:00:00,SYNTHETIC DEMO DATA — NOT OFFICIAL GOVERNMENT RECORDS
VER-1160,P1160,,VERIFIED,OFFICER-004,Synthetic District Administration,Departmental demo verification only; not legally verified ownership.,2026-08-02T12:00:00,SYNTHETIC DEMO DATA — NOT OFFICIAL GOVERNMENT RECORDS
VER-1161,P1161,CON-1161,VERIFIED,OFFICER-005,Synthetic District Administration,Departmental demo verification only; not legally verified ownership.,2026-08-01T12:00:00,SYNTHETIC DEMO DATA — NOT OFFICIAL GOVERNMENT RECORDS
VER-1162,P1162,,VERIFIED,OFFICER-006,Synthetic District Administration,Departmental demo verification only; not legally verified ownership.,2026-07-31T12:00:00,SYNTHETIC DEMO DATA — NOT OFFICIAL GOVERNMENT RECORDS
VER-1163,P1163,,VERIFIED,OFFICER-007,Synthetic District Administration,Departmental demo verification only; not legally verified ownership.,2026-07-30T12:00:00,SYNTHETIC DEMO DATA — NOT OFFICIAL GOVERNMENT RECORDS
VER-1164,P1164,,VERIFIED,OFFICER-008,Synthetic District Administration,Departmental demo verification only; not legally verified ownership.,2026-07-29T12:00:00,SYNTHETIC DEMO DATA — NOT OFFICIAL GOVERNMENT RECORDS
VER-1165,P1165,,VERIFIED,OFFICER-009,Synthetic District Administration,Departmental demo verification only; not legally verified ownership.,2026-07-28T12:00:00,SYNTHETIC DEMO DATA — NOT OFFICIAL GOVERNMENT RECORDS
VER-1166,P1166,,VERIFIED,OFFICER-010,Synthetic District Administration,Departmental demo verification only; not legally verified ownership.,2026-07-27T12:00:00,SYNTHETIC DEMO DATA — NOT OFFICIAL GOVERNMENT RECORDS
VER-1167,P1167,,VERIFIED,OFFICER-011,Synthetic District Administration,Departmental demo verification only; not legally verified ownership.,2026-07-26T12:00:00,SYNTHETIC DEMO DATA — NOT OFFICIAL GOVERNMENT RECORDS
VER-1168,P1168,,VERIFIED,OFFICER-012,Synthetic District Administration,Departmental demo verification only; not legally verified ownership.,2026-07-25T12:00:00,SYNTHETIC DEMO DATA — NOT OFFICIAL GOVERNMENT RECORDS
VER-1169,P1169,,VERIFIED,OFFICER-001,Synthetic District Administration,Departmental demo verification only; not legally verified ownership.,2026-07-24T12:00:00,SYNTHETIC DEMO DATA — NOT OFFICIAL GOVERNMENT RECORDS
VER-1170,P1170,,VERIFIED,OFFICER-002,Synthetic District Administration,Departmental demo verification only; not legally verified ownership.,2026-07-23T12:00:00,SYNTHETIC DEMO DATA — NOT OFFICIAL GOVERNMENT RECORDS
VER-1171,P1171,CON-1171,VERIFIED,OFFICER-003,Synthetic District Administration,Departmental demo verification only; not legally verified ownership.,2026-07-22T12:00:00,SYNTHETIC DEMO DATA — NOT OFFICIAL GOVERNMENT RECORDS
VER-1172,P1172,,VERIFIED,OFFICER-004,Synthetic District Administration,Departmental demo verification only; not legally verified ownership.,2026-07-21T12:00:00,SYNTHETIC DEMO DATA — NOT OFFICIAL GOVERNMENT RECORDS
VER-1173,P1173,,VERIFIED,OFFICER-005,Synthetic District Administration,Departmental demo verification only; not legally verified ownership.,2026-07-20T12:00:00,SYNTHETIC DEMO DATA — NOT OFFICIAL GOVERNMENT RECORDS
VER-1174,P1174,,VERIFIED,OFFICER-006,Synthetic District Administration,Departmental demo verification only; not legally verified ownership.,2026-07-19T12:00:00,SYNTHETIC DEMO DATA — NOT OFFICIAL GOVERNMENT RECORDS
VER-1175,P1175,,VERIFIED,OFFICER-007,Synthetic District Administration,Departmental demo verification only; not legally verified ownership.,2026-07-18T12:00:00,SYNTHETIC DEMO DATA — NOT OFFICIAL GOVERNMENT RECORDS
VER-1176,P1176,,VERIFIED,OFFICER-008,Synthetic District Administration,Departmental demo verification only; not legally verified ownership.,2026-07-17T12:00:00,SYNTHETIC DEMO DATA — NOT OFFICIAL GOVERNMENT RECORDS
VER-1177,P1177,,VERIFIED,OFFICER-009,Synthetic District Administration,Departmental demo verification only; not legally verified ownership.,2026-07-16T12:00:00,SYNTHETIC DEMO DATA — NOT OFFICIAL GOVERNMENT RECORDS
VER-1178,P1178,,VERIFIED,OFFICER-010,Synthetic District Administration,Departmental demo verification only; not legally verified ownership.,2026-07-15T12:00:00,SYNTHETIC DEMO DATA — NOT OFFICIAL GOVERNMENT RECORDS
VER-1179,P1179,,VERIFIED,OFFICER-011,Synthetic District Administration,Departmental demo verification only; not legally verified ownership.,2026-07-14T12:00:00,SYNTHETIC DEMO DATA — NOT OFFICIAL GOVERNMENT RECORDS
VER-1180,P1180,,VERIFIED,OFFICER-012,Synthetic District Administration,Departmental demo verification only; not legally verified ownership.,2026-07-13T12:00:00,SYNTHETIC DEMO DATA — NOT OFFICIAL GOVERNMENT RECORDS
VER-1181,P1181,CON-1181,VERIFIED,OFFICER-001,Synthetic District Administration,Departmental demo verification only; not legally verified ownership.,2026-09-10T12:00:00,SYNTHETIC DEMO DATA — NOT OFFICIAL GOVERNMENT RECORDS
VER-1182,P1182,,VERIFIED,OFFICER-002,Synthetic District Administration,Departmental demo verification only; not legally verified ownership.,2026-09-09T12:00:00,SYNTHETIC DEMO DATA — NOT OFFICIAL GOVERNMENT RECORDS
VER-1183,P1183,,VERIFIED,OFFICER-003,Synthetic District Administration,Departmental demo verification only; not legally verified ownership.,2026-09-08T12:00:00,SYNTHETIC DEMO DATA — NOT OFFICIAL GOVERNMENT RECORDS
VER-1184,P1184,,VERIFIED,OFFICER-004,Synthetic District Administration,Departmental demo verification only; not legally verified ownership.,2026-09-07T12:00:00,SYNTHETIC DEMO DATA — NOT OFFICIAL GOVERNMENT RECORDS
VER-1185,P1185,,VERIFIED,OFFICER-005,Synthetic District Administration,Departmental demo verification only; not legally verified ownership.,2026-09-06T12:00:00,SYNTHETIC DEMO DATA — NOT OFFICIAL GOVERNMENT RECORDS
VER-1186,P1186,,VERIFIED,OFFICER-006,Synthetic District Administration,Departmental demo verification only; not legally verified ownership.,2026-09-05T12:00:00,SYNTHETIC DEMO DATA — NOT OFFICIAL GOVERNMENT RECORDS
VER-1187,P1187,,VERIFIED,OFFICER-007,Synthetic District Administration,Departmental demo verification only; not legally verified ownership.,2026-09-04T12:00:00,SYNTHETIC DEMO DATA — NOT OFFICIAL GOVERNMENT RECORDS
VER-1188,P1188,,VERIFIED,OFFICER-008,Synthetic District Administration,Departmental demo verification only; not legally verified ownership.,2026-09-03T12:00:00,SYNTHETIC DEMO DATA — NOT OFFICIAL GOVERNMENT RECORDS
VER-1189,P1189,,VERIFIED,OFFICER-009,Synthetic District Administration,Departmental demo verification only; not legally verified ownership.,2026-09-02T12:00:00,SYNTHETIC DEMO DATA — NOT OFFICIAL GOVERNMENT RECORDS
VER-1190,P1190,,VERIFIED,OFFICER-010,Synthetic District Administration,Departmental demo verification only; not legally verified ownership.,2026-09-01T12:00:00,SYNTHETIC DEMO DATA — NOT OFFICIAL GOVERNMENT RECORDS
VER-1191,P1191,CON-1191,VERIFIED,OFFICER-011,Synthetic District Administration,Departmental demo verification only; not legally verified ownership.,2026-08-31T12:00:00,SYNTHETIC DEMO DATA — NOT OFFICIAL GOVERNMENT RECORDS
VER-1192,P1192,,VERIFIED,OFFICER-012,Synthetic District Administration,Departmental demo verification only; not legally verified ownership.,2026-08-30T12:00:00,SYNTHETIC DEMO DATA — NOT OFFICIAL GOVERNMENT RECORDS
VER-1193,P1193,,VERIFIED,OFFICER-001,Synthetic District Administration,Departmental demo verification only; not legally verified ownership.,2026-08-29T12:00:00,SYNTHETIC DEMO DATA — NOT OFFICIAL GOVERNMENT RECORDS
VER-1194,P1194,,VERIFIED,OFFICER-002,Synthetic District Administration,Departmental demo verification only; not legally verified ownership.,2026-08-28T12:00:00,SYNTHETIC DEMO DATA — NOT OFFICIAL GOVERNMENT RECORDS
VER-1195,P1195,,VERIFIED,OFFICER-003,Synthetic District Administration,Departmental demo verification only; not legally verified ownership.,2026-08-27T12:00:00,SYNTHETIC DEMO DATA — NOT OFFICIAL GOVERNMENT RECORDS
VER-1196,P1196,,VERIFIED,OFFICER-004,Synthetic District Administration,Departmental demo verification only; not legally verified ownership.,2026-08-26T12:00:00,SYNTHETIC DEMO DATA — NOT OFFICIAL GOVERNMENT RECORDS
VER-1197,P1197,,VERIFIED,OFFICER-005,Synthetic District Administration,Departmental demo verification only; not legally verified ownership.,2026-08-25T12:00:00,SYNTHETIC DEMO DATA — NOT OFFICIAL GOVERNMENT RECORDS
VER-1198,P1198,,VERIFIED,OFFICER-006,Synthetic District Administration,Departmental demo verification only; not legally verified ownership.,2026-08-24T12:00:00,SYNTHETIC DEMO DATA — NOT OFFICIAL GOVERNMENT RECORDS
VER-1199,P1199,,VERIFIED,OFFICER-007,Synthetic District Administration,Departmental demo verification only; not legally verified ownership.,2026-08-23T12:00:00,SYNTHETIC DEMO DATA — NOT OFFICIAL GOVERNMENT RECORDS
VER-1200,P1200,,VERIFIED,OFFICER-008,Synthetic District Administration,Departmental demo verification only; not legally verified ownership.,2026-08-22T12:00:00,SYNTHETIC DEMO DATA — NOT OFFICIAL GOVERNMENT RECORDS
VER-1201,P1201,CON-1201,VERIFIED,OFFICER-009,Synthetic District Administration,Departmental demo verification only; not legally verified ownership.,2026-08-21T12:00:00,SYNTHETIC DEMO DATA — NOT OFFICIAL GOVERNMENT RECORDS
VER-1202,P1202,,VERIFIED,OFFICER-010,Synthetic District Administration,Departmental demo verification only; not legally verified ownership.,2026-08-20T12:00:00,SYNTHETIC DEMO DATA — NOT OFFICIAL GOVERNMENT RECORDS
VER-1203,P1203,,VERIFIED,OFFICER-011,Synthetic District Administration,Departmental demo verification only; not legally verified ownership.,2026-08-19T12:00:00,SYNTHETIC DEMO DATA — NOT OFFICIAL GOVERNMENT RECORDS
VER-1204,P1204,,VERIFIED,OFFICER-012,Synthetic District Administration,Departmental demo verification only; not legally verified ownership.,2026-08-18T12:00:00,SYNTHETIC DEMO DATA — NOT OFFICIAL GOVERNMENT RECORDS
VER-1205,P1205,,VERIFIED,OFFICER-001,Synthetic District Administration,Departmental demo verification only; not legally verified ownership.,2026-08-17T12:00:00,SYNTHETIC DEMO DATA — NOT OFFICIAL GOVERNMENT RECORDS
VER-1206,P1206,,VERIFIED,OFFICER-002,Synthetic District Administration,Departmental demo verification only; not legally verified ownership.,2026-08-16T12:00:00,SYNTHETIC DEMO DATA — NOT OFFICIAL GOVERNMENT RECORDS
VER-1207,P1207,,VERIFIED,OFFICER-003,Synthetic District Administration,Departmental demo verification only; not legally verified ownership.,2026-08-15T12:00:00,SYNTHETIC DEMO DATA — NOT OFFICIAL GOVERNMENT RECORDS
VER-1208,P1208,,VERIFIED,OFFICER-004,Synthetic District Administration,Departmental demo verification only; not legally verified ownership.,2026-08-14T12:00:00,SYNTHETIC DEMO DATA — NOT OFFICIAL GOVERNMENT RECORDS
VER-1209,P1209,,VERIFIED,OFFICER-005,Synthetic District Administration,Departmental demo verification only; not legally verified ownership.,2026-08-13T12:00:00,SYNTHETIC DEMO DATA — NOT OFFICIAL GOVERNMENT RECORDS
VER-1210,P1210,,VERIFIED,OFFICER-006,Synthetic District Administration,Departmental demo verification only; not legally verified ownership.,2026-08-12T12:00:00,SYNTHETIC DEMO DATA — NOT OFFICIAL GOVERNMENT RECORDS
VER-1211,P1211,CON-1211,VERIFIED,OFFICER-007,Synthetic District Administration,Departmental demo verification only; not legally verified ownership.,2026-08-11T12:00:00,SYNTHETIC DEMO DATA — NOT OFFICIAL GOVERNMENT RECORDS
VER-1212,P1212,,VERIFIED,OFFICER-008,Synthetic District Administration,Departmental demo verification only; not legally verified ownership.,2026-08-10T12:00:00,SYNTHETIC DEMO DATA — NOT OFFICIAL GOVERNMENT RECORDS
VER-1213,P1213,,VERIFIED,OFFICER-009,Synthetic District Administration,Departmental demo verification only; not legally verified ownership.,2026-08-09T12:00:00,SYNTHETIC DEMO DATA — NOT OFFICIAL GOVERNMENT RECORDS
VER-1214,P1214,,VERIFIED,OFFICER-010,Synthetic District Administration,Departmental demo verification only; not legally verified ownership.,2026-08-08T12:00:00,SYNTHETIC DEMO DATA — NOT OFFICIAL GOVERNMENT RECORDS
VER-1215,P1215,,VERIFIED,OFFICER-011,Synthetic District Administration,Departmental demo verification only; not legally verified ownership.,2026-08-07T12:00:00,SYNTHETIC DEMO DATA — NOT OFFICIAL GOVERNMENT RECORDS
VER-1216,P1216,,VERIFIED,OFFICER-012,Synthetic District Administration,Departmental demo verification only; not legally verified ownership.,2026-08-06T12:00:00,SYNTHETIC DEMO DATA — NOT OFFICIAL GOVERNMENT RECORDS
VER-1217,P1217,,VERIFIED,OFFICER-001,Synthetic District Administration,Departmental demo verification only; not legally verified ownership.,2026-08-05T12:00:00,SYNTHETIC DEMO DATA — NOT OFFICIAL GOVERNMENT RECORDS
VER-1218,P1218,,VERIFIED,OFFICER-002,Synthetic District Administration,Departmental demo verification only; not legally verified ownership.,2026-08-04T12:00:00,SYNTHETIC DEMO DATA — NOT OFFICIAL GOVERNMENT RECORDS
VER-1219,P1219,,VERIFIED,OFFICER-003,Synthetic District Administration,Departmental demo verification only; not legally verified ownership.,2026-08-03T12:00:00,SYNTHETIC DEMO DATA — NOT OFFICIAL GOVERNMENT RECORDS
VER-1220,P1220,,VERIFIED,OFFICER-004,Synthetic District Administration,Departmental demo verification only; not legally verified ownership.,2026-08-02T12:00:00,SYNTHETIC DEMO DATA — NOT OFFICIAL GOVERNMENT RECORDS
VER-1221,P1221,CON-1221,VERIFIED,OFFICER-005,Synthetic District Administration,Departmental demo verification only; not legally verified ownership.,2026-08-01T12:00:00,SYNTHETIC DEMO DATA — NOT OFFICIAL GOVERNMENT RECORDS
VER-1222,P1222,,VERIFIED,OFFICER-006,Synthetic District Administration,Departmental demo verification only; not legally verified ownership.,2026-07-31T12:00:00,SYNTHETIC DEMO DATA — NOT OFFICIAL GOVERNMENT RECORDS
VER-1223,P1223,,VERIFIED,OFFICER-007,Synthetic District Administration,Departmental demo verification only; not legally verified ownership.,2026-07-30T12:00:00,SYNTHETIC DEMO DATA — NOT OFFICIAL GOVERNMENT RECORDS
VER-1224,P1224,,VERIFIED,OFFICER-008,Synthetic District Administration,Departmental demo verification only; not legally verified ownership.,2026-07-29T12:00:00,SYNTHETIC DEMO DATA — NOT OFFICIAL GOVERNMENT RECORDS
VER-1225,P1225,,VERIFIED,OFFICER-009,Synthetic District Administration,Departmental demo verification only; not legally verified ownership.,2026-07-28T12:00:00,SYNTHETIC DEMO DATA — NOT OFFICIAL GOVERNMENT RECORDS
VER-1226,P1226,,VERIFIED,OFFICER-010,Synthetic District Administration,Departmental demo verification only; not legally verified ownership.,2026-07-27T12:00:00,SYNTHETIC DEMO DATA — NOT OFFICIAL GOVERNMENT RECORDS
VER-1227,P1227,,VERIFIED,OFFICER-011,Synthetic District Administration,Departmental demo verification only; not legally verified ownership.,2026-07-26T12:00:00,SYNTHETIC DEMO DATA — NOT OFFICIAL GOVERNMENT RECORDS
VER-1228,P1228,,VERIFIED,OFFICER-012,Synthetic District Administration,Departmental demo verification only; not legally verified ownership.,2026-07-25T12:00:00,SYNTHETIC DEMO DATA — NOT OFFICIAL GOVERNMENT RECORDS
VER-1229,P1229,,VERIFIED,OFFICER-001,Synthetic District Administration,Departmental demo verification only; not legally verified ownership.,2026-07-24T12:00:00,SYNTHETIC DEMO DATA — NOT OFFICIAL GOVERNMENT RECORDS
VER-1230,P1230,,VERIFIED,OFFICER-002,Synthetic District Administration,Departmental demo verification only; not legally verified ownership.,2026-07-23T12:00:00,SYNTHETIC DEMO DATA — NOT OFFICIAL GOVERNMENT RECORDS
VER-1231,P1231,CON-1231,VERIFIED,OFFICER-003,Synthetic District Administration,Departmental demo verification only; not legally verified ownership.,2026-07-22T12:00:00,SYNTHETIC DEMO DATA — NOT OFFICIAL GOVERNMENT RECORDS
VER-1232,P1232,,VERIFIED,OFFICER-004,Synthetic District Administration,Departmental demo verification only; not legally verified ownership.,2026-07-21T12:00:00,SYNTHETIC DEMO DATA — NOT OFFICIAL GOVERNMENT RECORDS
VER-1233,P1233,,VERIFIED,OFFICER-005,Synthetic District Administration,Departmental demo verification only; not legally verified ownership.,2026-07-20T12:00:00,SYNTHETIC DEMO DATA — NOT OFFICIAL GOVERNMENT RECORDS
VER-1234,P1234,,VERIFIED,OFFICER-006,Synthetic District Administration,Departmental demo verification only; not legally verified ownership.,2026-07-19T12:00:00,SYNTHETIC DEMO DATA — NOT OFFICIAL GOVERNMENT RECORDS
VER-1235,P1235,,VERIFIED,OFFICER-007,Synthetic District Administration,Departmental demo verification only; not legally verified ownership.,2026-07-18T12:00:00,SYNTHETIC DEMO DATA — NOT OFFICIAL GOVERNMENT RECORDS
VER-1236,P1236,,VERIFIED,OFFICER-008,Synthetic District Administration,Departmental demo verification only; not legally verified ownership.,2026-07-17T12:00:00,SYNTHETIC DEMO DATA — NOT OFFICIAL GOVERNMENT RECORDS
VER-1237,P1237,,VERIFIED,OFFICER-009,Synthetic District Administration,Departmental demo verification only; not legally verified ownership.,2026-07-16T12:00:00,SYNTHETIC DEMO DATA — NOT OFFICIAL GOVERNMENT RECORDS
VER-1238,P1238,,VERIFIED,OFFICER-010,Synthetic District Administration,Departmental demo verification only; not legally verified ownership.,2026-07-15T12:00:00,SYNTHETIC DEMO DATA — NOT OFFICIAL GOVERNMENT RECORDS
VER-1239,P1239,,VERIFIED,OFFICER-011,Synthetic District Administration,Departmental demo verification only; not legally verified ownership.,2026-07-14T12:00:00,SYNTHETIC DEMO DATA — NOT OFFICIAL GOVERNMENT RECORDS
VER-1240,P1240,,VERIFIED,OFFICER-012,Synthetic District Administration,Departmental demo verification only; not legally verified ownership.,2026-07-13T12:00:00,SYNTHETIC DEMO DATA — NOT OFFICIAL GOVERNMENT RECORDS
VER-1241,P1241,CON-1241,VERIFIED,OFFICER-001,Synthetic District Administration,Departmental demo verification only; not legally verified ownership.,2026-09-10T12:00:00,SYNTHETIC DEMO DATA — NOT OFFICIAL GOVERNMENT RECORDS
VER-1242,P1242,,VERIFIED,OFFICER-002,Synthetic District Administration,Departmental demo verification only; not legally verified ownership.,2026-09-09T12:00:00,SYNTHETIC DEMO DATA — NOT OFFICIAL GOVERNMENT RECORDS
VER-1243,P1243,,VERIFIED,OFFICER-003,Synthetic District Administration,Departmental demo verification only; not legally verified ownership.,2026-09-08T12:00:00,SYNTHETIC DEMO DATA — NOT OFFICIAL GOVERNMENT RECORDS
VER-1244,P1244,,VERIFIED,OFFICER-004,Synthetic District Administration,Departmental demo verification only; not legally verified ownership.,2026-09-07T12:00:00,SYNTHETIC DEMO DATA — NOT OFFICIAL GOVERNMENT RECORDS
VER-1245,P1245,,VERIFIED,OFFICER-005,Synthetic District Administration,Departmental demo verification only; not legally verified ownership.,2026-09-06T12:00:00,SYNTHETIC DEMO DATA — NOT OFFICIAL GOVERNMENT RECORDS
VER-1246,P1246,,VERIFIED,OFFICER-006,Synthetic District Administration,Departmental demo verification only; not legally verified ownership.,2026-09-05T12:00:00,SYNTHETIC DEMO DATA — NOT OFFICIAL GOVERNMENT RECORDS
VER-1247,P1247,,VERIFIED,OFFICER-007,Synthetic District Administration,Departmental demo verification only; not legally verified ownership.,2026-09-04T12:00:00,SYNTHETIC DEMO DATA — NOT OFFICIAL GOVERNMENT RECORDS
VER-1248,P1248,,VERIFIED,OFFICER-008,Synthetic District Administration,Departmental demo verification only; not legally verified ownership.,2026-09-03T12:00:00,SYNTHETIC DEMO DATA — NOT OFFICIAL GOVERNMENT RECORDS
VER-1249,P1249,,VERIFIED,OFFICER-009,Synthetic District Administration,Departmental demo verification only; not legally verified ownership.,2026-09-02T12:00:00,SYNTHETIC DEMO DATA — NOT OFFICIAL GOVERNMENT RECORDS
VER-1250,P1250,,VERIFIED,OFFICER-010,Synthetic District Administration,Departmental demo verification only; not legally verified ownership.,2026-09-01T12:00:00,SYNTHETIC DEMO DATA — NOT OFFICIAL GOVERNMENT RECORDS
VER-1251,P1251,CON-1251,VERIFIED,OFFICER-011,Synthetic District Administration,Departmental demo verification only; not legally verified ownership.,2026-08-31T12:00:00,SYNTHETIC DEMO DATA — NOT OFFICIAL GOVERNMENT RECORDS
VER-1252,P1252,,VERIFIED,OFFICER-012,Synthetic District Administration,Departmental demo verification only; not legally verified ownership.,2026-08-30T12:00:00,SYNTHETIC DEMO DATA — NOT OFFICIAL GOVERNMENT RECORDS
VER-1253,P1253,,VERIFIED,OFFICER-001,Synthetic District Administration,Departmental demo verification only; not legally verified ownership.,2026-08-29T12:00:00,SYNTHETIC DEMO DATA — NOT OFFICIAL GOVERNMENT RECORDS
VER-1254,P1254,,VERIFIED,OFFICER-002,Synthetic District Administration,Departmental demo verification only; not legally verified ownership.,2026-08-28T12:00:00,SYNTHETIC DEMO DATA — NOT OFFICIAL GOVERNMENT RECORDS
VER-1255,P1255,,VERIFIED,OFFICER-003,Synthetic District Administration,Departmental demo verification only; not legally verified ownership.,2026-08-27T12:00:00,SYNTHETIC DEMO DATA — NOT OFFICIAL GOVERNMENT RECORDS
VER-1256,P1256,,VERIFIED,OFFICER-004,Synthetic District Administration,Departmental demo verification only; not legally verified ownership.,2026-08-26T12:00:00,SYNTHETIC DEMO DATA — NOT OFFICIAL GOVERNMENT RECORDS
VER-1257,P1257,,VERIFIED,OFFICER-005,Synthetic District Administration,Departmental demo verification only; not legally verified ownership.,2026-08-25T12:00:00,SYNTHETIC DEMO DATA — NOT OFFICIAL GOVERNMENT RECORDS
VER-1258,P1258,,VERIFIED,OFFICER-006,Synthetic District Administration,Departmental demo verification only; not legally verified ownership.,2026-08-24T12:00:00,SYNTHETIC DEMO DATA — NOT OFFICIAL GOVERNMENT RECORDS
VER-1259,P1259,,VERIFIED,OFFICER-007,Synthetic District Administration,Departmental demo verification only; not legally verified ownership.,2026-08-23T12:00:00,SYNTHETIC DEMO DATA — NOT OFFICIAL GOVERNMENT RECORDS
VER-1260,P1260,,VERIFIED,OFFICER-008,Synthetic District Administration,Departmental demo verification only; not legally verified ownership.,2026-08-22T12:00:00,SYNTHETIC DEMO DATA — NOT OFFICIAL GOVERNMENT RECORDS
VER-1261,P1261,CON-1261,VERIFIED,OFFICER-009,Synthetic District Administration,Departmental demo verification only; not legally verified ownership.,2026-08-21T12:00:00,SYNTHETIC DEMO DATA — NOT OFFICIAL GOVERNMENT RECORDS
VER-1262,P1262,,VERIFIED,OFFICER-010,Synthetic District Administration,Departmental demo verification only; not legally verified ownership.,2026-08-20T12:00:00,SYNTHETIC DEMO DATA — NOT OFFICIAL GOVERNMENT RECORDS
VER-1263,P1263,,VERIFIED,OFFICER-011,Synthetic District Administration,Departmental demo verification only; not legally verified ownership.,2026-08-19T12:00:00,SYNTHETIC DEMO DATA — NOT OFFICIAL GOVERNMENT RECORDS
VER-1264,P1264,,VERIFIED,OFFICER-012,Synthetic District Administration,Departmental demo verification only; not legally verified ownership.,2026-08-18T12:00:00,SYNTHETIC DEMO DATA — NOT OFFICIAL GOVERNMENT RECORDS
VER-1265,P1265,,VERIFIED,OFFICER-001,Synthetic District Administration,Departmental demo verification only; not legally verified ownership.,2026-08-17T12:00:00,SYNTHETIC DEMO DATA — NOT OFFICIAL GOVERNMENT RECORDS
VER-1266,P1266,,VERIFIED,OFFICER-002,Synthetic District Administration,Departmental demo verification only; not legally verified ownership.,2026-08-16T12:00:00,SYNTHETIC DEMO DATA — NOT OFFICIAL GOVERNMENT RECORDS
VER-1267,P1267,,VERIFIED,OFFICER-003,Synthetic District Administration,Departmental demo verification only; not legally verified ownership.,2026-08-15T12:00:00,SYNTHETIC DEMO DATA — NOT OFFICIAL GOVERNMENT RECORDS
VER-1268,P1268,,VERIFIED,OFFICER-004,Synthetic District Administration,Departmental demo verification only; not legally verified ownership.,2026-08-14T12:00:00,SYNTHETIC DEMO DATA — NOT OFFICIAL GOVERNMENT RECORDS
VER-1269,P1269,,VERIFIED,OFFICER-005,Synthetic District Administration,Departmental demo verification only; not legally verified ownership.,2026-08-13T12:00:00,SYNTHETIC DEMO DATA — NOT OFFICIAL GOVERNMENT RECORDS
VER-1270,P1270,,VERIFIED,OFFICER-006,Synthetic District Administration,Departmental demo verification only; not legally verified ownership.,2026-08-12T12:00:00,SYNTHETIC DEMO DATA — NOT OFFICIAL GOVERNMENT RECORDS
VER-1271,P1271,CON-1271,VERIFIED,OFFICER-007,Synthetic District Administration,Departmental demo verification only; not legally verified ownership.,2026-08-11T12:00:00,SYNTHETIC DEMO DATA — NOT OFFICIAL GOVERNMENT RECORDS
VER-1272,P1272,,VERIFIED,OFFICER-008,Synthetic District Administration,Departmental demo verification only; not legally verified ownership.,2026-08-10T12:00:00,SYNTHETIC DEMO DATA — NOT OFFICIAL GOVERNMENT RECORDS
VER-1273,P1273,,VERIFIED,OFFICER-009,Synthetic District Administration,Departmental demo verification only; not legally verified ownership.,2026-08-09T12:00:00,SYNTHETIC DEMO DATA — NOT OFFICIAL GOVERNMENT RECORDS
VER-1274,P1274,,VERIFIED,OFFICER-010,Synthetic District Administration,Departmental demo verification only; not legally verified ownership.,2026-08-08T12:00:00,SYNTHETIC DEMO DATA — NOT OFFICIAL GOVERNMENT RECORDS
VER-1275,P1275,,VERIFIED,OFFICER-011,Synthetic District Administration,Departmental demo verification only; not legally verified ownership.,2026-08-07T12:00:00,SYNTHETIC DEMO DATA — NOT OFFICIAL GOVERNMENT RECORDS
VER-1276,P1276,,VERIFIED,OFFICER-012,Synthetic District Administration,Departmental demo verification only; not legally verified ownership.,2026-08-06T12:00:00,SYNTHETIC DEMO DATA — NOT OFFICIAL GOVERNMENT RECORDS
VER-1277,P1277,,VERIFIED,OFFICER-001,Synthetic District Administration,Departmental demo verification only; not legally verified ownership.,2026-08-05T12:00:00,SYNTHETIC DEMO DATA — NOT OFFICIAL GOVERNMENT RECORDS
VER-1278,P1278,,VERIFIED,OFFICER-002,Synthetic District Administration,Departmental demo verification only; not legally verified ownership.,2026-08-04T12:00:00,SYNTHETIC DEMO DATA — NOT OFFICIAL GOVERNMENT RECORDS
VER-1279,P1279,,VERIFIED,OFFICER-003,Synthetic District Administration,Departmental demo verification only; not legally verified ownership.,2026-08-03T12:00:00,SYNTHETIC DEMO DATA — NOT OFFICIAL GOVERNMENT RECORDS
VER-1280,P1280,,VERIFIED,OFFICER-004,Synthetic District Administration,Departmental demo verification only; not legally verified ownership.,2026-08-02T12:00:00,SYNTHETIC DEMO DATA — NOT OFFICIAL GOVERNMENT RECORDS
VER-1281,P1281,CON-1281,VERIFIED,OFFICER-005,Synthetic District Administration,Departmental demo verification only; not legally verified ownership.,2026-08-01T12:00:00,SYNTHETIC DEMO DATA — NOT OFFICIAL GOVERNMENT RECORDS
VER-1282,P1282,,VERIFIED,OFFICER-006,Synthetic District Administration,Departmental demo verification only; not legally verified ownership.,2026-07-31T12:00:00,SYNTHETIC DEMO DATA — NOT OFFICIAL GOVERNMENT RECORDS
VER-1283,P1283,,VERIFIED,OFFICER-007,Synthetic District Administration,Departmental demo verification only; not legally verified ownership.,2026-07-30T12:00:00,SYNTHETIC DEMO DATA — NOT OFFICIAL GOVERNMENT RECORDS
VER-1284,P1284,,VERIFIED,OFFICER-008,Synthetic District Administration,Departmental demo verification only; not legally verified ownership.,2026-07-29T12:00:00,SYNTHETIC DEMO DATA — NOT OFFICIAL GOVERNMENT RECORDS
VER-1285,P1285,,VERIFIED,OFFICER-009,Synthetic District Administration,Departmental demo verification only; not legally verified ownership.,2026-07-28T12:00:00,SYNTHETIC DEMO DATA — NOT OFFICIAL GOVERNMENT RECORDS
VER-1286,P1286,,VERIFIED,OFFICER-010,Synthetic District Administration,Departmental demo verification only; not legally verified ownership.,2026-07-27T12:00:00,SYNTHETIC DEMO DATA — NOT OFFICIAL GOVERNMENT RECORDS
VER-1287,P1287,,VERIFIED,OFFICER-011,Synthetic District Administration,Departmental demo verification only; not legally verified ownership.,2026-07-26T12:00:00,SYNTHETIC DEMO DATA — NOT OFFICIAL GOVERNMENT RECORDS
VER-1288,P1288,,VERIFIED,OFFICER-012,Synthetic District Administration,Departmental demo verification only; not legally verified ownership.,2026-07-25T12:00:00,SYNTHETIC DEMO DATA — NOT OFFICIAL GOVERNMENT RECORDS
VER-1289,P1289,,VERIFIED,OFFICER-001,Synthetic District Administration,Departmental demo verification only; not legally verified ownership.,2026-07-24T12:00:00,SYNTHETIC DEMO DATA — NOT OFFICIAL GOVERNMENT RECORDS
VER-1290,P1290,,VERIFIED,OFFICER-002,Synthetic District Administration,Departmental demo verification only; not legally verified ownership.,2026-07-23T12:00:00,SYNTHETIC DEMO DATA — NOT OFFICIAL GOVERNMENT RECORDS
VER-1291,P1291,CON-1291,VERIFIED,OFFICER-003,Synthetic District Administration,Departmental demo verification only; not legally verified ownership.,2026-07-22T12:00:00,SYNTHETIC DEMO DATA — NOT OFFICIAL GOVERNMENT RECORDS
VER-1292,P1292,,VERIFIED,OFFICER-004,Synthetic District Administration,Departmental demo verification only; not legally verified ownership.,2026-07-21T12:00:00,SYNTHETIC DEMO DATA — NOT OFFICIAL GOVERNMENT RECORDS
VER-1293,P1293,,VERIFIED,OFFICER-005,Synthetic District Administration,Departmental demo verification only; not legally verified ownership.,2026-07-20T12:00:00,SYNTHETIC DEMO DATA — NOT OFFICIAL GOVERNMENT RECORDS
VER-1294,P1294,,VERIFIED,OFFICER-006,Synthetic District Administration,Departmental demo verification only; not legally verified ownership.,2026-07-19T12:00:00,SYNTHETIC DEMO DATA — NOT OFFICIAL GOVERNMENT RECORDS
VER-1295,P1295,,VERIFIED,OFFICER-007,Synthetic District Administration,Departmental demo verification only; not legally verified ownership.,2026-07-18T12:00:00,SYNTHETIC DEMO DATA — NOT OFFICIAL GOVERNMENT RECORDS
VER-1296,P1296,,VERIFIED,OFFICER-008,Synthetic District Administration,Departmental demo verification only; not legally verified ownership.,2026-07-17T12:00:00,SYNTHETIC DEMO DATA — NOT OFFICIAL GOVERNMENT RECORDS
VER-1297,P1297,,VERIFIED,OFFICER-009,Synthetic District Administration,Departmental demo verification only; not legally verified ownership.,2026-07-16T12:00:00,SYNTHETIC DEMO DATA — NOT OFFICIAL GOVERNMENT RECORDS
VER-1298,P1298,,VERIFIED,OFFICER-010,Synthetic District Administration,Departmental demo verification only; not legally verified ownership.,2026-07-15T12:00:00,SYNTHETIC DEMO DATA — NOT OFFICIAL GOVERNMENT RECORDS
VER-1299,P1299,,VERIFIED,OFFICER-011,Synthetic District Administration,Departmental demo verification only; not legally verified ownership.,2026-07-14T12:00:00,SYNTHETIC DEMO DATA — NOT OFFICIAL GOVERNMENT RECORDS
VER-1300,P1300,,VERIFIED,OFFICER-012,Synthetic District Administration,Departmental demo verification only; not legally verified ownership.,2026-07-13T12:00:00,SYNTHETIC DEMO DATA — NOT OFFICIAL GOVERNMENT RECORDS
VER-1301,P1301,CON-1301,VERIFIED,OFFICER-001,Synthetic District Administration,Departmental demo verification only; not legally verified ownership.,2026-09-10T12:00:00,SYNTHETIC DEMO DATA — NOT OFFICIAL GOVERNMENT RECORDS
VER-1302,P1302,,VERIFIED,OFFICER-002,Synthetic District Administration,Departmental demo verification only; not legally verified ownership.,2026-09-09T12:00:00,SYNTHETIC DEMO DATA — NOT OFFICIAL GOVERNMENT RECORDS
VER-1303,P1303,,VERIFIED,OFFICER-003,Synthetic District Administration,Departmental demo verification only; not legally verified ownership.,2026-09-08T12:00:00,SYNTHETIC DEMO DATA — NOT OFFICIAL GOVERNMENT RECORDS
VER-1304,P1304,,VERIFIED,OFFICER-004,Synthetic District Administration,Departmental demo verification only; not legally verified ownership.,2026-09-07T12:00:00,SYNTHETIC DEMO DATA — NOT OFFICIAL GOVERNMENT RECORDS
VER-1305,P1305,,VERIFIED,OFFICER-005,Synthetic District Administration,Departmental demo verification only; not legally verified ownership.,2026-09-06T12:00:00,SYNTHETIC DEMO DATA — NOT OFFICIAL GOVERNMENT RECORDS
VER-1306,P1306,,VERIFIED,OFFICER-006,Synthetic District Administration,Departmental demo verification only; not legally verified ownership.,2026-09-05T12:00:00,SYNTHETIC DEMO DATA — NOT OFFICIAL GOVERNMENT RECORDS
VER-1307,P1307,,VERIFIED,OFFICER-007,Synthetic District Administration,Departmental demo verification only; not legally verified ownership.,2026-09-04T12:00:00,SYNTHETIC DEMO DATA — NOT OFFICIAL GOVERNMENT RECORDS
VER-1308,P1308,,VERIFIED,OFFICER-008,Synthetic District Administration,Departmental demo verification only; not legally verified ownership.,2026-09-03T12:00:00,SYNTHETIC DEMO DATA — NOT OFFICIAL GOVERNMENT RECORDS
VER-1309,P1309,,VERIFIED,OFFICER-009,Synthetic District Administration,Departmental demo verification only; not legally verified ownership.,2026-09-02T12:00:00,SYNTHETIC DEMO DATA — NOT OFFICIAL GOVERNMENT RECORDS
VER-1310,P1310,,VERIFIED,OFFICER-010,Synthetic District Administration,Departmental demo verification only; not legally verified ownership.,2026-09-01T12:00:00,SYNTHETIC DEMO DATA — NOT OFFICIAL GOVERNMENT RECORDS
VER-1311,P1311,CON-1311,VERIFIED,OFFICER-011,Synthetic District Administration,Departmental demo verification only; not legally verified ownership.,2026-08-31T12:00:00,SYNTHETIC DEMO DATA — NOT OFFICIAL GOVERNMENT RECORDS
VER-1312,P1312,,VERIFIED,OFFICER-012,Synthetic District Administration,Departmental demo verification only; not legally verified ownership.,2026-08-30T12:00:00,SYNTHETIC DEMO DATA — NOT OFFICIAL GOVERNMENT RECORDS
VER-1313,P1313,,VERIFIED,OFFICER-001,Synthetic District Administration,Departmental demo verification only; not legally verified ownership.,2026-08-29T12:00:00,SYNTHETIC DEMO DATA — NOT OFFICIAL GOVERNMENT RECORDS
VER-1314,P1314,,VERIFIED,OFFICER-002,Synthetic District Administration,Departmental demo verification only; not legally verified ownership.,2026-08-28T12:00:00,SYNTHETIC DEMO DATA — NOT OFFICIAL GOVERNMENT RECORDS
VER-1315,P1315,,VERIFIED,OFFICER-003,Synthetic District Administration,Departmental demo verification only; not legally verified ownership.,2026-08-27T12:00:00,SYNTHETIC DEMO DATA — NOT OFFICIAL GOVERNMENT RECORDS
VER-1316,P1316,,VERIFIED,OFFICER-004,Synthetic District Administration,Departmental demo verification only; not legally verified ownership.,2026-08-26T12:00:00,SYNTHETIC DEMO DATA — NOT OFFICIAL GOVERNMENT RECORDS
VER-1317,P1317,,VERIFIED,OFFICER-005,Synthetic District Administration,Departmental demo verification only; not legally verified ownership.,2026-08-25T12:00:00,SYNTHETIC DEMO DATA — NOT OFFICIAL GOVERNMENT RECORDS
VER-1318,P1318,,VERIFIED,OFFICER-006,Synthetic District Administration,Departmental demo verification only; not legally verified ownership.,2026-08-24T12:00:00,SYNTHETIC DEMO DATA — NOT OFFICIAL GOVERNMENT RECORDS
VER-1319,P1319,,VERIFIED,OFFICER-007,Synthetic District Administration,Departmental demo verification only; not legally verified ownership.,2026-08-23T12:00:00,SYNTHETIC DEMO DATA — NOT OFFICIAL GOVERNMENT RECORDS
VER-1320,P1320,,VERIFIED,OFFICER-008,Synthetic District Administration,Departmental demo verification only; not legally verified ownership.,2026-08-22T12:00:00,SYNTHETIC DEMO DATA — NOT OFFICIAL GOVERNMENT RECORDS
VER-1321,P1321,CON-1321,VERIFIED,OFFICER-009,Synthetic District Administration,Departmental demo verification only; not legally verified ownership.,2026-08-21T12:00:00,SYNTHETIC DEMO DATA — NOT OFFICIAL GOVERNMENT RECORDS
VER-1322,P1322,,VERIFIED,OFFICER-010,Synthetic District Administration,Departmental demo verification only; not legally verified ownership.,2026-08-20T12:00:00,SYNTHETIC DEMO DATA — NOT OFFICIAL GOVERNMENT RECORDS
VER-1323,P1323,,VERIFIED,OFFICER-011,Synthetic District Administration,Departmental demo verification only; not legally verified ownership.,2026-08-19T12:00:00,SYNTHETIC DEMO DATA — NOT OFFICIAL GOVERNMENT RECORDS
VER-1324,P1324,,VERIFIED,OFFICER-012,Synthetic District Administration,Departmental demo verification only; not legally verified ownership.,2026-08-18T12:00:00,SYNTHETIC DEMO DATA — NOT OFFICIAL GOVERNMENT RECORDS
VER-1325,P1325,,VERIFIED,OFFICER-001,Synthetic District Administration,Departmental demo verification only; not legally verified ownership.,2026-08-17T12:00:00,SYNTHETIC DEMO DATA — NOT OFFICIAL GOVERNMENT RECORDS
VER-1326,P1326,,VERIFIED,OFFICER-002,Synthetic District Administration,Departmental demo verification only; not legally verified ownership.,2026-08-16T12:00:00,SYNTHETIC DEMO DATA — NOT OFFICIAL GOVERNMENT RECORDS
VER-1327,P1327,,VERIFIED,OFFICER-003,Synthetic District Administration,Departmental demo verification only; not legally verified ownership.,2026-08-15T12:00:00,SYNTHETIC DEMO DATA — NOT OFFICIAL GOVERNMENT RECORDS
VER-1328,P1328,,VERIFIED,OFFICER-004,Synthetic District Administration,Departmental demo verification only; not legally verified ownership.,2026-08-14T12:00:00,SYNTHETIC DEMO DATA — NOT OFFICIAL GOVERNMENT RECORDS
VER-1329,P1329,,VERIFIED,OFFICER-005,Synthetic District Administration,Departmental demo verification only; not legally verified ownership.,2026-08-13T12:00:00,SYNTHETIC DEMO DATA — NOT OFFICIAL GOVERNMENT RECORDS
VER-1330,P1330,,VERIFIED,OFFICER-006,Synthetic District Administration,Departmental demo verification only; not legally verified ownership.,2026-08-12T12:00:00,SYNTHETIC DEMO DATA — NOT OFFICIAL GOVERNMENT RECORDS
VER-1331,P1331,CON-1331,VERIFIED,OFFICER-007,Synthetic District Administration,Departmental demo verification only; not legally verified ownership.,2026-08-11T12:00:00,SYNTHETIC DEMO DATA — NOT OFFICIAL GOVERNMENT RECORDS
VER-1332,P1332,,VERIFIED,OFFICER-008,Synthetic District Administration,Departmental demo verification only; not legally verified ownership.,2026-08-10T12:00:00,SYNTHETIC DEMO DATA — NOT OFFICIAL GOVERNMENT RECORDS
VER-1333,P1333,,VERIFIED,OFFICER-009,Synthetic District Administration,Departmental demo verification only; not legally verified ownership.,2026-08-09T12:00:00,SYNTHETIC DEMO DATA — NOT OFFICIAL GOVERNMENT RECORDS
VER-1334,P1334,,VERIFIED,OFFICER-010,Synthetic District Administration,Departmental demo verification only; not legally verified ownership.,2026-08-08T12:00:00,SYNTHETIC DEMO DATA — NOT OFFICIAL GOVERNMENT RECORDS
VER-1335,P1335,,VERIFIED,OFFICER-011,Synthetic District Administration,Departmental demo verification only; not legally verified ownership.,2026-08-07T12:00:00,SYNTHETIC DEMO DATA — NOT OFFICIAL GOVERNMENT RECORDS
VER-1336,P1336,,VERIFIED,OFFICER-012,Synthetic District Administration,Departmental demo verification only; not legally verified ownership.,2026-08-06T12:00:00,SYNTHETIC DEMO DATA — NOT OFFICIAL GOVERNMENT RECORDS
VER-1337,P1337,,VERIFIED,OFFICER-001,Synthetic District Administration,Departmental demo verification only; not legally verified ownership.,2026-08-05T12:00:00,SYNTHETIC DEMO DATA — NOT OFFICIAL GOVERNMENT RECORDS
VER-1338,P1338,,VERIFIED,OFFICER-002,Synthetic District Administration,Departmental demo verification only; not legally verified ownership.,2026-08-04T12:00:00,SYNTHETIC DEMO DATA — NOT OFFICIAL GOVERNMENT RECORDS
VER-1339,P1339,,VERIFIED,OFFICER-003,Synthetic District Administration,Departmental demo verification only; not legally verified ownership.,2026-08-03T12:00:00,SYNTHETIC DEMO DATA — NOT OFFICIAL GOVERNMENT RECORDS
VER-1340,P1340,,VERIFIED,OFFICER-004,Synthetic District Administration,Departmental demo verification only; not legally verified ownership.,2026-08-02T12:00:00,SYNTHETIC DEMO DATA — NOT OFFICIAL GOVERNMENT RECORDS
VER-1341,P1341,CON-1341,VERIFIED,OFFICER-005,Synthetic District Administration,Departmental demo verification only; not legally verified ownership.,2026-08-01T12:00:00,SYNTHETIC DEMO DATA — NOT OFFICIAL GOVERNMENT RECORDS
VER-1342,P1342,,VERIFIED,OFFICER-006,Synthetic District Administration,Departmental demo verification only; not legally verified ownership.,2026-07-31T12:00:00,SYNTHETIC DEMO DATA — NOT OFFICIAL GOVERNMENT RECORDS
VER-1343,P1343,,VERIFIED,OFFICER-007,Synthetic District Administration,Departmental demo verification only; not legally verified ownership.,2026-07-30T12:00:00,SYNTHETIC DEMO DATA — NOT OFFICIAL GOVERNMENT RECORDS
VER-1344,P1344,,VERIFIED,OFFICER-008,Synthetic District Administration,Departmental demo verification only; not legally verified ownership.,2026-07-29T12:00:00,SYNTHETIC DEMO DATA — NOT OFFICIAL GOVERNMENT RECORDS
VER-1345,P1345,,VERIFIED,OFFICER-009,Synthetic District Administration,Departmental demo verification only; not legally verified ownership.,2026-07-28T12:00:00,SYNTHETIC DEMO DATA — NOT OFFICIAL GOVERNMENT RECORDS
VER-1346,P1346,,VERIFIED,OFFICER-010,Synthetic District Administration,Departmental demo verification only; not legally verified ownership.,2026-07-27T12:00:00,SYNTHETIC DEMO DATA — NOT OFFICIAL GOVERNMENT RECORDS
VER-1347,P1347,,VERIFIED,OFFICER-011,Synthetic District Administration,Departmental demo verification only; not legally verified ownership.,2026-07-26T12:00:00,SYNTHETIC DEMO DATA — NOT OFFICIAL GOVERNMENT RECORDS
VER-1348,P1348,,VERIFIED,OFFICER-012,Synthetic District Administration,Departmental demo verification only; not legally verified ownership.,2026-07-25T12:00:00,SYNTHETIC DEMO DATA — NOT OFFICIAL GOVERNMENT RECORDS
VER-1349,P1349,,VERIFIED,OFFICER-001,Synthetic District Administration,Departmental demo verification only; not legally verified ownership.,2026-07-24T12:00:00,SYNTHETIC DEMO DATA — NOT OFFICIAL GOVERNMENT RECORDS
VER-1350,P1350,,VERIFIED,OFFICER-002,Synthetic District Administration,Departmental demo verification only; not legally verified ownership.,2026-07-23T12:00:00,SYNTHETIC DEMO DATA — NOT OFFICIAL GOVERNMENT RECORDS
VER-1351,P1351,CON-1351,VERIFIED,OFFICER-003,Synthetic District Administration,Departmental demo verification only; not legally verified ownership.,2026-07-22T12:00:00,SYNTHETIC DEMO DATA — NOT OFFICIAL GOVERNMENT RECORDS
VER-1352,P1352,,VERIFIED,OFFICER-004,Synthetic District Administration,Departmental demo verification only; not legally verified ownership.,2026-07-21T12:00:00,SYNTHETIC DEMO DATA — NOT OFFICIAL GOVERNMENT RECORDS
VER-1353,P1353,,VERIFIED,OFFICER-005,Synthetic District Administration,Departmental demo verification only; not legally verified ownership.,2026-07-20T12:00:00,SYNTHETIC DEMO DATA — NOT OFFICIAL GOVERNMENT RECORDS
VER-1354,P1354,,VERIFIED,OFFICER-006,Synthetic District Administration,Departmental demo verification only; not legally verified ownership.,2026-07-19T12:00:00,SYNTHETIC DEMO DATA — NOT OFFICIAL GOVERNMENT RECORDS
VER-1355,P1355,,VERIFIED,OFFICER-007,Synthetic District Administration,Departmental demo verification only; not legally verified ownership.,2026-07-18T12:00:00,SYNTHETIC DEMO DATA — NOT OFFICIAL GOVERNMENT RECORDS
VER-1356,P1356,,VERIFIED,OFFICER-008,Synthetic District Administration,Departmental demo verification only; not legally verified ownership.,2026-07-17T12:00:00,SYNTHETIC DEMO DATA — NOT OFFICIAL GOVERNMENT RECORDS
VER-1357,P1357,,VERIFIED,OFFICER-009,Synthetic District Administration,Departmental demo verification only; not legally verified ownership.,2026-07-16T12:00:00,SYNTHETIC DEMO DATA — NOT OFFICIAL GOVERNMENT RECORDS
VER-1358,P1358,,VERIFIED,OFFICER-010,Synthetic District Administration,Departmental demo verification only; not legally verified ownership.,2026-07-15T12:00:00,SYNTHETIC DEMO DATA — NOT OFFICIAL GOVERNMENT RECORDS
VER-1359,P1359,,VERIFIED,OFFICER-011,Synthetic District Administration,Departmental demo verification only; not legally verified ownership.,2026-07-14T12:00:00,SYNTHETIC DEMO DATA — NOT OFFICIAL GOVERNMENT RECORDS
VER-1360,P1360,,VERIFIED,OFFICER-012,Synthetic District Administration,Departmental demo verification only; not legally verified ownership.,2026-07-13T12:00:00,SYNTHETIC DEMO DATA — NOT OFFICIAL GOVERNMENT RECORDS
VER-1361,P1361,CON-1361,VERIFIED,OFFICER-001,Synthetic District Administration,Departmental demo verification only; not legally verified ownership.,2026-09-10T12:00:00,SYNTHETIC DEMO DATA — NOT OFFICIAL GOVERNMENT RECORDS
VER-1362,P1362,,VERIFIED,OFFICER-002,Synthetic District Administration,Departmental demo verification only; not legally verified ownership.,2026-09-09T12:00:00,SYNTHETIC DEMO DATA — NOT OFFICIAL GOVERNMENT RECORDS
VER-1363,P1363,,VERIFIED,OFFICER-003,Synthetic District Administration,Departmental demo verification only; not legally verified ownership.,2026-09-08T12:00:00,SYNTHETIC DEMO DATA — NOT OFFICIAL GOVERNMENT RECORDS
VER-1364,P1364,,VERIFIED,OFFICER-004,Synthetic District Administration,Departmental demo verification only; not legally verified ownership.,2026-09-07T12:00:00,SYNTHETIC DEMO DATA — NOT OFFICIAL GOVERNMENT RECORDS
VER-1365,P1365,,VERIFIED,OFFICER-005,Synthetic District Administration,Departmental demo verification only; not legally verified ownership.,2026-09-06T12:00:00,SYNTHETIC DEMO DATA — NOT OFFICIAL GOVERNMENT RECORDS
VER-1366,P1366,,VERIFIED,OFFICER-006,Synthetic District Administration,Departmental demo verification only; not legally verified ownership.,2026-09-05T12:00:00,SYNTHETIC DEMO DATA — NOT OFFICIAL GOVERNMENT RECORDS
VER-1367,P1367,,VERIFIED,OFFICER-007,Synthetic District Administration,Departmental demo verification only; not legally verified ownership.,2026-09-04T12:00:00,SYNTHETIC DEMO DATA — NOT OFFICIAL GOVERNMENT RECORDS
VER-1368,P1368,,VERIFIED,OFFICER-008,Synthetic District Administration,Departmental demo verification only; not legally verified ownership.,2026-09-03T12:00:00,SYNTHETIC DEMO DATA — NOT OFFICIAL GOVERNMENT RECORDS
VER-1369,P1369,,VERIFIED,OFFICER-009,Synthetic District Administration,Departmental demo verification only; not legally verified ownership.,2026-09-02T12:00:00,SYNTHETIC DEMO DATA — NOT OFFICIAL GOVERNMENT RECORDS
VER-1370,P1370,,VERIFIED,OFFICER-010,Synthetic District Administration,Departmental demo verification only; not legally verified ownership.,2026-09-01T12:00:00,SYNTHETIC DEMO DATA — NOT OFFICIAL GOVERNMENT RECORDS
VER-1371,P1371,CON-1371,VERIFIED,OFFICER-011,Synthetic District Administration,Departmental demo verification only; not legally verified ownership.,2026-08-31T12:00:00,SYNTHETIC DEMO DATA — NOT OFFICIAL GOVERNMENT RECORDS
VER-1372,P1372,,VERIFIED,OFFICER-012,Synthetic District Administration,Departmental demo verification only; not legally verified ownership.,2026-08-30T12:00:00,SYNTHETIC DEMO DATA — NOT OFFICIAL GOVERNMENT RECORDS
VER-1373,P1373,,VERIFIED,OFFICER-001,Synthetic District Administration,Departmental demo verification only; not legally verified ownership.,2026-08-29T12:00:00,SYNTHETIC DEMO DATA — NOT OFFICIAL GOVERNMENT RECORDS
VER-1374,P1374,,VERIFIED,OFFICER-002,Synthetic District Administration,Departmental demo verification only; not legally verified ownership.,2026-08-28T12:00:00,SYNTHETIC DEMO DATA — NOT OFFICIAL GOVERNMENT RECORDS
VER-1375,P1375,,VERIFIED,OFFICER-003,Synthetic District Administration,Departmental demo verification only; not legally verified ownership.,2026-08-27T12:00:00,SYNTHETIC DEMO DATA — NOT OFFICIAL GOVERNMENT RECORDS
VER-1376,P1376,,VERIFIED,OFFICER-004,Synthetic District Administration,Departmental demo verification only; not legally verified ownership.,2026-08-26T12:00:00,SYNTHETIC DEMO DATA — NOT OFFICIAL GOVERNMENT RECORDS
VER-1377,P1377,,VERIFIED,OFFICER-005,Synthetic District Administration,Departmental demo verification only; not legally verified ownership.,2026-08-25T12:00:00,SYNTHETIC DEMO DATA — NOT OFFICIAL GOVERNMENT RECORDS
VER-1378,P1378,,VERIFIED,OFFICER-006,Synthetic District Administration,Departmental demo verification only; not legally verified ownership.,2026-08-24T12:00:00,SYNTHETIC DEMO DATA — NOT OFFICIAL GOVERNMENT RECORDS
VER-1379,P1379,,VERIFIED,OFFICER-007,Synthetic District Administration,Departmental demo verification only; not legally verified ownership.,2026-08-23T12:00:00,SYNTHETIC DEMO DATA — NOT OFFICIAL GOVERNMENT RECORDS
VER-1380,P1380,,VERIFIED,OFFICER-008,Synthetic District Administration,Departmental demo verification only; not legally verified ownership.,2026-08-22T12:00:00,SYNTHETIC DEMO DATA — NOT OFFICIAL GOVERNMENT RECORDS
VER-1381,P1381,CON-1381,VERIFIED,OFFICER-009,Synthetic District Administration,Departmental demo verification only; not legally verified ownership.,2026-08-21T12:00:00,SYNTHETIC DEMO DATA — NOT OFFICIAL GOVERNMENT RECORDS
VER-1382,P1382,,VERIFIED,OFFICER-010,Synthetic District Administration,Departmental demo verification only; not legally verified ownership.,2026-08-20T12:00:00,SYNTHETIC DEMO DATA — NOT OFFICIAL GOVERNMENT RECORDS
VER-1383,P1383,,VERIFIED,OFFICER-011,Synthetic District Administration,Departmental demo verification only; not legally verified ownership.,2026-08-19T12:00:00,SYNTHETIC DEMO DATA — NOT OFFICIAL GOVERNMENT RECORDS
VER-1384,P1384,,VERIFIED,OFFICER-012,Synthetic District Administration,Departmental demo verification only; not legally verified ownership.,2026-08-18T12:00:00,SYNTHETIC DEMO DATA — NOT OFFICIAL GOVERNMENT RECORDS
VER-1385,P1385,,VERIFIED,OFFICER-001,Synthetic District Administration,Departmental demo verification only; not legally verified ownership.,2026-08-17T12:00:00,SYNTHETIC DEMO DATA — NOT OFFICIAL GOVERNMENT RECORDS
VER-1386,P1386,,VERIFIED,OFFICER-002,Synthetic District Administration,Departmental demo verification only; not legally verified ownership.,2026-08-16T12:00:00,SYNTHETIC DEMO DATA — NOT OFFICIAL GOVERNMENT RECORDS
VER-1387,P1387,,VERIFIED,OFFICER-003,Synthetic District Administration,Departmental demo verification only; not legally verified ownership.,2026-08-15T12:00:00,SYNTHETIC DEMO DATA — NOT OFFICIAL GOVERNMENT RECORDS
VER-1388,P1388,,VERIFIED,OFFICER-004,Synthetic District Administration,Departmental demo verification only; not legally verified ownership.,2026-08-14T12:00:00,SYNTHETIC DEMO DATA — NOT OFFICIAL GOVERNMENT RECORDS
VER-1389,P1389,,VERIFIED,OFFICER-005,Synthetic District Administration,Departmental demo verification only; not legally verified ownership.,2026-08-13T12:00:00,SYNTHETIC DEMO DATA — NOT OFFICIAL GOVERNMENT RECORDS
VER-1390,P1390,,VERIFIED,OFFICER-006,Synthetic District Administration,Departmental demo verification only; not legally verified ownership.,2026-08-12T12:00:00,SYNTHETIC DEMO DATA — NOT OFFICIAL GOVERNMENT RECORDS
VER-1391,P1391,CON-1391,VERIFIED,OFFICER-007,Synthetic District Administration,Departmental demo verification only; not legally verified ownership.,2026-08-11T12:00:00,SYNTHETIC DEMO DATA — NOT OFFICIAL GOVERNMENT RECORDS
VER-1392,P1392,,VERIFIED,OFFICER-008,Synthetic District Administration,Departmental demo verification only; not legally verified ownership.,2026-08-10T12:00:00,SYNTHETIC DEMO DATA — NOT OFFICIAL GOVERNMENT RECORDS
VER-1393,P1393,,VERIFIED,OFFICER-009,Synthetic District Administration,Departmental demo verification only; not legally verified ownership.,2026-08-09T12:00:00,SYNTHETIC DEMO DATA — NOT OFFICIAL GOVERNMENT RECORDS
VER-1394,P1394,,VERIFIED,OFFICER-010,Synthetic District Administration,Departmental demo verification only; not legally verified ownership.,2026-08-08T12:00:00,SYNTHETIC DEMO DATA — NOT OFFICIAL GOVERNMENT RECORDS
VER-1395,P1395,,VERIFIED,OFFICER-011,Synthetic District Administration,Departmental demo verification only; not legally verified ownership.,2026-08-07T12:00:00,SYNTHETIC DEMO DATA — NOT OFFICIAL GOVERNMENT RECORDS
VER-1396,P1396,,VERIFIED,OFFICER-012,Synthetic District Administration,Departmental demo verification only; not legally verified ownership.,2026-08-06T12:00:00,SYNTHETIC DEMO DATA — NOT OFFICIAL GOVERNMENT RECORDS
VER-1397,P1397,,VERIFIED,OFFICER-001,Synthetic District Administration,Departmental demo verification only; not legally verified ownership.,2026-08-05T12:00:00,SYNTHETIC DEMO DATA — NOT OFFICIAL GOVERNMENT RECORDS
VER-1398,P1398,,VERIFIED,OFFICER-002,Synthetic District Administration,Departmental demo verification only; not legally verified ownership.,2026-08-04T12:00:00,SYNTHETIC DEMO DATA — NOT OFFICIAL GOVERNMENT RECORDS
VER-1399,P1399,,VERIFIED,OFFICER-003,Synthetic District Administration,Departmental demo verification only; not legally verified ownership.,2026-08-03T12:00:00,SYNTHETIC DEMO DATA — NOT OFFICIAL GOVERNMENT RECORDS
VER-1400,P1400,,VERIFIED,OFFICER-004,Synthetic District Administration,Departmental demo verification only; not legally verified ownership.,2026-08-02T12:00:00,SYNTHETIC DEMO DATA — NOT OFFICIAL GOVERNMENT RECORDS
VER-1401,P1401,CON-1401,VERIFIED,OFFICER-005,Synthetic District Administration,Departmental demo verification only; not legally verified ownership.,2026-08-01T12:00:00,SYNTHETIC DEMO DATA — NOT OFFICIAL GOVERNMENT RECORDS
VER-1402,P1402,,VERIFIED,OFFICER-006,Synthetic District Administration,Departmental demo verification only; not legally verified ownership.,2026-07-31T12:00:00,SYNTHETIC DEMO DATA — NOT OFFICIAL GOVERNMENT RECORDS
VER-1403,P1403,,VERIFIED,OFFICER-007,Synthetic District Administration,Departmental demo verification only; not legally verified ownership.,2026-07-30T12:00:00,SYNTHETIC DEMO DATA — NOT OFFICIAL GOVERNMENT RECORDS
VER-1404,P1404,,VERIFIED,OFFICER-008,Synthetic District Administration,Departmental demo verification only; not legally verified ownership.,2026-07-29T12:00:00,SYNTHETIC DEMO DATA — NOT OFFICIAL GOVERNMENT RECORDS
VER-1405,P1405,,VERIFIED,OFFICER-009,Synthetic District Administration,Departmental demo verification only; not legally verified ownership.,2026-07-28T12:00:00,SYNTHETIC DEMO DATA — NOT OFFICIAL GOVERNMENT RECORDS
VER-1406,P1406,,VERIFIED,OFFICER-010,Synthetic District Administration,Departmental demo verification only; not legally verified ownership.,2026-07-27T12:00:00,SYNTHETIC DEMO DATA — NOT OFFICIAL GOVERNMENT RECORDS
VER-1407,P1407,,VERIFIED,OFFICER-011,Synthetic District Administration,Departmental demo verification only; not legally verified ownership.,2026-07-26T12:00:00,SYNTHETIC DEMO DATA — NOT OFFICIAL GOVERNMENT RECORDS
VER-1408,P1408,,VERIFIED,OFFICER-012,Synthetic District Administration,Departmental demo verification only; not legally verified ownership.,2026-07-25T12:00:00,SYNTHETIC DEMO DATA — NOT OFFICIAL GOVERNMENT RECORDS
VER-1409,P1409,,VERIFIED,OFFICER-001,Synthetic District Administration,Departmental demo verification only; not legally verified ownership.,2026-07-24T12:00:00,SYNTHETIC DEMO DATA — NOT OFFICIAL GOVERNMENT RECORDS
VER-1410,P1410,,VERIFIED,OFFICER-002,Synthetic District Administration,Departmental demo verification only; not legally verified ownership.,2026-07-23T12:00:00,SYNTHETIC DEMO DATA — NOT OFFICIAL GOVERNMENT RECORDS
VER-1411,P1411,CON-1411,VERIFIED,OFFICER-003,Synthetic District Administration,Departmental demo verification only; not legally verified ownership.,2026-07-22T12:00:00,SYNTHETIC DEMO DATA — NOT OFFICIAL GOVERNMENT RECORDS
VER-1412,P1412,,VERIFIED,OFFICER-004,Synthetic District Administration,Departmental demo verification only; not legally verified ownership.,2026-07-21T12:00:00,SYNTHETIC DEMO DATA — NOT OFFICIAL GOVERNMENT RECORDS
VER-1413,P1413,,VERIFIED,OFFICER-005,Synthetic District Administration,Departmental demo verification only; not legally verified ownership.,2026-07-20T12:00:00,SYNTHETIC DEMO DATA — NOT OFFICIAL GOVERNMENT RECORDS
VER-1414,P1414,,VERIFIED,OFFICER-006,Synthetic District Administration,Departmental demo verification only; not legally verified ownership.,2026-07-19T12:00:00,SYNTHETIC DEMO DATA — NOT OFFICIAL GOVERNMENT RECORDS
VER-1415,P1415,,VERIFIED,OFFICER-007,Synthetic District Administration,Departmental demo verification only; not legally verified ownership.,2026-07-18T12:00:00,SYNTHETIC DEMO DATA — NOT OFFICIAL GOVERNMENT RECORDS
VER-1416,P1416,,VERIFIED,OFFICER-008,Synthetic District Administration,Departmental demo verification only; not legally verified ownership.,2026-07-17T12:00:00,SYNTHETIC DEMO DATA — NOT OFFICIAL GOVERNMENT RECORDS
VER-1417,P1417,,VERIFIED,OFFICER-009,Synthetic District Administration,Departmental demo verification only; not legally verified ownership.,2026-07-16T12:00:00,SYNTHETIC DEMO DATA — NOT OFFICIAL GOVERNMENT RECORDS
VER-1418,P1418,,VERIFIED,OFFICER-010,Synthetic District Administration,Departmental demo verification only; not legally verified ownership.,2026-07-15T12:00:00,SYNTHETIC DEMO DATA — NOT OFFICIAL GOVERNMENT RECORDS
VER-1419,P1419,,VERIFIED,OFFICER-011,Synthetic District Administration,Departmental demo verification only; not legally verified ownership.,2026-07-14T12:00:00,SYNTHETIC DEMO DATA — NOT OFFICIAL GOVERNMENT RECORDS
VER-1420,P1420,,VERIFIED,OFFICER-012,Synthetic District Administration,Departmental demo verification only; not legally verified ownership.,2026-07-13T12:00:00,SYNTHETIC DEMO DATA — NOT OFFICIAL GOVERNMENT RECORDS
VER-1421,P1421,CON-1421,VERIFIED,OFFICER-001,Synthetic District Administration,Departmental demo verification only; not legally verified ownership.,2026-09-10T12:00:00,SYNTHETIC DEMO DATA — NOT OFFICIAL GOVERNMENT RECORDS
VER-1422,P1422,,VERIFIED,OFFICER-002,Synthetic District Administration,Departmental demo verification only; not legally verified ownership.,2026-09-09T12:00:00,SYNTHETIC DEMO DATA — NOT OFFICIAL GOVERNMENT RECORDS
VER-1423,P1423,,VERIFIED,OFFICER-003,Synthetic District Administration,Departmental demo verification only; not legally verified ownership.,2026-09-08T12:00:00,SYNTHETIC DEMO DATA — NOT OFFICIAL GOVERNMENT RECORDS
VER-1424,P1424,,VERIFIED,OFFICER-004,Synthetic District Administration,Departmental demo verification only; not legally verified ownership.,2026-09-07T12:00:00,SYNTHETIC DEMO DATA — NOT OFFICIAL GOVERNMENT RECORDS
VER-1425,P1425,,VERIFIED,OFFICER-005,Synthetic District Administration,Departmental demo verification only; not legally verified ownership.,2026-09-06T12:00:00,SYNTHETIC DEMO DATA — NOT OFFICIAL GOVERNMENT RECORDS
VER-1426,P1426,,VERIFIED,OFFICER-006,Synthetic District Administration,Departmental demo verification only; not legally verified ownership.,2026-09-05T12:00:00,SYNTHETIC DEMO DATA — NOT OFFICIAL GOVERNMENT RECORDS
VER-1427,P1427,,VERIFIED,OFFICER-007,Synthetic District Administration,Departmental demo verification only; not legally verified ownership.,2026-09-04T12:00:00,SYNTHETIC DEMO DATA — NOT OFFICIAL GOVERNMENT RECORDS
VER-1428,P1428,,VERIFIED,OFFICER-008,Synthetic District Administration,Departmental demo verification only; not legally verified ownership.,2026-09-03T12:00:00,SYNTHETIC DEMO DATA — NOT OFFICIAL GOVERNMENT RECORDS
VER-1429,P1429,,VERIFIED,OFFICER-009,Synthetic District Administration,Departmental demo verification only; not legally verified ownership.,2026-09-02T12:00:00,SYNTHETIC DEMO DATA — NOT OFFICIAL GOVERNMENT RECORDS
VER-1430,P1430,,VERIFIED,OFFICER-010,Synthetic District Administration,Departmental demo verification only; not legally verified ownership.,2026-09-01T12:00:00,SYNTHETIC DEMO DATA — NOT OFFICIAL GOVERNMENT RECORDS
VER-1431,P1431,CON-1431,VERIFIED,OFFICER-011,Synthetic District Administration,Departmental demo verification only; not legally verified ownership.,2026-08-31T12:00:00,SYNTHETIC DEMO DATA — NOT OFFICIAL GOVERNMENT RECORDS
VER-1432,P1432,,VERIFIED,OFFICER-012,Synthetic District Administration,Departmental demo verification only; not legally verified ownership.,2026-08-30T12:00:00,SYNTHETIC DEMO DATA — NOT OFFICIAL GOVERNMENT RECORDS
VER-1433,P1433,,VERIFIED,OFFICER-001,Synthetic District Administration,Departmental demo verification only; not legally verified ownership.,2026-08-29T12:00:00,SYNTHETIC DEMO DATA — NOT OFFICIAL GOVERNMENT RECORDS
VER-1434,P1434,,VERIFIED,OFFICER-002,Synthetic District Administration,Departmental demo verification only; not legally verified ownership.,2026-08-28T12:00:00,SYNTHETIC DEMO DATA — NOT OFFICIAL GOVERNMENT RECORDS
VER-1435,P1435,,VERIFIED,OFFICER-003,Synthetic District Administration,Departmental demo verification only; not legally verified ownership.,2026-08-27T12:00:00,SYNTHETIC DEMO DATA — NOT OFFICIAL GOVERNMENT RECORDS
VER-1436,P1436,,VERIFIED,OFFICER-004,Synthetic District Administration,Departmental demo verification only; not legally verified ownership.,2026-08-26T12:00:00,SYNTHETIC DEMO DATA — NOT OFFICIAL GOVERNMENT RECORDS
VER-1437,P1437,,VERIFIED,OFFICER-005,Synthetic District Administration,Departmental demo verification only; not legally verified ownership.,2026-08-25T12:00:00,SYNTHETIC DEMO DATA — NOT OFFICIAL GOVERNMENT RECORDS
VER-1438,P1438,,VERIFIED,OFFICER-006,Synthetic District Administration,Departmental demo verification only; not legally verified ownership.,2026-08-24T12:00:00,SYNTHETIC DEMO DATA — NOT OFFICIAL GOVERNMENT RECORDS
VER-1439,P1439,,VERIFIED,OFFICER-007,Synthetic District Administration,Departmental demo verification only; not legally verified ownership.,2026-08-23T12:00:00,SYNTHETIC DEMO DATA — NOT OFFICIAL GOVERNMENT RECORDS
VER-1440,P1440,,VERIFIED,OFFICER-008,Synthetic District Administration,Departmental demo verification only; not legally verified ownership.,2026-08-22T12:00:00,SYNTHETIC DEMO DATA — NOT OFFICIAL GOVERNMENT RECORDS
VER-1441,P1441,CON-1441,VERIFIED,OFFICER-009,Synthetic District Administration,Departmental demo verification only; not legally verified ownership.,2026-08-21T12:00:00,SYNTHETIC DEMO DATA — NOT OFFICIAL GOVERNMENT RECORDS
VER-1442,P1442,,VERIFIED,OFFICER-010,Synthetic District Administration,Departmental demo verification only; not legally verified ownership.,2026-08-20T12:00:00,SYNTHETIC DEMO DATA — NOT OFFICIAL GOVERNMENT RECORDS
VER-1443,P1443,,VERIFIED,OFFICER-011,Synthetic District Administration,Departmental demo verification only; not legally verified ownership.,2026-08-19T12:00:00,SYNTHETIC DEMO DATA — NOT OFFICIAL GOVERNMENT RECORDS
VER-1444,P1444,,VERIFIED,OFFICER-012,Synthetic District Administration,Departmental demo verification only; not legally verified ownership.,2026-08-18T12:00:00,SYNTHETIC DEMO DATA — NOT OFFICIAL GOVERNMENT RECORDS
VER-1445,P1445,,VERIFIED,OFFICER-001,Synthetic District Administration,Departmental demo verification only; not legally verified ownership.,2026-08-17T12:00:00,SYNTHETIC DEMO DATA — NOT OFFICIAL GOVERNMENT RECORDS
VER-1446,P1446,,VERIFIED,OFFICER-002,Synthetic District Administration,Departmental demo verification only; not legally verified ownership.,2026-08-16T12:00:00,SYNTHETIC DEMO DATA — NOT OFFICIAL GOVERNMENT RECORDS
VER-1447,P1447,,VERIFIED,OFFICER-003,Synthetic District Administration,Departmental demo verification only; not legally verified ownership.,2026-08-15T12:00:00,SYNTHETIC DEMO DATA — NOT OFFICIAL GOVERNMENT RECORDS
VER-1448,P1448,,VERIFIED,OFFICER-004,Synthetic District Administration,Departmental demo verification only; not legally verified ownership.,2026-08-14T12:00:00,SYNTHETIC DEMO DATA — NOT OFFICIAL GOVERNMENT RECORDS
VER-1449,P1449,,VERIFIED,OFFICER-005,Synthetic District Administration,Departmental demo verification only; not legally verified ownership.,2026-08-13T12:00:00,SYNTHETIC DEMO DATA — NOT OFFICIAL GOVERNMENT RECORDS
VER-1450,P1450,,VERIFIED,OFFICER-006,Synthetic District Administration,Departmental demo verification only; not legally verified ownership.,2026-08-12T12:00:00,SYNTHETIC DEMO DATA — NOT OFFICIAL GOVERNMENT RECORDS
VER-1451,P1451,CON-1451,VERIFIED,OFFICER-007,Synthetic District Administration,Departmental demo verification only; not legally verified ownership.,2026-08-11T12:00:00,SYNTHETIC DEMO DATA — NOT OFFICIAL GOVERNMENT RECORDS
VER-1452,P1452,,VERIFIED,OFFICER-008,Synthetic District Administration,Departmental demo verification only; not legally verified ownership.,2026-08-10T12:00:00,SYNTHETIC DEMO DATA — NOT OFFICIAL GOVERNMENT RECORDS
VER-1453,P1453,,VERIFIED,OFFICER-009,Synthetic District Administration,Departmental demo verification only; not legally verified ownership.,2026-08-09T12:00:00,SYNTHETIC DEMO DATA — NOT OFFICIAL GOVERNMENT RECORDS
VER-1454,P1454,,VERIFIED,OFFICER-010,Synthetic District Administration,Departmental demo verification only; not legally verified ownership.,2026-08-08T12:00:00,SYNTHETIC DEMO DATA — NOT OFFICIAL GOVERNMENT RECORDS
VER-1455,P1455,,VERIFIED,OFFICER-011,Synthetic District Administration,Departmental demo verification only; not legally verified ownership.,2026-08-07T12:00:00,SYNTHETIC DEMO DATA — NOT OFFICIAL GOVERNMENT RECORDS
VER-1456,P1456,,VERIFIED,OFFICER-012,Synthetic District Administration,Departmental demo verification only; not legally verified ownership.,2026-08-06T12:00:00,SYNTHETIC DEMO DATA — NOT OFFICIAL GOVERNMENT RECORDS
VER-1457,P1457,,VERIFIED,OFFICER-001,Synthetic District Administration,Departmental demo verification only; not legally verified ownership.,2026-08-05T12:00:00,SYNTHETIC DEMO DATA — NOT OFFICIAL GOVERNMENT RECORDS
VER-1458,P1458,,VERIFIED,OFFICER-002,Synthetic District Administration,Departmental demo verification only; not legally verified ownership.,2026-08-04T12:00:00,SYNTHETIC DEMO DATA — NOT OFFICIAL GOVERNMENT RECORDS
VER-1459,P1459,,VERIFIED,OFFICER-003,Synthetic District Administration,Departmental demo verification only; not legally verified ownership.,2026-08-03T12:00:00,SYNTHETIC DEMO DATA — NOT OFFICIAL GOVERNMENT RECORDS
VER-1460,P1460,,VERIFIED,OFFICER-004,Synthetic District Administration,Departmental demo verification only; not legally verified ownership.,2026-08-02T12:00:00,SYNTHETIC DEMO DATA — NOT OFFICIAL GOVERNMENT RECORDS
VER-1461,P1461,CON-1461,VERIFIED,OFFICER-005,Synthetic District Administration,Departmental demo verification only; not legally verified ownership.,2026-08-01T12:00:00,SYNTHETIC DEMO DATA — NOT OFFICIAL GOVERNMENT RECORDS
VER-1462,P1462,,VERIFIED,OFFICER-006,Synthetic District Administration,Departmental demo verification only; not legally verified ownership.,2026-07-31T12:00:00,SYNTHETIC DEMO DATA — NOT OFFICIAL GOVERNMENT RECORDS
VER-1463,P1463,,VERIFIED,OFFICER-007,Synthetic District Administration,Departmental demo verification only; not legally verified ownership.,2026-07-30T12:00:00,SYNTHETIC DEMO DATA — NOT OFFICIAL GOVERNMENT RECORDS
VER-1464,P1464,,VERIFIED,OFFICER-008,Synthetic District Administration,Departmental demo verification only; not legally verified ownership.,2026-07-29T12:00:00,SYNTHETIC DEMO DATA — NOT OFFICIAL GOVERNMENT RECORDS
VER-1465,P1465,,VERIFIED,OFFICER-009,Synthetic District Administration,Departmental demo verification only; not legally verified ownership.,2026-07-28T12:00:00,SYNTHETIC DEMO DATA — NOT OFFICIAL GOVERNMENT RECORDS
VER-1466,P1466,,VERIFIED,OFFICER-010,Synthetic District Administration,Departmental demo verification only; not legally verified ownership.,2026-07-27T12:00:00,SYNTHETIC DEMO DATA — NOT OFFICIAL GOVERNMENT RECORDS
VER-1467,P1467,,VERIFIED,OFFICER-011,Synthetic District Administration,Departmental demo verification only; not legally verified ownership.,2026-07-26T12:00:00,SYNTHETIC DEMO DATA — NOT OFFICIAL GOVERNMENT RECORDS
VER-1468,P1468,,VERIFIED,OFFICER-012,Synthetic District Administration,Departmental demo verification only; not legally verified ownership.,2026-07-25T12:00:00,SYNTHETIC DEMO DATA — NOT OFFICIAL GOVERNMENT RECORDS
VER-1469,P1469,,VERIFIED,OFFICER-001,Synthetic District Administration,Departmental demo verification only; not legally verified ownership.,2026-07-24T12:00:00,SYNTHETIC DEMO DATA — NOT OFFICIAL GOVERNMENT RECORDS
VER-1470,P1470,,VERIFIED,OFFICER-002,Synthetic District Administration,Departmental demo verification only; not legally verified ownership.,2026-07-23T12:00:00,SYNTHETIC DEMO DATA — NOT OFFICIAL GOVERNMENT RECORDS
VER-1471,P1471,CON-1471,VERIFIED,OFFICER-003,Synthetic District Administration,Departmental demo verification only; not legally verified ownership.,2026-07-22T12:00:00,SYNTHETIC DEMO DATA — NOT OFFICIAL GOVERNMENT RECORDS
VER-1472,P1472,,VERIFIED,OFFICER-004,Synthetic District Administration,Departmental demo verification only; not legally verified ownership.,2026-07-21T12:00:00,SYNTHETIC DEMO DATA — NOT OFFICIAL GOVERNMENT RECORDS
VER-1473,P1473,,VERIFIED,OFFICER-005,Synthetic District Administration,Departmental demo verification only; not legally verified ownership.,2026-07-20T12:00:00,SYNTHETIC DEMO DATA — NOT OFFICIAL GOVERNMENT RECORDS
VER-1474,P1474,,VERIFIED,OFFICER-006,Synthetic District Administration,Departmental demo verification only; not legally verified ownership.,2026-07-19T12:00:00,SYNTHETIC DEMO DATA — NOT OFFICIAL GOVERNMENT RECORDS
VER-1475,P1475,,VERIFIED,OFFICER-007,Synthetic District Administration,Departmental demo verification only; not legally verified ownership.,2026-07-18T12:00:00,SYNTHETIC DEMO DATA — NOT OFFICIAL GOVERNMENT RECORDS
VER-1476,P1476,,VERIFIED,OFFICER-008,Synthetic District Administration,Departmental demo verification only; not legally verified ownership.,2026-07-17T12:00:00,SYNTHETIC DEMO DATA — NOT OFFICIAL GOVERNMENT RECORDS
VER-1477,P1477,,VERIFIED,OFFICER-009,Synthetic District Administration,Departmental demo verification only; not legally verified ownership.,2026-07-16T12:00:00,SYNTHETIC DEMO DATA — NOT OFFICIAL GOVERNMENT RECORDS
VER-1478,P1478,,VERIFIED,OFFICER-010,Synthetic District Administration,Departmental demo verification only; not legally verified ownership.,2026-07-15T12:00:00,SYNTHETIC DEMO DATA — NOT OFFICIAL GOVERNMENT RECORDS
VER-1479,P1479,,VERIFIED,OFFICER-011,Synthetic District Administration,Departmental demo verification only; not legally verified ownership.,2026-07-14T12:00:00,SYNTHETIC DEMO DATA — NOT OFFICIAL GOVERNMENT RECORDS
VER-1480,P1480,,VERIFIED,OFFICER-012,Synthetic District Administration,Departmental demo verification only; not legally verified ownership.,2026-07-13T12:00:00,SYNTHETIC DEMO DATA — NOT OFFICIAL GOVERNMENT RECORDS
VER-1481,P1481,CON-1481,VERIFIED,OFFICER-001,Synthetic District Administration,Departmental demo verification only; not legally verified ownership.,2026-09-10T12:00:00,SYNTHETIC DEMO DATA — NOT OFFICIAL GOVERNMENT RECORDS
VER-1482,P1482,,VERIFIED,OFFICER-002,Synthetic District Administration,Departmental demo verification only; not legally verified ownership.,2026-09-09T12:00:00,SYNTHETIC DEMO DATA — NOT OFFICIAL GOVERNMENT RECORDS
VER-1483,P1483,,VERIFIED,OFFICER-003,Synthetic District Administration,Departmental demo verification only; not legally verified ownership.,2026-09-08T12:00:00,SYNTHETIC DEMO DATA — NOT OFFICIAL GOVERNMENT RECORDS
VER-1484,P1484,,VERIFIED,OFFICER-004,Synthetic District Administration,Departmental demo verification only; not legally verified ownership.,2026-09-07T12:00:00,SYNTHETIC DEMO DATA — NOT OFFICIAL GOVERNMENT RECORDS
VER-1485,P1485,,VERIFIED,OFFICER-005,Synthetic District Administration,Departmental demo verification only; not legally verified ownership.,2026-09-06T12:00:00,SYNTHETIC DEMO DATA — NOT OFFICIAL GOVERNMENT RECORDS
VER-1486,P1486,,VERIFIED,OFFICER-006,Synthetic District Administration,Departmental demo verification only; not legally verified ownership.,2026-09-05T12:00:00,SYNTHETIC DEMO DATA — NOT OFFICIAL GOVERNMENT RECORDS
VER-1487,P1487,,VERIFIED,OFFICER-007,Synthetic District Administration,Departmental demo verification only; not legally verified ownership.,2026-09-04T12:00:00,SYNTHETIC DEMO DATA — NOT OFFICIAL GOVERNMENT RECORDS
VER-1488,P1488,,VERIFIED,OFFICER-008,Synthetic District Administration,Departmental demo verification only; not legally verified ownership.,2026-09-03T12:00:00,SYNTHETIC DEMO DATA — NOT OFFICIAL GOVERNMENT RECORDS
VER-1489,P1489,,VERIFIED,OFFICER-009,Synthetic District Administration,Departmental demo verification only; not legally verified ownership.,2026-09-02T12:00:00,SYNTHETIC DEMO DATA — NOT OFFICIAL GOVERNMENT RECORDS
VER-1490,P1490,,VERIFIED,OFFICER-010,Synthetic District Administration,Departmental demo verification only; not legally verified ownership.,2026-09-01T12:00:00,SYNTHETIC DEMO DATA — NOT OFFICIAL GOVERNMENT RECORDS
VER-1491,P1491,CON-1491,VERIFIED,OFFICER-011,Synthetic District Administration,Departmental demo verification only; not legally verified ownership.,2026-08-31T12:00:00,SYNTHETIC DEMO DATA — NOT OFFICIAL GOVERNMENT RECORDS
VER-1492,P1492,,VERIFIED,OFFICER-012,Synthetic District Administration,Departmental demo verification only; not legally verified ownership.,2026-08-30T12:00:00,SYNTHETIC DEMO DATA — NOT OFFICIAL GOVERNMENT RECORDS
VER-1493,P1493,,VERIFIED,OFFICER-001,Synthetic District Administration,Departmental demo verification only; not legally verified ownership.,2026-08-29T12:00:00,SYNTHETIC DEMO DATA — NOT OFFICIAL GOVERNMENT RECORDS
VER-1494,P1494,,VERIFIED,OFFICER-002,Synthetic District Administration,Departmental demo verification only; not legally verified ownership.,2026-08-28T12:00:00,SYNTHETIC DEMO DATA — NOT OFFICIAL GOVERNMENT RECORDS
VER-1495,P1495,,VERIFIED,OFFICER-003,Synthetic District Administration,Departmental demo verification only; not legally verified ownership.,2026-08-27T12:00:00,SYNTHETIC DEMO DATA — NOT OFFICIAL GOVERNMENT RECORDS
VER-1496,P1496,,VERIFIED,OFFICER-004,Synthetic District Administration,Departmental demo verification only; not legally verified ownership.,2026-08-26T12:00:00,SYNTHETIC DEMO DATA — NOT OFFICIAL GOVERNMENT RECORDS
VER-1497,P1497,,VERIFIED,OFFICER-005,Synthetic District Administration,Departmental demo verification only; not legally verified ownership.,2026-08-25T12:00:00,SYNTHETIC DEMO DATA — NOT OFFICIAL GOVERNMENT RECORDS
VER-1498,P1498,,VERIFIED,OFFICER-006,Synthetic District Administration,Departmental demo verification only; not legally verified ownership.,2026-08-24T12:00:00,SYNTHETIC DEMO DATA — NOT OFFICIAL GOVERNMENT RECORDS
VER-1499,P1499,,VERIFIED,OFFICER-007,Synthetic District Administration,Departmental demo verification only; not legally verified ownership.,2026-08-23T12:00:00,SYNTHETIC DEMO DATA — NOT OFFICIAL GOVERNMENT RECORDS
VER-1500,P1500,,VERIFIED,OFFICER-008,Synthetic District Administration,Departmental demo verification only; not legally verified ownership.,2026-08-22T12:00:00,SYNTHETIC DEMO DATA — NOT OFFICIAL GOVERNMENT RECORDS
VER-1501,P1501,CON-1501,VERIFIED,OFFICER-009,Synthetic District Administration,Departmental demo verification only; not legally verified ownership.,2026-08-21T12:00:00,SYNTHETIC DEMO DATA — NOT OFFICIAL GOVERNMENT RECORDS
VER-1502,P1502,,VERIFIED,OFFICER-010,Synthetic District Administration,Departmental demo verification only; not legally verified ownership.,2026-08-20T12:00:00,SYNTHETIC DEMO DATA — NOT OFFICIAL GOVERNMENT RECORDS
VER-1503,P1503,,VERIFIED,OFFICER-011,Synthetic District Administration,Departmental demo verification only; not legally verified ownership.,2026-08-19T12:00:00,SYNTHETIC DEMO DATA — NOT OFFICIAL GOVERNMENT RECORDS
VER-1504,P1504,,VERIFIED,OFFICER-012,Synthetic District Administration,Departmental demo verification only; not legally verified ownership.,2026-08-18T12:00:00,SYNTHETIC DEMO DATA — NOT OFFICIAL GOVERNMENT RECORDS
VER-1505,P1505,,VERIFIED,OFFICER-001,Synthetic District Administration,Departmental demo verification only; not legally verified ownership.,2026-08-17T12:00:00,SYNTHETIC DEMO DATA — NOT OFFICIAL GOVERNMENT RECORDS
VER-1506,P1506,,VERIFIED,OFFICER-002,Synthetic District Administration,Departmental demo verification only; not legally verified ownership.,2026-08-16T12:00:00,SYNTHETIC DEMO DATA — NOT OFFICIAL GOVERNMENT RECORDS
VER-1507,P1507,,VERIFIED,OFFICER-003,Synthetic District Administration,Departmental demo verification only; not legally verified ownership.,2026-08-15T12:00:00,SYNTHETIC DEMO DATA — NOT OFFICIAL GOVERNMENT RECORDS
VER-1508,P1508,,VERIFIED,OFFICER-004,Synthetic District Administration,Departmental demo verification only; not legally verified ownership.,2026-08-14T12:00:00,SYNTHETIC DEMO DATA — NOT OFFICIAL GOVERNMENT RECORDS
VER-1509,P1509,,VERIFIED,OFFICER-005,Synthetic District Administration,Departmental demo verification only; not legally verified ownership.,2026-08-13T12:00:00,SYNTHETIC DEMO DATA — NOT OFFICIAL GOVERNMENT RECORDS
VER-1510,P1510,,VERIFIED,OFFICER-006,Synthetic District Administration,Departmental demo verification only; not legally verified ownership.,2026-08-12T12:00:00,SYNTHETIC DEMO DATA — NOT OFFICIAL GOVERNMENT RECORDS
VER-1511,P1511,CON-1511,VERIFIED,OFFICER-007,Synthetic District Administration,Departmental demo verification only; not legally verified ownership.,2026-08-11T12:00:00,SYNTHETIC DEMO DATA — NOT OFFICIAL GOVERNMENT RECORDS
VER-1512,P1512,,VERIFIED,OFFICER-008,Synthetic District Administration,Departmental demo verification only; not legally verified ownership.,2026-08-10T12:00:00,SYNTHETIC DEMO DATA — NOT OFFICIAL GOVERNMENT RECORDS
VER-1513,P1513,,VERIFIED,OFFICER-009,Synthetic District Administration,Departmental demo verification only; not legally verified ownership.,2026-08-09T12:00:00,SYNTHETIC DEMO DATA — NOT OFFICIAL GOVERNMENT RECORDS
VER-1514,P1514,,VERIFIED,OFFICER-010,Synthetic District Administration,Departmental demo verification only; not legally verified ownership.,2026-08-08T12:00:00,SYNTHETIC DEMO DATA — NOT OFFICIAL GOVERNMENT RECORDS
VER-1515,P1515,,VERIFIED,OFFICER-011,Synthetic District Administration,Departmental demo verification only; not legally verified ownership.,2026-08-07T12:00:00,SYNTHETIC DEMO DATA — NOT OFFICIAL GOVERNMENT RECORDS
VER-1516,P1516,,VERIFIED,OFFICER-012,Synthetic District Administration,Departmental demo verification only; not legally verified ownership.,2026-08-06T12:00:00,SYNTHETIC DEMO DATA — NOT OFFICIAL GOVERNMENT RECORDS
VER-1517,P1517,,VERIFIED,OFFICER-001,Synthetic District Administration,Departmental demo verification only; not legally verified ownership.,2026-08-05T12:00:00,SYNTHETIC DEMO DATA — NOT OFFICIAL GOVERNMENT RECORDS
VER-1518,P1518,,VERIFIED,OFFICER-002,Synthetic District Administration,Departmental demo verification only; not legally verified ownership.,2026-08-04T12:00:00,SYNTHETIC DEMO DATA — NOT OFFICIAL GOVERNMENT RECORDS
VER-1519,P1519,,VERIFIED,OFFICER-003,Synthetic District Administration,Departmental demo verification only; not legally verified ownership.,2026-08-03T12:00:00,SYNTHETIC DEMO DATA — NOT OFFICIAL GOVERNMENT RECORDS
VER-1520,P1520,,VERIFIED,OFFICER-004,Synthetic District Administration,Departmental demo verification only; not legally verified ownership.,2026-08-02T12:00:00,SYNTHETIC DEMO DATA — NOT OFFICIAL GOVERNMENT RECORDS
VER-1521,P1521,CON-1521,VERIFIED,OFFICER-005,Synthetic District Administration,Departmental demo verification only; not legally verified ownership.,2026-08-01T12:00:00,SYNTHETIC DEMO DATA — NOT OFFICIAL GOVERNMENT RECORDS
VER-1522,P1522,,VERIFIED,OFFICER-006,Synthetic District Administration,Departmental demo verification only; not legally verified ownership.,2026-07-31T12:00:00,SYNTHETIC DEMO DATA — NOT OFFICIAL GOVERNMENT RECORDS
VER-1523,P1523,,VERIFIED,OFFICER-007,Synthetic District Administration,Departmental demo verification only; not legally verified ownership.,2026-07-30T12:00:00,SYNTHETIC DEMO DATA — NOT OFFICIAL GOVERNMENT RECORDS
VER-1524,P1524,,VERIFIED,OFFICER-008,Synthetic District Administration,Departmental demo verification only; not legally verified ownership.,2026-07-29T12:00:00,SYNTHETIC DEMO DATA — NOT OFFICIAL GOVERNMENT RECORDS
VER-1525,P1525,,VERIFIED,OFFICER-009,Synthetic District Administration,Departmental demo verification only; not legally verified ownership.,2026-07-28T12:00:00,SYNTHETIC DEMO DATA — NOT OFFICIAL GOVERNMENT RECORDS
VER-1526,P1526,,VERIFIED,OFFICER-010,Synthetic District Administration,Departmental demo verification only; not legally verified ownership.,2026-07-27T12:00:00,SYNTHETIC DEMO DATA — NOT OFFICIAL GOVERNMENT RECORDS
VER-1527,P1527,,VERIFIED,OFFICER-011,Synthetic District Administration,Departmental demo verification only; not legally verified ownership.,2026-07-26T12:00:00,SYNTHETIC DEMO DATA — NOT OFFICIAL GOVERNMENT RECORDS
VER-1528,P1528,,VERIFIED,OFFICER-012,Synthetic District Administration,Departmental demo verification only; not legally verified ownership.,2026-07-25T12:00:00,SYNTHETIC DEMO DATA — NOT OFFICIAL GOVERNMENT RECORDS
VER-1529,P1529,,VERIFIED,OFFICER-001,Synthetic District Administration,Departmental demo verification only; not legally verified ownership.,2026-07-24T12:00:00,SYNTHETIC DEMO DATA — NOT OFFICIAL GOVERNMENT RECORDS
VER-1530,P1530,,VERIFIED,OFFICER-002,Synthetic District Administration,Departmental demo verification only; not legally verified ownership.,2026-07-23T12:00:00,SYNTHETIC DEMO DATA — NOT OFFICIAL GOVERNMENT RECORDS
VER-1531,P1531,CON-1531,VERIFIED,OFFICER-003,Synthetic District Administration,Departmental demo verification only; not legally verified ownership.,2026-07-22T12:00:00,SYNTHETIC DEMO DATA — NOT OFFICIAL GOVERNMENT RECORDS
VER-1532,P1532,,VERIFIED,OFFICER-004,Synthetic District Administration,Departmental demo verification only; not legally verified ownership.,2026-07-21T12:00:00,SYNTHETIC DEMO DATA — NOT OFFICIAL GOVERNMENT RECORDS
VER-1533,P1533,,VERIFIED,OFFICER-005,Synthetic District Administration,Departmental demo verification only; not legally verified ownership.,2026-07-20T12:00:00,SYNTHETIC DEMO DATA — NOT OFFICIAL GOVERNMENT RECORDS
VER-1534,P1534,,VERIFIED,OFFICER-006,Synthetic District Administration,Departmental demo verification only; not legally verified ownership.,2026-07-19T12:00:00,SYNTHETIC DEMO DATA — NOT OFFICIAL GOVERNMENT RECORDS
VER-1535,P1535,,VERIFIED,OFFICER-007,Synthetic District Administration,Departmental demo verification only; not legally verified ownership.,2026-07-18T12:00:00,SYNTHETIC DEMO DATA — NOT OFFICIAL GOVERNMENT RECORDS
VER-1536,P1536,,VERIFIED,OFFICER-008,Synthetic District Administration,Departmental demo verification only; not legally verified ownership.,2026-07-17T12:00:00,SYNTHETIC DEMO DATA — NOT OFFICIAL GOVERNMENT RECORDS
VER-1537,P1537,,VERIFIED,OFFICER-009,Synthetic District Administration,Departmental demo verification only; not legally verified ownership.,2026-07-16T12:00:00,SYNTHETIC DEMO DATA — NOT OFFICIAL GOVERNMENT RECORDS
VER-1538,P1538,,VERIFIED,OFFICER-010,Synthetic District Administration,Departmental demo verification only; not legally verified ownership.,2026-07-15T12:00:00,SYNTHETIC DEMO DATA — NOT OFFICIAL GOVERNMENT RECORDS
VER-1539,P1539,,VERIFIED,OFFICER-011,Synthetic District Administration,Departmental demo verification only; not legally verified ownership.,2026-07-14T12:00:00,SYNTHETIC DEMO DATA — NOT OFFICIAL GOVERNMENT RECORDS
VER-1540,P1540,,VERIFIED,OFFICER-012,Synthetic District Administration,Departmental demo verification only; not legally verified ownership.,2026-07-13T12:00:00,SYNTHETIC DEMO DATA — NOT OFFICIAL GOVERNMENT RECORDS
VER-1541,P1541,CON-1541,VERIFIED,OFFICER-001,Synthetic District Administration,Departmental demo verification only; not legally verified ownership.,2026-09-10T12:00:00,SYNTHETIC DEMO DATA — NOT OFFICIAL GOVERNMENT RECORDS
VER-1542,P1542,,VERIFIED,OFFICER-002,Synthetic District Administration,Departmental demo verification only; not legally verified ownership.,2026-09-09T12:00:00,SYNTHETIC DEMO DATA — NOT OFFICIAL GOVERNMENT RECORDS
VER-1543,P1543,,VERIFIED,OFFICER-003,Synthetic District Administration,Departmental demo verification only; not legally verified ownership.,2026-09-08T12:00:00,SYNTHETIC DEMO DATA — NOT OFFICIAL GOVERNMENT RECORDS
VER-1544,P1544,,VERIFIED,OFFICER-004,Synthetic District Administration,Departmental demo verification only; not legally verified ownership.,2026-09-07T12:00:00,SYNTHETIC DEMO DATA — NOT OFFICIAL GOVERNMENT RECORDS
VER-1545,P1545,,VERIFIED,OFFICER-005,Synthetic District Administration,Departmental demo verification only; not legally verified ownership.,2026-09-06T12:00:00,SYNTHETIC DEMO DATA — NOT OFFICIAL GOVERNMENT RECORDS
VER-1546,P1546,,VERIFIED,OFFICER-006,Synthetic District Administration,Departmental demo verification only; not legally verified ownership.,2026-09-05T12:00:00,SYNTHETIC DEMO DATA — NOT OFFICIAL GOVERNMENT RECORDS
VER-1547,P1547,,VERIFIED,OFFICER-007,Synthetic District Administration,Departmental demo verification only; not legally verified ownership.,2026-09-04T12:00:00,SYNTHETIC DEMO DATA — NOT OFFICIAL GOVERNMENT RECORDS
VER-1548,P1548,,VERIFIED,OFFICER-008,Synthetic District Administration,Departmental demo verification only; not legally verified ownership.,2026-09-03T12:00:00,SYNTHETIC DEMO DATA — NOT OFFICIAL GOVERNMENT RECORDS
VER-1549,P1549,,VERIFIED,OFFICER-009,Synthetic District Administration,Departmental demo verification only; not legally verified ownership.,2026-09-02T12:00:00,SYNTHETIC DEMO DATA — NOT OFFICIAL GOVERNMENT RECORDS
VER-1550,P1550,,VERIFIED,OFFICER-010,Synthetic District Administration,Departmental demo verification only; not legally verified ownership.,2026-09-01T12:00:00,SYNTHETIC DEMO DATA — NOT OFFICIAL GOVERNMENT RECORDS
VER-1551,P1551,CON-1551,VERIFIED,OFFICER-011,Synthetic District Administration,Departmental demo verification only; not legally verified ownership.,2026-08-31T12:00:00,SYNTHETIC DEMO DATA — NOT OFFICIAL GOVERNMENT RECORDS
VER-1552,P1552,,VERIFIED,OFFICER-012,Synthetic District Administration,Departmental demo verification only; not legally verified ownership.,2026-08-30T12:00:00,SYNTHETIC DEMO DATA — NOT OFFICIAL GOVERNMENT RECORDS
VER-1553,P1553,,VERIFIED,OFFICER-001,Synthetic District Administration,Departmental demo verification only; not legally verified ownership.,2026-08-29T12:00:00,SYNTHETIC DEMO DATA — NOT OFFICIAL GOVERNMENT RECORDS
VER-1554,P1554,,VERIFIED,OFFICER-002,Synthetic District Administration,Departmental demo verification only; not legally verified ownership.,2026-08-28T12:00:00,SYNTHETIC DEMO DATA — NOT OFFICIAL GOVERNMENT RECORDS
VER-1555,P1555,,VERIFIED,OFFICER-003,Synthetic District Administration,Departmental demo verification only; not legally verified ownership.,2026-08-27T12:00:00,SYNTHETIC DEMO DATA — NOT OFFICIAL GOVERNMENT RECORDS
VER-1556,P1556,,VERIFIED,OFFICER-004,Synthetic District Administration,Departmental demo verification only; not legally verified ownership.,2026-08-26T12:00:00,SYNTHETIC DEMO DATA — NOT OFFICIAL GOVERNMENT RECORDS
VER-1557,P1557,,VERIFIED,OFFICER-005,Synthetic District Administration,Departmental demo verification only; not legally verified ownership.,2026-08-25T12:00:00,SYNTHETIC DEMO DATA — NOT OFFICIAL GOVERNMENT RECORDS
VER-1558,P1558,,VERIFIED,OFFICER-006,Synthetic District Administration,Departmental demo verification only; not legally verified ownership.,2026-08-24T12:00:00,SYNTHETIC DEMO DATA — NOT OFFICIAL GOVERNMENT RECORDS
VER-1559,P1559,,VERIFIED,OFFICER-007,Synthetic District Administration,Departmental demo verification only; not legally verified ownership.,2026-08-23T12:00:00,SYNTHETIC DEMO DATA — NOT OFFICIAL GOVERNMENT RECORDS
VER-1560,P1560,,VERIFIED,OFFICER-008,Synthetic District Administration,Departmental demo verification only; not legally verified ownership.,2026-08-22T12:00:00,SYNTHETIC DEMO DATA — NOT OFFICIAL GOVERNMENT RECORDS
VER-1561,P1561,CON-1561,VERIFIED,OFFICER-009,Synthetic District Administration,Departmental demo verification only; not legally verified ownership.,2026-08-21T12:00:00,SYNTHETIC DEMO DATA — NOT OFFICIAL GOVERNMENT RECORDS
VER-1562,P1562,,VERIFIED,OFFICER-010,Synthetic District Administration,Departmental demo verification only; not legally verified ownership.,2026-08-20T12:00:00,SYNTHETIC DEMO DATA — NOT OFFICIAL GOVERNMENT RECORDS
VER-1563,P1563,,VERIFIED,OFFICER-011,Synthetic District Administration,Departmental demo verification only; not legally verified ownership.,2026-08-19T12:00:00,SYNTHETIC DEMO DATA — NOT OFFICIAL GOVERNMENT RECORDS
VER-1564,P1564,,VERIFIED,OFFICER-012,Synthetic District Administration,Departmental demo verification only; not legally verified ownership.,2026-08-18T12:00:00,SYNTHETIC DEMO DATA — NOT OFFICIAL GOVERNMENT RECORDS
VER-1565,P1565,,VERIFIED,OFFICER-001,Synthetic District Administration,Departmental demo verification only; not legally verified ownership.,2026-08-17T12:00:00,SYNTHETIC DEMO DATA — NOT OFFICIAL GOVERNMENT RECORDS
VER-1566,P1566,,VERIFIED,OFFICER-002,Synthetic District Administration,Departmental demo verification only; not legally verified ownership.,2026-08-16T12:00:00,SYNTHETIC DEMO DATA — NOT OFFICIAL GOVERNMENT RECORDS
VER-1567,P1567,,VERIFIED,OFFICER-003,Synthetic District Administration,Departmental demo verification only; not legally verified ownership.,2026-08-15T12:00:00,SYNTHETIC DEMO DATA — NOT OFFICIAL GOVERNMENT RECORDS
VER-1568,P1568,,VERIFIED,OFFICER-004,Synthetic District Administration,Departmental demo verification only; not legally verified ownership.,2026-08-14T12:00:00,SYNTHETIC DEMO DATA — NOT OFFICIAL GOVERNMENT RECORDS
VER-1569,P1569,,VERIFIED,OFFICER-005,Synthetic District Administration,Departmental demo verification only; not legally verified ownership.,2026-08-13T12:00:00,SYNTHETIC DEMO DATA — NOT OFFICIAL GOVERNMENT RECORDS
VER-1570,P1570,,VERIFIED,OFFICER-006,Synthetic District Administration,Departmental demo verification only; not legally verified ownership.,2026-08-12T12:00:00,SYNTHETIC DEMO DATA — NOT OFFICIAL GOVERNMENT RECORDS
VER-1571,P1571,CON-1571,VERIFIED,OFFICER-007,Synthetic District Administration,Departmental demo verification only; not legally verified ownership.,2026-08-11T12:00:00,SYNTHETIC DEMO DATA — NOT OFFICIAL GOVERNMENT RECORDS
VER-1572,P1572,,VERIFIED,OFFICER-008,Synthetic District Administration,Departmental demo verification only; not legally verified ownership.,2026-08-10T12:00:00,SYNTHETIC DEMO DATA — NOT OFFICIAL GOVERNMENT RECORDS
VER-1573,P1573,,VERIFIED,OFFICER-009,Synthetic District Administration,Departmental demo verification only; not legally verified ownership.,2026-08-09T12:00:00,SYNTHETIC DEMO DATA — NOT OFFICIAL GOVERNMENT RECORDS
VER-1574,P1574,,VERIFIED,OFFICER-010,Synthetic District Administration,Departmental demo verification only; not legally verified ownership.,2026-08-08T12:00:00,SYNTHETIC DEMO DATA — NOT OFFICIAL GOVERNMENT RECORDS
VER-1575,P1575,,VERIFIED,OFFICER-011,Synthetic District Administration,Departmental demo verification only; not legally verified ownership.,2026-08-07T12:00:00,SYNTHETIC DEMO DATA — NOT OFFICIAL GOVERNMENT RECORDS
VER-1576,P1576,,VERIFIED,OFFICER-012,Synthetic District Administration,Departmental demo verification only; not legally verified ownership.,2026-08-06T12:00:00,SYNTHETIC DEMO DATA — NOT OFFICIAL GOVERNMENT RECORDS
VER-1577,P1577,,VERIFIED,OFFICER-001,Synthetic District Administration,Departmental demo verification only; not legally verified ownership.,2026-08-05T12:00:00,SYNTHETIC DEMO DATA — NOT OFFICIAL GOVERNMENT RECORDS
VER-1578,P1578,,VERIFIED,OFFICER-002,Synthetic District Administration,Departmental demo verification only; not legally verified ownership.,2026-08-04T12:00:00,SYNTHETIC DEMO DATA — NOT OFFICIAL GOVERNMENT RECORDS
VER-1579,P1579,,VERIFIED,OFFICER-003,Synthetic District Administration,Departmental demo verification only; not legally verified ownership.,2026-08-03T12:00:00,SYNTHETIC DEMO DATA — NOT OFFICIAL GOVERNMENT RECORDS
VER-1580,P1580,,VERIFIED,OFFICER-004,Synthetic District Administration,Departmental demo verification only; not legally verified ownership.,2026-08-02T12:00:00,SYNTHETIC DEMO DATA — NOT OFFICIAL GOVERNMENT RECORDS
VER-1581,P1581,CON-1581,VERIFIED,OFFICER-005,Synthetic District Administration,Departmental demo verification only; not legally verified ownership.,2026-08-01T12:00:00,SYNTHETIC DEMO DATA — NOT OFFICIAL GOVERNMENT RECORDS
VER-1582,P1582,,VERIFIED,OFFICER-006,Synthetic District Administration,Departmental demo verification only; not legally verified ownership.,2026-07-31T12:00:00,SYNTHETIC DEMO DATA — NOT OFFICIAL GOVERNMENT RECORDS
VER-1583,P1583,,VERIFIED,OFFICER-007,Synthetic District Administration,Departmental demo verification only; not legally verified ownership.,2026-07-30T12:00:00,SYNTHETIC DEMO DATA — NOT OFFICIAL GOVERNMENT RECORDS
VER-1584,P1584,,VERIFIED,OFFICER-008,Synthetic District Administration,Departmental demo verification only; not legally verified ownership.,2026-07-29T12:00:00,SYNTHETIC DEMO DATA — NOT OFFICIAL GOVERNMENT RECORDS
VER-1585,P1585,,VERIFIED,OFFICER-009,Synthetic District Administration,Departmental demo verification only; not legally verified ownership.,2026-07-28T12:00:00,SYNTHETIC DEMO DATA — NOT OFFICIAL GOVERNMENT RECORDS
VER-1586,P1586,,VERIFIED,OFFICER-010,Synthetic District Administration,Departmental demo verification only; not legally verified ownership.,2026-07-27T12:00:00,SYNTHETIC DEMO DATA — NOT OFFICIAL GOVERNMENT RECORDS
VER-1587,P1587,,VERIFIED,OFFICER-011,Synthetic District Administration,Departmental demo verification only; not legally verified ownership.,2026-07-26T12:00:00,SYNTHETIC DEMO DATA — NOT OFFICIAL GOVERNMENT RECORDS
VER-1588,P1588,,VERIFIED,OFFICER-012,Synthetic District Administration,Departmental demo verification only; not legally verified ownership.,2026-07-25T12:00:00,SYNTHETIC DEMO DATA — NOT OFFICIAL GOVERNMENT RECORDS
VER-1589,P1589,,VERIFIED,OFFICER-001,Synthetic District Administration,Departmental demo verification only; not legally verified ownership.,2026-07-24T12:00:00,SYNTHETIC DEMO DATA — NOT OFFICIAL GOVERNMENT RECORDS
VER-1590,P1590,,VERIFIED,OFFICER-002,Synthetic District Administration,Departmental demo verification only; not legally verified ownership.,2026-07-23T12:00:00,SYNTHETIC DEMO DATA — NOT OFFICIAL GOVERNMENT RECORDS
VER-1591,P1591,CON-1591,VERIFIED,OFFICER-003,Synthetic District Administration,Departmental demo verification only; not legally verified ownership.,2026-07-22T12:00:00,SYNTHETIC DEMO DATA — NOT OFFICIAL GOVERNMENT RECORDS
VER-1592,P1592,,VERIFIED,OFFICER-004,Synthetic District Administration,Departmental demo verification only; not legally verified ownership.,2026-07-21T12:00:00,SYNTHETIC DEMO DATA — NOT OFFICIAL GOVERNMENT RECORDS
VER-1593,P1593,,VERIFIED,OFFICER-005,Synthetic District Administration,Departmental demo verification only; not legally verified ownership.,2026-07-20T12:00:00,SYNTHETIC DEMO DATA — NOT OFFICIAL GOVERNMENT RECORDS
VER-1594,P1594,,VERIFIED,OFFICER-006,Synthetic District Administration,Departmental demo verification only; not legally verified ownership.,2026-07-19T12:00:00,SYNTHETIC DEMO DATA — NOT OFFICIAL GOVERNMENT RECORDS
VER-1595,P1595,,VERIFIED,OFFICER-007,Synthetic District Administration,Departmental demo verification only; not legally verified ownership.,2026-07-18T12:00:00,SYNTHETIC DEMO DATA — NOT OFFICIAL GOVERNMENT RECORDS
VER-1596,P1596,,VERIFIED,OFFICER-008,Synthetic District Administration,Departmental demo verification only; not legally verified ownership.,2026-07-17T12:00:00,SYNTHETIC DEMO DATA — NOT OFFICIAL GOVERNMENT RECORDS
VER-1597,P1597,,VERIFIED,OFFICER-009,Synthetic District Administration,Departmental demo verification only; not legally verified ownership.,2026-07-16T12:00:00,SYNTHETIC DEMO DATA — NOT OFFICIAL GOVERNMENT RECORDS
VER-1598,P1598,,VERIFIED,OFFICER-010,Synthetic District Administration,Departmental demo verification only; not legally verified ownership.,2026-07-15T12:00:00,SYNTHETIC DEMO DATA — NOT OFFICIAL GOVERNMENT RECORDS
VER-1599,P1599,,VERIFIED,OFFICER-011,Synthetic District Administration,Departmental demo verification only; not legally verified ownership.,2026-07-14T12:00:00,SYNTHETIC DEMO DATA — NOT OFFICIAL GOVERNMENT RECORDS
VER-1600,P1600,,VERIFIED,OFFICER-012,Synthetic District Administration,Departmental demo verification only; not legally verified ownership.,2026-07-13T12:00:00,SYNTHETIC DEMO DATA — NOT OFFICIAL GOVERNMENT RECORDS
VER-1601,P1601,CON-1601,VERIFIED,OFFICER-001,Synthetic District Administration,Departmental demo verification only; not legally verified ownership.,2026-09-10T12:00:00,SYNTHETIC DEMO DATA — NOT OFFICIAL GOVERNMENT RECORDS
VER-1602,P1602,,VERIFIED,OFFICER-002,Synthetic District Administration,Departmental demo verification only; not legally verified ownership.,2026-09-09T12:00:00,SYNTHETIC DEMO DATA — NOT OFFICIAL GOVERNMENT RECORDS
VER-1603,P1603,,VERIFIED,OFFICER-003,Synthetic District Administration,Departmental demo verification only; not legally verified ownership.,2026-09-08T12:00:00,SYNTHETIC DEMO DATA — NOT OFFICIAL GOVERNMENT RECORDS
VER-1604,P1604,,VERIFIED,OFFICER-004,Synthetic District Administration,Departmental demo verification only; not legally verified ownership.,2026-09-07T12:00:00,SYNTHETIC DEMO DATA — NOT OFFICIAL GOVERNMENT RECORDS
VER-1605,P1605,,VERIFIED,OFFICER-005,Synthetic District Administration,Departmental demo verification only; not legally verified ownership.,2026-09-06T12:00:00,SYNTHETIC DEMO DATA — NOT OFFICIAL GOVERNMENT RECORDS
VER-1606,P1606,,VERIFIED,OFFICER-006,Synthetic District Administration,Departmental demo verification only; not legally verified ownership.,2026-09-05T12:00:00,SYNTHETIC DEMO DATA — NOT OFFICIAL GOVERNMENT RECORDS
VER-1607,P1607,,VERIFIED,OFFICER-007,Synthetic District Administration,Departmental demo verification only; not legally verified ownership.,2026-09-04T12:00:00,SYNTHETIC DEMO DATA — NOT OFFICIAL GOVERNMENT RECORDS
VER-1608,P1608,,VERIFIED,OFFICER-008,Synthetic District Administration,Departmental demo verification only; not legally verified ownership.,2026-09-03T12:00:00,SYNTHETIC DEMO DATA — NOT OFFICIAL GOVERNMENT RECORDS
VER-1609,P1609,,VERIFIED,OFFICER-009,Synthetic District Administration,Departmental demo verification only; not legally verified ownership.,2026-09-02T12:00:00,SYNTHETIC DEMO DATA — NOT OFFICIAL GOVERNMENT RECORDS
VER-1610,P1610,,VERIFIED,OFFICER-010,Synthetic District Administration,Departmental demo verification only; not legally verified ownership.,2026-09-01T12:00:00,SYNTHETIC DEMO DATA — NOT OFFICIAL GOVERNMENT RECORDS
VER-1611,P1611,CON-1611,VERIFIED,OFFICER-011,Synthetic District Administration,Departmental demo verification only; not legally verified ownership.,2026-08-31T12:00:00,SYNTHETIC DEMO DATA — NOT OFFICIAL GOVERNMENT RECORDS
VER-1612,P1612,,VERIFIED,OFFICER-012,Synthetic District Administration,Departmental demo verification only; not legally verified ownership.,2026-08-30T12:00:00,SYNTHETIC DEMO DATA — NOT OFFICIAL GOVERNMENT RECORDS
VER-1613,P1613,,VERIFIED,OFFICER-001,Synthetic District Administration,Departmental demo verification only; not legally verified ownership.,2026-08-29T12:00:00,SYNTHETIC DEMO DATA — NOT OFFICIAL GOVERNMENT RECORDS
VER-1614,P1614,,VERIFIED,OFFICER-002,Synthetic District Administration,Departmental demo verification only; not legally verified ownership.,2026-08-28T12:00:00,SYNTHETIC DEMO DATA — NOT OFFICIAL GOVERNMENT RECORDS
VER-1615,P1615,,VERIFIED,OFFICER-003,Synthetic District Administration,Departmental demo verification only; not legally verified ownership.,2026-08-27T12:00:00,SYNTHETIC DEMO DATA — NOT OFFICIAL GOVERNMENT RECORDS
VER-1616,P1616,,VERIFIED,OFFICER-004,Synthetic District Administration,Departmental demo verification only; not legally verified ownership.,2026-08-26T12:00:00,SYNTHETIC DEMO DATA — NOT OFFICIAL GOVERNMENT RECORDS
VER-1617,P1617,,VERIFIED,OFFICER-005,Synthetic District Administration,Departmental demo verification only; not legally verified ownership.,2026-08-25T12:00:00,SYNTHETIC DEMO DATA — NOT OFFICIAL GOVERNMENT RECORDS
VER-1618,P1618,,VERIFIED,OFFICER-006,Synthetic District Administration,Departmental demo verification only; not legally verified ownership.,2026-08-24T12:00:00,SYNTHETIC DEMO DATA — NOT OFFICIAL GOVERNMENT RECORDS
VER-1619,P1619,,VERIFIED,OFFICER-007,Synthetic District Administration,Departmental demo verification only; not legally verified ownership.,2026-08-23T12:00:00,SYNTHETIC DEMO DATA — NOT OFFICIAL GOVERNMENT RECORDS
VER-1620,P1620,,VERIFIED,OFFICER-008,Synthetic District Administration,Departmental demo verification only; not legally verified ownership.,2026-08-22T12:00:00,SYNTHETIC DEMO DATA — NOT OFFICIAL GOVERNMENT RECORDS
VER-1621,P1621,CON-1621,VERIFIED,OFFICER-009,Synthetic District Administration,Departmental demo verification only; not legally verified ownership.,2026-08-21T12:00:00,SYNTHETIC DEMO DATA — NOT OFFICIAL GOVERNMENT RECORDS
VER-1622,P1622,,VERIFIED,OFFICER-010,Synthetic District Administration,Departmental demo verification only; not legally verified ownership.,2026-08-20T12:00:00,SYNTHETIC DEMO DATA — NOT OFFICIAL GOVERNMENT RECORDS
VER-1623,P1623,,VERIFIED,OFFICER-011,Synthetic District Administration,Departmental demo verification only; not legally verified ownership.,2026-08-19T12:00:00,SYNTHETIC DEMO DATA — NOT OFFICIAL GOVERNMENT RECORDS
VER-1624,P1624,,VERIFIED,OFFICER-012,Synthetic District Administration,Departmental demo verification only; not legally verified ownership.,2026-08-18T12:00:00,SYNTHETIC DEMO DATA — NOT OFFICIAL GOVERNMENT RECORDS
VER-1625,P1625,,VERIFIED,OFFICER-001,Synthetic District Administration,Departmental demo verification only; not legally verified ownership.,2026-08-17T12:00:00,SYNTHETIC DEMO DATA — NOT OFFICIAL GOVERNMENT RECORDS
VER-1626,P1626,,VERIFIED,OFFICER-002,Synthetic District Administration,Departmental demo verification only; not legally verified ownership.,2026-08-16T12:00:00,SYNTHETIC DEMO DATA — NOT OFFICIAL GOVERNMENT RECORDS
VER-1627,P1627,,VERIFIED,OFFICER-003,Synthetic District Administration,Departmental demo verification only; not legally verified ownership.,2026-08-15T12:00:00,SYNTHETIC DEMO DATA — NOT OFFICIAL GOVERNMENT RECORDS
VER-1628,P1628,,VERIFIED,OFFICER-004,Synthetic District Administration,Departmental demo verification only; not legally verified ownership.,2026-08-14T12:00:00,SYNTHETIC DEMO DATA — NOT OFFICIAL GOVERNMENT RECORDS
VER-1629,P1629,,VERIFIED,OFFICER-005,Synthetic District Administration,Departmental demo verification only; not legally verified ownership.,2026-08-13T12:00:00,SYNTHETIC DEMO DATA — NOT OFFICIAL GOVERNMENT RECORDS
VER-1630,P1630,,VERIFIED,OFFICER-006,Synthetic District Administration,Departmental demo verification only; not legally verified ownership.,2026-08-12T12:00:00,SYNTHETIC DEMO DATA — NOT OFFICIAL GOVERNMENT RECORDS
VER-1631,P1631,CON-1631,VERIFIED,OFFICER-007,Synthetic District Administration,Departmental demo verification only; not legally verified ownership.,2026-08-11T12:00:00,SYNTHETIC DEMO DATA — NOT OFFICIAL GOVERNMENT RECORDS
VER-1632,P1632,,VERIFIED,OFFICER-008,Synthetic District Administration,Departmental demo verification only; not legally verified ownership.,2026-08-10T12:00:00,SYNTHETIC DEMO DATA — NOT OFFICIAL GOVERNMENT RECORDS
VER-1633,P1633,,VERIFIED,OFFICER-009,Synthetic District Administration,Departmental demo verification only; not legally verified ownership.,2026-08-09T12:00:00,SYNTHETIC DEMO DATA — NOT OFFICIAL GOVERNMENT RECORDS
VER-1634,P1634,,VERIFIED,OFFICER-010,Synthetic District Administration,Departmental demo verification only; not legally verified ownership.,2026-08-08T12:00:00,SYNTHETIC DEMO DATA — NOT OFFICIAL GOVERNMENT RECORDS
VER-1635,P1635,,VERIFIED,OFFICER-011,Synthetic District Administration,Departmental demo verification only; not legally verified ownership.,2026-08-07T12:00:00,SYNTHETIC DEMO DATA — NOT OFFICIAL GOVERNMENT RECORDS
VER-1636,P1636,,VERIFIED,OFFICER-012,Synthetic District Administration,Departmental demo verification only; not legally verified ownership.,2026-08-06T12:00:00,SYNTHETIC DEMO DATA — NOT OFFICIAL GOVERNMENT RECORDS
VER-1637,P1637,,VERIFIED,OFFICER-001,Synthetic District Administration,Departmental demo verification only; not legally verified ownership.,2026-08-05T12:00:00,SYNTHETIC DEMO DATA — NOT OFFICIAL GOVERNMENT RECORDS
VER-1638,P1638,,VERIFIED,OFFICER-002,Synthetic District Administration,Departmental demo verification only; not legally verified ownership.,2026-08-04T12:00:00,SYNTHETIC DEMO DATA — NOT OFFICIAL GOVERNMENT RECORDS
VER-1639,P1639,,VERIFIED,OFFICER-003,Synthetic District Administration,Departmental demo verification only; not legally verified ownership.,2026-08-03T12:00:00,SYNTHETIC DEMO DATA — NOT OFFICIAL GOVERNMENT RECORDS
VER-1640,P1640,,VERIFIED,OFFICER-004,Synthetic District Administration,Departmental demo verification only; not legally verified ownership.,2026-08-02T12:00:00,SYNTHETIC DEMO DATA — NOT OFFICIAL GOVERNMENT RECORDS
VER-1641,P1641,CON-1641,VERIFIED,OFFICER-005,Synthetic District Administration,Departmental demo verification only; not legally verified ownership.,2026-08-01T12:00:00,SYNTHETIC DEMO DATA — NOT OFFICIAL GOVERNMENT RECORDS
VER-1642,P1642,,VERIFIED,OFFICER-006,Synthetic District Administration,Departmental demo verification only; not legally verified ownership.,2026-07-31T12:00:00,SYNTHETIC DEMO DATA — NOT OFFICIAL GOVERNMENT RECORDS
VER-1643,P1643,,VERIFIED,OFFICER-007,Synthetic District Administration,Departmental demo verification only; not legally verified ownership.,2026-07-30T12:00:00,SYNTHETIC DEMO DATA — NOT OFFICIAL GOVERNMENT RECORDS
VER-1644,P1644,,VERIFIED,OFFICER-008,Synthetic District Administration,Departmental demo verification only; not legally verified ownership.,2026-07-29T12:00:00,SYNTHETIC DEMO DATA — NOT OFFICIAL GOVERNMENT RECORDS
VER-1645,P1645,,VERIFIED,OFFICER-009,Synthetic District Administration,Departmental demo verification only; not legally verified ownership.,2026-07-28T12:00:00,SYNTHETIC DEMO DATA — NOT OFFICIAL GOVERNMENT RECORDS
VER-1646,P1646,,VERIFIED,OFFICER-010,Synthetic District Administration,Departmental demo verification only; not legally verified ownership.,2026-07-27T12:00:00,SYNTHETIC DEMO DATA — NOT OFFICIAL GOVERNMENT RECORDS
VER-1647,P1647,,VERIFIED,OFFICER-011,Synthetic District Administration,Departmental demo verification only; not legally verified ownership.,2026-07-26T12:00:00,SYNTHETIC DEMO DATA — NOT OFFICIAL GOVERNMENT RECORDS
VER-1648,P1648,,VERIFIED,OFFICER-012,Synthetic District Administration,Departmental demo verification only; not legally verified ownership.,2026-07-25T12:00:00,SYNTHETIC DEMO DATA — NOT OFFICIAL GOVERNMENT RECORDS
VER-1649,P1649,,VERIFIED,OFFICER-001,Synthetic District Administration,Departmental demo verification only; not legally verified ownership.,2026-07-24T12:00:00,SYNTHETIC DEMO DATA — NOT OFFICIAL GOVERNMENT RECORDS
VER-1650,P1650,,VERIFIED,OFFICER-002,Synthetic District Administration,Departmental demo verification only; not legally verified ownership.,2026-07-23T12:00:00,SYNTHETIC DEMO DATA — NOT OFFICIAL GOVERNMENT RECORDS
VER-1651,P1651,CON-1651,VERIFIED,OFFICER-003,Synthetic District Administration,Departmental demo verification only; not legally verified ownership.,2026-07-22T12:00:00,SYNTHETIC DEMO DATA — NOT OFFICIAL GOVERNMENT RECORDS
VER-1652,P1652,,VERIFIED,OFFICER-004,Synthetic District Administration,Departmental demo verification only; not legally verified ownership.,2026-07-21T12:00:00,SYNTHETIC DEMO DATA — NOT OFFICIAL GOVERNMENT RECORDS
VER-1653,P1653,,VERIFIED,OFFICER-005,Synthetic District Administration,Departmental demo verification only; not legally verified ownership.,2026-07-20T12:00:00,SYNTHETIC DEMO DATA — NOT OFFICIAL GOVERNMENT RECORDS
VER-1654,P1654,,VERIFIED,OFFICER-006,Synthetic District Administration,Departmental demo verification only; not legally verified ownership.,2026-07-19T12:00:00,SYNTHETIC DEMO DATA — NOT OFFICIAL GOVERNMENT RECORDS
VER-1655,P1655,,VERIFIED,OFFICER-007,Synthetic District Administration,Departmental demo verification only; not legally verified ownership.,2026-07-18T12:00:00,SYNTHETIC DEMO DATA — NOT OFFICIAL GOVERNMENT RECORDS
VER-1656,P1656,,VERIFIED,OFFICER-008,Synthetic District Administration,Departmental demo verification only; not legally verified ownership.,2026-07-17T12:00:00,SYNTHETIC DEMO DATA — NOT OFFICIAL GOVERNMENT RECORDS
VER-1657,P1657,,VERIFIED,OFFICER-009,Synthetic District Administration,Departmental demo verification only; not legally verified ownership.,2026-07-16T12:00:00,SYNTHETIC DEMO DATA — NOT OFFICIAL GOVERNMENT RECORDS
VER-1658,P1658,,VERIFIED,OFFICER-010,Synthetic District Administration,Departmental demo verification only; not legally verified ownership.,2026-07-15T12:00:00,SYNTHETIC DEMO DATA — NOT OFFICIAL GOVERNMENT RECORDS
VER-1659,P1659,,VERIFIED,OFFICER-011,Synthetic District Administration,Departmental demo verification only; not legally verified ownership.,2026-07-14T12:00:00,SYNTHETIC DEMO DATA — NOT OFFICIAL GOVERNMENT RECORDS
VER-1660,P1660,,VERIFIED,OFFICER-012,Synthetic District Administration,Departmental demo verification only; not legally verified ownership.,2026-07-13T12:00:00,SYNTHETIC DEMO DATA — NOT OFFICIAL GOVERNMENT RECORDS
VER-1661,P1661,CON-1661,VERIFIED,OFFICER-001,Synthetic District Administration,Departmental demo verification only; not legally verified ownership.,2026-09-10T12:00:00,SYNTHETIC DEMO DATA — NOT OFFICIAL GOVERNMENT RECORDS
VER-1662,P1662,,VERIFIED,OFFICER-002,Synthetic District Administration,Departmental demo verification only; not legally verified ownership.,2026-09-09T12:00:00,SYNTHETIC DEMO DATA — NOT OFFICIAL GOVERNMENT RECORDS
VER-1663,P1663,,VERIFIED,OFFICER-003,Synthetic District Administration,Departmental demo verification only; not legally verified ownership.,2026-09-08T12:00:00,SYNTHETIC DEMO DATA — NOT OFFICIAL GOVERNMENT RECORDS
VER-1664,P1664,,VERIFIED,OFFICER-004,Synthetic District Administration,Departmental demo verification only; not legally verified ownership.,2026-09-07T12:00:00,SYNTHETIC DEMO DATA — NOT OFFICIAL GOVERNMENT RECORDS
VER-1665,P1665,,VERIFIED,OFFICER-005,Synthetic District Administration,Departmental demo verification only; not legally verified ownership.,2026-09-06T12:00:00,SYNTHETIC DEMO DATA — NOT OFFICIAL GOVERNMENT RECORDS
VER-1666,P1666,,VERIFIED,OFFICER-006,Synthetic District Administration,Departmental demo verification only; not legally verified ownership.,2026-09-05T12:00:00,SYNTHETIC DEMO DATA — NOT OFFICIAL GOVERNMENT RECORDS
VER-1667,P1667,,VERIFIED,OFFICER-007,Synthetic District Administration,Departmental demo verification only; not legally verified ownership.,2026-09-04T12:00:00,SYNTHETIC DEMO DATA — NOT OFFICIAL GOVERNMENT RECORDS
VER-1668,P1668,,VERIFIED,OFFICER-008,Synthetic District Administration,Departmental demo verification only; not legally verified ownership.,2026-09-03T12:00:00,SYNTHETIC DEMO DATA — NOT OFFICIAL GOVERNMENT RECORDS
VER-1669,P1669,,VERIFIED,OFFICER-009,Synthetic District Administration,Departmental demo verification only; not legally verified ownership.,2026-09-02T12:00:00,SYNTHETIC DEMO DATA — NOT OFFICIAL GOVERNMENT RECORDS
VER-1670,P1670,,VERIFIED,OFFICER-010,Synthetic District Administration,Departmental demo verification only; not legally verified ownership.,2026-09-01T12:00:00,SYNTHETIC DEMO DATA — NOT OFFICIAL GOVERNMENT RECORDS
VER-1671,P1671,CON-1671,VERIFIED,OFFICER-011,Synthetic District Administration,Departmental demo verification only; not legally verified ownership.,2026-08-31T12:00:00,SYNTHETIC DEMO DATA — NOT OFFICIAL GOVERNMENT RECORDS
VER-1672,P1672,,VERIFIED,OFFICER-012,Synthetic District Administration,Departmental demo verification only; not legally verified ownership.,2026-08-30T12:00:00,SYNTHETIC DEMO DATA — NOT OFFICIAL GOVERNMENT RECORDS
VER-1673,P1673,,VERIFIED,OFFICER-001,Synthetic District Administration,Departmental demo verification only; not legally verified ownership.,2026-08-29T12:00:00,SYNTHETIC DEMO DATA — NOT OFFICIAL GOVERNMENT RECORDS
VER-1674,P1674,,VERIFIED,OFFICER-002,Synthetic District Administration,Departmental demo verification only; not legally verified ownership.,2026-08-28T12:00:00,SYNTHETIC DEMO DATA — NOT OFFICIAL GOVERNMENT RECORDS
VER-1675,P1675,,VERIFIED,OFFICER-003,Synthetic District Administration,Departmental demo verification only; not legally verified ownership.,2026-08-27T12:00:00,SYNTHETIC DEMO DATA — NOT OFFICIAL GOVERNMENT RECORDS
VER-1676,P1676,,VERIFIED,OFFICER-004,Synthetic District Administration,Departmental demo verification only; not legally verified ownership.,2026-08-26T12:00:00,SYNTHETIC DEMO DATA — NOT OFFICIAL GOVERNMENT RECORDS
VER-1677,P1677,,VERIFIED,OFFICER-005,Synthetic District Administration,Departmental demo verification only; not legally verified ownership.,2026-08-25T12:00:00,SYNTHETIC DEMO DATA — NOT OFFICIAL GOVERNMENT RECORDS
VER-1678,P1678,,VERIFIED,OFFICER-006,Synthetic District Administration,Departmental demo verification only; not legally verified ownership.,2026-08-24T12:00:00,SYNTHETIC DEMO DATA — NOT OFFICIAL GOVERNMENT RECORDS
VER-1679,P1679,,VERIFIED,OFFICER-007,Synthetic District Administration,Departmental demo verification only; not legally verified ownership.,2026-08-23T12:00:00,SYNTHETIC DEMO DATA — NOT OFFICIAL GOVERNMENT RECORDS
VER-1680,P1680,,VERIFIED,OFFICER-008,Synthetic District Administration,Departmental demo verification only; not legally verified ownership.,2026-08-22T12:00:00,SYNTHETIC DEMO DATA — NOT OFFICIAL GOVERNMENT RECORDS
VER-1681,P1681,CON-1681,VERIFIED,OFFICER-009,Synthetic District Administration,Departmental demo verification only; not legally verified ownership.,2026-08-21T12:00:00,SYNTHETIC DEMO DATA — NOT OFFICIAL GOVERNMENT RECORDS
VER-1682,P1682,,VERIFIED,OFFICER-010,Synthetic District Administration,Departmental demo verification only; not legally verified ownership.,2026-08-20T12:00:00,SYNTHETIC DEMO DATA — NOT OFFICIAL GOVERNMENT RECORDS
VER-1683,P1683,,VERIFIED,OFFICER-011,Synthetic District Administration,Departmental demo verification only; not legally verified ownership.,2026-08-19T12:00:00,SYNTHETIC DEMO DATA — NOT OFFICIAL GOVERNMENT RECORDS
VER-1684,P1684,,VERIFIED,OFFICER-012,Synthetic District Administration,Departmental demo verification only; not legally verified ownership.,2026-08-18T12:00:00,SYNTHETIC DEMO DATA — NOT OFFICIAL GOVERNMENT RECORDS
VER-1685,P1685,,VERIFIED,OFFICER-001,Synthetic District Administration,Departmental demo verification only; not legally verified ownership.,2026-08-17T12:00:00,SYNTHETIC DEMO DATA — NOT OFFICIAL GOVERNMENT RECORDS
VER-1686,P1686,,VERIFIED,OFFICER-002,Synthetic District Administration,Departmental demo verification only; not legally verified ownership.,2026-08-16T12:00:00,SYNTHETIC DEMO DATA — NOT OFFICIAL GOVERNMENT RECORDS
VER-1687,P1687,,VERIFIED,OFFICER-003,Synthetic District Administration,Departmental demo verification only; not legally verified ownership.,2026-08-15T12:00:00,SYNTHETIC DEMO DATA — NOT OFFICIAL GOVERNMENT RECORDS
VER-1688,P1688,,VERIFIED,OFFICER-004,Synthetic District Administration,Departmental demo verification only; not legally verified ownership.,2026-08-14T12:00:00,SYNTHETIC DEMO DATA — NOT OFFICIAL GOVERNMENT RECORDS
VER-1689,P1689,,VERIFIED,OFFICER-005,Synthetic District Administration,Departmental demo verification only; not legally verified ownership.,2026-08-13T12:00:00,SYNTHETIC DEMO DATA — NOT OFFICIAL GOVERNMENT RECORDS
VER-1690,P1690,,VERIFIED,OFFICER-006,Synthetic District Administration,Departmental demo verification only; not legally verified ownership.,2026-08-12T12:00:00,SYNTHETIC DEMO DATA — NOT OFFICIAL GOVERNMENT RECORDS
VER-1691,P1691,CON-1691,VERIFIED,OFFICER-007,Synthetic District Administration,Departmental demo verification only; not legally verified ownership.,2026-08-11T12:00:00,SYNTHETIC DEMO DATA — NOT OFFICIAL GOVERNMENT RECORDS
VER-1692,P1692,,VERIFIED,OFFICER-008,Synthetic District Administration,Departmental demo verification only; not legally verified ownership.,2026-08-10T12:00:00,SYNTHETIC DEMO DATA — NOT OFFICIAL GOVERNMENT RECORDS
VER-1693,P1693,,VERIFIED,OFFICER-009,Synthetic District Administration,Departmental demo verification only; not legally verified ownership.,2026-08-09T12:00:00,SYNTHETIC DEMO DATA — NOT OFFICIAL GOVERNMENT RECORDS
VER-1694,P1694,,VERIFIED,OFFICER-010,Synthetic District Administration,Departmental demo verification only; not legally verified ownership.,2026-08-08T12:00:00,SYNTHETIC DEMO DATA — NOT OFFICIAL GOVERNMENT RECORDS
VER-1695,P1695,,VERIFIED,OFFICER-011,Synthetic District Administration,Departmental demo verification only; not legally verified ownership.,2026-08-07T12:00:00,SYNTHETIC DEMO DATA — NOT OFFICIAL GOVERNMENT RECORDS
VER-1696,P1696,,VERIFIED,OFFICER-012,Synthetic District Administration,Departmental demo verification only; not legally verified ownership.,2026-08-06T12:00:00,SYNTHETIC DEMO DATA — NOT OFFICIAL GOVERNMENT RECORDS
VER-1697,P1697,,VERIFIED,OFFICER-001,Synthetic District Administration,Departmental demo verification only; not legally verified ownership.,2026-08-05T12:00:00,SYNTHETIC DEMO DATA — NOT OFFICIAL GOVERNMENT RECORDS
VER-1698,P1698,,VERIFIED,OFFICER-002,Synthetic District Administration,Departmental demo verification only; not legally verified ownership.,2026-08-04T12:00:00,SYNTHETIC DEMO DATA — NOT OFFICIAL GOVERNMENT RECORDS
VER-1699,P1699,,VERIFIED,OFFICER-003,Synthetic District Administration,Departmental demo verification only; not legally verified ownership.,2026-08-03T12:00:00,SYNTHETIC DEMO DATA — NOT OFFICIAL GOVERNMENT RECORDS
VER-1700,P1700,,VERIFIED,OFFICER-004,Synthetic District Administration,Departmental demo verification only; not legally verified ownership.,2026-08-02T12:00:00,SYNTHETIC DEMO DATA — NOT OFFICIAL GOVERNMENT RECORDS
VER-1701,P1701,CON-1701,AI_MATCHED,OFFICER-005,Synthetic District Administration,Departmental demo verification only; not legally verified ownership.,2026-08-01T12:00:00,SYNTHETIC DEMO DATA — NOT OFFICIAL GOVERNMENT RECORDS
VER-1702,P1702,,AI_MATCHED,OFFICER-006,Synthetic District Administration,Departmental demo verification only; not legally verified ownership.,2026-07-31T12:00:00,SYNTHETIC DEMO DATA — NOT OFFICIAL GOVERNMENT RECORDS
VER-1703,P1703,,AI_MATCHED,OFFICER-007,Synthetic District Administration,Departmental demo verification only; not legally verified ownership.,2026-07-30T12:00:00,SYNTHETIC DEMO DATA — NOT OFFICIAL GOVERNMENT RECORDS
VER-1704,P1704,,AI_MATCHED,OFFICER-008,Synthetic District Administration,Departmental demo verification only; not legally verified ownership.,2026-07-29T12:00:00,SYNTHETIC DEMO DATA — NOT OFFICIAL GOVERNMENT RECORDS
VER-1705,P1705,,AI_MATCHED,OFFICER-009,Synthetic District Administration,Departmental demo verification only; not legally verified ownership.,2026-07-28T12:00:00,SYNTHETIC DEMO DATA — NOT OFFICIAL GOVERNMENT RECORDS
VER-1706,P1706,,AI_MATCHED,OFFICER-010,Synthetic District Administration,Departmental demo verification only; not legally verified ownership.,2026-07-27T12:00:00,SYNTHETIC DEMO DATA — NOT OFFICIAL GOVERNMENT RECORDS
VER-1707,P1707,,AI_MATCHED,OFFICER-011,Synthetic District Administration,Departmental demo verification only; not legally verified ownership.,2026-07-26T12:00:00,SYNTHETIC DEMO DATA — NOT OFFICIAL GOVERNMENT RECORDS
VER-1708,P1708,,AI_MATCHED,OFFICER-012,Synthetic District Administration,Departmental demo verification only; not legally verified ownership.,2026-07-25T12:00:00,SYNTHETIC DEMO DATA — NOT OFFICIAL GOVERNMENT RECORDS
VER-1709,P1709,,AI_MATCHED,OFFICER-001,Synthetic District Administration,Departmental demo verification only; not legally verified ownership.,2026-07-24T12:00:00,SYNTHETIC DEMO DATA — NOT OFFICIAL GOVERNMENT RECORDS
VER-1710,P1710,,AI_MATCHED,OFFICER-002,Synthetic District Administration,Departmental demo verification only; not legally verified ownership.,2026-07-23T12:00:00,SYNTHETIC DEMO DATA — NOT OFFICIAL GOVERNMENT RECORDS
VER-1711,P1711,CON-1711,AI_MATCHED,OFFICER-003,Synthetic District Administration,Departmental demo verification only; not legally verified ownership.,2026-07-22T12:00:00,SYNTHETIC DEMO DATA — NOT OFFICIAL GOVERNMENT RECORDS
VER-1712,P1712,,AI_MATCHED,OFFICER-004,Synthetic District Administration,Departmental demo verification only; not legally verified ownership.,2026-07-21T12:00:00,SYNTHETIC DEMO DATA — NOT OFFICIAL GOVERNMENT RECORDS
VER-1713,P1713,,AI_MATCHED,OFFICER-005,Synthetic District Administration,Departmental demo verification only; not legally verified ownership.,2026-07-20T12:00:00,SYNTHETIC DEMO DATA — NOT OFFICIAL GOVERNMENT RECORDS
VER-1714,P1714,,AI_MATCHED,OFFICER-006,Synthetic District Administration,Departmental demo verification only; not legally verified ownership.,2026-07-19T12:00:00,SYNTHETIC DEMO DATA — NOT OFFICIAL GOVERNMENT RECORDS
VER-1715,P1715,,AI_MATCHED,OFFICER-007,Synthetic District Administration,Departmental demo verification only; not legally verified ownership.,2026-07-18T12:00:00,SYNTHETIC DEMO DATA — NOT OFFICIAL GOVERNMENT RECORDS
VER-1716,P1716,,AI_MATCHED,OFFICER-008,Synthetic District Administration,Departmental demo verification only; not legally verified ownership.,2026-07-17T12:00:00,SYNTHETIC DEMO DATA — NOT OFFICIAL GOVERNMENT RECORDS
VER-1717,P1717,,AI_MATCHED,OFFICER-009,Synthetic District Administration,Departmental demo verification only; not legally verified ownership.,2026-07-16T12:00:00,SYNTHETIC DEMO DATA — NOT OFFICIAL GOVERNMENT RECORDS
VER-1718,P1718,,AI_MATCHED,OFFICER-010,Synthetic District Administration,Departmental demo verification only; not legally verified ownership.,2026-07-15T12:00:00,SYNTHETIC DEMO DATA — NOT OFFICIAL GOVERNMENT RECORDS
VER-1719,P1719,,AI_MATCHED,OFFICER-011,Synthetic District Administration,Departmental demo verification only; not legally verified ownership.,2026-07-14T12:00:00,SYNTHETIC DEMO DATA — NOT OFFICIAL GOVERNMENT RECORDS
VER-1720,P1720,,AI_MATCHED,OFFICER-012,Synthetic District Administration,Departmental demo verification only; not legally verified ownership.,2026-07-13T12:00:00,SYNTHETIC DEMO DATA — NOT OFFICIAL GOVERNMENT RECORDS
VER-1721,P1721,CON-1721,AI_MATCHED,OFFICER-001,Synthetic District Administration,Departmental demo verification only; not legally verified ownership.,2026-09-10T12:00:00,SYNTHETIC DEMO DATA — NOT OFFICIAL GOVERNMENT RECORDS
VER-1722,P1722,,AI_MATCHED,OFFICER-002,Synthetic District Administration,Departmental demo verification only; not legally verified ownership.,2026-09-09T12:00:00,SYNTHETIC DEMO DATA — NOT OFFICIAL GOVERNMENT RECORDS
VER-1723,P1723,,AI_MATCHED,OFFICER-003,Synthetic District Administration,Departmental demo verification only; not legally verified ownership.,2026-09-08T12:00:00,SYNTHETIC DEMO DATA — NOT OFFICIAL GOVERNMENT RECORDS
VER-1724,P1724,,AI_MATCHED,OFFICER-004,Synthetic District Administration,Departmental demo verification only; not legally verified ownership.,2026-09-07T12:00:00,SYNTHETIC DEMO DATA — NOT OFFICIAL GOVERNMENT RECORDS
VER-1725,P1725,,AI_MATCHED,OFFICER-005,Synthetic District Administration,Departmental demo verification only; not legally verified ownership.,2026-09-06T12:00:00,SYNTHETIC DEMO DATA — NOT OFFICIAL GOVERNMENT RECORDS
VER-1726,P1726,,AI_MATCHED,OFFICER-006,Synthetic District Administration,Departmental demo verification only; not legally verified ownership.,2026-09-05T12:00:00,SYNTHETIC DEMO DATA — NOT OFFICIAL GOVERNMENT RECORDS
VER-1727,P1727,,AI_MATCHED,OFFICER-007,Synthetic District Administration,Departmental demo verification only; not legally verified ownership.,2026-09-04T12:00:00,SYNTHETIC DEMO DATA — NOT OFFICIAL GOVERNMENT RECORDS
VER-1728,P1728,,AI_MATCHED,OFFICER-008,Synthetic District Administration,Departmental demo verification only; not legally verified ownership.,2026-09-03T12:00:00,SYNTHETIC DEMO DATA — NOT OFFICIAL GOVERNMENT RECORDS
VER-1729,P1729,,AI_MATCHED,OFFICER-009,Synthetic District Administration,Departmental demo verification only; not legally verified ownership.,2026-09-02T12:00:00,SYNTHETIC DEMO DATA — NOT OFFICIAL GOVERNMENT RECORDS
VER-1730,P1730,,AI_MATCHED,OFFICER-010,Synthetic District Administration,Departmental demo verification only; not legally verified ownership.,2026-09-01T12:00:00,SYNTHETIC DEMO DATA — NOT OFFICIAL GOVERNMENT RECORDS
VER-1731,P1731,CON-1731,AI_MATCHED,OFFICER-011,Synthetic District Administration,Departmental demo verification only; not legally verified ownership.,2026-08-31T12:00:00,SYNTHETIC DEMO DATA — NOT OFFICIAL GOVERNMENT RECORDS
VER-1732,P1732,,AI_MATCHED,OFFICER-012,Synthetic District Administration,Departmental demo verification only; not legally verified ownership.,2026-08-30T12:00:00,SYNTHETIC DEMO DATA — NOT OFFICIAL GOVERNMENT RECORDS
VER-1733,P1733,,AI_MATCHED,OFFICER-001,Synthetic District Administration,Departmental demo verification only; not legally verified ownership.,2026-08-29T12:00:00,SYNTHETIC DEMO DATA — NOT OFFICIAL GOVERNMENT RECORDS
VER-1734,P1734,,AI_MATCHED,OFFICER-002,Synthetic District Administration,Departmental demo verification only; not legally verified ownership.,2026-08-28T12:00:00,SYNTHETIC DEMO DATA — NOT OFFICIAL GOVERNMENT RECORDS
VER-1735,P1735,,AI_MATCHED,OFFICER-003,Synthetic District Administration,Departmental demo verification only; not legally verified ownership.,2026-08-27T12:00:00,SYNTHETIC DEMO DATA — NOT OFFICIAL GOVERNMENT RECORDS
VER-1736,P1736,,AI_MATCHED,OFFICER-004,Synthetic District Administration,Departmental demo verification only; not legally verified ownership.,2026-08-26T12:00:00,SYNTHETIC DEMO DATA — NOT OFFICIAL GOVERNMENT RECORDS
VER-1737,P1737,,AI_MATCHED,OFFICER-005,Synthetic District Administration,Departmental demo verification only; not legally verified ownership.,2026-08-25T12:00:00,SYNTHETIC DEMO DATA — NOT OFFICIAL GOVERNMENT RECORDS
VER-1738,P1738,,AI_MATCHED,OFFICER-006,Synthetic District Administration,Departmental demo verification only; not legally verified ownership.,2026-08-24T12:00:00,SYNTHETIC DEMO DATA — NOT OFFICIAL GOVERNMENT RECORDS
VER-1739,P1739,,AI_MATCHED,OFFICER-007,Synthetic District Administration,Departmental demo verification only; not legally verified ownership.,2026-08-23T12:00:00,SYNTHETIC DEMO DATA — NOT OFFICIAL GOVERNMENT RECORDS
VER-1740,P1740,,AI_MATCHED,OFFICER-008,Synthetic District Administration,Departmental demo verification only; not legally verified ownership.,2026-08-22T12:00:00,SYNTHETIC DEMO DATA — NOT OFFICIAL GOVERNMENT RECORDS
VER-1741,P1741,CON-1741,AI_MATCHED,OFFICER-009,Synthetic District Administration,Departmental demo verification only; not legally verified ownership.,2026-08-21T12:00:00,SYNTHETIC DEMO DATA — NOT OFFICIAL GOVERNMENT RECORDS
VER-1742,P1742,,AI_MATCHED,OFFICER-010,Synthetic District Administration,Departmental demo verification only; not legally verified ownership.,2026-08-20T12:00:00,SYNTHETIC DEMO DATA — NOT OFFICIAL GOVERNMENT RECORDS
VER-1743,P1743,,AI_MATCHED,OFFICER-011,Synthetic District Administration,Departmental demo verification only; not legally verified ownership.,2026-08-19T12:00:00,SYNTHETIC DEMO DATA — NOT OFFICIAL GOVERNMENT RECORDS
VER-1744,P1744,,AI_MATCHED,OFFICER-012,Synthetic District Administration,Departmental demo verification only; not legally verified ownership.,2026-08-18T12:00:00,SYNTHETIC DEMO DATA — NOT OFFICIAL GOVERNMENT RECORDS
VER-1745,P1745,,AI_MATCHED,OFFICER-001,Synthetic District Administration,Departmental demo verification only; not legally verified ownership.,2026-08-17T12:00:00,SYNTHETIC DEMO DATA — NOT OFFICIAL GOVERNMENT RECORDS
VER-1746,P1746,,AI_MATCHED,OFFICER-002,Synthetic District Administration,Departmental demo verification only; not legally verified ownership.,2026-08-16T12:00:00,SYNTHETIC DEMO DATA — NOT OFFICIAL GOVERNMENT RECORDS
VER-1747,P1747,,AI_MATCHED,OFFICER-003,Synthetic District Administration,Departmental demo verification only; not legally verified ownership.,2026-08-15T12:00:00,SYNTHETIC DEMO DATA — NOT OFFICIAL GOVERNMENT RECORDS
VER-1748,P1748,,AI_MATCHED,OFFICER-004,Synthetic District Administration,Departmental demo verification only; not legally verified ownership.,2026-08-14T12:00:00,SYNTHETIC DEMO DATA — NOT OFFICIAL GOVERNMENT RECORDS
VER-1749,P1749,,AI_MATCHED,OFFICER-005,Synthetic District Administration,Departmental demo verification only; not legally verified ownership.,2026-08-13T12:00:00,SYNTHETIC DEMO DATA — NOT OFFICIAL GOVERNMENT RECORDS
VER-1750,P1750,,AI_MATCHED,OFFICER-006,Synthetic District Administration,Departmental demo verification only; not legally verified ownership.,2026-08-12T12:00:00,SYNTHETIC DEMO DATA — NOT OFFICIAL GOVERNMENT RECORDS
VER-1751,P1751,CON-1751,AI_MATCHED,OFFICER-007,Synthetic District Administration,Departmental demo verification only; not legally verified ownership.,2026-08-11T12:00:00,SYNTHETIC DEMO DATA — NOT OFFICIAL GOVERNMENT RECORDS
VER-1752,P1752,,AI_MATCHED,OFFICER-008,Synthetic District Administration,Departmental demo verification only; not legally verified ownership.,2026-08-10T12:00:00,SYNTHETIC DEMO DATA — NOT OFFICIAL GOVERNMENT RECORDS
VER-1753,P1753,,AI_MATCHED,OFFICER-009,Synthetic District Administration,Departmental demo verification only; not legally verified ownership.,2026-08-09T12:00:00,SYNTHETIC DEMO DATA — NOT OFFICIAL GOVERNMENT RECORDS
VER-1754,P1754,,AI_MATCHED,OFFICER-010,Synthetic District Administration,Departmental demo verification only; not legally verified ownership.,2026-08-08T12:00:00,SYNTHETIC DEMO DATA — NOT OFFICIAL GOVERNMENT RECORDS
VER-1755,P1755,,AI_MATCHED,OFFICER-011,Synthetic District Administration,Departmental demo verification only; not legally verified ownership.,2026-08-07T12:00:00,SYNTHETIC DEMO DATA — NOT OFFICIAL GOVERNMENT RECORDS
VER-1756,P1756,,AI_MATCHED,OFFICER-012,Synthetic District Administration,Departmental demo verification only; not legally verified ownership.,2026-08-06T12:00:00,SYNTHETIC DEMO DATA — NOT OFFICIAL GOVERNMENT RECORDS
VER-1757,P1757,,AI_MATCHED,OFFICER-001,Synthetic District Administration,Departmental demo verification only; not legally verified ownership.,2026-08-05T12:00:00,SYNTHETIC DEMO DATA — NOT OFFICIAL GOVERNMENT RECORDS
VER-1758,P1758,,AI_MATCHED,OFFICER-002,Synthetic District Administration,Departmental demo verification only; not legally verified ownership.,2026-08-04T12:00:00,SYNTHETIC DEMO DATA — NOT OFFICIAL GOVERNMENT RECORDS
VER-1759,P1759,,AI_MATCHED,OFFICER-003,Synthetic District Administration,Departmental demo verification only; not legally verified ownership.,2026-08-03T12:00:00,SYNTHETIC DEMO DATA — NOT OFFICIAL GOVERNMENT RECORDS
VER-1760,P1760,,AI_MATCHED,OFFICER-004,Synthetic District Administration,Departmental demo verification only; not legally verified ownership.,2026-08-02T12:00:00,SYNTHETIC DEMO DATA — NOT OFFICIAL GOVERNMENT RECORDS
VER-1761,P1761,CON-1761,AI_MATCHED,OFFICER-005,Synthetic District Administration,Departmental demo verification only; not legally verified ownership.,2026-08-01T12:00:00,SYNTHETIC DEMO DATA — NOT OFFICIAL GOVERNMENT RECORDS
VER-1762,P1762,,AI_MATCHED,OFFICER-006,Synthetic District Administration,Departmental demo verification only; not legally verified ownership.,2026-07-31T12:00:00,SYNTHETIC DEMO DATA — NOT OFFICIAL GOVERNMENT RECORDS
VER-1763,P1763,,AI_MATCHED,OFFICER-007,Synthetic District Administration,Departmental demo verification only; not legally verified ownership.,2026-07-30T12:00:00,SYNTHETIC DEMO DATA — NOT OFFICIAL GOVERNMENT RECORDS
VER-1764,P1764,,AI_MATCHED,OFFICER-008,Synthetic District Administration,Departmental demo verification only; not legally verified ownership.,2026-07-29T12:00:00,SYNTHETIC DEMO DATA — NOT OFFICIAL GOVERNMENT RECORDS
VER-1765,P1765,,AI_MATCHED,OFFICER-009,Synthetic District Administration,Departmental demo verification only; not legally verified ownership.,2026-07-28T12:00:00,SYNTHETIC DEMO DATA — NOT OFFICIAL GOVERNMENT RECORDS
VER-1766,P1766,,AI_MATCHED,OFFICER-010,Synthetic District Administration,Departmental demo verification only; not legally verified ownership.,2026-07-27T12:00:00,SYNTHETIC DEMO DATA — NOT OFFICIAL GOVERNMENT RECORDS
VER-1767,P1767,,AI_MATCHED,OFFICER-011,Synthetic District Administration,Departmental demo verification only; not legally verified ownership.,2026-07-26T12:00:00,SYNTHETIC DEMO DATA — NOT OFFICIAL GOVERNMENT RECORDS
VER-1768,P1768,,AI_MATCHED,OFFICER-012,Synthetic District Administration,Departmental demo verification only; not legally verified ownership.,2026-07-25T12:00:00,SYNTHETIC DEMO DATA — NOT OFFICIAL GOVERNMENT RECORDS
VER-1769,P1769,,AI_MATCHED,OFFICER-001,Synthetic District Administration,Departmental demo verification only; not legally verified ownership.,2026-07-24T12:00:00,SYNTHETIC DEMO DATA — NOT OFFICIAL GOVERNMENT RECORDS
VER-1770,P1770,,AI_MATCHED,OFFICER-002,Synthetic District Administration,Departmental demo verification only; not legally verified ownership.,2026-07-23T12:00:00,SYNTHETIC DEMO DATA — NOT OFFICIAL GOVERNMENT RECORDS
VER-1771,P1771,CON-1771,AI_MATCHED,OFFICER-003,Synthetic District Administration,Departmental demo verification only; not legally verified ownership.,2026-07-22T12:00:00,SYNTHETIC DEMO DATA — NOT OFFICIAL GOVERNMENT RECORDS
VER-1772,P1772,,AI_MATCHED,OFFICER-004,Synthetic District Administration,Departmental demo verification only; not legally verified ownership.,2026-07-21T12:00:00,SYNTHETIC DEMO DATA — NOT OFFICIAL GOVERNMENT RECORDS
VER-1773,P1773,,AI_MATCHED,OFFICER-005,Synthetic District Administration,Departmental demo verification only; not legally verified ownership.,2026-07-20T12:00:00,SYNTHETIC DEMO DATA — NOT OFFICIAL GOVERNMENT RECORDS
VER-1774,P1774,,AI_MATCHED,OFFICER-006,Synthetic District Administration,Departmental demo verification only; not legally verified ownership.,2026-07-19T12:00:00,SYNTHETIC DEMO DATA — NOT OFFICIAL GOVERNMENT RECORDS
VER-1775,P1775,,AI_MATCHED,OFFICER-007,Synthetic District Administration,Departmental demo verification only; not legally verified ownership.,2026-07-18T12:00:00,SYNTHETIC DEMO DATA — NOT OFFICIAL GOVERNMENT RECORDS
VER-1776,P1776,,AI_MATCHED,OFFICER-008,Synthetic District Administration,Departmental demo verification only; not legally verified ownership.,2026-07-17T12:00:00,SYNTHETIC DEMO DATA — NOT OFFICIAL GOVERNMENT RECORDS
VER-1777,P1777,,AI_MATCHED,OFFICER-009,Synthetic District Administration,Departmental demo verification only; not legally verified ownership.,2026-07-16T12:00:00,SYNTHETIC DEMO DATA — NOT OFFICIAL GOVERNMENT RECORDS
VER-1778,P1778,,AI_MATCHED,OFFICER-010,Synthetic District Administration,Departmental demo verification only; not legally verified ownership.,2026-07-15T12:00:00,SYNTHETIC DEMO DATA — NOT OFFICIAL GOVERNMENT RECORDS
VER-1779,P1779,,AI_MATCHED,OFFICER-011,Synthetic District Administration,Departmental demo verification only; not legally verified ownership.,2026-07-14T12:00:00,SYNTHETIC DEMO DATA — NOT OFFICIAL GOVERNMENT RECORDS
VER-1780,P1780,,AI_MATCHED,OFFICER-012,Synthetic District Administration,Departmental demo verification only; not legally verified ownership.,2026-07-13T12:00:00,SYNTHETIC DEMO DATA — NOT OFFICIAL GOVERNMENT RECORDS
VER-1781,P1781,CON-1781,AI_MATCHED,OFFICER-001,Synthetic District Administration,Departmental demo verification only; not legally verified ownership.,2026-09-10T12:00:00,SYNTHETIC DEMO DATA — NOT OFFICIAL GOVERNMENT RECORDS
VER-1782,P1782,,AI_MATCHED,OFFICER-002,Synthetic District Administration,Departmental demo verification only; not legally verified ownership.,2026-09-09T12:00:00,SYNTHETIC DEMO DATA — NOT OFFICIAL GOVERNMENT RECORDS
VER-1783,P1783,,AI_MATCHED,OFFICER-003,Synthetic District Administration,Departmental demo verification only; not legally verified ownership.,2026-09-08T12:00:00,SYNTHETIC DEMO DATA — NOT OFFICIAL GOVERNMENT RECORDS
VER-1784,P1784,,AI_MATCHED,OFFICER-004,Synthetic District Administration,Departmental demo verification only; not legally verified ownership.,2026-09-07T12:00:00,SYNTHETIC DEMO DATA — NOT OFFICIAL GOVERNMENT RECORDS
VER-1785,P1785,,AI_MATCHED,OFFICER-005,Synthetic District Administration,Departmental demo verification only; not legally verified ownership.,2026-09-06T12:00:00,SYNTHETIC DEMO DATA — NOT OFFICIAL GOVERNMENT RECORDS
VER-1786,P1786,,AI_MATCHED,OFFICER-006,Synthetic District Administration,Departmental demo verification only; not legally verified ownership.,2026-09-05T12:00:00,SYNTHETIC DEMO DATA — NOT OFFICIAL GOVERNMENT RECORDS
VER-1787,P1787,,AI_MATCHED,OFFICER-007,Synthetic District Administration,Departmental demo verification only; not legally verified ownership.,2026-09-04T12:00:00,SYNTHETIC DEMO DATA — NOT OFFICIAL GOVERNMENT RECORDS
VER-1788,P1788,,AI_MATCHED,OFFICER-008,Synthetic District Administration,Departmental demo verification only; not legally verified ownership.,2026-09-03T12:00:00,SYNTHETIC DEMO DATA — NOT OFFICIAL GOVERNMENT RECORDS
VER-1789,P1789,,AI_MATCHED,OFFICER-009,Synthetic District Administration,Departmental demo verification only; not legally verified ownership.,2026-09-02T12:00:00,SYNTHETIC DEMO DATA — NOT OFFICIAL GOVERNMENT RECORDS
VER-1790,P1790,,AI_MATCHED,OFFICER-010,Synthetic District Administration,Departmental demo verification only; not legally verified ownership.,2026-09-01T12:00:00,SYNTHETIC DEMO DATA — NOT OFFICIAL GOVERNMENT RECORDS
VER-1791,P1791,CON-1791,AI_MATCHED,OFFICER-011,Synthetic District Administration,Departmental demo verification only; not legally verified ownership.,2026-08-31T12:00:00,SYNTHETIC DEMO DATA — NOT OFFICIAL GOVERNMENT RECORDS
VER-1792,P1792,,AI_MATCHED,OFFICER-012,Synthetic District Administration,Departmental demo verification only; not legally verified ownership.,2026-08-30T12:00:00,SYNTHETIC DEMO DATA — NOT OFFICIAL GOVERNMENT RECORDS
VER-1793,P1793,,AI_MATCHED,OFFICER-001,Synthetic District Administration,Departmental demo verification only; not legally verified ownership.,2026-08-29T12:00:00,SYNTHETIC DEMO DATA — NOT OFFICIAL GOVERNMENT RECORDS
VER-1794,P1794,,AI_MATCHED,OFFICER-002,Synthetic District Administration,Departmental demo verification only; not legally verified ownership.,2026-08-28T12:00:00,SYNTHETIC DEMO DATA — NOT OFFICIAL GOVERNMENT RECORDS
VER-1795,P1795,,AI_MATCHED,OFFICER-003,Synthetic District Administration,Departmental demo verification only; not legally verified ownership.,2026-08-27T12:00:00,SYNTHETIC DEMO DATA — NOT OFFICIAL GOVERNMENT RECORDS
VER-1796,P1796,,AI_MATCHED,OFFICER-004,Synthetic District Administration,Departmental demo verification only; not legally verified ownership.,2026-08-26T12:00:00,SYNTHETIC DEMO DATA — NOT OFFICIAL GOVERNMENT RECORDS
VER-1797,P1797,,AI_MATCHED,OFFICER-005,Synthetic District Administration,Departmental demo verification only; not legally verified ownership.,2026-08-25T12:00:00,SYNTHETIC DEMO DATA — NOT OFFICIAL GOVERNMENT RECORDS
VER-1798,P1798,,AI_MATCHED,OFFICER-006,Synthetic District Administration,Departmental demo verification only; not legally verified ownership.,2026-08-24T12:00:00,SYNTHETIC DEMO DATA — NOT OFFICIAL GOVERNMENT RECORDS
VER-1799,P1799,,AI_MATCHED,OFFICER-007,Synthetic District Administration,Departmental demo verification only; not legally verified ownership.,2026-08-23T12:00:00,SYNTHETIC DEMO DATA — NOT OFFICIAL GOVERNMENT RECORDS
VER-1800,P1800,,AI_MATCHED,OFFICER-008,Synthetic District Administration,Departmental demo verification only; not legally verified ownership.,2026-08-22T12:00:00,SYNTHETIC DEMO DATA — NOT OFFICIAL GOVERNMENT RECORDS
VER-1801,P1801,CON-1801,AI_MATCHED,OFFICER-009,Synthetic District Administration,Departmental demo verification only; not legally verified ownership.,2026-08-21T12:00:00,SYNTHETIC DEMO DATA — NOT OFFICIAL GOVERNMENT RECORDS
VER-1802,P1802,,AI_MATCHED,OFFICER-010,Synthetic District Administration,Departmental demo verification only; not legally verified ownership.,2026-08-20T12:00:00,SYNTHETIC DEMO DATA — NOT OFFICIAL GOVERNMENT RECORDS
VER-1803,P1803,,AI_MATCHED,OFFICER-011,Synthetic District Administration,Departmental demo verification only; not legally verified ownership.,2026-08-19T12:00:00,SYNTHETIC DEMO DATA — NOT OFFICIAL GOVERNMENT RECORDS
VER-1804,P1804,,AI_MATCHED,OFFICER-012,Synthetic District Administration,Departmental demo verification only; not legally verified ownership.,2026-08-18T12:00:00,SYNTHETIC DEMO DATA — NOT OFFICIAL GOVERNMENT RECORDS
VER-1805,P1805,,AI_MATCHED,OFFICER-001,Synthetic District Administration,Departmental demo verification only; not legally verified ownership.,2026-08-17T12:00:00,SYNTHETIC DEMO DATA — NOT OFFICIAL GOVERNMENT RECORDS
VER-1806,P1806,,AI_MATCHED,OFFICER-002,Synthetic District Administration,Departmental demo verification only; not legally verified ownership.,2026-08-16T12:00:00,SYNTHETIC DEMO DATA — NOT OFFICIAL GOVERNMENT RECORDS
VER-1807,P1807,,AI_MATCHED,OFFICER-003,Synthetic District Administration,Departmental demo verification only; not legally verified ownership.,2026-08-15T12:00:00,SYNTHETIC DEMO DATA — NOT OFFICIAL GOVERNMENT RECORDS
VER-1808,P1808,,AI_MATCHED,OFFICER-004,Synthetic District Administration,Departmental demo verification only; not legally verified ownership.,2026-08-14T12:00:00,SYNTHETIC DEMO DATA — NOT OFFICIAL GOVERNMENT RECORDS
VER-1809,P1809,,AI_MATCHED,OFFICER-005,Synthetic District Administration,Departmental demo verification only; not legally verified ownership.,2026-08-13T12:00:00,SYNTHETIC DEMO DATA — NOT OFFICIAL GOVERNMENT RECORDS
VER-1810,P1810,,AI_MATCHED,OFFICER-006,Synthetic District Administration,Departmental demo verification only; not legally verified ownership.,2026-08-12T12:00:00,SYNTHETIC DEMO DATA — NOT OFFICIAL GOVERNMENT RECORDS
VER-1811,P1811,CON-1811,AI_MATCHED,OFFICER-007,Synthetic District Administration,Departmental demo verification only; not legally verified ownership.,2026-08-11T12:00:00,SYNTHETIC DEMO DATA — NOT OFFICIAL GOVERNMENT RECORDS
VER-1812,P1812,,AI_MATCHED,OFFICER-008,Synthetic District Administration,Departmental demo verification only; not legally verified ownership.,2026-08-10T12:00:00,SYNTHETIC DEMO DATA — NOT OFFICIAL GOVERNMENT RECORDS
VER-1813,P1813,,AI_MATCHED,OFFICER-009,Synthetic District Administration,Departmental demo verification only; not legally verified ownership.,2026-08-09T12:00:00,SYNTHETIC DEMO DATA — NOT OFFICIAL GOVERNMENT RECORDS
VER-1814,P1814,,AI_MATCHED,OFFICER-010,Synthetic District Administration,Departmental demo verification only; not legally verified ownership.,2026-08-08T12:00:00,SYNTHETIC DEMO DATA — NOT OFFICIAL GOVERNMENT RECORDS
VER-1815,P1815,,AI_MATCHED,OFFICER-011,Synthetic District Administration,Departmental demo verification only; not legally verified ownership.,2026-08-07T12:00:00,SYNTHETIC DEMO DATA — NOT OFFICIAL GOVERNMENT RECORDS
VER-1816,P1816,,AI_MATCHED,OFFICER-012,Synthetic District Administration,Departmental demo verification only; not legally verified ownership.,2026-08-06T12:00:00,SYNTHETIC DEMO DATA — NOT OFFICIAL GOVERNMENT RECORDS
VER-1817,P1817,,AI_MATCHED,OFFICER-001,Synthetic District Administration,Departmental demo verification only; not legally verified ownership.,2026-08-05T12:00:00,SYNTHETIC DEMO DATA — NOT OFFICIAL GOVERNMENT RECORDS
VER-1818,P1818,,AI_MATCHED,OFFICER-002,Synthetic District Administration,Departmental demo verification only; not legally verified ownership.,2026-08-04T12:00:00,SYNTHETIC DEMO DATA — NOT OFFICIAL GOVERNMENT RECORDS
VER-1819,P1819,,AI_MATCHED,OFFICER-003,Synthetic District Administration,Departmental demo verification only; not legally verified ownership.,2026-08-03T12:00:00,SYNTHETIC DEMO DATA — NOT OFFICIAL GOVERNMENT RECORDS
VER-1820,P1820,,AI_MATCHED,OFFICER-004,Synthetic District Administration,Departmental demo verification only; not legally verified ownership.,2026-08-02T12:00:00,SYNTHETIC DEMO DATA — NOT OFFICIAL GOVERNMENT RECORDS
VER-1821,P1821,CON-1821,AI_MATCHED,OFFICER-005,Synthetic District Administration,Departmental demo verification only; not legally verified ownership.,2026-08-01T12:00:00,SYNTHETIC DEMO DATA — NOT OFFICIAL GOVERNMENT RECORDS
VER-1822,P1822,,AI_MATCHED,OFFICER-006,Synthetic District Administration,Departmental demo verification only; not legally verified ownership.,2026-07-31T12:00:00,SYNTHETIC DEMO DATA — NOT OFFICIAL GOVERNMENT RECORDS
VER-1823,P1823,,AI_MATCHED,OFFICER-007,Synthetic District Administration,Departmental demo verification only; not legally verified ownership.,2026-07-30T12:00:00,SYNTHETIC DEMO DATA — NOT OFFICIAL GOVERNMENT RECORDS
VER-1824,P1824,,AI_MATCHED,OFFICER-008,Synthetic District Administration,Departmental demo verification only; not legally verified ownership.,2026-07-29T12:00:00,SYNTHETIC DEMO DATA — NOT OFFICIAL GOVERNMENT RECORDS
VER-1825,P1825,,AI_MATCHED,OFFICER-009,Synthetic District Administration,Departmental demo verification only; not legally verified ownership.,2026-07-28T12:00:00,SYNTHETIC DEMO DATA — NOT OFFICIAL GOVERNMENT RECORDS
VER-1826,P1826,,AI_MATCHED,OFFICER-010,Synthetic District Administration,Departmental demo verification only; not legally verified ownership.,2026-07-27T12:00:00,SYNTHETIC DEMO DATA — NOT OFFICIAL GOVERNMENT RECORDS
VER-1827,P1827,,AI_MATCHED,OFFICER-011,Synthetic District Administration,Departmental demo verification only; not legally verified ownership.,2026-07-26T12:00:00,SYNTHETIC DEMO DATA — NOT OFFICIAL GOVERNMENT RECORDS
VER-1828,P1828,,AI_MATCHED,OFFICER-012,Synthetic District Administration,Departmental demo verification only; not legally verified ownership.,2026-07-25T12:00:00,SYNTHETIC DEMO DATA — NOT OFFICIAL GOVERNMENT RECORDS
VER-1829,P1829,,AI_MATCHED,OFFICER-001,Synthetic District Administration,Departmental demo verification only; not legally verified ownership.,2026-07-24T12:00:00,SYNTHETIC DEMO DATA — NOT OFFICIAL GOVERNMENT RECORDS
VER-1830,P1830,,AI_MATCHED,OFFICER-002,Synthetic District Administration,Departmental demo verification only; not legally verified ownership.,2026-07-23T12:00:00,SYNTHETIC DEMO DATA — NOT OFFICIAL GOVERNMENT RECORDS
VER-1831,P1831,CON-1831,AI_MATCHED,OFFICER-003,Synthetic District Administration,Departmental demo verification only; not legally verified ownership.,2026-07-22T12:00:00,SYNTHETIC DEMO DATA — NOT OFFICIAL GOVERNMENT RECORDS
VER-1832,P1832,,AI_MATCHED,OFFICER-004,Synthetic District Administration,Departmental demo verification only; not legally verified ownership.,2026-07-21T12:00:00,SYNTHETIC DEMO DATA — NOT OFFICIAL GOVERNMENT RECORDS
VER-1833,P1833,,AI_MATCHED,OFFICER-005,Synthetic District Administration,Departmental demo verification only; not legally verified ownership.,2026-07-20T12:00:00,SYNTHETIC DEMO DATA — NOT OFFICIAL GOVERNMENT RECORDS
VER-1834,P1834,,AI_MATCHED,OFFICER-006,Synthetic District Administration,Departmental demo verification only; not legally verified ownership.,2026-07-19T12:00:00,SYNTHETIC DEMO DATA — NOT OFFICIAL GOVERNMENT RECORDS
VER-1835,P1835,,AI_MATCHED,OFFICER-007,Synthetic District Administration,Departmental demo verification only; not legally verified ownership.,2026-07-18T12:00:00,SYNTHETIC DEMO DATA — NOT OFFICIAL GOVERNMENT RECORDS
VER-1836,P1836,,AI_MATCHED,OFFICER-008,Synthetic District Administration,Departmental demo verification only; not legally verified ownership.,2026-07-17T12:00:00,SYNTHETIC DEMO DATA — NOT OFFICIAL GOVERNMENT RECORDS
VER-1837,P1837,,AI_MATCHED,OFFICER-009,Synthetic District Administration,Departmental demo verification only; not legally verified ownership.,2026-07-16T12:00:00,SYNTHETIC DEMO DATA — NOT OFFICIAL GOVERNMENT RECORDS
VER-1838,P1838,,AI_MATCHED,OFFICER-010,Synthetic District Administration,Departmental demo verification only; not legally verified ownership.,2026-07-15T12:00:00,SYNTHETIC DEMO DATA — NOT OFFICIAL GOVERNMENT RECORDS
VER-1839,P1839,,AI_MATCHED,OFFICER-011,Synthetic District Administration,Departmental demo verification only; not legally verified ownership.,2026-07-14T12:00:00,SYNTHETIC DEMO DATA — NOT OFFICIAL GOVERNMENT RECORDS
VER-1840,P1840,,AI_MATCHED,OFFICER-012,Synthetic District Administration,Departmental demo verification only; not legally verified ownership.,2026-07-13T12:00:00,SYNTHETIC DEMO DATA — NOT OFFICIAL GOVERNMENT RECORDS
VER-1841,P1841,CON-1841,AI_MATCHED,OFFICER-001,Synthetic District Administration,Departmental demo verification only; not legally verified ownership.,2026-09-10T12:00:00,SYNTHETIC DEMO DATA — NOT OFFICIAL GOVERNMENT RECORDS
VER-1842,P1842,,AI_MATCHED,OFFICER-002,Synthetic District Administration,Departmental demo verification only; not legally verified ownership.,2026-09-09T12:00:00,SYNTHETIC DEMO DATA — NOT OFFICIAL GOVERNMENT RECORDS
VER-1843,P1843,,AI_MATCHED,OFFICER-003,Synthetic District Administration,Departmental demo verification only; not legally verified ownership.,2026-09-08T12:00:00,SYNTHETIC DEMO DATA — NOT OFFICIAL GOVERNMENT RECORDS
VER-1844,P1844,,AI_MATCHED,OFFICER-004,Synthetic District Administration,Departmental demo verification only; not legally verified ownership.,2026-09-07T12:00:00,SYNTHETIC DEMO DATA — NOT OFFICIAL GOVERNMENT RECORDS
VER-1845,P1845,,AI_MATCHED,OFFICER-005,Synthetic District Administration,Departmental demo verification only; not legally verified ownership.,2026-09-06T12:00:00,SYNTHETIC DEMO DATA — NOT OFFICIAL GOVERNMENT RECORDS
VER-1846,P1846,,AI_MATCHED,OFFICER-006,Synthetic District Administration,Departmental demo verification only; not legally verified ownership.,2026-09-05T12:00:00,SYNTHETIC DEMO DATA — NOT OFFICIAL GOVERNMENT RECORDS
VER-1847,P1847,,AI_MATCHED,OFFICER-007,Synthetic District Administration,Departmental demo verification only; not legally verified ownership.,2026-09-04T12:00:00,SYNTHETIC DEMO DATA — NOT OFFICIAL GOVERNMENT RECORDS
VER-1848,P1848,,AI_MATCHED,OFFICER-008,Synthetic District Administration,Departmental demo verification only; not legally verified ownership.,2026-09-03T12:00:00,SYNTHETIC DEMO DATA — NOT OFFICIAL GOVERNMENT RECORDS
VER-1849,P1849,,AI_MATCHED,OFFICER-009,Synthetic District Administration,Departmental demo verification only; not legally verified ownership.,2026-09-02T12:00:00,SYNTHETIC DEMO DATA — NOT OFFICIAL GOVERNMENT RECORDS
VER-1850,P1850,,AI_MATCHED,OFFICER-010,Synthetic District Administration,Departmental demo verification only; not legally verified ownership.,2026-09-01T12:00:00,SYNTHETIC DEMO DATA — NOT OFFICIAL GOVERNMENT RECORDS
VER-1851,P1851,CON-1851,AI_MATCHED,OFFICER-011,Synthetic District Administration,Departmental demo verification only; not legally verified ownership.,2026-08-31T12:00:00,SYNTHETIC DEMO DATA — NOT OFFICIAL GOVERNMENT RECORDS
VER-1852,P1852,,AI_MATCHED,OFFICER-012,Synthetic District Administration,Departmental demo verification only; not legally verified ownership.,2026-08-30T12:00:00,SYNTHETIC DEMO DATA — NOT OFFICIAL GOVERNMENT RECORDS
VER-1853,P1853,,AI_MATCHED,OFFICER-001,Synthetic District Administration,Departmental demo verification only; not legally verified ownership.,2026-08-29T12:00:00,SYNTHETIC DEMO DATA — NOT OFFICIAL GOVERNMENT RECORDS
VER-1854,P1854,,AI_MATCHED,OFFICER-002,Synthetic District Administration,Departmental demo verification only; not legally verified ownership.,2026-08-28T12:00:00,SYNTHETIC DEMO DATA — NOT OFFICIAL GOVERNMENT RECORDS
VER-1855,P1855,,AI_MATCHED,OFFICER-003,Synthetic District Administration,Departmental demo verification only; not legally verified ownership.,2026-08-27T12:00:00,SYNTHETIC DEMO DATA — NOT OFFICIAL GOVERNMENT RECORDS
VER-1856,P1856,,AI_MATCHED,OFFICER-004,Synthetic District Administration,Departmental demo verification only; not legally verified ownership.,2026-08-26T12:00:00,SYNTHETIC DEMO DATA — NOT OFFICIAL GOVERNMENT RECORDS
VER-1857,P1857,,AI_MATCHED,OFFICER-005,Synthetic District Administration,Departmental demo verification only; not legally verified ownership.,2026-08-25T12:00:00,SYNTHETIC DEMO DATA — NOT OFFICIAL GOVERNMENT RECORDS
VER-1858,P1858,,AI_MATCHED,OFFICER-006,Synthetic District Administration,Departmental demo verification only; not legally verified ownership.,2026-08-24T12:00:00,SYNTHETIC DEMO DATA — NOT OFFICIAL GOVERNMENT RECORDS
VER-1859,P1859,,AI_MATCHED,OFFICER-007,Synthetic District Administration,Departmental demo verification only; not legally verified ownership.,2026-08-23T12:00:00,SYNTHETIC DEMO DATA — NOT OFFICIAL GOVERNMENT RECORDS
VER-1860,P1860,,AI_MATCHED,OFFICER-008,Synthetic District Administration,Departmental demo verification only; not legally verified ownership.,2026-08-22T12:00:00,SYNTHETIC DEMO DATA — NOT OFFICIAL GOVERNMENT RECORDS
VER-1861,P1861,CON-1861,AI_MATCHED,OFFICER-009,Synthetic District Administration,Departmental demo verification only; not legally verified ownership.,2026-08-21T12:00:00,SYNTHETIC DEMO DATA — NOT OFFICIAL GOVERNMENT RECORDS
VER-1862,P1862,,AI_MATCHED,OFFICER-010,Synthetic District Administration,Departmental demo verification only; not legally verified ownership.,2026-08-20T12:00:00,SYNTHETIC DEMO DATA — NOT OFFICIAL GOVERNMENT RECORDS
VER-1863,P1863,,AI_MATCHED,OFFICER-011,Synthetic District Administration,Departmental demo verification only; not legally verified ownership.,2026-08-19T12:00:00,SYNTHETIC DEMO DATA — NOT OFFICIAL GOVERNMENT RECORDS
VER-1864,P1864,,AI_MATCHED,OFFICER-012,Synthetic District Administration,Departmental demo verification only; not legally verified ownership.,2026-08-18T12:00:00,SYNTHETIC DEMO DATA — NOT OFFICIAL GOVERNMENT RECORDS
VER-1865,P1865,,AI_MATCHED,OFFICER-001,Synthetic District Administration,Departmental demo verification only; not legally verified ownership.,2026-08-17T12:00:00,SYNTHETIC DEMO DATA — NOT OFFICIAL GOVERNMENT RECORDS
VER-1866,P1866,,AI_MATCHED,OFFICER-002,Synthetic District Administration,Departmental demo verification only; not legally verified ownership.,2026-08-16T12:00:00,SYNTHETIC DEMO DATA — NOT OFFICIAL GOVERNMENT RECORDS
VER-1867,P1867,,AI_MATCHED,OFFICER-003,Synthetic District Administration,Departmental demo verification only; not legally verified ownership.,2026-08-15T12:00:00,SYNTHETIC DEMO DATA — NOT OFFICIAL GOVERNMENT RECORDS
VER-1868,P1868,,AI_MATCHED,OFFICER-004,Synthetic District Administration,Departmental demo verification only; not legally verified ownership.,2026-08-14T12:00:00,SYNTHETIC DEMO DATA — NOT OFFICIAL GOVERNMENT RECORDS
VER-1869,P1869,,AI_MATCHED,OFFICER-005,Synthetic District Administration,Departmental demo verification only; not legally verified ownership.,2026-08-13T12:00:00,SYNTHETIC DEMO DATA — NOT OFFICIAL GOVERNMENT RECORDS
VER-1870,P1870,,AI_MATCHED,OFFICER-006,Synthetic District Administration,Departmental demo verification only; not legally verified ownership.,2026-08-12T12:00:00,SYNTHETIC DEMO DATA — NOT OFFICIAL GOVERNMENT RECORDS
VER-1871,P1871,CON-1871,AI_MATCHED,OFFICER-007,Synthetic District Administration,Departmental demo verification only; not legally verified ownership.,2026-08-11T12:00:00,SYNTHETIC DEMO DATA — NOT OFFICIAL GOVERNMENT RECORDS
VER-1872,P1872,,AI_MATCHED,OFFICER-008,Synthetic District Administration,Departmental demo verification only; not legally verified ownership.,2026-08-10T12:00:00,SYNTHETIC DEMO DATA — NOT OFFICIAL GOVERNMENT RECORDS
VER-1873,P1873,,AI_MATCHED,OFFICER-009,Synthetic District Administration,Departmental demo verification only; not legally verified ownership.,2026-08-09T12:00:00,SYNTHETIC DEMO DATA — NOT OFFICIAL GOVERNMENT RECORDS
VER-1874,P1874,,AI_MATCHED,OFFICER-010,Synthetic District Administration,Departmental demo verification only; not legally verified ownership.,2026-08-08T12:00:00,SYNTHETIC DEMO DATA — NOT OFFICIAL GOVERNMENT RECORDS
VER-1875,P1875,,AI_MATCHED,OFFICER-011,Synthetic District Administration,Departmental demo verification only; not legally verified ownership.,2026-08-07T12:00:00,SYNTHETIC DEMO DATA — NOT OFFICIAL GOVERNMENT RECORDS
VER-1876,P1876,,AI_MATCHED,OFFICER-012,Synthetic District Administration,Departmental demo verification only; not legally verified ownership.,2026-08-06T12:00:00,SYNTHETIC DEMO DATA — NOT OFFICIAL GOVERNMENT RECORDS
VER-1877,P1877,,AI_MATCHED,OFFICER-001,Synthetic District Administration,Departmental demo verification only; not legally verified ownership.,2026-08-05T12:00:00,SYNTHETIC DEMO DATA — NOT OFFICIAL GOVERNMENT RECORDS
VER-1878,P1878,,AI_MATCHED,OFFICER-002,Synthetic District Administration,Departmental demo verification only; not legally verified ownership.,2026-08-04T12:00:00,SYNTHETIC DEMO DATA — NOT OFFICIAL GOVERNMENT RECORDS
VER-1879,P1879,,AI_MATCHED,OFFICER-003,Synthetic District Administration,Departmental demo verification only; not legally verified ownership.,2026-08-03T12:00:00,SYNTHETIC DEMO DATA — NOT OFFICIAL GOVERNMENT RECORDS
VER-1880,P1880,,AI_MATCHED,OFFICER-004,Synthetic District Administration,Departmental demo verification only; not legally verified ownership.,2026-08-02T12:00:00,SYNTHETIC DEMO DATA — NOT OFFICIAL GOVERNMENT RECORDS
VER-1881,P1881,CON-1881,AI_MATCHED,OFFICER-005,Synthetic District Administration,Departmental demo verification only; not legally verified ownership.,2026-08-01T12:00:00,SYNTHETIC DEMO DATA — NOT OFFICIAL GOVERNMENT RECORDS
VER-1882,P1882,,AI_MATCHED,OFFICER-006,Synthetic District Administration,Departmental demo verification only; not legally verified ownership.,2026-07-31T12:00:00,SYNTHETIC DEMO DATA — NOT OFFICIAL GOVERNMENT RECORDS
VER-1883,P1883,,AI_MATCHED,OFFICER-007,Synthetic District Administration,Departmental demo verification only; not legally verified ownership.,2026-07-30T12:00:00,SYNTHETIC DEMO DATA — NOT OFFICIAL GOVERNMENT RECORDS
VER-1884,P1884,,AI_MATCHED,OFFICER-008,Synthetic District Administration,Departmental demo verification only; not legally verified ownership.,2026-07-29T12:00:00,SYNTHETIC DEMO DATA — NOT OFFICIAL GOVERNMENT RECORDS
VER-1885,P1885,,AI_MATCHED,OFFICER-009,Synthetic District Administration,Departmental demo verification only; not legally verified ownership.,2026-07-28T12:00:00,SYNTHETIC DEMO DATA — NOT OFFICIAL GOVERNMENT RECORDS
VER-1886,P1886,,AI_MATCHED,OFFICER-010,Synthetic District Administration,Departmental demo verification only; not legally verified ownership.,2026-07-27T12:00:00,SYNTHETIC DEMO DATA — NOT OFFICIAL GOVERNMENT RECORDS
VER-1887,P1887,,AI_MATCHED,OFFICER-011,Synthetic District Administration,Departmental demo verification only; not legally verified ownership.,2026-07-26T12:00:00,SYNTHETIC DEMO DATA — NOT OFFICIAL GOVERNMENT RECORDS
VER-1888,P1888,,AI_MATCHED,OFFICER-012,Synthetic District Administration,Departmental demo verification only; not legally verified ownership.,2026-07-25T12:00:00,SYNTHETIC DEMO DATA — NOT OFFICIAL GOVERNMENT RECORDS
VER-1889,P1889,,AI_MATCHED,OFFICER-001,Synthetic District Administration,Departmental demo verification only; not legally verified ownership.,2026-07-24T12:00:00,SYNTHETIC DEMO DATA — NOT OFFICIAL GOVERNMENT RECORDS
VER-1890,P1890,,AI_MATCHED,OFFICER-002,Synthetic District Administration,Departmental demo verification only; not legally verified ownership.,2026-07-23T12:00:00,SYNTHETIC DEMO DATA — NOT OFFICIAL GOVERNMENT RECORDS
VER-1891,P1891,CON-1891,AI_MATCHED,OFFICER-003,Synthetic District Administration,Departmental demo verification only; not legally verified ownership.,2026-07-22T12:00:00,SYNTHETIC DEMO DATA — NOT OFFICIAL GOVERNMENT RECORDS
VER-1892,P1892,,AI_MATCHED,OFFICER-004,Synthetic District Administration,Departmental demo verification only; not legally verified ownership.,2026-07-21T12:00:00,SYNTHETIC DEMO DATA — NOT OFFICIAL GOVERNMENT RECORDS
VER-1893,P1893,,AI_MATCHED,OFFICER-005,Synthetic District Administration,Departmental demo verification only; not legally verified ownership.,2026-07-20T12:00:00,SYNTHETIC DEMO DATA — NOT OFFICIAL GOVERNMENT RECORDS
VER-1894,P1894,,AI_MATCHED,OFFICER-006,Synthetic District Administration,Departmental demo verification only; not legally verified ownership.,2026-07-19T12:00:00,SYNTHETIC DEMO DATA — NOT OFFICIAL GOVERNMENT RECORDS
VER-1895,P1895,,AI_MATCHED,OFFICER-007,Synthetic District Administration,Departmental demo verification only; not legally verified ownership.,2026-07-18T12:00:00,SYNTHETIC DEMO DATA — NOT OFFICIAL GOVERNMENT RECORDS
VER-1896,P1896,,AI_MATCHED,OFFICER-008,Synthetic District Administration,Departmental demo verification only; not legally verified ownership.,2026-07-17T12:00:00,SYNTHETIC DEMO DATA — NOT OFFICIAL GOVERNMENT RECORDS
VER-1897,P1897,,AI_MATCHED,OFFICER-009,Synthetic District Administration,Departmental demo verification only; not legally verified ownership.,2026-07-16T12:00:00,SYNTHETIC DEMO DATA — NOT OFFICIAL GOVERNMENT RECORDS
VER-1898,P1898,,AI_MATCHED,OFFICER-010,Synthetic District Administration,Departmental demo verification only; not legally verified ownership.,2026-07-15T12:00:00,SYNTHETIC DEMO DATA — NOT OFFICIAL GOVERNMENT RECORDS
VER-1899,P1899,,AI_MATCHED,OFFICER-011,Synthetic District Administration,Departmental demo verification only; not legally verified ownership.,2026-07-14T12:00:00,SYNTHETIC DEMO DATA — NOT OFFICIAL GOVERNMENT RECORDS
VER-1900,P1900,,AI_MATCHED,OFFICER-012,Synthetic District Administration,Departmental demo verification only; not legally verified ownership.,2026-07-13T12:00:00,SYNTHETIC DEMO DATA — NOT OFFICIAL GOVERNMENT RECORDS
VER-1901,P1901,CON-1901,REQUIRES_REVIEW,OFFICER-001,Synthetic District Administration,Departmental demo verification only; not legally verified ownership.,2026-09-10T12:00:00,SYNTHETIC DEMO DATA — NOT OFFICIAL GOVERNMENT RECORDS
VER-1902,P1902,CON-1902,REQUIRES_REVIEW,OFFICER-002,Synthetic District Administration,Departmental demo verification only; not legally verified ownership.,2026-09-09T12:00:00,SYNTHETIC DEMO DATA — NOT OFFICIAL GOVERNMENT RECORDS
VER-1903,P1903,CON-1903,REQUIRES_REVIEW,OFFICER-003,Synthetic District Administration,Departmental demo verification only; not legally verified ownership.,2026-09-08T12:00:00,SYNTHETIC DEMO DATA — NOT OFFICIAL GOVERNMENT RECORDS
VER-1904,P1904,CON-1904,REQUIRES_REVIEW,OFFICER-004,Synthetic District Administration,Departmental demo verification only; not legally verified ownership.,2026-09-07T12:00:00,SYNTHETIC DEMO DATA — NOT OFFICIAL GOVERNMENT RECORDS
VER-1905,P1905,CON-1905,REQUIRES_REVIEW,OFFICER-005,Synthetic District Administration,Departmental demo verification only; not legally verified ownership.,2026-09-06T12:00:00,SYNTHETIC DEMO DATA — NOT OFFICIAL GOVERNMENT RECORDS
VER-1906,P1906,CON-1906,REQUIRES_REVIEW,OFFICER-006,Synthetic District Administration,Departmental demo verification only; not legally verified ownership.,2026-09-05T12:00:00,SYNTHETIC DEMO DATA — NOT OFFICIAL GOVERNMENT RECORDS
VER-1907,P1907,CON-1907,REQUIRES_REVIEW,OFFICER-007,Synthetic District Administration,Departmental demo verification only; not legally verified ownership.,2026-09-04T12:00:00,SYNTHETIC DEMO DATA — NOT OFFICIAL GOVERNMENT RECORDS
VER-1908,P1908,CON-1908,REQUIRES_REVIEW,OFFICER-008,Synthetic District Administration,Departmental demo verification only; not legally verified ownership.,2026-09-03T12:00:00,SYNTHETIC DEMO DATA — NOT OFFICIAL GOVERNMENT RECORDS
VER-1909,P1909,CON-1909,REQUIRES_REVIEW,OFFICER-009,Synthetic District Administration,Departmental demo verification only; not legally verified ownership.,2026-09-02T12:00:00,SYNTHETIC DEMO DATA — NOT OFFICIAL GOVERNMENT RECORDS
VER-1910,P1910,CON-1910,REQUIRES_REVIEW,OFFICER-010,Synthetic District Administration,Departmental demo verification only; not legally verified ownership.,2026-09-01T12:00:00,SYNTHETIC DEMO DATA — NOT OFFICIAL GOVERNMENT RECORDS
VER-1911,P1911,CON-1911,REQUIRES_REVIEW,OFFICER-011,Synthetic District Administration,Departmental demo verification only; not legally verified ownership.,2026-08-31T12:00:00,SYNTHETIC DEMO DATA — NOT OFFICIAL GOVERNMENT RECORDS
VER-1912,P1912,CON-1912,REQUIRES_REVIEW,OFFICER-012,Synthetic District Administration,Departmental demo verification only; not legally verified ownership.,2026-08-30T12:00:00,SYNTHETIC DEMO DATA — NOT OFFICIAL GOVERNMENT RECORDS
VER-1913,P1913,CON-1913,REQUIRES_REVIEW,OFFICER-001,Synthetic District Administration,Departmental demo verification only; not legally verified ownership.,2026-08-29T12:00:00,SYNTHETIC DEMO DATA — NOT OFFICIAL GOVERNMENT RECORDS
VER-1914,P1914,CON-1914,REQUIRES_REVIEW,OFFICER-002,Synthetic District Administration,Departmental demo verification only; not legally verified ownership.,2026-08-28T12:00:00,SYNTHETIC DEMO DATA — NOT OFFICIAL GOVERNMENT RECORDS
VER-1915,P1915,CON-1915,REQUIRES_REVIEW,OFFICER-003,Synthetic District Administration,Departmental demo verification only; not legally verified ownership.,2026-08-27T12:00:00,SYNTHETIC DEMO DATA — NOT OFFICIAL GOVERNMENT RECORDS
VER-1916,P1916,CON-1916,REQUIRES_REVIEW,OFFICER-004,Synthetic District Administration,Departmental demo verification only; not legally verified ownership.,2026-08-26T12:00:00,SYNTHETIC DEMO DATA — NOT OFFICIAL GOVERNMENT RECORDS
VER-1917,P1917,CON-1917,REQUIRES_REVIEW,OFFICER-005,Synthetic District Administration,Departmental demo verification only; not legally verified ownership.,2026-08-25T12:00:00,SYNTHETIC DEMO DATA — NOT OFFICIAL GOVERNMENT RECORDS
VER-1918,P1918,CON-1918,REQUIRES_REVIEW,OFFICER-006,Synthetic District Administration,Departmental demo verification only; not legally verified ownership.,2026-08-24T12:00:00,SYNTHETIC DEMO DATA — NOT OFFICIAL GOVERNMENT RECORDS
VER-1919,P1919,CON-1919,REQUIRES_REVIEW,OFFICER-007,Synthetic District Administration,Departmental demo verification only; not legally verified ownership.,2026-08-23T12:00:00,SYNTHETIC DEMO DATA — NOT OFFICIAL GOVERNMENT RECORDS
VER-1920,P1920,CON-1920,REQUIRES_REVIEW,OFFICER-008,Synthetic District Administration,Departmental demo verification only; not legally verified ownership.,2026-08-22T12:00:00,SYNTHETIC DEMO DATA — NOT OFFICIAL GOVERNMENT RECORDS
VER-1921,P1921,CON-1921,REQUIRES_REVIEW,OFFICER-009,Synthetic District Administration,Departmental demo verification only; not legally verified ownership.,2026-08-21T12:00:00,SYNTHETIC DEMO DATA — NOT OFFICIAL GOVERNMENT RECORDS
VER-1922,P1922,CON-1922,REQUIRES_REVIEW,OFFICER-010,Synthetic District Administration,Departmental demo verification only; not legally verified ownership.,2026-08-20T12:00:00,SYNTHETIC DEMO DATA — NOT OFFICIAL GOVERNMENT RECORDS
VER-1923,P1923,CON-1923,REQUIRES_REVIEW,OFFICER-011,Synthetic District Administration,Departmental demo verification only; not legally verified ownership.,2026-08-19T12:00:00,SYNTHETIC DEMO DATA — NOT OFFICIAL GOVERNMENT RECORDS
VER-1924,P1924,CON-1924,REQUIRES_REVIEW,OFFICER-012,Synthetic District Administration,Departmental demo verification only; not legally verified ownership.,2026-08-18T12:00:00,SYNTHETIC DEMO DATA — NOT OFFICIAL GOVERNMENT RECORDS
VER-1925,P1925,CON-1925,REQUIRES_REVIEW,OFFICER-001,Synthetic District Administration,Departmental demo verification only; not legally verified ownership.,2026-08-17T12:00:00,SYNTHETIC DEMO DATA — NOT OFFICIAL GOVERNMENT RECORDS
VER-1926,P1926,CON-1926,REQUIRES_REVIEW,OFFICER-002,Synthetic District Administration,Departmental demo verification only; not legally verified ownership.,2026-08-16T12:00:00,SYNTHETIC DEMO DATA — NOT OFFICIAL GOVERNMENT RECORDS
VER-1927,P1927,CON-1927,REQUIRES_REVIEW,OFFICER-003,Synthetic District Administration,Departmental demo verification only; not legally verified ownership.,2026-08-15T12:00:00,SYNTHETIC DEMO DATA — NOT OFFICIAL GOVERNMENT RECORDS
VER-1928,P1928,CON-1928,REQUIRES_REVIEW,OFFICER-004,Synthetic District Administration,Departmental demo verification only; not legally verified ownership.,2026-08-14T12:00:00,SYNTHETIC DEMO DATA — NOT OFFICIAL GOVERNMENT RECORDS
VER-1929,P1929,CON-1929,REQUIRES_REVIEW,OFFICER-005,Synthetic District Administration,Departmental demo verification only; not legally verified ownership.,2026-08-13T12:00:00,SYNTHETIC DEMO DATA — NOT OFFICIAL GOVERNMENT RECORDS
VER-1930,P1930,CON-1930,REQUIRES_REVIEW,OFFICER-006,Synthetic District Administration,Departmental demo verification only; not legally verified ownership.,2026-08-12T12:00:00,SYNTHETIC DEMO DATA — NOT OFFICIAL GOVERNMENT RECORDS
VER-1931,P1931,CON-1931,REQUIRES_REVIEW,OFFICER-007,Synthetic District Administration,Departmental demo verification only; not legally verified ownership.,2026-08-11T12:00:00,SYNTHETIC DEMO DATA — NOT OFFICIAL GOVERNMENT RECORDS
VER-1932,P1932,CON-1932,REQUIRES_REVIEW,OFFICER-008,Synthetic District Administration,Departmental demo verification only; not legally verified ownership.,2026-08-10T12:00:00,SYNTHETIC DEMO DATA — NOT OFFICIAL GOVERNMENT RECORDS
VER-1933,P1933,CON-1933,REQUIRES_REVIEW,OFFICER-009,Synthetic District Administration,Departmental demo verification only; not legally verified ownership.,2026-08-09T12:00:00,SYNTHETIC DEMO DATA — NOT OFFICIAL GOVERNMENT RECORDS
VER-1934,P1934,CON-1934,REQUIRES_REVIEW,OFFICER-010,Synthetic District Administration,Departmental demo verification only; not legally verified ownership.,2026-08-08T12:00:00,SYNTHETIC DEMO DATA — NOT OFFICIAL GOVERNMENT RECORDS
VER-1935,P1935,CON-1935,REQUIRES_REVIEW,OFFICER-011,Synthetic District Administration,Departmental demo verification only; not legally verified ownership.,2026-08-07T12:00:00,SYNTHETIC DEMO DATA — NOT OFFICIAL GOVERNMENT RECORDS
VER-1936,P1936,CON-1936,REQUIRES_REVIEW,OFFICER-012,Synthetic District Administration,Departmental demo verification only; not legally verified ownership.,2026-08-06T12:00:00,SYNTHETIC DEMO DATA — NOT OFFICIAL GOVERNMENT RECORDS
VER-1937,P1937,CON-1937,REQUIRES_REVIEW,OFFICER-001,Synthetic District Administration,Departmental demo verification only; not legally verified ownership.,2026-08-05T12:00:00,SYNTHETIC DEMO DATA — NOT OFFICIAL GOVERNMENT RECORDS
VER-1938,P1938,CON-1938,REQUIRES_REVIEW,OFFICER-002,Synthetic District Administration,Departmental demo verification only; not legally verified ownership.,2026-08-04T12:00:00,SYNTHETIC DEMO DATA — NOT OFFICIAL GOVERNMENT RECORDS
VER-1939,P1939,CON-1939,REQUIRES_REVIEW,OFFICER-003,Synthetic District Administration,Departmental demo verification only; not legally verified ownership.,2026-08-03T12:00:00,SYNTHETIC DEMO DATA — NOT OFFICIAL GOVERNMENT RECORDS
VER-1940,P1940,CON-1940,REQUIRES_REVIEW,OFFICER-004,Synthetic District Administration,Departmental demo verification only; not legally verified ownership.,2026-08-02T12:00:00,SYNTHETIC DEMO DATA — NOT OFFICIAL GOVERNMENT RECORDS
VER-1941,P1941,CON-1941,REQUIRES_REVIEW,OFFICER-005,Synthetic District Administration,Departmental demo verification only; not legally verified ownership.,2026-08-01T12:00:00,SYNTHETIC DEMO DATA — NOT OFFICIAL GOVERNMENT RECORDS
VER-1942,P1942,CON-1942,REQUIRES_REVIEW,OFFICER-006,Synthetic District Administration,Departmental demo verification only; not legally verified ownership.,2026-07-31T12:00:00,SYNTHETIC DEMO DATA — NOT OFFICIAL GOVERNMENT RECORDS
VER-1943,P1943,CON-1943,REQUIRES_REVIEW,OFFICER-007,Synthetic District Administration,Departmental demo verification only; not legally verified ownership.,2026-07-30T12:00:00,SYNTHETIC DEMO DATA — NOT OFFICIAL GOVERNMENT RECORDS
VER-1944,P1944,CON-1944,REQUIRES_REVIEW,OFFICER-008,Synthetic District Administration,Departmental demo verification only; not legally verified ownership.,2026-07-29T12:00:00,SYNTHETIC DEMO DATA — NOT OFFICIAL GOVERNMENT RECORDS
VER-1945,P1945,CON-1945,REQUIRES_REVIEW,OFFICER-009,Synthetic District Administration,Departmental demo verification only; not legally verified ownership.,2026-07-28T12:00:00,SYNTHETIC DEMO DATA — NOT OFFICIAL GOVERNMENT RECORDS
VER-1946,P1946,CON-1946,REQUIRES_REVIEW,OFFICER-010,Synthetic District Administration,Departmental demo verification only; not legally verified ownership.,2026-07-27T12:00:00,SYNTHETIC DEMO DATA — NOT OFFICIAL GOVERNMENT RECORDS
VER-1947,P1947,CON-1947,REQUIRES_REVIEW,OFFICER-011,Synthetic District Administration,Departmental demo verification only; not legally verified ownership.,2026-07-26T12:00:00,SYNTHETIC DEMO DATA — NOT OFFICIAL GOVERNMENT RECORDS
VER-1948,P1948,CON-1948,REQUIRES_REVIEW,OFFICER-012,Synthetic District Administration,Departmental demo verification only; not legally verified ownership.,2026-07-25T12:00:00,SYNTHETIC DEMO DATA — NOT OFFICIAL GOVERNMENT RECORDS
VER-1949,P1949,CON-1949,REQUIRES_REVIEW,OFFICER-001,Synthetic District Administration,Departmental demo verification only; not legally verified ownership.,2026-07-24T12:00:00,SYNTHETIC DEMO DATA — NOT OFFICIAL GOVERNMENT RECORDS
VER-1950,P1950,CON-1950,REQUIRES_REVIEW,OFFICER-002,Synthetic District Administration,Departmental demo verification only; not legally verified ownership.,2026-07-23T12:00:00,SYNTHETIC DEMO DATA — NOT OFFICIAL GOVERNMENT RECORDS
VER-1951,P1951,CON-1951,REQUIRES_REVIEW,OFFICER-003,Synthetic District Administration,Departmental demo verification only; not legally verified ownership.,2026-07-22T12:00:00,SYNTHETIC DEMO DATA — NOT OFFICIAL GOVERNMENT RECORDS
VER-1952,P1952,CON-1952,REQUIRES_REVIEW,OFFICER-004,Synthetic District Administration,Departmental demo verification only; not legally verified ownership.,2026-07-21T12:00:00,SYNTHETIC DEMO DATA — NOT OFFICIAL GOVERNMENT RECORDS
VER-1953,P1953,CON-1953,REQUIRES_REVIEW,OFFICER-005,Synthetic District Administration,Departmental demo verification only; not legally verified ownership.,2026-07-20T12:00:00,SYNTHETIC DEMO DATA — NOT OFFICIAL GOVERNMENT RECORDS
VER-1954,P1954,CON-1954,REQUIRES_REVIEW,OFFICER-006,Synthetic District Administration,Departmental demo verification only; not legally verified ownership.,2026-07-19T12:00:00,SYNTHETIC DEMO DATA — NOT OFFICIAL GOVERNMENT RECORDS
VER-1955,P1955,CON-1955,REQUIRES_REVIEW,OFFICER-007,Synthetic District Administration,Departmental demo verification only; not legally verified ownership.,2026-07-18T12:00:00,SYNTHETIC DEMO DATA — NOT OFFICIAL GOVERNMENT RECORDS
VER-1956,P1956,CON-1956,REQUIRES_REVIEW,OFFICER-008,Synthetic District Administration,Departmental demo verification only; not legally verified ownership.,2026-07-17T12:00:00,SYNTHETIC DEMO DATA — NOT OFFICIAL GOVERNMENT RECORDS
VER-1957,P1957,CON-1957,REQUIRES_REVIEW,OFFICER-009,Synthetic District Administration,Departmental demo verification only; not legally verified ownership.,2026-07-16T12:00:00,SYNTHETIC DEMO DATA — NOT OFFICIAL GOVERNMENT RECORDS
VER-1958,P1958,CON-1958,REQUIRES_REVIEW,OFFICER-010,Synthetic District Administration,Departmental demo verification only; not legally verified ownership.,2026-07-15T12:00:00,SYNTHETIC DEMO DATA — NOT OFFICIAL GOVERNMENT RECORDS
VER-1959,P1959,CON-1959,REQUIRES_REVIEW,OFFICER-011,Synthetic District Administration,Departmental demo verification only; not legally verified ownership.,2026-07-14T12:00:00,SYNTHETIC DEMO DATA — NOT OFFICIAL GOVERNMENT RECORDS
VER-1960,P1960,CON-1960,REQUIRES_REVIEW,OFFICER-012,Synthetic District Administration,Departmental demo verification only; not legally verified ownership.,2026-07-13T12:00:00,SYNTHETIC DEMO DATA — NOT OFFICIAL GOVERNMENT RECORDS
VER-1961,P1961,CON-1961,REQUIRES_REVIEW,OFFICER-001,Synthetic District Administration,Departmental demo verification only; not legally verified ownership.,2026-09-10T12:00:00,SYNTHETIC DEMO DATA — NOT OFFICIAL GOVERNMENT RECORDS
VER-1962,P1962,CON-1962,REQUIRES_REVIEW,OFFICER-002,Synthetic District Administration,Departmental demo verification only; not legally verified ownership.,2026-09-09T12:00:00,SYNTHETIC DEMO DATA — NOT OFFICIAL GOVERNMENT RECORDS
VER-1963,P1963,CON-1963,REQUIRES_REVIEW,OFFICER-003,Synthetic District Administration,Departmental demo verification only; not legally verified ownership.,2026-09-08T12:00:00,SYNTHETIC DEMO DATA — NOT OFFICIAL GOVERNMENT RECORDS
VER-1964,P1964,CON-1964,REQUIRES_REVIEW,OFFICER-004,Synthetic District Administration,Departmental demo verification only; not legally verified ownership.,2026-09-07T12:00:00,SYNTHETIC DEMO DATA — NOT OFFICIAL GOVERNMENT RECORDS
VER-1965,P1965,CON-1965,REQUIRES_REVIEW,OFFICER-005,Synthetic District Administration,Departmental demo verification only; not legally verified ownership.,2026-09-06T12:00:00,SYNTHETIC DEMO DATA — NOT OFFICIAL GOVERNMENT RECORDS
VER-1966,P1966,CON-1966,REQUIRES_REVIEW,OFFICER-006,Synthetic District Administration,Departmental demo verification only; not legally verified ownership.,2026-09-05T12:00:00,SYNTHETIC DEMO DATA — NOT OFFICIAL GOVERNMENT RECORDS
VER-1967,P1967,CON-1967,REQUIRES_REVIEW,OFFICER-007,Synthetic District Administration,Departmental demo verification only; not legally verified ownership.,2026-09-04T12:00:00,SYNTHETIC DEMO DATA — NOT OFFICIAL GOVERNMENT RECORDS
VER-1968,P1968,CON-1968,REQUIRES_REVIEW,OFFICER-008,Synthetic District Administration,Departmental demo verification only; not legally verified ownership.,2026-09-03T12:00:00,SYNTHETIC DEMO DATA — NOT OFFICIAL GOVERNMENT RECORDS
VER-1969,P1969,CON-1969,REQUIRES_REVIEW,OFFICER-009,Synthetic District Administration,Departmental demo verification only; not legally verified ownership.,2026-09-02T12:00:00,SYNTHETIC DEMO DATA — NOT OFFICIAL GOVERNMENT RECORDS
VER-1970,P1970,CON-1970,REQUIRES_REVIEW,OFFICER-010,Synthetic District Administration,Departmental demo verification only; not legally verified ownership.,2026-09-01T12:00:00,SYNTHETIC DEMO DATA — NOT OFFICIAL GOVERNMENT RECORDS
VER-1971,P1971,CON-1971,REQUIRES_REVIEW,OFFICER-011,Synthetic District Administration,Departmental demo verification only; not legally verified ownership.,2026-08-31T12:00:00,SYNTHETIC DEMO DATA — NOT OFFICIAL GOVERNMENT RECORDS
VER-1972,P1972,CON-1972,REQUIRES_REVIEW,OFFICER-012,Synthetic District Administration,Departmental demo verification only; not legally verified ownership.,2026-08-30T12:00:00,SYNTHETIC DEMO DATA — NOT OFFICIAL GOVERNMENT RECORDS
VER-1973,P1973,CON-1973,REQUIRES_REVIEW,OFFICER-001,Synthetic District Administration,Departmental demo verification only; not legally verified ownership.,2026-08-29T12:00:00,SYNTHETIC DEMO DATA — NOT OFFICIAL GOVERNMENT RECORDS
VER-1974,P1974,CON-1974,REQUIRES_REVIEW,OFFICER-002,Synthetic District Administration,Departmental demo verification only; not legally verified ownership.,2026-08-28T12:00:00,SYNTHETIC DEMO DATA — NOT OFFICIAL GOVERNMENT RECORDS
VER-1975,P1975,CON-1975,REQUIRES_REVIEW,OFFICER-003,Synthetic District Administration,Departmental demo verification only; not legally verified ownership.,2026-08-27T12:00:00,SYNTHETIC DEMO DATA — NOT OFFICIAL GOVERNMENT RECORDS
VER-1976,P1976,CON-1976,REQUIRES_REVIEW,OFFICER-004,Synthetic District Administration,Departmental demo verification only; not legally verified ownership.,2026-08-26T12:00:00,SYNTHETIC DEMO DATA — NOT OFFICIAL GOVERNMENT RECORDS
VER-1977,P1977,CON-1977,REQUIRES_REVIEW,OFFICER-005,Synthetic District Administration,Departmental demo verification only; not legally verified ownership.,2026-08-25T12:00:00,SYNTHETIC DEMO DATA — NOT OFFICIAL GOVERNMENT RECORDS
VER-1978,P1978,CON-1978,REQUIRES_REVIEW,OFFICER-006,Synthetic District Administration,Departmental demo verification only; not legally verified ownership.,2026-08-24T12:00:00,SYNTHETIC DEMO DATA — NOT OFFICIAL GOVERNMENT RECORDS
VER-1979,P1979,CON-1979,REQUIRES_REVIEW,OFFICER-007,Synthetic District Administration,Departmental demo verification only; not legally verified ownership.,2026-08-23T12:00:00,SYNTHETIC DEMO DATA — NOT OFFICIAL GOVERNMENT RECORDS
VER-1980,P1980,CON-1980,REQUIRES_REVIEW,OFFICER-008,Synthetic District Administration,Departmental demo verification only; not legally verified ownership.,2026-08-22T12:00:00,SYNTHETIC DEMO DATA — NOT OFFICIAL GOVERNMENT RECORDS
VER-1981,P1981,CON-1981,REQUIRES_REVIEW,OFFICER-009,Synthetic District Administration,Departmental demo verification only; not legally verified ownership.,2026-08-21T12:00:00,SYNTHETIC DEMO DATA — NOT OFFICIAL GOVERNMENT RECORDS
VER-1982,P1982,CON-1982,REQUIRES_REVIEW,OFFICER-010,Synthetic District Administration,Departmental demo verification only; not legally verified ownership.,2026-08-20T12:00:00,SYNTHETIC DEMO DATA — NOT OFFICIAL GOVERNMENT RECORDS
VER-1983,P1983,CON-1983,REQUIRES_REVIEW,OFFICER-011,Synthetic District Administration,Departmental demo verification only; not legally verified ownership.,2026-08-19T12:00:00,SYNTHETIC DEMO DATA — NOT OFFICIAL GOVERNMENT RECORDS
VER-1984,P1984,CON-1984,REQUIRES_REVIEW,OFFICER-012,Synthetic District Administration,Departmental demo verification only; not legally verified ownership.,2026-08-18T12:00:00,SYNTHETIC DEMO DATA — NOT OFFICIAL GOVERNMENT RECORDS
VER-1985,P1985,CON-1985,REQUIRES_REVIEW,OFFICER-001,Synthetic District Administration,Departmental demo verification only; not legally verified ownership.,2026-08-17T12:00:00,SYNTHETIC DEMO DATA — NOT OFFICIAL GOVERNMENT RECORDS
VER-1986,P1986,CON-1986,REQUIRES_REVIEW,OFFICER-002,Synthetic District Administration,Departmental demo verification only; not legally verified ownership.,2026-08-16T12:00:00,SYNTHETIC DEMO DATA — NOT OFFICIAL GOVERNMENT RECORDS
VER-1987,P1987,CON-1987,REQUIRES_REVIEW,OFFICER-003,Synthetic District Administration,Departmental demo verification only; not legally verified ownership.,2026-08-15T12:00:00,SYNTHETIC DEMO DATA — NOT OFFICIAL GOVERNMENT RECORDS
VER-1988,P1988,CON-1988,REQUIRES_REVIEW,OFFICER-004,Synthetic District Administration,Departmental demo verification only; not legally verified ownership.,2026-08-14T12:00:00,SYNTHETIC DEMO DATA — NOT OFFICIAL GOVERNMENT RECORDS
VER-1989,P1989,CON-1989,REQUIRES_REVIEW,OFFICER-005,Synthetic District Administration,Departmental demo verification only; not legally verified ownership.,2026-08-13T12:00:00,SYNTHETIC DEMO DATA — NOT OFFICIAL GOVERNMENT RECORDS
VER-1990,P1990,CON-1990,REQUIRES_REVIEW,OFFICER-006,Synthetic District Administration,Departmental demo verification only; not legally verified ownership.,2026-08-12T12:00:00,SYNTHETIC DEMO DATA — NOT OFFICIAL GOVERNMENT RECORDS
VER-1991,P1991,CON-1991,REQUIRES_REVIEW,OFFICER-007,Synthetic District Administration,Departmental demo verification only; not legally verified ownership.,2026-08-11T12:00:00,SYNTHETIC DEMO DATA — NOT OFFICIAL GOVERNMENT RECORDS
VER-1992,P1992,CON-1992,REQUIRES_REVIEW,OFFICER-008,Synthetic District Administration,Departmental demo verification only; not legally verified ownership.,2026-08-10T12:00:00,SYNTHETIC DEMO DATA — NOT OFFICIAL GOVERNMENT RECORDS
VER-1993,P1993,CON-1993,REQUIRES_REVIEW,OFFICER-009,Synthetic District Administration,Departmental demo verification only; not legally verified ownership.,2026-08-09T12:00:00,SYNTHETIC DEMO DATA — NOT OFFICIAL GOVERNMENT RECORDS
VER-1994,P1994,CON-1994,REQUIRES_REVIEW,OFFICER-010,Synthetic District Administration,Departmental demo verification only; not legally verified ownership.,2026-08-08T12:00:00,SYNTHETIC DEMO DATA — NOT OFFICIAL GOVERNMENT RECORDS
VER-1995,P1995,CON-1995,REQUIRES_REVIEW,OFFICER-011,Synthetic District Administration,Departmental demo verification only; not legally verified ownership.,2026-08-07T12:00:00,SYNTHETIC DEMO DATA — NOT OFFICIAL GOVERNMENT RECORDS
VER-1996,P1996,CON-1996,REQUIRES_REVIEW,OFFICER-012,Synthetic District Administration,Departmental demo verification only; not legally verified ownership.,2026-08-06T12:00:00,SYNTHETIC DEMO DATA — NOT OFFICIAL GOVERNMENT RECORDS
VER-1997,P1997,CON-1997,REQUIRES_REVIEW,OFFICER-001,Synthetic District Administration,Departmental demo verification only; not legally verified ownership.,2026-08-05T12:00:00,SYNTHETIC DEMO DATA — NOT OFFICIAL GOVERNMENT RECORDS
VER-1998,P1998,CON-1998,REQUIRES_REVIEW,OFFICER-002,Synthetic District Administration,Departmental demo verification only; not legally verified ownership.,2026-08-04T12:00:00,SYNTHETIC DEMO DATA — NOT OFFICIAL GOVERNMENT RECORDS
VER-1999,P1999,CON-1999,REQUIRES_REVIEW,OFFICER-003,Synthetic District Administration,Departmental demo verification only; not legally verified ownership.,2026-08-03T12:00:00,SYNTHETIC DEMO DATA — NOT OFFICIAL GOVERNMENT RECORDS
VER-2000,P2000,CON-2000,REQUIRES_REVIEW,OFFICER-004,Synthetic District Administration,Departmental demo verification only; not legally verified ownership.,2026-08-02T12:00:00,SYNTHETIC DEMO DATA — NOT OFFICIAL GOVERNMENT RECORDS
